time,input,primary_sensitive,primary_resistant,primary_immune,primary_resource,primary_reserve,secondary_sensitive,secondary_resistant,secondary_immune,secondary_resource,secondary_reserve,third_sensitive,third_resistant,third_immune,third_resource,third_reserve,exposure
0.0,0.7,0.28,0.012,0.12,0.8,1.0,0.025,0.002,0.12,0.8,1.0,0.005,0.001,0.12,0.8,1.0,0.0
0.05,0.7,0.28125012367093993,0.01205168186985421,0.12199528829548238,0.8009519582909231,0.9999049232158181,0.02528279034807476,0.002016901974674704,0.12014160881547585,0.8072002465627967,0.9999381990677636,0.005151808985063578,0.0010113202268640666,0.11959834206078337,0.807698223591354,0.9999619682076181,0.03439458330729167
0.1,0.7,0.28219269705074246,0.012101834295014524,0.12396649224945604,0.8018302541728434,0.9996243397648346,0.02555166124693705,0.0020338753091384398,0.12027827538361299,0.8141046558477848,0.9997558047924943,0.005303376535334083,0.0010227509980129496,0.119197309296503,0.8150888015900813,0.9998497189686314,0.0676061792537011
0.15000000000000002,0.7,0.2828359199488418,0.012150510248267443,0.12591308653757383,0.8026441087985975,0.9991651131324252,0.025806618883137265,0.0020509197415977927,0.12041003863194252,0.8207244934012582,0.9994572441513573,0.0054545366024532005,0.0010342918701724006,0.11879714047311993,0.822183311332256,0.9996659615006173,0.09967547619656365
0.2,0.7,0.2831887051682228,0.012197762771230889,0.12783459332753622,0.8034021963602981,0.9985339619101339,0.02604769685340666,0.0020680350420841827,0.12053693174384184,0.8270707052199281,0.9990468302752952,0.005605128848266589,0.0010459424282252042,0.11839805830967867,0.8289929576942647,0.9994133263064242,0.13064176303411865
0.25,0.7,0.2832605800624038,0.012243644818390702,0.12973057920210096,0.8041126460339354,0.9977374568325624,0.026274954669840807,0.0020852210143990258,0.12065898278494977,0.8331539165654933,0.9985287630365274,0.005754998967768493,0.0010577022856091596,0.11800027012778355,0.8355285795605257,0.999094366629172,0.16054297733932185
0.30000000000000004,0.7,0.2830615919059603,0.012288209112766497,0.13160065225205014,0.804783047599636,0.9967820184370696,0.026488476254200446,0.002102477497748084,0.12077621528709363,0.8389844319542519,0.9979071298433679,0.005903998958839788,0.0010695710846322939,0.11760396849667305,0.8418006567075822,0.9987115599453942,0.18941575183811557
0.35000000000000003,0.7,0.2826022176046651,0.01233150801327902,0.1334444593335482,0.8054204602838738,0.9956739152979098,0.026688368429784604,0.0021198043680869735,0.12088864879156846,0.8445722362039952,0.9971859066218429,0.006051987341150281,0.0010815484967105352,0.11720933187180084,0.8478193170401288,0.998267309489408,0.21729545928909788
0.4,0.7,0.2818932781577369,0.012373593393749467,0.13526168348396927,0.8060314243868245,0.9944192627888615,0.026874759418691753,0.0021372015391991975,0.12099629935362854,0.8499269964277517,0.9963689589649156,0.006198829326838194,0.001093634222533009,0.11681652522502878,0.8535943441199803,0.9977639458025457,0.24421625581957446
0.45,0.7,0.2809458581800244,0.012414516533340157,0.13705204149004765,0.8066219752791774,0.9930240223307866,0.027047797351638286,0.002154668963527393,0.12109918001005424,0.8550580648711126,0.9954600434313944,0.006344396945764218,0.0011058279921600266,0.11642570066473226,0.8591351849341082,0.9972037283014056,0.27021112277108494
0.5,0.7,0.27977123069672993,0.012454328018144474,0.13881528160208637,0.8071976593770623,0.9914940010829186,0.02720764879685648,0.0021722066327777415,0.12119730121164621,0.859974482496838,0.9944628089778098,0.006488569128269256,0.0011181295650587154,0.11603699804430916,0.8644509578526666,0.9965888468597682,0.29531190710566974
0.55,0.7,0.2783807873377562,0.01249307765355102,0.1405511813879229,0.8077635517303935,0.9898348520389814,0.027354497313952158,0.002189814578316694,0.12129067122247572,0.8646849832271791,0.9933807985077032,0.0066312317484488745,0.0011305387300810888,0.11565054555776855,0.8695504607324018,0.9959214233992809,0.31954936042238025
0.6000000000000001,0.7,0.2767859739829417,0.012530814386940885,0.14225954572037963,0.8083242748880671,0.988052074491487,0.027488542037970853,0.002207492871378337,0.12137929648768664,0.8691979987608427,0.9922174505238668,0.006772277630998662,0.0011430553053892038,0.11526646032125376,0.8744421791250254,0.9952035134844445,0.34295317663183256
0.65,0.7,0.27499823184315986,0.012567586240226365,0.14394020489200474,0.8088840187323473,0.9861510148297475,0.027609996298305597,0.0022252416230998553,0.12146318197160332,0.8735216638877548,0.9909761008701183,0.0069116065246881365,0.001155679138331863,0.1148848489395239,0.8791342945540119,0.9944371079178382,0.36555202833496037
0.7000000000000001,0.7,0.27302894390514415,0.012603440251702737,0.14559301285102763,0.8094465610038335,0.9841368676392453,0.02771908627648316,0.002243060984401684,0.12154233146785053,0.8776638222307278,0.9896599845501836,0.007049125045491474,0.0011684101052771433,0.11450580805657884,0.8836346928269028,0.9936241343318927,0.3873736019505358
0.75,0.7,0.2708893866195064,0.012638422426660105,0.14721784555259684,0.8100152882671053,0.9820146770720478,0.02781604970629292,0.002260951145728036,0.12161674788313823,0.8816320323488073,0.9882722376121932,0.007184746592345813,0.0011812481114048278,0.11412942488976394,0.8879509723535476,0.9927664587738715,0.40844463163449407
0.8,0.7,0.26859068667118674,0.012672577696188415,0.14881459941953576,0.8105932170950597,0.9797893384599144,0.02790113461917593,0.002278912336662623,0.12168643349630669,0.8854335741424542,0.9868158990881892,0.007318391238426651,0.0011941930904626253,0.11375577774683145,0.8920904524438201,0.9918658872810499,0.4287909320326171
0.8500000000000001,0.7,0.2661437826388936,0.012705949883603917,0.1503831899070312,0.8111830152767701,0.9774656001436239,0.027974598137274077,0.0022969448254334876,0.12175139019416707,0.8890754555058137,0.9852939129788655,0.007449985600729099,0.0012072450044898532,0.1133849365255665,0.8960601815612157,0.9909241674433809,0.44843742990670166
0.9,0.7,0.26355939132431855,0.012738581677928114,0.15192355016586054,0.8117870228791426,0.9750480654938534,0.028036705316051895,0.0023150489183200113,0.12181161968561037,0.8925644191761267,0.9837091302745565,0.00757946269062719,0.0012204038435120622,0.11301696319570553,0.899866945511387,0.9899429899512245,0.4674081946729595
0.9500000000000001,0.7,0.26084797851237257,0.01277051461385951,0.15343562979895814,0.8124072730165416,0.9725411951006583,0.02808772803794832,0.0023332249589742894,0.12186712369539385,0.895906949734865,0.9820643110042265,0.007706761747954719,0.0012336696252098758,0.11265191226298508,0.903517275547115,0.9889239901259758,0.4857264678900613
1.0,0.7,0.25801973390972877,0.012801789057692766,0.15491939370631969,0.8130455122047753,0.9699493091102428,0.028127943958092896,0.002351473327668248,0.12191790413895004,0.8991092807194164,0.9803621263049046,0.00783182806101318,0.0012470423945651215,0.11228983121525848,0.9070174563734583,0.9878687494316718,0.5034146917329517
1.05,0.7,0.25508454999991875,0.01283244419865834,0.1563748210134407,0.8137032201963154,0.9672765896892651,0.0281576355027313,0.0023697944404770634,0.12196396327949931,0.9021774018081231,0.9786051605046642,0.007954612774768216,0.0012605222234871392,0.11193076095070796,0.9103735340388841,0.9867787969658856,0.5204945364873198
1.1,0.7,0.25205200454849636,0.012862518045177292,0.15780190407868078,0.8143816292123254,0.9645270835984018,0.0281770889206484,0.0023881887484086587,0.12200530386868312,0.905117066045186,0.9767959132128555,0.00807507268934805,0.0012741092104219599,0.11157473618825976,0.9135913237000758,0.9856556109284192,0.5369869270984082
1.1500000000000001,0.7,0.24893134649075613,0.012892047425549844,0.1592006475751377,0.8150817425040221,0.9617047048582916,0.02818659338755305,0.0024066567364883153,0.12204192927187278,0.90793379707541,0.9749368014118688,0.008193170050807684,0.0012878034799468686,0.11122178586038146,0.9166764172498408,0.9845006200665062,0.5529120688066871
1.2000000000000002,0.7,0.24573148493662875,0.012921067992621762,0.16057106764280185,0.8158043521911145,0.9588132374923051,0.02818644016309681,0.0024251989228067047,0.12207384357924662,0.9106328963619779,0.9730301615452404,0.008308872335973366,0.0013016051823526913,0.1108719334885029,0.9196341907991222,0.9833152050954064,0.5682894719018001
1.25,0.7,0.242460981032154,0.012949614231999163,0.16191319110694521,0.8165500563386301,0.9558563383318301,0.02817692179993773,0.0024438158575389645,0.1221010517036691,0.9132194503634234,0.9710782515974127,0.00842215203303414,0.0013155144932159718,0.11052519754135687,0.9224698120055573,0.9821007000934457,0.5831379756251085
1.3,0.7,0.23912804242389205,0.012977719473409274,0.16322705475887334,0.8173192752454244,0.952837539870942,0.028158331404029315,0.0024625081219417917,0.12212355946634668,0.9156983376487304,0.9690832531609205,0.008532986419402954,0.001329531612963052,0.11018159177658278,0.9251882472423396,0.9808583938706995,0.597475771250117
1.35,0.7,0.23574052008134933,0.013005415904831683,0.1645127046953403,0.8181122669281621,0.9497602531584293,0.028130961945112165,0.0024812763273349067,0.1221413736711795,0.9180742359320323,0.9670472734872078,0.008641357338229507,0.001343656766427908,0.10984112556597578,0.9277942686023267,0.9795895313106585,0.6113204243690582
1.4000000000000001,0.7,0.23230590724258893,0.013032734589051331,0.16577019571308935,0.8189291417936748,0.9466277707161868,0.028095105616210477,0.0025001211140726516,0.12215450216867338,0.9203516290107296,0.9649723475176829,0.008747250974812017,0.001357890202405455,0.10950380420479772,0.9302924607334191,0.9782953146843453,0.6246888964129393
1.4500000000000002,0.7,0.22883134025933055,0.01305970548231059,0.16699959075513862,0.8197698765004239,0.9434432694739576,0.028051053240785724,0.0025190431505109413,0.12216295391022466,0.922534813592999,0.9628604398919889,0.008850657634025733,0.0013722321932018904,0.10916962920559331,0.9326872275022059,0.9769769049364616,0.6375975654314161
1.5,0.7,0.22532360112972552,0.01308635745476308,0.16820096040558263,0.820634327016453,0.9402098137113193,0.02799909372607406,0.0025380431319742625,0.1221667389935407,0.9246279060026388,0.9607134469308121,0.00895157151976306,0.001386683034183519,0.10883859857697678,0.9349827984837564,0.9756354229432567,0.6500622461579506
1.55,0.7,0.2217891215193623,0.013112718312456204,0.16937438242982322,0.8215222408868031,0.9369303579986575,0.027939513561030395,0.0025571217797269344,0.12216586869991086,0.926634848751004,0.958533198590873,0.009049990517263878,0.0014012430433253782,0.10851070708787101,0.9371832352762232,0.9742719507419019,0.6620982093848375
1.6,0.7,0.21823398808369415,0.013138814820592667,0.1705199413572824,0.8224332687279805,0.9336077501296686,0.027872596357219285,0.002576279839952386,0.12216035552399751,0.92855941696743,0.9563214603900356,0.009145915979105242,0.0014159125607608658,0.10818594651769368,0.9392924376396337,0.9728875327312456,0.6737202006718338
1.6500000000000001,0.7,0.21466394891779608,0.013164672727843232,0.17163772810378045,0.8233669749708296,0.9302447340386687,0.02779862243092889,0.002595518082743787,0.12215021319677341,0.9304052246810403,0.9540799353007463,0.009239352515517267,0.0014306919483334623,0.10786430589299303,0.9413141494588807,0.9714831768439021,0.6849424584113128
1.7000000000000002,0.7,0.21108442097199448,0.013190316791503901,0.1727278396308892,0.8243228478761506,0.9268439526966805,0.027717868424737658,0.0026148373011089664,0.12213545670219056,0.9321757309481954,0.9518102656102638,0.009330307789596766,0.0014455815891515425,0.10754577171104068,0.9432519645314845,0.9700598556897003,0.6957787312720755
1.75,0.7,0.20750049828433656,0.013215770803310222,0.17379037863969052,0.825300308849713,0.9234079509809048,0.02763060696673272,0.0026342383099922048,0.1221161022881269,0.9338742458210696,0.9495140347463732,0.00941879231790183,0.001460581887147166,0.10723032815089036,0.9451093321812032,0.9686185076705867,0.706242295043188
1.8,0.7,0.20391696089297504,0.013241057615739812,0.17482545329648488,0.826298721085027,0.9199391785127808,0.02753710636556229,0.002653721945315125,0.12209216747212015,0.9355039361539493,0.947192769067487,0.009504819276829175,0.0014756932666396573,0.10691795727240995,0.946889562699006,0.9671600380671296,0.7163459688984839
1.85,0.7,0.20033828430324693,0.013266199168651257,0.17583317698810544,0.8273173975634369,0.91643999246039,0.027437630339500613,0.0026732890630386183,0.12206367104236358,0.9370678312448487,0.9448479396162355,0.009588404315101282,0.0014909161719046937,0.1066086392037907,0.948595832613318,0.965685320096832,0.7261021311016541
1.9000000000000001,0.7,0.19676864939546063,0.013291216516123427,0.17681366810459825,0.8283556084418421,0.9129126603014639,0.027332437777711355,0.0026929405382474345,0.12203063305440534,0.9385688283109288,0.9424809638358229,0.009669565372622133,0.001506251066749544,0.1063023523180311,0.9502311897917783,0.9641951959445021,0.7355227341711679
1.9500000000000002,0.7,0.19321195267012226,0.013316129853373973,0.17776704984713004,0.8294125878587207,0.9093593625437316,0.02722178253191287,0.0027126772642588203,0.12199307482396228,0.9400096977970074,0.9400932072485901,0.009748322505898228,0.0015216984340950298,0.10599907339888563,0.9517985583770544,0.9626904777649757,0.7446193195236024
2.0,0.7,0.18967181673749595,0.013340958543649334,0.178693450059082,0.8304875401891677,0.905782195399772,0.02710591323667476,0.0027325001517563333,0.12195101891622989,0.9413930885171565,0.937685985096374,0.009824697720165433,0.001537258775564711,0.1056987777967587,0.9533007435595044,0.9611719486585206,0.7534030316133207
2.0500000000000003,0.7,0.18615160096798,0.013365721144991056,0.17959300107838064,0.8315796457794243,0.9021831734139389,0.026985073156608908,0.002752410127949748,0.12190448913204271,0.942721532630013,0.9352605639423887,0.009898714808311672,0.0015529326110817335,0.1054014395750138,0.9547404361896997,0.9596403636192871,0.7618846315858219
2.1,0.7,0.1826544122287809,0.013390435436794742,0.18046583960920684,0.8326880661909175,0.898564232039292,0.026859500058758236,0.0027724081357617682,0.12185351049121372,0.9439974504489821,0.932818163234475,0.009970399196640235,0.0015687204784737214,0.10510703164715608,0.9561202172339984,0.9580964504571962,0.7700745104614898
2.15,0.7,0.17918311564077624,0.013415118446088413,0.18131210661130923,0.8338119489831782,0.8949272301628044,0.026729426108531868,0.0027924951330420764,0.12179810921335715,0.9452231550890009,0.9303599568296786,0.010039777797478186,0.0015846229330860396,0.1048155259053336,0.9574425620765175,0.9565409106936844,0.7779827018658919
2.2,0.7,0.17574034529728033,0.013439786473466666,0.1821319472052316,0.8349504320642148,0.8912739525774264,0.026595077787585474,0.002812672091809086,0.12173831269647663,0.9464008569519501,0.9278870744802156,0.010106878868598788,0.001600640547403703,0.10452689334058975,0.9587098446709706,0.9549744204317432,0.7856188943222253
2.25,0.7,0.1723285148936721,0.013464455118625743,0.1829255105918442,0.8361026476360028,0.8876061123998669,0.02645667583209911,0.0028329399975196164,0.12167414949357908,0.9475326680531685,0.9254006032809745,0.010171731879395527,0.0016167739106821633,0.10424110415528479,0.9599243415459412,0.9533976312007105,0.7929924431209688
2.3000000000000003,0.7,0.16894982822353122,0.013489139305452594,0.18369294998464542,0.8372677257617518,0.8839253534332124,0.026314435189961405,0.002853299848366577,0.12160564928755532,0.9486206061918402,0.9229015890787886,0.010234367383718074,0.0016330236285871584,0.10395812786809089,0.9610882356672324,0.9518111707762891,0.8001123817812836
2.35,0.7,0.16560628950307119,0.013513853306628167,0.18443442255337622,0.8384447975805409,0.8802332524737358,0.026168564995427555,0.002873752654604626,0.12153284286454949,0.9496665989682869,0.9203910378437798,0.010294816899256988,0.0016493903228437753,0.10367793341194997,0.9622036201609963,0.9502156439762758,0.8069874331182034
2.4000000000000004,0.7,0.16229971349128203,0.013538610767711718,0.1851500893775619,0.8396329981938037,0.8765313215614629,0.026019268559878784,0.0028942994379036616,0.12145576208602216,0.9506724876514256,0.917869917003145,0.01035311279334373,0.001665874630894837,0.10340048922536936,0.963272501901376,0.9486116334325004,0.8136260199291736
2.45,0.7,0.15903173537832352,0.013563424730678796,0.18584011540866616,0.840831469247001,0.8728210101742551,0.02586674337737201,0.0029149412307299173,0.12137443985969594,0.9516400308998315,0.9153391567378096,0.0104092881750156,0.001682477205568692,0.10312576333741544,0.9642968049664205,0.9469997003394771,0.8200362753130311
2.5,0.7,0.15580382041936644,0.01358830765689082,0.1865046694396121,0.842039361228671,0.8691037073653439,0.025711181143730086,0.00293567907575434,0.1212889101095571,0.9525709083399978,0.9127996512424266,0.010463376793180981,0.0016991987147564557,0.10285372344675087,0.9652783739660328,0.9453803851802802,0.8262260526340676
2.5500000000000003,0.7,0.15261727329529443,0.013613271449478971,0.1871439240804907,0.8432558355078894,0.865380743844407,0.025552767787984588,0.0029565140252878633,0.12119920774507265,0.9534667240055011,0.9102522599492419,0.010515412940708657,0.0017160398410987242,0.10258433699504647,0.96621897724571,0.94375420843016,0.8322029351433821
2.6,0.7,0.14947324718547497,0.013638327475129306,0.18775805573934287,0.844480066130036,0.8616533940024187,0.025391683515044325,0.002977447140743126,0.12110536862976944,0.9543290096408682,0.907697808716387,0.010565431364255735,0.0017330012816817563,0.1023175712350845,0.9671203099698101,0.9421216712384157,0.8379742452693121
2.6500000000000004,0.7,0.14637275254121637,0.01366348658525987,0.18834724460696595,0.8457112413896346,0.8579228778806347,0.025228102858523338,0.002998479492122125,0.1210074295493092,0.9551592278740053,0.9051370909811915,0.010613467179641546,0.0017500837477430957,0.1020533932938559,0.967983997088055,0.9404832560890455,0.8435470535883235
2.7,0.7,0.1433166655515709,0.013688759136583893,0.1889116746447559,0.8469485651979409,0.8541903630841818,0.025062194742721634,0.003019612157529251,0.12090542817918248,0.9559587752610911,0.9025708688791402,0.010659555792569593,0.0017672879643865877,0.10179177023094041,0.9688115961889395,0.9388394274406918,0.8489281874873511
2.75,0.7,0.14030573629585263,0.013714155011056217,0.18945153357465935,0.8481912582618838,0.850456966640825,0.024894122552810278,0.0030408462227091227,0.12079940305213353,0.9567289852078543,0.899999874329118,0.0107037328244961,0.0017846146703067215,0.1015326690924449,0.9696046002436703,0.9371906323464003,0.8541242395282009
2.8000000000000003,0.7,0.13734059657963352,0.013739683635202704,0.1899670128703681,0.8494385590899337,0.8467237568055724,0.024724044212329262,0.0030621827806085783,0.12068939352541848,0.9574711307711612,0.8974248100856138,0.010746034043441611,0.0018020646175222158,0.1012760569607622,0.9703644402442071,0.9355373010537064,0.8591415755242627
2.85,0.7,0.13442176745309106,0.013765353998834736,0.19045830774894734,0.8506897248394805,0.8429917548118553,0.02455211226716183,0.0030836229309621913,0.12057543974799001,0.9581864273448223,0.8948463507585628,0.010786495299541336,0.0018196385711187495,0.10102190100039968,0.971092487738917,0.9338798475855611,0.8639863423394273
2.9000000000000004,0.7,0.13154966641242619,0.013791174673152969,0.19092561716214634,0.8519440320193494,0.8392619365700901,0.02437847397520248,0.003105167779900626,0.12045758262769315,0.9588760352335047,0.8922651438015261,0.010825152465130392,0.0018373373090007244,0.1007701685001151,0.9717900572692941,0.9322186703026032,0.8686644754187633
2.95,0.7,0.1287246142866744,0.01381715382824625,0.1913691437866961,0.8532007770601739,0.8355352343144871,0.024203271400987426,0.0031268184395811523,0.12033586379854908,0.9595410621185935,0.889681810468913,0.010862041379161512,0.0018551616216519386,0.10052082691158447,0.9724584087111229,0.9305541524472788,0.8731817060601795
3.0,0.7,0.1259468418136184,0.013843299249993214,0.19178909401295327,0.8544592767644748,0.8318125381990196,0.024026641514606036,0.0031485760278396144,0.12021032558819614,0.9601825654197981,0.8870969467429594,0.010897197795755122,0.0018731123119050336,0.10027384388481597,0.9730987495233968,0.9288866626703045,0.8775435684359812
3.0500000000000003,0.7,0.12321649590969481,0.013869618356375346,0.19218567793130373,0.8557188686474736,0.8280946978435135,0.023848716294259425,0.0031704416678631528,0.12008101098555117,0.9608015545562418,0.8845111242311805,0.010930657336684784,0.0018911901947195734,0.10002918730051229,0.9737122369082281,0.9272165555399626,0.8817554063729236
3.1,0.7,0.12053364563979183,0.013896118213211498,0.1925591093157909,0.8569789111788841,0.8243825238308498,0.023669622831878057,0.003192416487882962,0.11994796360874707,0.9613989931107048,0.88192489103502,0.010962455447604722,0.0019093960969686044,0.09978682529957324,0.9742999798849062,0.925544172034711,0.885822379899067
3.1500000000000004,0.7,0.11789828789367454,0.013922805549324757,0.1929096056044862,0.858238783935186,0.8206767891563028,0.023489483441253768,0.0032145016208863777,0.11981122767339755,0.9619758009006183,0.8793387725904134,0.010992627357830445,0.001927730857233537,0.09954672630992054,0.9748630412811874,0.9238698400195808,0.8897494715654568
3.2,0.7,0.11531035277646819,0.013949686771153411,0.19323738787616843,0.8594978876711906,0.8169782306300638,0.023308415768183145,0.00323669820434758,0.11967084796123403,0.9625328559593331,0.876753272480987,0.011021208043488205,0.001946195325607186,0.09930885907081635,0.9754024396448145,0.9221938747068307,0.8935414925503716
3.25,0.7,0.11276970872119012,0.013976767976818408,0.1935426808229279,0.8607556443190467,0.8132875502340114,0.023126532902158676,0.0032590073799762115,0.11952686978915497,0.9630709964310971,0.8741688732246085,0.01104823219385412,0.0019647903635047984,0.09907319265483826,0.9759191510781892,0.9205165791013121,0.8972030885536179
3.3000000000000003,0.7,0.11027616733176512,0.014004054969660241,0.19382571271835874,0.8620114969222215,0.8096054164338113,0.022943943489181523,0.0032814302934832083,0.11937933897872328,0.9635910223830961,0.8715860370339985,0.011073734180709229,0.0019835168434829014,0.09883969648766393,0.9764141109990332,0.9188382444309992,0.9007387454880927
3.35,0.7,0.1078294879652963,0.014031553271258629,0.19408671538104935,0.8632649095114067,0.8059324654474311,0.022760751845305165,0.003303968094363158,0.11922830182614305,0.9640936975378213,0.8690052065521103,0.011097748030542314,0.002002375649065789,0.09860834036581058,0.9768882158297992,0.9171591505631197,0.9041527949755889
3.4000000000000004,0.7,0.10542938206260934,0.014059268133948682,0.19432592413312502,0.8645153669287622,0.802269302471165,0.02257705807055266,0.0033266219356925036,0.11907380507274316,0.964579750928934,0.8664268055629731,0.011120307399438173,0.0020213676745794713,0.09837909447246579,0.9773423246185056,0.9154795664063226,0.9074494196535721
3.45,0.7,0.10307551723625054,0.014087204552847468,0.19454357775364128,0.8657623746063942,0.7986165028642634,0.022392958162881862,0.00334939297394293,0.1189158958759915,0.9650498784837105,0.8638512396786905,0.0111414455504949,0.002040493824992906,0.09815192939153874,0.9777772605935908,0.9137997502993005,0.9106326582994355
3.5,0.7,0.10076752112521026,0.014115367277405068,0.19473991842666763,0.8670054583044958,0.7949746132932618,0.022208544131902517,0.0033722823688092734,0.11875462178106035,0.9655047445350511,0.8612788970032719,0.01116119533361973,0.0020597550157663335,0.09792681612005327,0.9781938126553046,0.9121199503862842,0.9137064107785068
3.5500000000000003,0.7,0.09850498502567073,0.014143760822494272,0.19491519168394203,0.868244163814131,0.7913441528370968,0.022023904112077212,0.0033952912830513236,0.11859003069296033,0.9659449832659497,0.8587101487739691,0.011179589167559,0.0020791521727065295,0.09770372607899724,0.978592736806069,0.9104404049798093,0.9166744428218706
3.6,0.7,0.09628746730705068,0.014172389479053112,0.19506964634201596,0.8694780566292288,0.7877256140540952,0.02183912247516417,0.0034184208823488855,0.11842217084925759,0.9663712000892218,0.8561453499807755,0.011196659024023774,0.0020986862318287973,0.09748263112273607,0.9789747575221688,0.908761342911151,0.9195403906398603
3.6500000000000004,0.7,0.09411449662254442,0.014201257324294355,0.19520353443384592,0.8707067215919718,0.7841194640119077,0.021654279941684448,0.003441672335169498,0.11825109079338612,0.9667839729651988,0.8535848399647363,0.011212436413778658,0.002118358139225517,0.09726350354709161,0.9793405690690499,0.9070829838688121,0.9223077653768698
3.7,0.7,0.09198557492323893,0.014230368231496043,0.19531711113482408,0.8719297625154045,0.7805261452814504,0.021469453691218943,0.003465046812648217,0.11807683934856511,0.9671838536600015,0.851028942995706,0.0112269523745672,0.00213816885094107,0.09704631609618196,0.9796908367624297,0.9054055387254387,0.9249799574129447
3.75,0.7,0.08990018028474256,0.014259725879386995,0.1954106346832739,0.8731468017867517,0.7769460768959057,0.021284717471361944,0.003488545488478887,0.11789946559232857,0.9675713689469179,0.8484779688301761,0.011240237460753085,0.0021581193328529644,0.09683104196811174,0.980026198177349,0.9037292098535286,0.9275602405174217
3.8000000000000003,0.7,0.08785776955508176,0.014289333761141073,0.1954843662954686,0.8743574799546324,0.7733796552758163,0.021100141705177843,0.0035121695388163443,0.11771901883167296,0.9679470217533162,0.8459322132497852,0.011252321734562039,0.002178210560558976,0.09661765481959697,0.9803472643072201,0.9020541914302911,0.9300517758597054
3.85,0.7,0.0858577808324196,0.01431919519299376,0.19553857007526101,0.8755614553030651,0.7698272551212938,0.020915793597026056,0.003535920142189009,0.11753554857882637,0.968311292255438,0.8433919585811074,0.011263234758814905,0.002198443519270138,0.09640612876960378,0.9806546206748565,0.9003806697320043,0.9324576158820959
3.9000000000000004,0.7,0.08389963578092868,0.01434931332249443,0.1955735129184419,0.8767584034148973,0.7662892302723435,0.020731737236636356,0.0035597984794213493,0.11734910452764136,0.9686646389233287,0.8408574741973062,0.01127300559104781,0.0022188192037094013,0.09619643840207505,0.9809488283973972,0.8987088234182063,0.9347807080394122
3.95,0.7,0.08198274179291365,0.01437969113640742,0.19558946441196945,0.8779480167270458,0.7627659145382929,0.020548033701332673,0.0035838057335657067,0.11715973653061205,0.9690074995180765,0.8383290170022237,0.01128166277892061,0.0022393386180157913,0.09598855876781474,0.981230425206971,0.8970388238060527,0.9370238984099931
4.0,0.7,0.08010649400502926,0.01441033146827475,0.19558669672823845,0.8791300040797074,0.759257622497288,0.020364741156318044,0.003607943089842998,0.11696749457651454,0.9693402920434503,0.8358068318974645,0.011289234356819925,0.0022600027756539028,0.0957824653855951,0.9814999264288807,0.8953708351351558,0.939189935182499
4.05,0.7,0.07827027717618125,0.01444123700565306,0.19556548451458006,0.8803040902614908,0.7557646502668067,0.020181914952946977,0.003632211735591821,0.1167724287686686,0.969663415653941,0.8332911522330173,0.011295747843568061,0.0022808126993285557,0.09557813424254792,0.9817578259190199,0.8937050148232207,0.9412814720227863
4.1000000000000005,0.7,0.07647346743443263,0.01447241029703704,0.19552610477820362,0.8814700155522269,0.7522872762461149,0.019999607724923884,0.00365661286022552,0.11657458930381763,0.9699772515211379,0.8307822002419472,0.011301230241153861,0.0023017694209044575,0.0953755417938974,0.9820045969621735,0.8920415137127773,0.9433010713249802
4.15,0.7,0.07471543389996871,0.014503853758481339,0.1954688367668113,0.882627535265037,0.7488257618315725,0.019817869482377716,0.0036811476551967606,0.11637402645162241,0.970282163660289,0.8282801874596746,0.011305708034406201,0.0023228739813307077,0.09517466496208793,0.9822406931327908,0.8903804763093026,0.9452512073507273
4.2,0.7,0.07299554019090355,0.014535569679932582,0.1953939618451332,0.8837764192890726,0.745380352105676,0.019636747703773397,0.0037058173139692093,0.1161707905347638,0.9705784997188223,0.8257853151283457,0.011309207191535244,0.002344127430569993,0.09497548113535739,0.9824665491197623,0.8887220410110199,0.9471342692604764
4.25,0.7,0.07131314581843919,0.014567560231282877,0.19530176336764596,0.8849164516341924,0.741951276500702,0.01945628742563028,0.0037306230319959104,0.11596493190964831,0.9708665917285328,0.8232977745867854,0.011311753165470867,0.0023655308275323137,0.0947779681658027,0.9826825815166684,0.8870663403306487,0.9489525640404978
4.3,0.7,0.06966760747761926,0.014599827468155796,0.1951925265477509,0.8860474299787015,0.7385387494377945,0.019276531330026568,0.003755566006703972,0.11575650094770999,0.9711467568230687,0.8208177476465088,0.011313370895931762,0.002387085240013099,0.09458210436698164,0.9828891895789197,0.8854135011093763,0.9507083193292305
4.3500000000000005,0.7,0.06805828023965173,0.014632373337435554,0.19506653832369905,0.8871691652211486,0.7351429709423196,0.019097519829876633,0.0037806474374851955,0.1155455480173013,0.9714192979222814,0.8183454069542574,0.011314084812162617,0.002408791744635557,0.09438786851109211,0.9830867559491464,0.8837636447233108,0.9524036861464177
4.4,0.7,0.06648451865151178,0.014665199682549732,0.19492408722156043,0.8882814810370668,0.731764127236288,0.018919291151975423,0.0038058685256922914,0.11533212346616516,0.9716845043849411,0.8158809163415102,0.011313918836280558,0.002430651426797126,0.09419523982576693,0.9832756473521482,0.8821168872826676,0.9540407415283747
4.45,0.7,0.06494567774827772,0.01469830824851561,0.19476546321554264,0.889384213441426,0.7284023913086248,0.018741881417810642,0.0038312304746403463,0.11511627760447975,0.9719426526312533,0.8134244311614076,0.011312896387175598,0.002452665380619877,0.09400419799052012,0.9834562152606598,0.880473339823935,0.9556214910726184
4.5,0.7,0.06344111398339969,0.014731700686759814,0.19459095758596923,0.8904772103574783,0.7250579234640453,0.01856532472214937,0.0038567344896132108,0.11489806068846736,0.9721940067365517,0.8109760986135159,0.011311040384913262,0.0024748347089047426,0.0938147231328781,0.9836287965331422,0.8788331084952574,0.9571478713949746
4.55,0.7,0.06197018608185397,0.014765378559720693,0.19440086277523397,0.8915603311925792,0.7217308718512739,0.01838965320941104,0.0038823817778745047,0.11467752290455797,0.9724388189974826,0.8085360580568429,0.011308373255590793,0.0024971605230894333,0.09362679582422677,0.9837937140247592,0.8771962947352635,0.958621752502175
4.6000000000000005,0.7,0.06053225582089586,0.014799343345242485,0.1941954722420486,0.8926334464214907,0.7184213729713227,0.018214897147843523,0.003908173548682941,0.1144547143540982,0.9726773304719429,0.8061044413115085,0.011304916936601479,0.0025196439432099123,0.09344039707540362,0.9839512771726555,0.8755629954455659,0.9600449400828487
4.65,0.7,0.05912668874289076,0.014833596440770069,0.19397508031430388,0.8936964371775954,0.7151295521665253,0.018041085001523245,0.003934111013311685,0.11422968503859574,0.9729097714939715,0.8036813729494574,0.011300692882264528,0.0025422860978653095,0.09325550833206184,0.9841017825566046,0.8739333031571456,0.961419177719717
4.7,0.7,0.05775285480447792,0.014868139167352733,0.1937399820408626,0.8947491948523844,0.7118555240910014,0.01786824350020408,0.003960195385071481,0.11400248484548936,0.9731363621647494,0.8012669705745925,0.011295722069780774,0.0025650881241861467,0.09307211146983152,0.9842455144360562,0.8723073061908319,0.9627461490257
4.75,0.7,0.05641012896610296,0.014902972773465138,0.19349047304260245,0.8957916207035175,0.7085993931632073,0.017696397707043104,0.003986427879337294,0.11377316353443413,0.9733573128208077,0.7988613450926932,0.011290025005477086,0.0025880511678057594,0.09289018878930146,0.9843827452645685,0.8706850888120802,0.964027479706553
4.800000000000001,0.7,0.055097891725745425,0.014938098438653314,0.19322684936302256,0.8968236254717021,0.7053612540012072,0.017525571084234182,0.004012809713578208,0.11354177072409166,0.9735728244804955,0.7964646009714751,0.011283621731304908,0.0026111763828348005,0.09270972301084313,0.9845137361825719,0.8690667313802433,0.9652647395525592
4.8500000000000005,0.7,0.05381552960046536,0.014973517277013269,0.19294940731872395,0.8978451290065816,0.7021411918412819,0.017355785556582928,0.004039342107390372,0.1133083558794148,0.9737830892697132,0.7940768364911326,0.011276531831560719,0.0026344649318387134,0.09253069726929716,0.9846387374893727,0.8674523104925265,0.9664594443617192
4.9,0.7,0.05256243555919832,0.015009230340509489,0.1926584433500684,0.8988560599017816,0.698939282940471,0.01718706157305878,0.00406602628253275,0.11307296829941625,0.9739882908278715,0.7916981439856977,0.011268774439798441,0.0026579179858180666,0.09235309510854095,0.9847579890952682,0.8658418991228106,0.9676130577967929
4.95,0.7,0.051338009410042025,0.015045238622140314,0.19235425387231322,0.8998563551392191,0.6957555949636272,0.01701941816636184,0.004092863462965478,0.1128356571054105,0.9741886046949928,0.7893286100755376,0.011260368245905964,0.0026815367241916467,0.09217690047595482,0.9848717209546087,0.8642355667555193,0.9687269931784696
5.0,0.7,0.050141658145099084,0.01508154305895695,0.1920371351275126,0.9008459597427432,0.6925901873555411,0.016852873010543636,0.004119854874890621,0.11259647122971848,0.9743841986808317,0.786968315891301,0.011251331503319953,0.002705322334782207,0.09200209771680283,0.9849801534806076,0.8626333795147041,0.9698026152168622
5.050000000000001,0.7,0.04897279624576925,0.015118144534942554,0.19170738303746668,0.9018248264411401,0.68944311169868,0.016687442476722426,0.004147001746795152,0.11235545940482418,0.9745752332168499,0.7846173372896172,0.011241682036354997,0.002729276013804774,0.09182867156854305,0.9850834979426697,0.861035400288513,0.9708412416834481
5.1000000000000005,0.7,0.04783084595122148,0.015155043883757624,0.1913652930579907,0.9027929153405096,0.6863144120570621,0.01652314168693458,0.004174305309495958,0.11211267015297273,0.9747618616918435,0.7822757450608371,0.011231437247624935,0.002753398965857415,0.09165660715508123,0.9851819568469729,0.8594416888492031,0.971844145025504
5.15,0.7,0.04671523749262002,0.015192241891357641,0.1910111600347663,0.9037501936059862,0.6832041253067761,0.016359984566164585,0.004201766796186718,0.11186815177619934,0.9749442307719859,0.7799436051291008,0.011220614125535894,0.002777692403914382,0.09148588998098044,0.9852757243010111,0.8578523019688534,0.9728125539250123
5.2,0.7,0.045625409295530175,0.015229739298488683,0.19064527806102577,0.9046966351527609,0.6801122814536329,0.016197983892596735,0.004229387442486479,0.1116219523467785,0.975122480706011,0.7776209787450031,0.011209229251832133,0.0028021575493215305,0.09131650592563847,0.9853649863627754,0.8562672935309275,0.973747654803951
5.25,0.7,0.04456080815278785,0.015267536803066499,0.19026794033730926,0.9056322203463341,0.6770389039384263,0.016037151346132147,0.004257168486489787,0.11137411969808304,0.9752967456162333,0.7753079226711224,0.011197298809177273,0.0028267956317939388,0.09114844123744391,0.9854499213752221,0.8546867146378321,0.9746505932778082
5.300000000000001,0.7,0.04352088936998226,0.015305635062444294,0.1898794390335222,0.9065569357119122,0.6739840099302575,0.015877497555214937,0.004285111168818223,0.11112470141584271,0.9754671537760627,0.7730044893606653,0.011184838588754924,0.0028516078894156387,0.09098168252792063,0.9855307002866507,0.853110613714612,0.9755224755591051
5.3500000000000005,0.7,0.042505116885573076,0.015344034695574271,0.18948006515350854,0.9074707736528443,0.6709476106083692,0.015719032142011636,0.0043132167326732085,0.11087374482979194,0.9756338278746503,0.7707107271294781,0.011171863997873966,0.002876595568641378,0.0908162167658702,0.9856074869575869,0.8515390366089166,0.9763643698126437
5.4,0.7,0.04151296336754182,0.015382736285067734,0.18907010840234223,0.9083737321779793,0.6679297114329118,0.015561763765987845,0.004341486423889958,0.11062129700569669,0.9757968852692612,0.7684266803216584,0.011158390067565038,0.002901759924300338,0.09065203127152026,0.9856804384547437,0.8499720266873694,0.9771773074641431
5.45,0.7,0.0405439102883618,0.01542174037915839,0.18864985705652632,0.9092658146378132,0.6649303124050598,0.015405700165926087,0.004369921490992444,0.11036740473775039,0.9759564382259548,0.7661523894690011,0.011144431460155892,0.002927102219601731,0.09048911371068681,0.9857497053326054,0.8484096249284678,0.9779622844638644
5.5,0.7,0.039597447979961356,0.015461047493573266,0.18821959783727615,0.9101470294692834,0.6619494083168717,0.015250848200428524,0.004398523185249273,0.11011211454132892,0.9761125941491142,0.763887891444499,0.01113000247681439,0.002952623726142204,0.09032745208895741,0.9858154319031615,0.8468518700121355,0.9787202625067744
5.550000000000001,0.7,0.0386730756702518,0.015500658113315469,0.18777961578704958,0.9110173899490581,0.6589869889912807,0.015097213886947942,0.004427292760730353,0.10985547264609509,0.9762654558003518,0.7616332196101131,0.01111511706504887,0.0029783257239149787,0.09016703474590168,0.985877756494291,0.8452987984060445,0.9794521702107424
5.6000000000000005,0.7,0.03777030150269294,0.01554057269436283,0.18733019414947355,0.9118769139551612,0.6560430395125869,0.014944802439389957,0.00445623147436426,0.1095975249894428,0.9764151215072854,0.7593884039590214,0.011099788826156625,0.003004209501320665,0.09000785034931501,0.9859368116972798,0.8437504444488237,0.980158904254213
5.65,0.7,0.036888642540276365,0.015580791665286309,0.18687161425280358,0.9127256237367654,0.6531175404478072,0.014793618304328909,0.004485340585996205,0.10933831721027151,0.9765616853626605,0.7571534712525441,0.011084031022612073,0.003030276355179673,0.08984988788950082,0.9859927246039303,0.8422068404302618,0.9808413304747494
5.7,0.7,0.03602762475521879,0.01562131542879185,0.18640415539703864,0.9135635456919817,0.6502104680592307,0.014643665195879391,0.0045146213584465,0.10907789464308189,0.9767052374142724,0.7549284451519411,0.011067856585387021,0.003056527590746173,0.08969313667359624,0.9860456170337066,0.8406680166686122,0.9815002849297925
5.75,0.7,0.03518678300557487,0.01566214436318923,0.18592809474480126,0.9143907101534692,0.64732179450851,0.01449494612926468,0.00454407505756946,0.10881630231238311,0.9768458638461162,0.7527133463452671,0.011051278121196223,0.0030829645217235304,0.08953758631994548,0.9860956057513368,0.8391340015851034,0.9821365749209359
5.800000000000001,0.7,0.03436566099990035,0.015703278823791276,0.18544370721607933,0.9152071511816825,0.6444514880526121,0.01434746345312274,0.004573702952312643,0.1085535849274032,0.9769836471511787,0.7505081926694638,0.01103430791966211,0.003109588470281167,0.08938322675252497,0.9861428026752777,0.837604821775753,0.9827509799829713
5.8500000000000005,0.7,0.03356381125102259,0.015744719144246657,0.18495126538691337,0.9160129063655779,0.6415995132319359,0.0142012188805897,0.004603506314776352,0.1082897868770935,0.9771186662962632,0.7483129992278652,0.011016957960393278,0.003136400767072786,0.08923004819542375,0.9861873150774295,0.8360805020805825,0.9833442528389161
5.9,0.7,0.032780795019905835,0.015786465637809357,0.18445103939210064,0.9168080166305893,0.6387658310508963,0.014056213519199981,0.0046334864202733535,0.10802495222541844,0.9772509968792183,0.7461277785032816,0.010999239919971883,0.0031634027512559126,0.08907804116738227,0.986229245774473,0.8345610656503244,0.9839171203221933
5.95,0.7,0.032016182250532536,0.015828518598547753,0.18394329683197483,0.9175925260536916,0.635950399151263,0.013912447899641469,0.0046636445473887105,0.10775912470692259,0.97738071127893,0.7439525404668257,0.010981165178845738,0.003190595770512687,0.08892719647639244,0.9862686933111819,0.833046534010712,0.9844702842670927
6.0,0.7,0.03126955149666042,0.0158708783024961,0.18342830268330856,0.9183664816853624,0.6331531719785286,0.013769922003403311,0.004693981978039698,0.10749234772256613,0.9775078787984129,0.7417872926826357,0.01096274482812138,0.003217981181071872,0.0887775052143615,0.9863057521360543,0.8315369271244378,0.9850044223686067
6.050000000000001,0.7,0.030540489841256454,0.015913545008751116,0.18290631921437403,0.919129933378258,0.630374100941577,0.013628635289353095,0.004724499997535729,0.10722466433582124,0.977632565801326,0.7396320404086472,0.010943989676254907,0.003245560347732017,0.08862895875184178,0.9863405127695867,0.8300322634508631,0.9855201890126907
6.1000000000000005,0.7,0.029828592809354022,0.0159565189605162,0.18237760590418642,0.9198829336224168,0.627613134565905,0.013488586719279301,0.004755199894638244,0.10695611726902095,0.9777548358422186,0.7374867866935583,0.010924910255637825,0.003273334643885737,0.08848154873282844,0.9863730619655035,0.8285325600035607,0.9860182160779675
6.15,0.7,0.02913346427502795,0.015999800386095744,0.1818424193659435,0.9206255373868055,0.6248702186406484,0.013349774782434086,0.004786082961620502,0.10668674889995297,0.9778747497908026,0.7353515324701285,0.010905516829075583,0.003301305451545057,0.08833526706962669,0.9864034828652407,0.8270378324057667,0.9864991137098583
6.2,0.7,0.02845471636313348,0.016043389499841822,0.18130101327466502,0.9213578019670255,0.62214529635965,0.013212197519110581,0.004817150494327246,0.10641660125869096,0.9779923659505273,0.7332262766449466,0.010885819396156874,0.0033294741613677827,0.08819010593779004,0.9864318551459704,0.8255480949438175,0.9869634710680869
6.25,0.7,0.027791969346409623,0.01608728650305553,0.1807536382990254,0.9220797868389979,0.6194383084567988,0.013075852543287988,0.004848403792234179,0.10614571602465557,0.9781077401717253,0.7311110161847966,0.010865827699512094,0.0033578421726848497,0.08804605777113078,0.9864582551624385,0.8240633606186438,0.9874118570484736
6.300000000000001,0.7,0.02714485153850451,0.016131491584845035,0.1802005420373639,0.9227915535184474,0.6167491933358625,0.012940737064376932,0.004879844158507222,0.1058741345238983,0.978220925959583,0.72900574619975,0.010845551230959762,0.003386410893528618,0.0879031152568036,0.986482756082879,0.8225836411953905,0.9878448209799039
6.3500000000000005,0.7,0.026512999183440043,0.016176004922942373,0.17964196895784795,0.9234931654260091,0.6140778871950269,0.012806847908096594,0.004911472900061514,0.10560189772660086,0.9783319745771759,0.7269104600231023,0.010824999237539951,0.0034151817406620653,0.0877612713304633,0.9865054280192567,0.8211089472512314,0.9882628932973256
6.4,0.7,0.025896056341995436,0.01622082668448091,0.17907816034275648,0.9241846877577835,0.6114243241463456,0.012674181536514334,0.004943291327620119,0.10532904624478338,0.9784409351438013,0.7248251492882728,0.01080418072743408,0.0034441561396088465,0.08762051917149713,0.9865263381520749,0.8196392882214419,0.9886665861915973
6.45,0.7,0.0252936747754538,0.016265957026735296,0.17850935423684264,0.9248661873611682,0.6087884363303,0.012542734067277593,0.004975300755772402,0.10505562033021448,0.9785478547288256,0.722749804002779,0.01078310447577069,0.003473335524684181,0.08748085219833227,0.9865455508499836,0.8181746724437938,0.9890563942369864
6.5,0.7,0.024705513827122702,0.016311396097825635,0.17793578539972774,0.9255377326157985,0.6061701540256572,0.012412501292067037,0.005007502503032054,0.10478165987251682,0.9786527784412571,0.720684412619395,0.010761779030317055,0.003502721339026533,0.08734226406381879,0.9865631277844032,0.8167151072013309,0.9894327949970846
6.550000000000001,0.7,0.024131240302008503,0.016357144037387583,0.17735768526227147,0.9261993933194312,0.6035694057548107,0.012283478694299054,0.005039897891894729,0.10450720439746172,0.9787557495152422,0.7186289621045975,0.010740212717056682,0.0035323150346300513,0.08720474865068828,0.9865791280393775,0.8152605987635853,0.9897962496098826
6.6000000000000005,0.7,0.02357052834499519,0.016403200977209882,0.1767752818868572,0.9268512405786102,0.6009861183847787,0.012155661466104849,0.005072488248895274,0.10423229306544649,0.9788568093916755,0.7165834380044008,0.010718413645652977,0.003562118072377737,0.08706830006708821,0.9865936082168569,0.8138111524262894,0.9901472033527222
6.65,0.7,0.02302305931785103,0.0164495670418409,0.17618879993152498,0.9274933467039549,0.5984202172240303,0.012029044524612568,0.0051052749046645255,0.10395696467014846,0.9789559977961039,0.714547824507678,0.010696389714799533,0.0035921319220753047,0.08693291264219195,0.9866066225376054,0.812366772549639,0.9904860861878169
6.7,0.7,0.022488521675360938,0.016496242349165576,0.17559846061788,0.928125785109917,0.5958716261153019,0.01190362252755807,0.005138259193985648,0.10368125763734991,0.9790533528130979,0.7125221045070604,0.010674148617457625,0.0036223580624857106,0.08679858092188439,0.9866182229379152,0.8109274625951574,0.9908133132890083
6.75,0.7,0.021966610840858512,0.016543227010954148,0.17500448170269908,0.9287486302188537,0.5933402675245614,0.011779389888249156,0.005171442455850001,0.10340521002392779,0.979148910957254,0.7105062596575082,0.010651697845981705,0.003652797981364317,0.08666529966452276,0.9866284591623066,0.809493225161214,0.9911292855504076
6.800000000000001,0.7,0.021457029081409333,0.01659052113338397,0.17440707745315295,0.9293619573692701,0.5908260626262699,0.011656340789907264,0.005204826033512514,0.10312885951700304,0.9792427072409835,0.7085002704326362,0.010629044697133765,0.0036834531754946615,0.08653306383677249,0.9866373788523832,0.8080640620172443,0.9914343900775393
6.8500000000000005,0.7,0.020959485382876383,0.016638124817535658,0.17380645862555918,0.9299658427280855,0.5883289313850879,0.011534469199409886,0.005238411274546545,0.10285224343324377,0.9793347752392381,0.7065041161788801,0.010606196276987594,0.0037143251507248134,0.08640186860951753,0.9866450276320039,0.8066399741367172,0.9917290006615952
6.9,0.7,0.020473695325078815,0.01668603815986472,0.17320283244757595,0.9305603632067844,0.5858487926341635,0.01141376888045619,0.005272199530898224,0.10257539871831692,0.9794251471513136,0.7045177751675841,0.010583159505724055,0.0037454154220042776,0.08627170935384469,0.9866514491889261,0.805220961728897,0.9920134782373745
6.95,0.7,0.019999380957237214,0.01673426125264984,0.1725964026037444,0.9311455963813139,0.583385564150138,0.011294233406177592,0.005306192158940248,0.10229836194648351,0.9795138538598669,0.7025412246450855,0.010559941122318598,0.0037767255134214333,0.08614258163710158,0.9866566853530709,0.8038070242694428,0.9922881713254746
7.0,0.7,0.019536270673881476,0.016782794184418845,0.1719873692242845,0.9317216204155954,0.5809391627249989,0.011175856171214308,0.0053403905195251325,0.10202116932033212,0.9796009249872756,0.7005744408808741,0.010536547689122327,0.003808256958241473,0.08601448121902719,0.9866607761715508,0.8023981605298866,0.9925534164592722
7.050000000000001,0.7,0.019084099091381656,0.016831637040353405,0.17137592887704692,0.9322885139885199,0.5785095042349021,0.011058630403278185,0.005374795978037898,0.10174385667064591,0.9796863889494623,0.6986173992138952,0.010512985596337983,0.003840011298944828,0.08588740404795488,0.9866637599805962,0.8009943686060308,0.9928095385972184
7.1000000000000005,0.7,0.018642606925247326,0.01688078990267341,0.17076227456252172,0.9328463562243016,0.5760965037060851,0.01094254917422145,0.005409409904448183,0.10146645945639832,0.9797702730073016,0.6966700740970685,0.010489261066392318,0.003871990087266048,0.08576134625708669,0.9866656734745125,0.7995956459453063,0.9930568515209542
7.15,0.7,0.018211540868327342,0.016930252851001974,0.17014659571180296,0.9333952266260667,0.5737000753779847,0.010827605410630324,0.005444233673361776,0.10118901276487281,0.9798526033157203,0.694732439140088,0.010465380158206354,0.00390419488423312,0.08563630416083838,0.9866665517717909,0.7982019893731251,0.9932956582197316
7.2,0.7,0.017790653470029068,0.01698002596271194,0.16952907818740728,0.9339352050125593,0.5713201327636701,0.01071379190396178,0.00547926866407156,0.1009115513119022,0.979933404970598,0.6928044671505674,0.010441348771365091,0.0039366272602072,0.08551227425125439,0.986666428478493,0.7968133951182675,0.9935262512616136
7.25,0.7,0.017379703016664222,0.017030109313254705,0.1689099042868433,0.9344663714578479,0.5689565887076974,0.010601101320241137,0.005514516260607859,0.10063410944222305,0.980012702053568,0.6908861301735943,0.010417172650188265,0.003969288794922742,0.08538925319449175,0.9866653357490247,0.7954298588373361,0.9937489131519065
7.300000000000001,0.7,0.016978453413017514,0.01708050297647219,0.16828925274882867,0.9349888062339212,0.5666093554414874,0.010489526209337489,0.00554997785178818,0.10035672112994107,0.9800905176748175,0.6889773995297511,0.0103928573877038,0.004002181077528,0.08526723782737233,0.9866633043444069,0.794051375638312,0.9939639166792643
7.3500000000000005,0.7,0.016586674065223895,0.01713120702489271,0.16766729876205091,0.9355025897560645,0.5642783446363258,0.010379059013833436,0.00558565483126635,0.10007941997910323,0.9801668740139753,0.6870782458516613,0.010368408429525619,0.004035305706625888,0.08514622515400218,0.9866603636881492,0.7926779401032452,0.9941715252498892
7.4,0.7,0.016204139765030785,0.01718222153001146,0.16704421397636826,0.9360078025309116,0.5619634674540781,0.010269692077504939,0.005621548597581036,0.0998022392243726,0.980241792359179,0.6851886391191165,0.010343831077637507,0.004068664290315174,0.08502621234245737,0.9866565419198275,0.7913095463101109,0.9943719932102363
7.45,0.7,0.015830630575512723,0.017233546562556313,0.16642016651634725,0.93650452510707,0.5596646345957127,0.01016141765342661,0.0056576605542036544,0.09952521173180195,0.9803152931444017,0.683308548692837,0.010319130494084745,0.004102258446231993,0.08490719672153518,0.9866518659464594,0.789946187853861,0.9945655661586208
7.5,0.7,0.01546593171829774,0.017285182192739595,0.16579532099703403,0.9369928380282203,0.5573817563477163,0.010054227911717142,0.005693992109585649,0.09924836999970249,0.9803873959851195,0.6814379433469172,0.010294311704575232,0.0041360898015916645,0.08478917577756975,0.9866463614917715,0.7885878578667014,0.994752481246106
7.550000000000001,0.7,0.015109833462357163,0.017337128490496442,0.1651698385418571,0.9374728217885948,0.5551147426264877,0.009948114946939073,0.005730544677205158,0.09897174615960379,0.9804581197123955,0.6795767913000067,0.010269379601991854,0.0041701599932307916,0.08467214715131124,0.9866400531434467,0.7872345490376222,0.9949329674670434
7.6000000000000005,0.7,0.014762131014403466,0.01738938552571037,0.16454387680256052,0.9379445567907434,0.5528635030207901,0.009843070785166592,0.005767319675613047,0.09869537197730155,0.9805274824054523,0.677725060245272,0.010244338949817808,0.00420447066764963,0.08455610863486743,0.9866329643984336,0.7858862536312081,0.995107245939619
7.65,0.7,0.014422624410934379,0.017441953368426605,0.16391758998106726,0.9384081233054953,0.5506279468323377,0.009739087390734522,0.0058043185284783185,0.09841927885398956,0.9805955014228026,0.6758827173791879,0.01021919438547666,0.004239023481054707,0.08444105816870688,0.986625117706402,0.7845429635057554,0.9952755301767509
7.7,0.7,0.01409111841195537,0.017494832089053704,0.16329112885317396,0.9388636014340325,0.5484079831145932,0.009636156672681195,0.00584154266463289,0.09814349782747255,0.9806621934320028,0.6740497294291998,0.010193950423588869,0.004273820099401681,0.0843269938387226,0.9866165345114192,0.78320467013072,0.9954380263476694
7.75,0.7,0.01376742239640715,0.017548021758554026,0.16266464079397983,0.9393110710719894,0.546203520709846,0.009534270490897438,0.005878993518115745,0.0978680595734566,0.9807275744380927,0.6722260626803012,0.010168611459146503,0.004308862198438416,0.0842139138733551,0.9866072352919218,0.7818713646035231,0.9955949335305002
7.800000000000001,0.7,0.013451350259319676,0.017601522448623504,0.1620382698049541,0.9397506118754989,0.5440144682846413,0.009433420661993413,0.00591667252821645,0.09759299440691398,0.9807916598107812,0.6704116830005665,0.0101431817706079,0.004344151463748271,0.08410181664077407,0.986597239599056,0.7805430376657335,0.9957464439561596
7.8500000000000005,0.7,0.013142720310709502,0.01765533423186121,0.1614121565425477,0.9401823032291065,0.541840734363624,0.00933359896489466,0.0059545811395180495,0.09731833228351927,0.9808544643104349,0.6686065558656796,0.01011766552291399,0.004379689590793576,0.08399070064611745,0.9865865660934501,0.7792196797186539,0.9958927432438618
7.9,0.7,0.01284135517623291,0.017709457181929147,0.16078643834825773,0.9406062242154769,0.5396822273618634,0.009234797146178222,0.00599272080193932,0.09704410280115376,0.9809160021129233,0.6668106463824941,0.01009206677042797,0.004415478284959294,0.08388056452878695,0.9865752325804887,0.77790128083833,0.9960340106285253
7.95,0.7,0.012547081699603368,0.01776389137370273,0.16016124928005387,0.9410224535868212,0.5375388556157173,0.00913700692515936,0.0060310929707764,0.09677033520147521,0.9809762868333735,0.6650239193116635,0.010066389459800068,0.004451519261596835,0.08377140705979903,0.9865632560441485,0.7765878307900039,0.9961704191803583
8.0,0.7,0.012259730846778148,0.017818636883412307,0.1595367201450794,0.9414310697379731,0.5354105274122959,0.009040219998738924,0.006069699106743796,0.09649705837155022,0.9810353315488824,0.663246339089376,0.010040637432759025,0.00448781424606804,0.08366322713919037,0.9865506526794545,0.775279319042033,0.9963021360168914
8.05,0.7,0.011979137611915646,0.01787369378877618,0.15891297853354047,0.9418321506810464,0.5332971510175801,0.008944428046021103,0.006108540676014745,0.09622430084554628,0.9810931488202357,0.6614778698482277,0.010014814428832,0.004524364973789293,0.08355602379347667,0.9865374379236166,0.773975734779292,0.9964293225077175
8.1,0.7,0.011705140925101887,0.017929062169125414,0.15829014885370013,0.9422257740216107,0.5311986347032506,0.008849622732710893,0.006147619150260968,0.09595209080648108,0.9811497507126746,0.6597184754372657,0.009988924087994526,0.004561173190275761,0.08344979617316392,0.9865236264858985,0.7726770669160793,0.9965521344721893
8.15,0.7,0.01143758356184188,0.017984742105520868,0.15766835236789561,0.9426120169363185,0.5291148867722764,0.008755795715300259,0.006186936006691784,0.09568045608802618,0.9812051488157586,0.657968119441235,0.009962969953252127,0.004598240651185757,0.08334454355031122,0.9865092323762733,0.7713833041085427,0.9966707223703178
8.200000000000001,0.7,0.011176312054309002,0.01804073368086274,0.15704770722949998,0.9429909561519261,0.5270458155833161,0.008662938645051606,0.006226492728092609,0.09540942417636286,0.9812593542623594,0.6562267651990564,0.009936955473155214,0.004635569122365194,0.08324026531614384,0.986494268932914,0.7700944347666454,0.9967852314871051
8.25,0.7,0.010921176604343257,0.018097036979992966,0.15642832852075103,0.9433626679256482,0.5249913295739779,0.008571043171786905,0.006266290802862823,0.09513902221208745,0.9813123777468301,0.6544943758215666,0.00991088400424883,0.004673160379892141,0.08313696097871595,0.9864787488485698,0.7688104470656859,0.9968958021105355
8.3,0.7,0.010672030998187159,0.01815365208979076,0.15581032829137345,0.9437272280267892,0.5229513372829842,0.008480100947490413,0.006306331725053025,0.09486927699216395,0.9813642295423823,0.652770914208547,0.009884758813458806,0.0047110162101214525,0.0830346301606217,0.9864626841958705,0.7675313289573901,0.997002569703447
8.35,0.7,0.010428732522946132,0.018210579099261628,0.155193815597922,0.9440847117195986,0.5209257473712866,0.008390103629732687,0.006346616994401661,0.09460021497192149,0.9814149195177103,0.65105634306507,0.009858583080415838,0.004749138409729471,0.08293327259675391,0.986446086451607,0.7662570681805901,0.9971056650694896
8.4,0.7,0.010191141884758585,0.018267818099620102,0.15457889654377638,0.944435193747296,0.5189144686421726,0.008301042884923242,0.006387148116371042,0.09433186226709456,0.9814644571528934,0.6493506249171858,0.009832359899719017,0.004787528785758786,0.08283288813210939,0.9864289665200277,0.7649876522715057,0.9972052145133763
8.450000000000001,0.7,0.009959123128659297,0.01832536918436648,0.1539656743197205,0.9447787483172163,0.5169174100604049,0.008212910391398976,0.006427926602182738,0.0940642446559037,0.9815128515546105,0.6476537221269778,0.009806092283140272,0.0048261891556630404,0.08273347671963975,0.9864113347551908,0.7637230685736415,0.997301339995622
8.5,0.7,0.009732543560118396,0.018383232449357828,0.1533542492450414,0.9451154490870265,0.514934480770433,0.008125697842355131,0.006468953968852368,0.09379738758117476,0.9815601114706964,0.6459655969070084,0.009779783161771183,0.0048651213473517715,0.08263503841814711,0.9863932009824145,0.7624633042473155,0.9973941592819606
8.55,0.7,0.00951127366823697,0.018441407992873467,0.1527447188090857,0.9454453691519666,0.5129655901137146,0.008039396948625372,0.006510231739223766,0.0935313161524944,0.9816062453040703,0.6442862113341787,0.009753435388113598,0.004904327199235283,0.08253757339022338,0.9863745745188581,0.7612083462788313,0.9974837860876228
8.6,0.7,0.009295187050579284,0.018499895915675236,0.1521371777132134,0.9457685810330706,0.5110106476451828,0.007953999441317234,0.006551761442002552,0.09326605514840017,0.9816512611260632,0.6426155273630255,0.00972705173811544,0.004943808560269529,0.08244108190023267,0.9863554641932732,0.7599581814893074,0.997570330216651
8.65,0.7,0.009084160339620605,0.01855869632106268,0.15153171791309178,0.9460851566663224,0.5090695631488945,0.007869497074309022,0.006593544611789082,0.09300162901860305,0.9816951666891726,0.6409535068384752,0.009700634913153103,0.004983567290001008,0.08234556431233542,0.9863358783649562,0.7587127965431759,0.9976538976964235
8.700000000000001,0.7,0.008878073130788823,0.018617809314923444,0.1509284286612739,0.9463951673927073,0.5071422466528925,0.0077858816266139184,0.006635582789110802,0.09273806188624073,0.9817379694392685,0.6393001115080764,0.009674187541961742,0.005023605258611651,0.08225102108855381,0.9863158249419369,0.7574721779563628,0.9977345909075513
8.75,0.7,0.008676807912077302,0.018677235005779027,0.150327396550009,0.9466986839491169,0.5052286084433139,0.007703144904616903,0.006677877520453995,0.09247537755015968,0.9817796765272756,0.6376553030337313,0.009647712182514824,0.005063924346963695,0.08215745278687733,0.9862953113984338,0.7562363121041615,0.9978125087093067
8.8,0.7,0.008480249995205797,0.018736973504826143,0.14972870555423426,0.9469957764600692,0.5033285590777755,0.007621278744189835,0.006720430358294924,0.09221359948722443,0.9818202948203552,0.6360190430029432,0.009621211323854195,0.005104526446644539,0.08206486005940768,0.9862743447916055,0.7550051852288109,0.9978877465607384
8.85,0.7,0.00828828744830571,0.018797024925973814,0.14913243707469914,0.947286514430208,0.5014420093980665,0.007540275012689816,0.00676324286113038,0.09195275085465232,0.9818598309126085,0.6343912929396007,0.009594687387871946,0.0051454134600115616,0.08197324365054218,0.9862529317776273,0.7537787834467876,0.9979603966376213
8.9,0.7,0.008100811030105555,0.018857389385876448,0.14853866998117704,0.9475709667375443,0.4995688705421753,0.007460125610845801,0.006806316593507629,0.09169285449237198,0.9818982911353232,0.6327720143143145,0.009568142731045311,0.0051865873002369025,0.0818826043951949,0.9862310786271217,0.7525570927558253,0.9980305479453824
8.950000000000001,0.7,0.007917714125592081,0.018918067003963004,0.1479474806557193,0.9478492016274064,0.4977090539556794,0.0073808224745381705,0.006849653126053765,0.09143393292540417,0.9819356815667822,0.6311611685543248,0.009541579646125814,0.005228049891352188,0.0817929432170546,0.9862087912399671,0.7513400990416679,0.9980982864281447
9.0,0.7,0.007738892683122261,0.018979057902462456,0.1473589430359104,0.9481212867070651,0.4958624714025236,0.007302357576475832,0.006893254035504469,0.09117600836626319,0.9819720080416556,0.6295587170529953,0.009515000363783834,0.005269803168293199,0.08170426112687872,0.9861860751595118,0.7501277880845694,0.9981636950740185
9.05,0.7,0.007564245152961086,0.019040362206425698,0.14677312865808442,0.9483872889410024,0.49402903497521217,0.00722472292777521,0.006937120904732172,0.09091910271737758,0.9820072761599924,0.6279646211789096,0.00948840705420977,0.005311849076944474,0.08161655922082256,0.9861629355862165,0.748920145565547,0.9982268540167727
9.1,0.7,0.0073936724272199794,0.019101980043744037,0.1461901067004648,0.9486472746467942,0.49220865710443873,0.007147910579445325,0.006981255322773635,0.09066323757352851,0.9820414912958313,0.6263788422845851,0.009461801828672914,0.005354189574183827,0.08152983867880301,0.9861393773907489,0.7477171570723985,0.9982878406340088
9.15,0.7,0.007227077781170499,0.019163911545164426,0.1456099440261921,0.9489013094915757,0.49040125056817774,0.007071912623782986,0.007025658884856931,0.09040843422430467,0.9820746586054461,0.6248013417148188,0.009435186741039164,0.005396826627926781,0.08144410076289586,0.9861154051265529,0.7465188081054912,0.9983467296419577
9.200000000000001,0.7,0.007064366815907978,0.019226156844301574,0.14503270522620537,0.9491494584890638,0.4886067285002591,0.006996721195681956,0.007070333192427848,0.09015471365657196,0.9821067830352421,0.62323208081468,0.009408563789248621,0.005439762217170911,0.08135934681576612,0.9860910230419135,0.7453250840833316,0.9984035931870169
9.25,0.7,0.00690544740233971,0.019288716077647053,0.1444584526619457,0.9493917859971078,0.486825004398448,0.006922328473859817,0.007115279853175697,0.08990209655695709,0.9821378693293192,0.6216710209371613,0.00938193491675417,0.005482998332040074,0.08127557825913044,0.9860662350915376,0.7441359703479233,0.9984585009341383
9.3,0.7,0.0067502296264723505,0.019351589384575558,0.14388724650785154,0.9496283557157428,0.48505599213205,0.006848726682006073,0.0071605004810585465,0.08965060331434346,0.9821679220367157,0.6201181234505041,0.009355302013922037,0.005526536973828529,0.081192796592251,0.9860410449476704,0.7429514521699209,0.9985115201521773
9.35,0.7,0.0065986257359732705,0.019414776907348406,0.14331914479361732,0.9498592306857216,0.48329960594906163,0.00677590808985492,0.007205996696327859,0.0894002540223783,0.9821969455183468,0.6185733497452074,0.009328666919395339,0.0055703801550449445,0.08111100339046015,0.9860154560107677,0.7417715147535876,0.9985627157963044
9.4,0.7,0.006450550087980695,0.01947827879111443,0.14275420344618917,0.950084473287501,0.4815557604828853,0.00670386501418597,0.00725177012555256,0.08915106848198984,0.9822249439536525,0.617036661240735,0.009302031421421633,0.005614529899456257,0.08103020030371505,0.9859894714197391,0.7405961432415642,0.9986121505875847
9.450000000000001,0.7,0.006305919098137629,0.019542095183908335,0.1421924763314721,0.9503041452406583,0.47982437075862616,0.006632589819756054,0.007297822401642514,0.08890306620391317,0.9822519213469646,0.6155080193919312,0.009275397259145376,0.005658988242131407,0.08095038905518158,0.9859630940617826,0.7394253227194544,0.998659885089818
9.5,0.7,0.006164651190824727,0.01960622623664668,0.14163401529572595,0.9505183076037187,0.4781053521989896,0.006562074920165146,0.0073441551638714275,0.08865626641122411,0.9822778815336087,0.6139873856951562,0.009248766123866266,0.005703757229484918,0.08087157143984694,0.9859363265818245,0.7382590382202356,0.9987059777837376
9.55,0.7,0.006026666750567467,0.01967067210312151,0.14107887020662754,0.9507270207743692,0.4763986206297949,0.006492312778659289,0.007390770057899169,0.08841068804187945,0.9823028281857498,0.6124747216941524,0.009222139660264358,0.005748838919320325,0.0807937493231602,0.9859091713915826,0.7370972747285,0.9987504851386563
9.600000000000001,0.7,0.005891888074593215,0.019735432939991852,0.14052708899397937,0.9509303444900422,0.47470409228512217,0.006423295908873314,0.0074376687357935066,0.08816634975126296,0.982326764817994,0.6109699889856512,0.009195519467592847,0.005794235380873432,0.08071692463970016,0.9858816306782671,0.7359400171845324,0.9987934616816485
9.65,0.7,0.005760239326514015,0.019800508906773026,0.1399787176900454,0.9511283378288464,0.4730216838121076,0.006355016875516011,0.007484852856051279,0.08792326991473594,0.9823496947927571,0.6094731492247317,0.009168907100839386,0.005839948694855402,0.08064109939186984,0.9858537064129324,0.7347872504882317,0.9988349600643525
9.700000000000001,0.7,0.005631646491111188,0.019865900165823992,0.13943380046949688,0.9513210592108285,0.4713513122754016,0.006287468295000315,0.007532324083618972,0.08768146663019136,0.9823716213254092,0.6079841641299387,0.009142304071856774,0.005885980953495661,0.08056627564861701,0.9858254003584971,0.73363895950288,0.9988750311274754
9.75,0.7,0.005506037330198128,0.019931606882332753,0.13889237968895143,0.9515085663995466,0.4696928951613051,0.006220642836020959,0.0075800840899127335,0.08744095772061072,0.9823925474892059,0.606502995488171,0.009115711850463856,0.005932334260584615,0.0804924555441802,0.9857967140774423,0.7324951290587668,0.9989137239630796
9.8,0.7,0.005383341339537958,0.0199976292242999,0.13835449592609123,0.9516909165039392,0.46804635038159614,0.006154533220081949,0.007628134552837799,0.08720176073662259,0.9824124762200148,0.605029605159348,0.009089131865517398,0.005979010731516164,0.08041964127685937,0.9857676489392028,0.7313557439566719,0.9989510859747263
9.850000000000001,0.7,0.005263489706793034,0.020063967362520408,0.1378201880183459,0.9518681659804725,0.46641159627706213,0.006089132221976122,0.007676477156807346,0.08696389295906203,0.9824314103208465,0.6035639550808638,0.009062565505955768,0.006026012493330015,0.08034783510781081,0.9857382061272636,0.7302207889712136,0.9989871629355507
9.9,0.7,0.005146415270483589,0.02013062147056372,0.13728949310112817,0.9520403706355515,0.46478855162074784,0.006024432670218947,0.007725113592760772,0.08672737140153002,0.9824493524661984,0.6021060072718355,0.009036014121815145,0.006073341684753768,0.08027703935986577,0.9857083866459727,0.7290902488540661,0.9990219990443406
9.950000000000001,0.7,0.005032052479933162,0.020197591724752252,0.13676244664561063,0.9522075856281779,0.46317713562093343,0.005960427447438653,0.007774045558181391,0.08649221281295204,0.9824663052062191,0.6006557238371558,0.009009479025219003,0.006121000456244792,0.08020725641637197,0.9856781913270825,0.7279641083370519,0.9990556369796847
10.0,0.7,0.004920337356178781,0.020264878304138312,0.13623908249603342,0.9523698654728433,0.461577267923853,0.005897109490724675,0.007823274757113556,0.08625843368013507,0.9824822709707022,0.5992130669713552,0.00898296149134161,0.006168990970031852,0.0801384887200576,0.9856476208360297,0.7268423521351118,0.9990881179522593
10.05,0.7,0.004811207453824215,0.020332481390479586,0.13571943290653357,0.952527264042641,0.45998886861616506,0.005834471791936323,0.007872802900179198,0.0860260502303221,0.9824972520729145,0.5977779989622831,0.008956462759346216,0.006217315400156508,0.08007073877191734,0.9856166756779657,0.7257249649491602,0.9991194817553167
10.100000000000001,0.7,0.0047046018238149695,0.02040040116821319,0.13520352857748782,0.9526798345725849,0.4584118582271858,0.005772507397973516,0.0079226317045938,0.08579507843374354,0.9825112507132691,0.5963504821946132,0.008929984033298652,0.006265975932514254,0.08000400913011958,0.9855853562035451,0.7246119314688261,0.999149766813437
10.15,0.7,0.004600460977114059,0.020468637824428378,0.1346913986913615,0.9528276296631227,0.45684615773089554,0.005711209411011331,0.007972762894181772,0.08556553400616475,0.9825242689828463,0.5949304791531812,0.008903526483056957,0.006314974764895404,0.07993830240893467,0.9855536626144847,0.7235032363750878,0.9991790102296029
10.200000000000001,0.7,0.004498726849257942,0.02053719154883798,0.13418307094805723,0.9529707012838313,0.45529168854772806,0.005650570988700056,0.008023198199391263,0.08533743241142898,0.9825363088667728,0.5935179524261607,0.008877091245137725,0.006364314107025703,0.07987362127768326,0.9855215949689001,0.7223988643428019,0.9992072478306552
10.25,0.7,0.00439934276577238,0.020606062533748585,0.13367857159975768,0.9531091007772821,0.453748372546152,0.005590585344332358,0.008073939357308386,0.08511078886399509,0.9825473722474611,0.5921128647080831,0.008850679423559773,0.0064139961806066684,0.07980996845970464,0.9854891531864299,0.7212988000431323,0.9992345142111857
10.3,0.7,0.004302253408428328,0.0206752509740296,0.13317792548525792,0.9532428788630657,0.45221613204405453,0.005531245746979124,0.008124988111670863,0.08488561833146932,0.982557460907719,0.590715178802709,0.008824292090665766,0.006464023219355644,0.0797473467313443,0.9854563370531558,0.7202030281458829,0.9992608427759196
10.350000000000001,0.7,0.004207404782318366,0.020744757067081135,0.1326811560637831,0.9533720856419663,0.4506948898099346,0.005472545521595449,0.008176346212881082,0.08466193553713058,0.9825665765337315,0.589324857625755,0.00879793028792238,0.006514397469045554,0.07968575892096022,0.985423146226326,0.7191115333217364,0.9992862657806405
10.4,0.7,0.004114744183734507,0.02081458101280088,0.13218828544828862,0.953496770600274,0.44918456906391546,0.0054144780490982,0.008228015418018573,0.08443975496244861,0.9825747207179228,0.5879418642074836,0.008771595026699589,0.006565121187544362,0.07962520790794764,0.9853895802388909,0.7180243002444041,0.9993108143717075
10.450000000000001,0.7,0.004024220168828621,0.020884723013549922,0.13169933443823978,0.9536169826142266,0.4476850934785835,0.005357036766416528,0.008279997490851908,0.08421909084959439,0.9825818949617032,0.586566161695159,0.008745287289029652,0.006616196644854213,0.07956569662178155,0.9853556385038581,0.7169413135926885,0.9993345186242141
10.5,0.7,0.0039357825230370526,0.020955183274117616,0.13121432255186966,0.9537327699545708,0.4461963871796621,0.005300215166516623,0.008332294201849999,0.08399995720394231,0.9825881006781035,0.5851977133553763,0.008719008028346327,0.006667626123150253,0.07950722804107664,0.9853213203184731,0.7158625580524629,0.999357407578833
10.55,0.7,0.0038493822312514014,0.021025962001685536,0.13073326805791352,0.9538441802912353,0.444718374746527,0.005244006798401974,0.008384907328192814,0.08378236779656348,0.9825933391943056,0.5838364825762683,0.00869275817020488,0.006719411916819123,0.07944980519266417,0.9852866248682342,0.7147880183185706,0.9993795092773954
10.600000000000001,0.7,0.0037649714487177684,0.021097059405790545,0.13025618800681918,0.9539512606981055,0.44325098121257084,0.005188405267090335,0.00843783865378151,0.08356633616670975,0.9825976117540701,0.5824824328695939,0.008666538612983374,0.006771556332497107,0.07939343115068533,0.9852515512307468,0.7137176790966474,0.9994008507972454
10.65,0.7,0.003682503472647162,0.021168475698287028,0.12978309826143347,0.9540540576578938,0.441794132065424,0.0051334042335685545,0.00849108996924796,0.08335187562428785,0.9826009195200679,0.5811355278727136,0.00864035022856578,0.006824061689107937,0.0793381090357006,0.9852160983794247,0.7126515251048687,0.999421458284413
10.700000000000001,0.7,0.003601932714520097,0.021240211093308328,0.12931401352716512,0.9541526170670955,0.4403477532470373,0.005078997414726358,0.008544663071963702,0.08313899925232321,0.9826032635761178,0.5797957313504563,0.008614193863007373,0.006876930317900236,0.07928384201381487,0.9851802651870428,0.7115895410756254,0.9994413569856465
10.75,0.7,0.003523214673068777,0.02131226580722745,0.1288489473816249,0.9542469842410259,0.438911771153634,0.0050251785832701595,0.008598559766048274,0.08292771990941299,0.9826046449293361,0.5784630071968815,0.008588070337182912,0.0069301645624846,0.07923063329581764,0.9851440504291493,0.7105317117571309,0.9994605712793427
10.8,0.7,0.003446305907920611,0.021384640058617007,0.12838791230374463,0.9543372039189287,0.4374861126355365,0.004971941567617901,0.00865278186237697,0.08271805023216788,0.9826050645121999,0.5771373194369416,0.008561980447418063,0.006983766778870288,0.07917848613633809,0.9851074527873411,0.7094780219149609,0.9994791247054138
10.850000000000001,0.7,0.0033711640138871517,0.021457334068208534,0.12793091970237677,0.9544233202691506,0.43607070499687367,0.004919280251775907,0.008707331178587982,0.08251000263764222,0.9826045231845294,0.5758186322280466,0.00853592496610452,0.0070377393355015505,0.0791274038330145,0.9850704708524088,0.7084284563335298,0.9994970399941261
10.9,0.7,0.003297747595882899,0.021530348058851123,0.12747797994437687,0.9545053768943758,0.43466547599517436,0.004867188575198668,0.008762209539088942,0.08230358932575198,0.9826030217353922,0.5745069098615379,0.008509904642299263,0.007092084613293534,0.07907738972567775,0.9850331031273561,0.707382999817505,0.9995143390939484
10.950000000000001,0.7,0.003226016244458738,0.02160368225546945,0.12702910238217158,0.9545834168369138,0.43327035384085255,0.004815660532632456,0.008817418775062865,0.08209882228168039,0.9826005608849319,0.5732021167640707,0.008483920202308386,0.007146805005667803,0.07902844719554834,0.9849953480302991,0.7063416371931613,0.9995310431984407
11.0,0.7,0.003155930511935128,0.021677336885021246,0.12658429538081512,0.9546574825840352,0.43188526719658926,0.004764690173943629,0.008872960724473475,0.08189571327827057,0.9825971412861257,0.571904217498914,0.008457972350255909,0.007201902918587433,0.07898057966444674,0.9849572038972492,0.7053043533096793,0.9995471727722194
11.05,0.7,0.0030874518891204853,0.02175131217645418,0.12614356634453774,0.9547276160733486,0.430510145176616,0.004714271603932433,0.008928837232069926,0.081694273878405,0.9825927635264734,0.5706131767671653,0.008432061768637977,0.007257380770591687,0.07893379059401658,0.9849186689847858,0.7042711330403871,0.9995627475760291
11.100000000000001,0.7,0.0030205427826005245,0.021825608360662264,0.12570692174278955,0.9547938586982162,0.42914491734590454,0.00466439898213309,0.008985050149390909,0.08149451543737142,0.9825874281296197,0.5693289594088888,0.008406189118862858,0.007313240992830248,0.0788880834849603,0.9848797414726215,0.7032419612839499,0.9995777866909518
11.15,0.7,0.002955166492584649,0.021900225670441743,0.1252743671357838,0.9548562513132002,0.42778951371926777,0.004615066522600933,0.00904160133476814,0.08129644910521476,0.982581135556915,0.568051530404177,0.008380355041777091,0.007369486029097017,0.0788434618762871,0.9848404194660654,0.702216822965508,0.9995923085417833
11.200000000000001,0.7,0.0028912871912957954,0.02197516434044653,0.12484590719954387,0.9549148342395368,0.4264438647603755,0.004566268493687287,0.009098492653329229,0.08110008582907487,0.9825738862089141,0.5667808548741391,0.008354560158178191,0.007426118335863449,0.07879992934457246,0.9848007009983872,0.7011957030377658,0.9996063309196066
11.25,0.7,0.002828869901890449,0.022050424607143203,0.12442154575045837,0.954969647270633,0.42510790138068977,0.004517999217802807,0.009155725976999929,0.08090543635550972,0.9825656804268189,0.5655168980818205,0.008328805069314252,0.007483140382311423,0.07875748950322939,0.9847605840330882,0.7001785864820328,0.9996198710035877
11.3,0.7,0.0027678804778958448,0.022126006708765595,0.12400128576934887,0.9550207296775818,0.42378155493832376,0.004470253071169914,0.009213303184505752,0.08071251123280372,0.9825565184938645,0.564259625433055,0.008303090357370813,0.007540554650365645,0.07871614600179062,0.9847200664660795,0.6991654583092194,0.9996329453820223
11.350000000000001,0.7,0.0027082855831516827,0.022201910885268995,0.12358512942505544,0.9550681202146915,0.4224647572368277,0.004423024483564975,0.009271226161372968,0.08052132081326097,0.9825464006366527,0.5630090024772519,0.008277416585945318,0.007598363634725555,0.07867590252520172,0.984679146127775,0.6981563035607886,0.9996455700726586
11.4,0.7,0.0026500526722439666,0.022278137378283998,0.12317307809754482,0.9551118571250263,0.42115744052390575,0.004376307938050821,0.009329496799928954,0.08033187525548302,0.9825353270264349,0.5617649949081229,0.008251784300509513,0.0076565698428967465,0.07863676279312458,0.9846378207850996,0.6971511073096651,0.9996577605423211
11.450000000000001,0.7,0.0025931499714188758,0.022354686431069987,0.12276513240054668,0.9551519781459531,0.4198595374900673,0.004330097970700196,0.009388116999301924,0.08014418452663118,0.9825232977803463,0.5605275685643476,0.008226194028860108,0.007715175795221875,0.07859873055925118,0.9845960881434174,0.6961498546611035,0.9996695317258593
11.5,0.7,0.002537546459964856,0.022431558288468337,0.12236129220372313,0.9551885205146916,0.4185709812672165,0.004284389170310668,0.009447088665420005,0.0799582584046727,0.9825103129625933,0.5592966894301842,0.008200646281558002,0.007774184024911049,0.07856180961062718,0.9845539458483819,0.6951525307535176,0.9996808980444446
11.55,0.7,0.0024832118520513985,0.022508753196855292,0.12196155665437736,0.9552215209738649,0.41729170542718197,0.004239176178111558,0.009506413711009673,0.07977410648061103,0.9824963725855965,0.558072323636024,0.008175141552356394,0.007833597078071696,0.07852600376698507,0.9845113914877134,0.6941591207592716,0.9996918734232385
11.600000000000001,0.7,0.0024301165790132483,0.022586271404094575,0.12156592419870677,0.9552510157770466,0.4160216439801919,0.004194453687463381,0.009566094055593544,0.07959173816069964,0.9824814766110911,0.5568544374588947,0.008149680318618072,0.007893417513737887,0.07849131688008659,0.9844684225929041,0.6931696098854344,0.9997024713084521
11.65,0.7,0.0023782317720690504,0.022664113159489747,0.12117439260260662,0.9552770406943023,0.4147607313732955,0.004150216443550285,0.009626131625487514,0.0794111626686393,0.9824656249511858,0.5556429973229127,0.00812426304172217,0.007953647903899113,0.07845775283307414,0.9844250366408552,0.6921839833745,0.9997127046838199
11.700000000000001,0.7,0.002327529245463707,0.022742278713736318,0.12078695897203001,0.9552996310177218,0.4135089024887346,0.004106459243065954,0.009686528353797233,0.07923238904775867,0.9824488174693837,0.554437969799687,0.008098890167460675,0.008014290833528502,0.0784253155398309,0.9843812310554483,0.6912022265050726,0.9997225860865061
11.75,0.7,0.002277981480023972,0.022820768318873644,0.12040361977291014,0.9553188215669396,0.41226609264226854,0.004063176933893429,0.009747286180413933,0.07905542616317789,0.9824310539815642,0.5532393216086778,0.008073562126424952,0.00807534890061046,0.07839400894434931,0.9843370032090535,0.6902243245925199,0.9997321276224643
11.8,0.7,0.0022295616071170655,0.02289958222823662,0.12002437085065103,0.9553346466946427,0.4110322375814538,0.00402036441477925,0.009808407052009577,0.07888028270395506,0.9824123342569299,0.5520470196175099,0.008048279334382569,0.008136824716167737,0.07836383702010784,0.9842923504239773,0.6892502629895957,0.9997413409812692
11.850000000000001,0.7,0.002182243393002335,0.022978720696407176,0.1196492074491927,0.9553471402920601,0.40980727348388224,0.003978016635002359,0.009869892922031352,0.07870696718521551,0.982392658018919,0.5508610308422437,0.008023042192644665,0.008198720904287887,0.07833480376945547,0.9842472699738523,0.688280027087031,0.9997502374504371
11.9,0.7,0.0021360012235662335,0.023058183979165627,0.11927812422965715,0.9553563357944351,0.40859113695537935,0.003936128594038114,0.009931745750695479,0.07853548795026358,0.9823720249460843,0.5496813224476058,0.00799785108842412,0.008261040102149135,0.07830691322300394,0.9842017590849703,0.6873136023140969,0.9997588279292551
11.950000000000001,0.7,0.002090810089431117,0.02313797233344184,0.11891111528858127,0.9553622661864763,0.40738376502816526,0.0038946953412178262,0.009993967504980347,0.0783658531726768,0.9823504346729414,0.54850786174718,0.007972706395184766,0.008323784960045622,0.07828016943902728,0.9841558149375631,0.6863509741391396,0.9997671229421337
12.0,0.7,0.0020466455714286008,0.023218086017266278,0.1185481741757429,0.9553649640077858,0.4061850951589807,0.0038537119753841403,0.010056560158618975,0.07819807085838242,0.9823278867907852,0.5473406162035614,0.007947608472981885,0.008386958141412012,0.07825457650286854,0.9841094346670305,0.6853921280700879,0.9997751326515008
12.05,0.7,0.002003483826428437,0.023298525289720907,0.11818929391158661,0.9553644613582628,0.4049950652271802,0.003813173644542625,0.010119525692090769,0.07803214884771596,0.9823043808484795,0.546179553428474,0.007922557668794227,0.008450562322847478,0.07823013852635331,0.9840626153651196,0.6844370496549351,0.9997828668702518
12.100000000000001,0.7,0.001961301573514092,0.02337929041089,0.11783446700425515,0.9553607899034814,0.40381361353279394,0.0037730755455098837,0.0101828660926126,0.07786809481746197,0.9822799163532171,0.5450246411828542,0.007897554316847757,0.008514600194139016,0.07820685964720996,0.9840153540810564,0.6834857244821964,0.9997903350737717
12.15,0.7,0.0019200760804964332,0.023460381641810833,0.11748368546623321,0.9553539808800395,0.40264067879456117,0.0037334129235585003,0.01024658335412918,0.07770591628287651,0.9822544927712543,0.5438758473769013,0.00787259873893137,0.00857907445828411,0.0781847440284962,0.9839676478226319,0.6825381381813411,0.9997975464115435
12.200000000000001,0.7,0.001879785150757127,0.023541799244424292,0.11713694083060967,0.9553440651008788,0.4014762001479362,0.0036941810720591186,0.010310679477302737,0.07754562059969157,0.9822281095286197,0.5427331400700963,0.007847691244704769,0.008643987831512706,0.07816379585803199,0.9839194935572441,0.6815942764232035,0.9998045097183575
12.25,0.7,0.0018404071104135718,0.023623543481525424,0.11679422416696474,0.9553310729605731,0.4003201171430694,0.003655375332119935,0.010375156469501986,0.07738721496610113,0.9822007660117987,0.5415964874711908,0.00782283213199873,0.008709343043308516,0.07814401934783811,0.9838708882128984,0.6806541249203693,0.9998112335251352
12.3,0.7,0.0018019207957973835,0.02370561461671389,0.11645552609688824,0.9553150344405853,0.3991723697427643,0.0036169910922238804,0.010440016344790384,0.0772307064247289,0.9821724615683947,0.5404658579381665,0.007798021687107935,0.008775142836429599,0.07812541873358078,0.9838218286791677,0.6797176694275424,0.9998177260693806
12.350000000000001,0.7,0.0017643055412386523,0.023788012914344406,0.11612083680913547,0.9552959791144894,0.39803289832041316,0.003579023787863742,0.010505261123913666,0.07707610186457757,0.9821431955077679,0.539341219978167,0.007773260185076593,0.00884138996692825,0.07810799827402155,0.9837723118081131,0.6787848957418907,0.999823995305272
12.4,0.7,0.0017275411671483774,0.0238707386394771,0.11579014607442684,0.9552739361531588,0.396901643657912,0.0035414689011754813,0.010570892834286668,0.0769234080229595,0.9821129671016531,0.5382225422474037,0.007748547889977012,0.008908087204170153,0.07809176225047265,0.9837223344151682,0.6778557897033712,0.9998300489134073
12.450000000000001,0.7,0.001691607968391682,0.02395379205782787,0.1154634432598975,0.9552489343299179,0.39577854694355674,0.003504321960569978,0.01063691350997941,0.07677263148740886,0.9820817755847568,0.5371097935510355,0.007723885055181332,0.008975237330852787,0.07807671496625737,0.9836718932799875,0.6769303371950371,0.9998358943102132
12.5,0.7,0.0016564867029445877,0.02403717343571871,0.11514071734320347,0.955221002025657,0.39466354976992246,0.0034675785403634227,0.01070332519170246,0.07662377869757511,0.9820496201553349,0.5360029428430245,0.007699271923626582,0.009042843143023102,0.07806286074617536,0.9836209851472603,0.6760085241433259,0.9998415386570318
12.55,0.7,0.0016221585808273084,0.02412088304002802,0.11482195692628999,0.9551901672339094,0.3935565941317259,0.0034312342604065787,0.010770129926791543,0.07647685594709774,0.9820164999757514,0.5349019592259688,0.007674708728073239,0.009110907450094415,0.07805020393597259,0.9835696067274919,0.6750903365183297,0.9998469888688936
12.600000000000001,0.7,0.0015886052533072039,0.02420492113814091,0.1145071502488288,0.9551564575658896,0.39245762242367405,0.003395284785713115,0.010837329769191417,0.07633186938546224,0.9819824141730193,0.5338068119509127,0.007650195691357469,0.009179433074862532,0.0780387489018159,0.9835177546977538,0.6741757603340495,0.9998522516229893
12.65,0.7,0.001555808802364698,0.02428928799789952,0.11419628520133004,0.9551199002554919,0.391366577438299,0.003359725826087203,0.010904926779438998,0.0761888250198373,0.9819473618393253,0.5327174704171357,0.0076257330266371985,0.009248422853521086,0.07802850002977182,0.9834654257024024,0.6732647816486316,0.9998573333668509
12.700000000000001,0.7,0.0015237517304156367,0.02437398388755335,0.11388934933793504,0.955080522164248,0.39028340236378056,0.003324553135750565,0.010972923024645729,0.07604772871689322,0.9819113420325364,0.5316339041719211,0.007601320937632197,0.009317879635676067,0.07801946172528948,0.9834126163537698,0.6723573865645897,0.9998622403262499
12.75,0.7,0.0014924169502837231,0.024459009075709606,0.11358632988889601,0.9550383497862451,0.3892080407817582,0.0032897625129691527,0.011041320578479182,0.07590858620460138,0.9818743537766922,0.530556082910306,0.007576959618858306,0.009387806284359531,0.07801163841268755,0.9833593232328265,0.6714535612290108,0.9998669785128251
12.8,0.7,0.0014617877754168275,0.02454436383128358,0.11328721377274853,0.9549934092530007,0.38814043666513276,0.0032553497996796223,0.011110121521143903,0.07577140307401482,0.981836396062482,0.5294839764748114,0.007552649255855985,0.009458205676042494,0.07800503453464491,0.9833055428898172,0.6705532918337475,0.9998715537314474
12.850000000000001,0.7,0.001431847910341122,0.02463004842344907,0.11299198760818276,0.9549457263382959,0.38708053437585954,0.0032213108811157665,0.011179327939361479,0.07563618478103006,0.981797467847707,0.5284175548551561,0.007528390025413307,0.009529080700646965,0.07799965455169496,0.983251271844871,0.6696565646155951,0.9998759715873317
12.9,0.7,0.0014025814413471446,0.02471606312158884,0.11270063772561933,0.954895326462966,0.3860282786627336,0.00318764168543506,0.01124894192634982,0.07550293664812982,0.98175756805773,0.5273567881879524,0.007504182095783567,0.009600434261557137,0.07799550294172325,0.9831965065885871,0.6687633658564563,0.9998802374929037
12.950000000000001,0.7,0.0013739728274020438,0.024802408195245127,0.11241315017849556,0.9548422346996479,0.3849836146591681,0.0031543381833454586,0.011318965581801675,0.07537166386610698,0.9817166955859099,0.5263016467563869,0.007480025626897616,0.009672269275629697,0.07799258419946857,0.983141243582597,0.6678736818834926,0.9998843566744311
13.0,0.7,0.0013460068912823971,0.02488908391407022,0.1121295107542677,0.9547864757774831,0.3839464878809668,0.003121396387732595,0.011389401011862331,0.07524237149576955,0.9816748492940266,0.525252100989885,0.007455920770571083,0.009744588673203256,0.07799090283602696,0.9830854792601039,0.6669874990692626,0.9998883341784263
13.05,0.7,0.0013186688109221403,0.024976090547777094,0.11184970498513515,0.9547280740867778,0.3829168442240917,0.0030888123532875,0.01146025032910654,0.07511506446962675,0.9816320280126913,0.524208121463761,0.007431867670706604,0.009817395398106882,0.07799046337835873,0.983029210026401,0.6661048038318492,0.999892174877829
13.100000000000001,0.7,0.0012919441109702804,0.025063428366090094,0.1115737181584918,0.954667053683618,0.3818946299624263,0.003056582176134977,0.011531515652514628,0.07498974759355614,0.9815882305417474,0.5231696788988549,0.007407866463491185,0.009890692407667715,0.0779912703687983,0.9829724322593681,0.6652255826349752,0.9998958834779761
13.15,0.7,0.001265818654553198,0.025151097638695732,0.11130153532711044,0.95460343829444,0.3808797917455354,0.003024701993462744,0.0116031991074478,0.074866425548452,0.9815434556506587,0.522136744161155,0.007383917277588835,0.009964482672717661,0.07799332836456663,0.9829151423099495,0.6643498219881071,0.9998994645223666
13.200000000000001,0.7,0.0012402786352364765,0.02523909863519355,0.11103314131906535,0.9545372513205562,0.37987227659642286,0.002993167983151461,0.01167530282562263,0.07474510289185468,0.9814977020788891,0.5211092882614082,0.00736002023432858,0.010038769177599141,0.07799664193728616,0.9828573365026118,0.6634775084465488,0.9999029223982273
13.25,0.7,0.0012153105691813215,0.025327431625047043,0.11076852074739872,0.9544685158426357,0.3788720319092872,0.002961976363405748,0.011747828945084726,0.07462578405956119,0.981450968536271,0.5200872823547186,0.0073361754478879805,0.010113554920169887,0.0780012156724981,0.9827990111357839,0.6626086286115253,0.9999062613418888
13.3,0.7,0.0011909012874907598,0.025416096877534728,0.11050765801953608,0.9543972546251398,0.37787900544727576,0.002931123392386292,0.011820779610181572,0.07450847336721701,0.9814032537033647,0.5190706977401339,0.007312383025472272,0.010188842911806762,0.07800705416918187,0.9827401624822802,0.6617431691302553,0.9999094854439743
13.350000000000001,0.7,0.001167037928740926,0.025505094661701252,0.11025053734645585,0.9543234901207119,0.37689314534023916,0.0029006053678431454,0.011894156971534533,0.07439317501188904,0.981354556231809,0.5180595058602221,0.007288643067489235,0.010264636177408607,0.07801416203927666,0.9826807867897054,0.6608811166960163,0.9999125986544121
13.4,0.7,0.001143707931692864,0.025594425246308634,0.10999714275161852,0.9542472444745222,0.37591440008248517,0.0028704186267503,0.011967963186010016,0.07427989307361982,0.981304874744663,0.5170536783006361,0.007264955667719901,0.010340937755398077,0.07802254390720491,0.9826208802808449,0.660022458048199,0.999915604787274
13.450000000000001,0.7,0.0011208990281803852,0.025684088899787613,0.10974745807966017,0.9541685395285666,0.3749427185305342,0.0028405595449416303,0.012042200416689797,0.07416863151696311,0.9812542078367394,0.5160531867896704,0.007241320913485218,0.010417750697722463,0.07803220440939751,0.9825604391540392,0.6591671799723535,0.9999185075254489
13.5,0.7,0.001098599236169638,0.025774085890189095,0.10950146700485558,0.95408739682592,0.3739780499008753,0.002811024536748281,0.012116870832840472,0.0740593941925007,0.9812025540749307,0.5150580031978073,0.007217738885808751,0.010495078069853496,0.07804314819382079,0.9824994595835437,0.6583152693002272,0.9999213104251538
13.55,0.7,0.001076796852986151,0.02586441648513571,0.10925915303935571,0.9540038376149442,0.3730203437677251,0.00278181005463758,0.012191976609882069,0.0739521848383407,0.9811499119985273,0.5140680995372543,0.0071942096595755435,0.010572922950786096,0.0780553799195049,0.9824379377198742,0.6574667129097945,0.9999240169202912
13.600000000000001,0.7,0.0010554804487052215,0.025955080951773502,0.10902049954120462,0.9539178828534499,0.37206955006078835,0.0027529125888535485,0.012267519929355783,0.07384700708159724,0.9810962801195291,0.5130834479614738,0.007170733303687226,0.010651288433036058,0.07806890425607374,0.9823758696901396,0.6566214977252788,0.9999266303266562
13.65,0.7,0.0010346388597016198,0.02604607955672373,0.1087854897221403,0.9538295532128135,0.37112561906302216,0.002724328667059077,0.01234350297889084,0.07374386443985159,0.9810416569229498,0.512104020764704,0.007147309881213465,0.010730177622636682,0.07808372588327607,0.9823132515983612,0.655779610717167,0.9999291538459982
13.700000000000001,0.7,0.0010142611823546878,0.026137412566034794,0.10855410665518447,0.953738869082048,0.3701885014084033,0.002696054853979832,0.012419927952170477,0.07364276032259497,0.9809860408671153,0.5111297903814733,0.007123939449539854,0.010809593639134285,0.07809984949051788,0.9822500795257805,0.6549410389022169,0.9999315905699441
13.75,0.7,0.0009943367669050037,0.0262290802451343,0.10832633328202564,0.9536458505718287,0.3692581480796996,0.002668087751049955,0.012496797048897045,0.07354369803265282,0.9809294303839557,0.5101607293861069,0.007100622060512326,0.010889539615582627,0.07811727977639576,0.9821863495311538,0.6541057693434581,0.9999339434837852
13.8,0.7,0.0009748552114588817,0.026321082858781243,0.10810215242020024,0.9535505175184736,0.3683345104062458,0.002640423996059611,0.012574112474756207,0.07344668076759087,0.9808718238792921,0.5091968104922266,0.007077357760578181,0.010970018698536215,0.07813602144823127,0.9821220576510378,0.6532737891501853,0.9999362154701351
13.850000000000001,0.7,0.0009558063561370729,0.02641342067101833,0.10788154677007618,0.9534528894878784,0.3674175400617242,0.0026130602628044405,0.012651876441380244,0.07335171162110286,0.9808132197331167,0.5082380065522453,0.007054146590923822,0.011051034048042455,0.07815607922160607,0.9820571999000625,0.6524450854779463,0.9999384093124613
13.9,0.7,0.0009371802773641191,0.02650609394512445,0.10766449892164319,0.9533529857794069,0.3665071890619504,0.0025859932607369645,0.012730091166310454,0.07325879358438016,0.9807536162998693,0.5072842905568539,0.007030988587609259,0.011132588837632667,0.07817745781989788,0.981991772271195,0.6516196455285236,0.9999405276984947
13.950000000000001,0.7,0.0009189672822949062,0.02659910294356727,0.10745099136111443,0.9532508254297355,0.3656034097626647,0.0025592197346199926,0.012808758872958629,0.07316792954746318,0.9806930119087077,0.5063356356345045,0.007007883781699492,0.011214686254311917,0.07820016197381699,0.9819257707359941,0.6507974565499098,0.9999425732235233
14.0,0.7,0.0009011579033750461,0.02669244792795599,0.1072410064773434,0.9531464272166545,0.36470615485732955,0.0025327364641820776,0.012887881790567622,0.07307912230057485,0.9806314048637739,0.5053920150508869,0.006984832199392827,0.011297329498547672,0.07822419642094335,0.9818591912448537,0.6499785058362784,0.9999445483935709
14.05,0.7,0.0008837428930318031,0.026786129158994233,0.10703452656806058,0.9530398096628236,0.3638153773749331,0.002506540263775056,0.012967462154170982,0.07299237453543606,0.9805687934444558,0.5044534022084012,0.006961833862146215,0.011380521784257256,0.07824956590526402,0.9817920297272396,0.6491627807279475,0.9999464556284677
14.100000000000001,0.7,0.000866713218492363,0.026880146896433088,0.10683153384593358,0.9529309910394834,0.3629310306777995,0.0024806279820337165,0.013047502204551656,0.07290768884656325,0.9805051759056449,0.5035197706456246,0.006938888786797687,0.011464266338794073,0.07827627517671105,0.9817242820919168,0.6483502686113406,0.999948297264815
14.15,0.7,0.000850060056726322,0.026974501399024308,0.10663201044445518,0.9528199893701232,0.3620530684594062,0.002454996501537632,0.013128004188199746,0.07282506773254825,0.9804405504779901,0.5025910940367753,0.006915996985685949,0.01154856640293262,0.07830432899069951,0.9816559442271687,0.6475409569189403,0.9999500755588476
14.200000000000001,0.7,0.000833774789509353,0.027069192924473653,0.10643593842366289,0.9527068224341045,0.36118144474220804,0.002429642738475185,0.01320897035726933,0.07274451359732037,0.9803749153681472,0.5016673461911711,0.006893158466767223,0.011633425230852217,0.07833373210766569,0.9815870120010095,0.646734833129239,0.9999517926891979
14.25,0.7,0.0008178489986050805,0.027164221729394398,0.1062432997756941,0.9525915077702412,0.36031611387546936,0.0024045636423098244,0.013290402969534307,0.07266602875139086,0.980308268759026,0.5007485010526855,0.006870373233729386,0.011718846090119507,0.07836448929260535,0.9815174812613885,0.6459318847666837,0.9999534507595653
14.3,0.7,0.0008022744610622735,0.027259588069261,0.10605407643018062,0.9524740626803359,0.35945703053310357,0.0023797561954485734,0.013372304288343306,0.07258961541307991,0.9802406088100329,0.4998345326991989,0.006847641286103489,0.01180483226166964,0.07839660531461204,0.9814473478363881,0.6451320994016176,0.9999550518012933
14.350000000000001,0.7,0.0007870431446245333,0.027355292198362916,0.10586825025948621,0.9523545042326741,0.35860414971152077,0.002355217412912825,0.013454676582573608,0.07251527570972618,0.9801719336573117,0.4989254153420477,0.006824962619372711,0.011891387039786174,0.07843008494641515,0.9813766075344155,0.6443354646502168,0.9999565977758582
14.4,0.7,0.0007721472032497284,0.027451334369758582,0.10568580308379086,0.9522328492654746,0.35775742672748356,0.0023309443420114428,0.0135375221265841,0.072443011678879,0.9801022414139802,0.49802112332546994,0.0068023372250788135,0.011978513732079648,0.07846493296391789,0.9813052561443875,0.643541968174423,0.9999580905772721
14.450000000000001,0.7,0.0007575789727364946,0.027547714835229577,0.1055067166760255,0.9521091143902979,0.35691681721597135,0.0023069340620161887,0.013620843200167244,0.07237282526947329,0.9800315301703652,0.4971216311260484,0.006779765090926163,0.012066215659464833,0.07850115414573491,0.9812332894359104,0.642751597681873,0.9999595320344035
14.5,0.7,0.0007433309664551868,0.027644433845234923,0.10533097276666042,0.9519833159954122,0.35608227712805324,0.0022831836838395052,0.013704642088500061,0.07230471834298749,0.9799597979942344,0.49622691335215086,0.006757246200883376,0.012154496156136618,0.07853875327272966,0.9811607031594538,0.6419643409258239,0.9999609239132174
14.55,0.7,0.0007293958711807334,0.027741491648865576,0.10515855304835113,0.9518554702491178,0.35525376272876996,0.0022596903497146613,0.013788921082094114,0.07223869267458426,0.9798870429310262,0.4953369447433683,0.00673478053528264,0.012243358569544536,0.07857773512755126,0.9810874930465194,0.6411801857050751,0.9999622679189396
14.600000000000001,0.7,0.00071576654302491,0.027838888493799074,0.10498943918044477,0.9517255931030291,0.3544312305950247,0.002236451232878286,0.013873682476744488,0.07217474995423437,0.9798132630040773,0.4944517001699511,0.00671236807091679,0.012332806260365895,0.07861810449417088,0.9810136548098048,0.6403991198638868,0.999963565698145
14.65,0.7,0.0007024360034656067,0.02793662462625436,0.10482361279335069,0.9515937002953164,0.353614637613483,0.0022134635372553025,0.013958928573477766,0.07211289178782376,0.9797384562148478,0.493571154632243,0.006690008781134162,0.012422842602477517,0.07865986615741763,0.980939184143363,0.6396211312918956,0.9999648188407755
14.700000000000001,0.7,0.00068939743547073,0.02803470029094678,0.10466105549277813,0.9514598073539062,0.3528039409784824,0.0021907244971462714,0.014044661678498981,0.07205311969824384,0.9796626205431451,0.4926952832601135,0.006667702635931309,0.01251347098292605,0.07870302490251371,0.9808640767227571,0.6388462079240267,0.9999660288820873
14.75,0.7,0.0006766441797144344,0.028133115731043237,0.10450174886384452,0.9513239295996406,0.3519990981899513,0.002168231376917164,0.014130884103137547,0.07199543512646518,0.9795857539473463,0.4918240613123891,0.006645449602043614,0.012604694801896835,0.07874758551460896,0.9807883282052113,0.6380743377404031,0.9999671973045324
14.8,0.7,0.0006641697308834371,0.028231871188117545,0.10434567447505722,0.9511860821493968,0.3512000670513375,0.0021459814706915686,0.014217598163792164,0.07193983943259474,0.9795078543646177,0.49095746417628233,0.006623249643033859,0.012696517472681329,0.07879355277831454,0.9807119342297581,0.6373055087662525,0.9999683255395744
14.850000000000001,0.7,0.0006519677340712275,0.028330966902105948,0.10419281388217194,0.9510462799191667,0.3504068056675469,0.0021239721020453396,0.01430480618187467,0.07188633389691669,0.9794289197111345,0.4900954673668207,0.006601102719378792,0.01278894242164305,0.07884093147723593,0.9806348904173815,0.6365397090718109,0.9999694149694422
14.9,0.7,0.000640031981258035,0.028430403111262808,0.10404314863193087,0.9509045376270967,0.34961927244289165,0.002102200623703701,0.014392510483752868,0.07183491972091692,0.979348947882298,0.48923804652627356,0.006579008788553755,0.012881973088182024,0.07888972639350494,0.9805571923711573,0.6357769267722243,0.9999704669288237
14.950000000000001,0.7,0.000628356407874474,0.028530180052116487,0.1038966602656832,0.9507608697964883,0.34883742607904866,0.002080664417240805,0.014480713400692293,0.07178559802829143,0.979267936752952,0.48838517742357895,0.006556967805115406,0.01297561292469773,0.07893994230731081,0.9804788356763906,0.6350171500274473,0.9999714827065006
15.0,0.7,0.0006169350894468343,0.028630297959425396,0.10375333032289127,0.95061529075876,0.3480612255730283,0.0020593608927817557,0.01456941726879691,0.07173836986593869,0.9791858841775987,0.4875368359537692,0.006534979720782588,0.01306986539655052,0.07899158399643037,0.9803998159007491,0.6342603670421397,0.9999724635469276
15.05,0.7,0.0006057622383220378,0.028730757066134226,0.10361314034452487,0.9504678146563702,0.3472906302151531,0.002038287488707096,0.014658624428948766,0.071693236204936,0.9791027879906126,0.4866929981373961,0.006513044484515389,0.013164733982021481,0.07904465623575707,0.9803201285943954,0.6335065660655611,0.9999734106517568
15.100000000000001,0.7,0.000594832200470332,0.028831557603330372,0.10347607187634657,0.9503184554457028,0.3465255995870471,0.0020174416713597664,0.014748337226746556,0.07165019794150014,0.9790186460064546,0.48585364011995585,0.006491162042592438,0.01326022217227075,0.079099163796829,0.9802397692901161,0.6327557353914628,0.99997432518131
15.15,0.7,0.0005841394523638347,0.028932699800200534,0.10334210647209073,0.950167226899914,0.34576609355963533,0.0019968209347545336,0.014838558012443118,0.07160925589793223,0.9789334560198849,0.4850187381713135,0.006469332338686481,0.013356333471294236,0.07915511144735574,0.9801587335034483,0.6320078633579783,0.9999752082560004
15.200000000000001,0.7,0.0005736785979290972,0.02903418388398749,0.10321122569653898,0.9500141426117419,0.3450120722911543,0.001976422800289888,0.014929289140881836,0.07157041082354705,0.9788472158061752,0.4841882686851271,0.006447555313938268,0.013453071395878747,0.07921250395074396,0.9800770167328045,0.6312629383475113,0.9999760609577047
15.25,0.7,0.0005634443655718929,0.029136010079947063,0.10308341112849448,0.9498592159962799,0.3442634962251725,0.0019562448164624135,0.015020532971431955,0.07153366339558702,0.9787599231213207,0.4833622081782719,0.006425830907028811,0.013550439475555497,0.07927134606562194,0.9799946144595956,0.6305209487866227,0.9999768843310892
15.3,0.7,0.0005534316052724871,0.029238178611305288,0.10295864436365772,0.9497024602937122,0.34352032608862193,0.0019362845585836257,0.015112291867922794,0.07149901422012066,0.9786715757022514,0.4825405332902649,0.00640415905425003,0.013648441252551982,0.07933164254536268,0.9799115221483523,0.6297818831459145,0.9999776793848892
15.350000000000001,0.7,0.0005436352857496836,0.029340689699215737,0.10283690701740625,0.9495438885720139,0.3427825228898404,0.0019165396284992762,0.015204568198576856,0.07146646383292601,0.9785821712670437,0.48172322078268914,0.006382539689573848,0.013747080281742192,0.0793933981376057,0.9798277352468447,0.6290457299399137,0.9999784470931451
15.4,0.7,0.000534050491691989,0.029443543562717046,0.10271818072748078,0.9493835137296142,0.3420500479166243,0.0018970076543111205,0.015297364335941824,0.0714360127003589,0.9784917075151313,0.4809102475386184,0.006360972744719752,0.013846360130595163,0.07945661758377759,0.9797432491862009,0.6283124777269531,0.9999791883963954
15.450000000000001,0.7,0.0005246724210542744,0.029546740418690633,0.10260244715657996,0.9492213484980249,0.3413228627342925,0.0018776862901011455,0.015390682656821433,0.07140766122020628,0.9784001821275153,0.48010159056204227,0.006339458149220874,0.013946284379121826,0.07952130561861111,0.9796580593810241,0.6275821151090518,0.9999799042028293
15.5,0.7,0.0005154963824183544,0.029650280481818597,0.10248968799486624,0.9490574054444334,0.34060092918376106,0.0018585732156582507,0.01548452554220523,0.07138140972252474,0.9783075927669764,0.479297226977292,0.00631799583048861,0.01404685661982015,0.07958746696966286,0.979572161229509,0.6268546307317936,0.9999805953893992
15.55,0.7,0.0005065177924159441,0.02975416396454181,0.10237988496238506,0.9488916969742606,0.3398842093796286,0.0018396661362073787,0.015578895377197179,0.07135725847046433,0.9782139370782849,0.4784971340284662,0.006296585713875832,0.014148080457618558,0.07965510635682953,0.9794855501135569,0.626130013284204,0.999981262802895
15.600000000000001,0.7,0.000497732173212491,0.029858391077018202,0.10227301981139951,0.9487242353336842,0.33917266570827304,0.0018209627821410886,0.015673794550943154,0.07133520766107782,0.9781192126884115,0.47770128907885817,0.006275227722738709,0.014249959509817594,0.07972422849186263,0.9793982213988909,0.6254082514986267,0.9999819072609818
15.65,0.7,0.0004891351500504157,0.02996296202708122,0.10216907432864268,0.948555032612129,0.33846626082595904,0.001802460908753565,0.015769225456557262,0.07131525742611547,0.9780234172067396,0.47690966961038295,0.006253921778497176,0.014352497406029827,0.07979483807788174,0.9793101704351699,0.6246893341505977,0.9999825295532012
15.700000000000001,0.7,0.0004807224488503345,0.030067877020198492,0.1020680303374899,0.9483841007447219,0.3377649576569565,0.0017841582959770557,0.015865190491047034,0.0712974078328056,0.9779265482252759,0.47612225322300594,0.0062326678006940925,0.014455697788117965,0.0798669398088862,0.9792213925561021,0.6239732500587195,0.9999831304419391
15.75,0.7,0.00047248989386886655,0.0301731362594307,0.1019698697000528,0.9482114515147146,0.3370687193916702,0.001766052748120728,0.015961692055237443,0.07128165888462083,0.9778286033188629,0.475339017634172,0.006211465707053103,0.014559564310131171,0.07994053836926532,0.9791318830795588,0.6232599880845332,0.9999837106633592
15.8,0.7,0.00046443340541166885,0.030278739945390595,0.10187457431919726,0.9480370965558731,0.3363775094847802,0.0017481420936119394,0.016058732553693757,0.07126801052203044,0.9777295800453909,0.47455994067823587,0.006190315413535249,0.014664100638239556,0.08001563843330682,0.9790416373076875,0.6225495371323904,0.9999842709283053
15.850000000000001,0.7,0.000456548997600371,0.03038468827620226,0.10178212614048733,0.9478610473548341,0.3356912916533936,0.001730424184739908,0.016156314394643243,0.07125646262323865,0.977629475946011,0.47378500030589316,0.006169216834394346,0.014769310450666826,0.0800922446647039,0.9789506505270253,0.6218418861493233,0.9999848119231721
15.9,0.7,0.0004488327761921169,0.030490981447460524,0.1016925071540569,0.9476833152534303,0.33501002987520745,0.0017128968974017764,0.016254439989895668,0.07124701500490926,0.9775282885453487,0.473014174583613,0.006148169882231173,0.014875197437621075,0.08017036171606051,0.9788589180086126,0.621137024124915,0.9999853343107459
15.950000000000001,0.7,0.00044128093645045115,0.030597619652190596,0.10160569939641109,0.9475039114509822,0.3343336883866822,0.001695558130851058,0.01635311175476262,0.07123966742287656,0.9774260153517175,0.47224744169307137,0.0061271744680464766,0.014981765301223698,0.08024999422839507,0.978766435008106,0.6204349400911676,0.9999858387310167
16.0,0.7,0.0004338897610663197,0.03070460308080788,0.10152168495215932,0.9473228470065599,0.33366223168122683,0.0016784058074484558,0.01645233210797566,0.0712344195728427,0.9773226538573342,0.47148477993058596,0.006106230501292849,0.015089017755436406,0.08033114683064249,0.9786731967658933,0.619735623122371,0.9999863258019625
16.05,0.7,0.0004266556181279837,0.030811931921077985,0.1014404459556816,0.9471401328412126,0.3329956245073946,0.0016614378724150393,0.016552103471603248,0.07123127109106177,0.977218201538534,0.47072616770655223,0.006085337889925478,0.01519695852598632,0.08041382413915457,0.9785791985072071,0.6190390623349694,0.999986796120306
16.1,0.7,0.00041957495913867563,0.03091960635807693,0.10136196459272999,0.9469557797401682,0.33233383186709037,0.0016446522935877736,0.016652428270966507,0.07123022155501055,0.977112655855987,0.4699715835448809,0.006064496540451811,0.01530559135028914,0.08049803075719866,0.9784844354422405,0.6183452468874285,0.9999872502622462
16.150000000000002,0.7,0.0004126443170808549,0.03102762657415156,0.1012862231019671,0.9467697983550017,0.3316768190137884,0.0016280470611773833,0.016753308934553728,0.07123127048404618,0.9770060142549153,0.4692210060824366,0.006043706357980161,0.015414919977370349,0.0805837712744547,0.9783889027662624,0.6176541659801013,0.9999876887841636
16.2,0.7,0.00040586030452594886,0.031135992748880122,0.1012132037764429,0.9465821992057745,0.3310245514507618,0.001611620187528543,0.01685474789393371,0.07123441734005082,0.9768982741653113,0.46847441406847834,0.006022967246267264,0.015524948167784448,0.0806710502665105,0.9782925956597343,0.616965808855093,0.9999881122233023
16.25,0.7,0.0003992196117884915,0.03124470505903308,0.10114288896501185,0.9463929926831423,0.3303769949293225,0.0015953697068823794,0.01695674758366786,0.0712396615280635,0.9767894330021566,0.4677317863641012,0.006002279107764826,0.015635679693532203,0.08075987229435543,0.9781955092884271,0.6162801647961265,0.9999885210984283
16.3,0.7,0.0003927190051235992,0.0313537636785341,0.10107526107369187,0.9462021890504358,0.32973411544707254,0.0015792936751412724,0.017059310441221047,0.07124700239689931,0.9766794881656421,0.4669931019416796,0.00598164184366508,0.015747118337975874,0.08085024190387219,0.9780976388035407,0.6155972231284059,0.9999889159104647
16.35,0.7,0.0003863553249667496,0.03146316877842121,0.10101030256696662,0.946009798445711,0.32909587924616657,0.001563390169635944,0.017162438906871278,0.07125643923975582,0.9765684370413892,0.4662583398843124,0.005961055353945372,0.015859267895752413,0.08094216362532715,0.9779989793418222,0.614916973218481,0.9999892971431056
16.400000000000002,0.7,0.00038012548421485233,0.031572920526808226,0.10094799596903273,0.9458158308837705,0.32846225281158486,0.0015476572888948191,0.017266135423618083,0.07126797129480733,0.9764562770006722,0.4655274793852693,0.005940519537411803,0.01597213217268462,0.08103564197285876,0.9778995260256873,0.6142394044741103,0.9999896652634087
16.45,0.7,0.00037402646654762916,0.03168301908884631,0.10088832386499343,0.9456202962581582,0.32783320286941764,0.001532093152415645,0.017370402437089694,0.07128159774578663,0.9763430054006417,0.46480049974743903,0.005920034291741945,0.016085714985690232,0.08113068144396436,0.9777992739633419,0.6135645063441236,0.9999900207223673
16.5,0.7,0.00036805532478834054,0.031793464626685745,0.10083126890200007,0.9454232043431242,0.32720869638516037,0.0015166959004393565,0.017475242395448964,0.07129731772255468,0.9762286195845491,0.4640773803827795,0.005899599513526658,0.01620002016268891,0.08122728651898531,0.9776982182489056,0.6128922683182852,0.9999903639554631
16.55,0.7,0.0003622091793029224,0.0319042572994379,0.100776813790343,0.945224564795563,0.32658870056201983,0.0015014636937261726,0.01758065774929803,0.07131513030165823,0.9761131168819728,0.4633581008117693,0.00587921509831102,0.01631505154250714,0.08132546166059029,0.9775963539625362,0.6122226799271557,0.9999906953831997
16.6,0.7,0.00035648521643661844,0.03201539726313745,0.10072494130449301,0.9450243871569247,0.32597318283923116,0.001486394713333908,0.017686650951581725,0.07133503450687556,0.9759964946090451,0.46264264066286126,0.005858880940634402,0.016430812974780995,0.0814252113132571,0.977493676170556,0.611555730741954,0.9999910154116174
16.650000000000002,0.7,0.0003508806869872151,0.03212688467070469,0.10067563428409503,0.9448226808550982,0.32536211089038586,0.001471487160398488,0.01779322445748973,0.0713570293097505,0.9758787500686813,0.46193097967193764,0.005838596934069695,0.016547308319856752,0.0815265399027526,0.9773901799255801,0.6108914103744191,0.999991324432791
16.7,0.7,0.00034539290471400903,0.03223871967190813,0.10062887563491506,0.944619455206269,0.3247554526217704,0.0014567392559166493,0.017900380724357453,0.0713811136301148,0.975759880550809,0.46122309768176734,0.005818362971261716,0.016664541448689372,0.08162945183561111,0.977285860266645,0.6102297084766714,0.9999916228253102
16.75,0.7,0.0003400192448816578,0.03235090241332729,0.10058464832974194,0.9444147194167496,0.324153176170716,0.0014421492405308138,0.018008122211565628,0.07140728633659901,0.9756398833325995,0.4605189746414649,0.005798178943964818,0.016782516242738757,0.08173395149861108,0.9771807122193408,0.6095706147410738,0.9999919109547429
16.8,0.7,0.0003347571428380842,0.032463433038315614,0.10054293540924501,0.9442084825847851,0.3235552499039589,0.0014277153743161187,0.018116451380438655,0.07143554624713208,0.9755187556787012,0.45981859060595137,0.0057780447430797015,0.01690123659386385,0.08184004325825012,0.9770747307959438,0.6089141189000931,0.999992189174084
16.85,0.7,0.00032960409262562646,0.032576311686963684,0.100503719982789,0.944000753702332,0.3229616424160115,0.001413435936569588,0.01822537069414164,0.0714658921294297,0.975396494841473,0.45912192573541716,0.005757960258689471,0.01702070640421448,0.08194773146021844,0.976967910995552,0.6082602107261602,0.9999924578241867
16.900000000000002,0.7,0.00032455764562464424,0.03268953849606256,0.10046698522920727,0.9437915416568129,0.3223723225275441,0.0013993092256014313,0.018334882617576164,0.07149832270147165,0.9752730980612205,0.4584289602947867,0.005737925380094933,0.017140929586120998,0.08205702042887067,0.9768602478042219,0.6076088800315318,0.999992717234181
16.95,0.7,0.00031961540922881146,0.03280311359906736,0.10043271439753484,0.943580855232845,0.32178725928377766,0.0013853335585284523,0.01844498961727474,0.0715328366319681,0.9751485625664337,0.4577396746531853,0.005717939995849164,0.017261910061981637,0.082167914466696,0.9767517361951074,0.60696011666815,0.9999929677218767
17.0,0.7,0.0003147750455513437,0.03291703712606101,0.10040089080770195,0.9433687031139449,0.3212064219528866,0.001371507271069553,0.018555694161293997,0.0715694325408153,0.975022885574025,0.4570540492834079,0.005698003993791369,0.017383651764147613,0.08228041785378688,0.9766423711286015,0.6063139105275035,0.9999932095941525
17.05,0.7,0.00031003427016142794,0.033031309203718225,0.1003714978511896,0.9431550938842092,0.3206297800244128,0.0013578287173433162,0.018666998719106542,0.07160810899954044,0.9748960642895702,0.45637206476138975,0.005678117261080022,0.01750615863480593,0.0823945348473061,0.9765321475524795,0.6056702515404879,0.9999934431473321
17.1,0.7,0.0003053908508501381,0.033145929955269667,0.10034451899164805,0.9429400360299693,0.3200573032076896,0.0013442962696676533,0.018778905761491545,0.07164886453173615,0.974768095907551,0.4556937017656791,0.005658279684225346,0.017629434625859856,0.08251026968095232,0.9764210604020447,0.6050291296772663,0.9999936686675474
17.150000000000002,0.7,0.00030084260642513976,0.03326089950046631,0.10031993776547937,0.9427235379414253,0.319488961430277,0.0013309083183614982,0.01889141776042398,0.0716916976134845,0.974638977611598,0.45501894107691226,0.0056384911491211024,0.017753483698807103,0.08262762656442414,0.9763091046002762,0.6043905349471294,0.9999938864310889
17.2,0.7,0.00029638740553350116,0.03337621795554402,0.10029773778238507,0.9425056079142539,0.31892472483640644,0.0013176632715485338,0.019004537188962587,0.0717366066737709,0.9745087065747369,0.4543477635772904,0.0056187515410757415,0.017878309824615624,0.08274660968288274,0.9761962750579797,0.6037544573983561,0.9999940967047442
17.25,0.7,0.0002920231655119472,0.03349188543318829,0.10027790272587979,0.9422862541511947,0.31836456378543687,0.0013045595549629333,0.019118266521136497,0.07178359009488776,0.9743772799596352,0.4536801502500585,0.005599060744842904,0.018003916983597074,0.08286722319641292,0.9760825666739399,0.6031208871180743,0.9999942997461246
17.3,0.7,0.0002877478512639069,0.03360790204249924,0.10026041635377216,0.9420654847636134,0.31780844885032067,0.001291595611757102,0.01923260823183055,0.07183264621282831,0.9742446949188516,0.45301608217898637,0.005579418644651304,0.018130309165277865,0.08298947123948293,0.9759679743350763,0.6024898142321211,0.9999944958039815
17.35,0.7,0.00028355947416272066,0.033724267888956785,0.10024526249861364,0.9418433077730419,0.31725635081607995,0.0012787699023114024,0.019347564796669273,0.07188377331767054,0.9741109485950864,0.452355540547852,0.005559825124233996,0.01825749036826784,0.08311335792040277,0.9758524929166008,0.6018612289049032,0.99999468511851
17.400000000000002,0.7,0.00027945609098039106,0.033840983074385975,0.10023242506811648,0.9416197311126971,0.31670824067829334,0.0012660809040458457,0.019463138691899556,0.07193696965395144,0.9739760381214343,0.4516985066399267,0.005540280066857051,0.018385464600126508,0.0832388873207812,0.9757361172821782,0.6012351213392578,0.9999948679216442
17.45,0.7,0.0002754358028412727,0.03395804769692259,0.10022188804554154,0.941394762628977,0.3161640896415929,0.0012535271112337361,0.019579332394271967,0.07199223342103175,0.9738399606216386,0.45104496183746284,0.005520783355347637,0.01851423587722685,0.08336606349498145,0.9756188422840896,0.6006114817763135,0.9999950444373407
17.5,0.7,0.0002714967542001133,0.03407546185097891,0.10021363549005695,0.9411684100829357,0.3156238691181713,0.0012411070348172489,0.019696148380920764,0.07204956277345126,0.9737027132103474,0.45039488762118296,0.005501334872121541,0.01864380822461668,0.0834948904695756,0.9755006627633979,0.5999903004953507,0.9999952148818534
17.55,0.7,0.00026763713184387163,0.034193225627209674,0.10020765153706852,0.9409406811517368,0.31508755072629885,0.001228819202224927,0.019813589129242554,0.07210895582127484,0.9735642929933718,0.4497482655697719,0.005481934499210123,0.018774185675877516,0.08362537224279781,0.975381573550117,0.5993715678136631,0.9999953794639981
17.6,0.7,0.00026385516391675177,0.03431133911247829,0.1002039203985227,0.9407115834300854,0.314555106288851,0.0012166621571910825,0.019931657116773607,0.07217041063042937,0.9734246970679455,0.4491050773593706,0.005462582118286727,0.018905372272980968,0.08375751278399628,0.975261569463383,0.5987552740864184,0.9999955383854086
17.650000000000002,0.7,0.0002601491189679066,0.034429802389823155,0.10020242636318294,0.9404811244316403,0.3140265078318459,0.0012046344595770808,0.020050354821065843,0.07223392522303158,0.9732839225229872,0.4484653047630723,0.005443277610692559,0.019037372066142633,0.08389131603308407,0.9751406453116289,0.5981414097065197,0.9999956918407833
17.7,0.7,0.0002565173050212767,0.034548615538424296,0.10020315379688026,0.9402493115904047,0.3135017275829913,0.001192734685194499,0.02016968471956148,0.07229949757770719,0.9731419664393638,0.4478289296504204,0.005424020857462037,0.019170189113673443,0.08402678589998888,0.9750187958927616,0.5975299651044673,0.9999958400181244
17.75,0.7,0.0002529580686670433,0.0346677786335701,0.10020608714273889,0.9400161522620969,0.31298073797024234,0.001180961425630135,0.0202896492894663,0.07236712562990114,0.9729988258901563,0.4471959339869095,0.005404811739347635,0.01930382748182849,0.08416392626410167,0.9748960159943424,0.5969209307482197,0.9999959830989675
17.8,0.7,0.0002494697941741872,0.03478729174662434,0.10021121092137761,0.9397816537255014,0.3124635116203687,0.0011693132880728563,0.020410251007621616,0.07243680727217933,0.9728544979409277,0.4465662998334874,0.005385650136844223,0.019438291244653284,0.08430274097372434,0.9747723003937703,0.5963142971430561,0.9999961212586047
17.85,0.7,0.00024605090262365615,0.034907154944993295,0.10021850973108772,0.9395458231838,0.31195002135753136,0.0011577888951422705,0.02053149235037484,0.07250854035452192,0.9727089796499925,0.44594000934606054,0.00536653593021292,0.01957358448382744,0.08444323384551636,0.9746476438584685,0.5957100548314377,0.9999962546662987
17.900000000000002,0.7,0.0002426998510616578,0.03502736829209322,0.10022796824798819,0.9393086677658834,0.3114402402018697,0.0011463868847192004,0.020653375793448725,0.0725823226846083,0.9725622680686881,0.44531704477500056,0.005347468999504467,0.01970971128850578,0.08458540866394058,0.9745220411460738,0.5951081943928707,0.9999963834854907
17.95,0.7,0.0002394151316726036,0.035147931847317876,0.1002395712261589,0.9390701945276438,0.3109341413680981,0.0011351059097779493,0.02077590381180926,0.07265815202809382,0.9724143602416486,0.4446973884646538,0.005328449224582129,0.019846675755156806,0.08472926918070811,0.9743954870046294,0.5945087064437682,0.9999965078740003
18.0,0.7,0.000236195270971243,0.03526884566600633,0.10025330349775252,0.9388304104532486,0.310431698264112,0.0011239446382203407,0.020899078879532178,0.07273602610887851,0.9722652532070807,0.44408102285285267,0.0053094764851441415,0.01998448198739859,0.08487481911422239,0.974267976172781,0.5939115816373132,0.999996627984219
18.05,0.7,0.0002330388290135371,0.035390109799410964,0.1002691499730858,0.938589322456395,0.3099328844896039,0.001112901752711513,0.021022903469668137,0.07281594260936793,0.972114943997041,0.4434679304704293,0.00529055066074571,0.02012313409583198,0.08502206214902248,0.9741395033799757,0.5933168106633214,0.9999967439632966
18.1,0.7,0.0002299443986258319,0.03551172429466567,0.1002870956407108,0.9383469373815471,0.30943767383468884,0.0011019759505174586,0.021147380054106518,0.07289789917072617,0.971963429637716,0.44285809394073145,0.005271671630820563,0.020262636197871185,0.08517100193522577,0.9740100633466643,0.5927243842481047,0.9999968559533223
18.150000000000002,0.7,0.00022691060465190174,0.03563368919475423,0.10030712556746695,0.9381032620051536,0.30894604027853956,0.001091165943344287,0.02127251110343788,0.07298189339312126,0.9718107071497037,0.44225149597914054,0.005252839274702083,0.020402992417571677,0.08532164208796983,0.9738796507845074,0.5921342931543342,0.9999969640914977
18.2,0.7,0.00022393610321744394,0.035756004538478936,0.10032922489851434,0.9378583030368488,0.3084579579880305,0.0010804704571791986,0.02139829908681505,0.07306792283596304,0.9716567735482978,0.4416481193925921,0.005234053471644011,0.0205442068854554,0.08547398618685388,0.9737482603965847,0.5915465281809045,0.9999970685103057
18.25,0.7,0.00022101958101161556,0.03587867036042939,0.10035337885734896,0.9376120671206349,0.30797340131639217,0.001069888232133151,0.02152474647181284,0.07315598501813364,0.9715016258437733,0.441047947079098,0.005215314100840744,0.02068628373833329,0.08562803777537961,0.9736158868776069,0.5909610801627975,0.9999971693376721
18.3,0.7,0.00021815975458521283,0.0360016866909515,0.10037957274580045,0.9373645608360478,0.3074923448018741,0.0010594180222852061,0.021651855724286417,0.07324607741821078,0.9713452610416746,0.4404509620272715,0.0051966210414472235,0.020829227119125077,0.08578380036039154,0.9734825249141323,0.5903779399709465,0.9999972666971234
18.35,0.7,0.00021535536966510343,0.03612505355611671,0.10040779194401299,0.9371157906993046,0.3070147631664174,0.0010490585955285378,0.021779629308228306,0.07333819747468386,0.9711876761431061,0.4398571473158542,0.005177974172598433,0.020973041176676355,0.08594127741151707,0.9733481691847862,0.5897970985121013,0.9999973607079369
18.400000000000002,0.7,0.0002126052004845312,0.03624877097769139,0.10043802191040986,0.9368657631644354,0.30654063131433673,0.0010388087334180876,0.02190806968562402,0.0734323425861632,0.9710288681450239,0.43926648611324487,0.00515937337342851,0.021117730065572902,0.08610047236060607,0.9732128143604836,0.5892185467286928,0.9999974514852876
18.45,0.7,0.00020990804912892155,0.03637283897310647,0.10047024818164225,0.9366144846243971,0.3060699243310111,0.0010286672310198515,0.022037179316306357,0.07352851011158229,0.9708688340405305,0.43867896167703124,0.005140818523089475,0.021263297945952254,0.08626138860117027,0.9730764551046561,0.5886422755986983,0.9999975391403892
18.5,0.7,0.00020726274489682515,0.03649725755542724,0.10050445637252284,0.936361961412172,0.3056026174815842,0.0010186328967617835,0.022166960657808286,0.07362669737039344,0.9707075708191713,0.4380945573535234,0.005122309500769591,0.021409748983312497,0.08642402948782248,0.9729390860734821,0.5880682761355074,0.9999976237806302
18.55,0.7,0.0002046681436756457,0.03662202673332338,0.10054063217594461,0.9361081998018488,0.3051386862096733,0.001008704552286299,0.022297416165214523,0.0737269016427568,0.9705450754672331,0.43751325657728957,0.005103846185711364,0.021557087348318266,0.08658839833571551,0.9728007019161201,0.5874965393877873,0.9999977055097052
18.6,0.7,0.00020212312733180609,0.03674714651103921,0.10057876136278564,0.9358532060096885,0.3046781061360881,0.0009988810323043646,0.02242854829101171,0.07382912016972293,0.9703813449680455,0.4369350428706944,0.0050854284572291845,0.021705317216603966,0.08675449841998129,0.9726612972749467,0.5869270564393497,0.9999977844277428
18.650000000000002,0.7,0.00019962660311501575,0.036872616888364074,0.10061882978179998,0.9355969861951737,0.3042208530575573,0.000989161184451157,0.02256035948493725,0.073933350153409,0.970216376302283,0.4363598998434389,0.005067056194726615,0.021854442768574147,0.0869223329751697,0.9725208667857973,0.5863598184090169,0.9999978606314274
18.7,0.7,0.00019717750307630952,0.03699843786060299,0.10066082335949555,0.9353395464620436,0.30376690294546527,0.0009795438691432782,0.022692852193826777,0.07403958875716894,0.9700501664482708,0.4357878111921031,0.005048729277713349,0.02200446818920109,0.08709190519468775,0.9723794050782114,0.5857948164504887,0.999997934214118
18.75,0.7,0.0001947747834995366,0.037124609418547484,0.10070472809999914,0.9350808928593116,0.3033162319445969,0.0009700279594375097,0.022826028861460283,0.07414783310575737,0.9698827123822918,0.43521876069969045,0.005030447585821822,0.022155397667819533,0.08726321823023869,0.9722369067756808,0.5852320417522101,0.9999980052659626
18.8,0.7,0.00019241742434598547,0.03725113154844664,0.10075053008490921,0.9348210313822695,0.30286881637189145,0.0009606123408910922,0.02295989192840686,0.07425808028548767,0.9697140110788963,0.43465273223517503,0.005012210998823505,0.022307235397918526,0.08743627519126151,0.9720933664959021,0.5846714855372385,0.9999980738740086
18.85,0.7,0.00019010442871183843,0.037378004231978325,0.10079821547313686,0.9345599679734757,0.3024246327152053,0.0009512959114235151,0.023094443831868122,0.07437032734438424,0.9695440595112133,0.4340897097530503,0.0049940193966448694,0.02245998557693048,0.08761107914437062,0.9719487788510329,0.5841131390631118,0.9999981401223095
18.900000000000002,0.7,0.0001878348222981561,0.03750522744622062,0.10084777050073541,0.9342977085237292,0.3019836576320832,0.0009420775811798026,0.023229687005520236,0.07448457129232913,0.9693728546512645,0.4335296772928804,0.0049758726593830405,0.022613652406017287,0.08778763311279603,0.9718031384479522,0.5835569936217169,0.9999982040920277
18.95,0.7,0.00018560765289310017,0.03763280116362349,0.10089918148071904,0.9340342588730283,0.30154586794853816,0.0009329562723952786,0.023365623879354643,0.07460080910120298,0.9692003934702805,0.4329726189788536,0.004957770667321142,0.02276824008985357,0.08796594007582388,0.9716564398885236,0.5830030405391582,0.9999982658615341
19.0,0.7,0.00018342198986610853,0.037760725351980634,0.10095243480287082,0.9337696248115158,0.3011112406578403,0.0009239309192617994,0.023502256879517406,0.07471903770502071,0.9690266729390187,0.4324185190193378,0.004939713300943338,0.02292375283640706,0.0881460029682376,0.9715086777698636,0.5824512711756267,0.999998325506504
19.05,0.7,0.00018127692367374493,0.03788899997440152,0.10100751693354065,0.9335038120804094,0.30067975291931376,0.0009150004677954365,0.023639588428147222,0.07483925400006182,0.9688516900280835,0.4318673617064386,0.004921700440949578,0.023080194856716016,0.08832782467975965,0.9713598466846132,0.5819016769252694,0.9999983831000101
19.1,0.7,0.00017917156537695052,0.03801762498928365,0.10106441441543346,0.9332368263729183,0.30025138205714247,0.0009061638757055982,0.02377762094321209,0.07496145484499551,0.9686754417082494,0.43131913141555883,0.004903731968270049,0.023237570364663784,0.08851140805449396,0.9712099412212135,0.5813542492160595,0.9999984387126115
19.150000000000002,0.7,0.00017710504616943218,0.038146600350285026,0.10112311386738793,0.9329686733351458,0.29982610555918404,0.0008974201122655723,0.02391635683834464,0.07508563706100084,0.9684979249507852,0.43077381260496106,0.004885807764079346,0.02339588357675038,0.0886967558903692,0.9710589559641856,0.5808089795096661,0.9999984924124407
19.200000000000003,0.7,0.0001750765169169281,0.038275926006296805,0.10118360198414633,0.9326993585669788,0.2994039010757925,0.0008887681581844786,0.02405579852267612,0.07521179743188186,0.9683191367277814,0.43023138981533166,0.004867927709810358,0.02355513871186116,0.08888387093858284,0.9709068854944137,0.5802658593013252,0.9999985442652866
19.25,0.7,0.00017308514770709776,0.03840560190141616,0.10124586553611571,0.9324288876229637,0.2989847464186488,0.0008802070054806155,0.024195948400669076,0.07533993270417805,0.9681390740124786,0.4296918476693472,0.004850091687167888,0.02371533999103254,0.08907275590304632,0.9707537243894334,0.5797248801197104,0.9999985943346754
19.3,0.7,0.00017113012740978874,0.03853562797491937,0.10130989136912066,0.9321572660131686,0.29856861955959996,0.0008717356573561867,0.02433680887194867,0.07547003958727003,0.9679577337795996,0.4291551708712432,0.004832299578141988,0.023876491637214746,0.08926341343983109,0.9705994672237229,0.5791860335268042,0.9999986426819485
19.35,0.7,0.00016921066324743935,0.03866600416123506,0.10137566640414829,0.9318844992040329,0.2981554986295064,0.0008633531280733955,0.024478382331132698,0.07560211475348078,0.9677751130056823,0.42862134420638487,0.0048145512650210505,0.024038597875031622,0.08945584615661592,0.9704441085689989,0.5786493111177704,0.9999986893663373
19.400000000000002,0.7,0.00016732598037538123,0.038796730389917704,0.10144317763708548,0.9316105926192042,0.2977453619170974,0.0008550584428318902,0.02462067116766028,0.07573615483817234,0.9675912086694156,0.4280903525408398,0.0047968466304046204,0.02420166293053744,0.08965005661213538,0.9702876429945165,0.5781147045208255,0.999998734445036
19.450000000000003,0.7,0.00016547532147181184,0.038927806585621304,0.1015124121384489,0.931335551640362,0.2973381878678345,0.0008468506376475499,0.024763677765619246,0.07587215643983834,0.9674060177519772,0.42756218082095315,0.004779185557215967,0.024365691030970756,0.08984604731562962,0.9701300650673732,0.5775822053971117,0.9999987779732716
19.5,0.7,0.0001636579463372121,0.03905923266807324,0.10158335705310802,0.9310593816080293,0.2969339550827834,0.0008387287592325946,0.024907404503572192,0.07601011612019226,0.9672195372373734,0.42703681407292465,0.004761567928714398,0.02453068640450524,0.09004382072629562,0.9699713693528167,0.5770518054405697,0.9999988200043718
19.55,0.7,0.00016187313150298985,0.03919100855204839,0.10165599960000145,0.9307820878223716,0.2965326423174934,0.0008306918648770081,0.025051853754381258,0.07615003040425164,0.9670317641127815,0.42651423740238803,0.004743993628507334,0.024696653279997566,0.09024337925273986,0.9698115504145574,0.5765234963778121,0.9999988605898297
19.6,0.7,0.00016012016984913498,0.039323134147343404,0.10173032707184688,0.9305036755439842,0.29613422848088494,0.0008227390223312582,0.025197027885031576,0.0762918957804184,0.9668426953688938,0.42599443599399217,0.004726462540562133,0.02486359588673223,0.09044472525243266,0.9696506028150844,0.5759972699679972,0.9999988997793677
19.650000000000002,0.7,0.00015839837023067652,0.039455609358751184,0.101806326834845,0.9302241499946667,0.2957386926341454,0.0008148693096903032,0.025342929256453463,0.0764357087005553,0.9666523280002646,0.4254773951109847,0.004708974549217692,0.02503151845416343,0.09064786103116415,0.9694885211159866,0.5754731180027031,0.9999989376209979
19.700000000000003,0.7,0.00015670705711273814,0.039588434086035594,0.10188398632837752,0.9299435163581865,0.29534601398963206,0.0008070818152788691,0.02548956022334329,0.07658146558005878,0.9664606590056585,0.42496310009479765,0.004691529539195801,0.02520042521165389,0.09085278884250204,0.9693252998782769,0.5749510323058024,0.999998974161081
19.75,0.7,0.00015504557021399189,0.03972160822390635,0.10196329306469969,0.92966177978103,0.2949561719097836,0.0007993756375379864,0.025636923133983094,0.0767291627979281,0.9662676853884011,0.4244515363646349,0.004674127395612283,0.025370320388210667,0.09105951088725127,0.9691609336627214,0.5744310047333371,0.9999990094443831
19.8,0.7,0.00015341326415831583,0.039855131661994114,0.1020442346286276,0.9293789453731429,0.29456914590603894,0.0007917498849127723,0.025785020330058913,0.07687879669683112,0.9660734041567323,0.42394268941706215,0.004656768003987899,0.025541208212217954,0.09126802931291562,0.9689954170301727,0.5739130271733941,0.9999990435141308
19.85,0.7,0.000151809508134465,0.0399890042848258,0.10212679867722044,0.9290950182086584,0.29418491563776356,0.0007842036757414456,0.02593385414647784,0.07703036358316669,0.9658778123241606,0.4234365448255986,0.004639451250259039,0.025713092911166847,0.09147834621316143,0.9688287445419068,0.5733970915459808,0.9999990764120638
19.900000000000002,0.7,0.00015023368556357005,0.04012322597180009,0.10221097293945791,0.9288100033266148,0.2938034609111841,0.0007767361381455624,0.026083426911183833,0.07718385972712384,0.9656809069098213,0.42293308824031095,0.004622177020788193,0.02588597871138207,0.09169046362728346,0.9686609107599654,0.5728831898029018,0.999999108178486
19.950000000000003,0.7,0.00014868519377428236,0.04025779659716311,0.10229674521591327,0.9285239057316622,0.29342476167833,0.0007693464099214582,0.02623374094497227,0.07733928136273789,0.9654826849388352,0.4224323053874093,0.00460494520237421,0.026059869837745674,0.09190438353967298,0.9684919102475015,0.5723713139276346,0.9999991388523154
20.0,0.7,0.00014716344368538798,0.040392716029984364,0.10238410337842195,0.9282367303947577,0.29304879803598305,0.0007620336384328857,0.02638479856130324,0.07749662468794347,0.9652831434426696,0.42193418206884514,0.00458775568226235,0.02623477051341771,0.09212010787928834,0.9683217375691294,0.5718614559352079,0.9999991684711311
20.05,0.7,0.0001456678594957177,0.04052798413413285,0.10247303536974625,0.9279484822538503,0.2926755502246341,0.0007547969805048344,0.026536602066113635,0.07765588586462474,0.9650822794595029,0.42143870416191154,0.004570608348154125,0.026410684959553832,0.09233763851912792,0.9681503872912797,0.5713536078720781,0.9999991970712201
20.1,0.7,0.0001441978783811844,0.040663600768253344,0.10256352920323611,0.9276591662145549,0.29230499862744747,0.0007476356023185199,0.02668915375762797,0.07781706101866286,0.9648800900345889,0.4209458576188452,0.004553503088216945,0.026587617395019893,0.09255697727570564,0.9679778539825576,0.5708477618160077,0.9999992246876209
20.150000000000002,0.7,0.00014275295019878226,0.04079956578574296,0.1026555729624863,0.9273687871508167,0.2919371237692327,0.0007405486793075318,0.026842455926168022,0.07798014623998074,0.9646765722206254,0.4204556284664305,0.004536439791093558,0.026765572036103472,0.09277812590852921,0.9678041322141064,0.5703439098759433,0.9999992513541671
20.200000000000003,0.7,0.0001413325371973871,0.040935879034727826,0.10274915480099021,0.9270773499055641,0.2915719063154235,0.0007335353960551263,0.026996510853961226,0.07814513758258534,0.9644717230781237,0.41996800280560576,0.004519418345911299,0.026944553096222366,0.09300108611958113,0.9676292165599747,0.5698420441918947,0.9999992771035285
20.25,0.7,0.00013993611373520006,0.04107254035804003,0.10284426294179048,0.9267848592913523,0.29120932707106423,0.0007265949461926524,0.02715132081494789,0.07831203106460743,0.9642655396757799,0.41948296681107144,0.0045024386422911405,0.02712456478563004,0.09322585955280253,0.9674531015974879,0.5693421569348135,0.9999993019672514
20.3,0.7,0.00013856316600368155,0.04120954959319475,0.10294088567712653,0.9264913200909969,0.2908493669798033,0.0007197265322991002,0.02730688807458721,0.07848082266833913,0.9640580190908491,0.4190005067309003,0.004485500570356563,0.027305611311118038,0.09345244779358006,0.9672757819076246,0.5688442403064734,0.9999993259757969
20.35,0.7,0.00013721319175782445,0.04134690657236753,0.10303901136807937,0.9261967370581969,0.2904920071228942,0.0007129293658017575,0.027463214889662104,0.07865150834026922,0.9638491584095211,0.4185206088861495,0.004468604020742227,0.027487696875715336,0.09368085236823577,0.9670972520753972,0.5683482865393494,0.9999993491585785
20.400000000000002,0.7,0.00013588570005262086,0.04148461112237187,0.1031386284442138,0.925901114918149,0.2901372287182032,0.0007062026668779665,0.02762030350808288,0.07882408399111636,0.9636389547272984,0.41804325967047495,0.004451748884602469,0.027670825678384667,0.09391107474352033,0.9669175066902359,0.5678542878964989,0.999999371543998
20.450000000000003,0.7,0.0001345802109855786,0.0416226630646369,0.1032397254032181,0.9256044583681513,0.2897850131192246,0.0006995456643579644,0.027778156168689724,0.07899854549586029,0.9634274051493755,0.4175684455497473,0.004434935053619615,0.0278550019137158,0.09414311632610939,0.9667365403463785,0.567362236671442,0.9999993931594803
20.5,0.7,0.00013329625544514803,0.04176106221518535,0.1033422908105415,0.9253067720781987,0.2894353418141026,0.0006929575956288001,0.027936775101054058,0.07917488869377119,0.9632145067910213,0.4170961530616703,0.004418162420012116,0.028040229771615795,0.09437697846210343,0.9665543476432634,0.5668721251880431,0.999999414031507
20.55,0.7,0.00013203337486492235,0.04189980838461166,0.10344631329902954,0.9250080606915676,0.28908819642466044,0.0006864377065393144,0.028096162525278745,0.07935310938843727,0.9630002567779622,0.41662636881540066,0.004401430876542503,0.028226513436996198,0.09461266243653109,0.9663709231859278,0.5663839458003922,0.9999994341856492
20.6,0.7,0.00013079112098347815,0.04203890137806031,0.10355178156855753,0.9247083288253927,0.28874355870543644,0.0006799852513061711,0.028256320651797173,0.07953320334779068,0.9627846522467685,0.4161590794911703,0.004384740316525177,0.02841385708945723,0.09485016947285614,0.9661862615854092,0.5658976908926875,0.999999453646598
20.650000000000002,0.7,0.00012956905560972584,0.04217834099520435,0.10365868438566224,0.9244075810712337,0.28840141054272694,0.0006735994924209298,0.028417251681171218,0.07971516630413183,0.9625676903452414,0.41569427183991037,0.0043680906338340215,0.028602264902968952,0.09508950073248815,0.9660003574591526,0.5654133528791174,0.9999994724381956
20.700000000000003,0.7,0.00012836675039364285,0.04231812703022416,0.10376701058317193,0.9241058219956338,0.288061733953636,0.0006672797005581478,0.0285789578038881,0.07989899395415236,0.9623493682328027,0.41523193268287706,0.00435148172290985,0.02879174104554939,0.09533065731429696,0.9658132054314206,0.5649309242037438,0.999999490583464
20.75,0.7,0.00012718378660226515,0.04245825927178635,0.10387674905983497,0.9238030561406693,0.28772451108513203,0.0006610251544845013,0.028741441200156155,0.08008468195895664,0.9621296830808863,0.4147720489112797,0.004334913478767686,0.028982289678939663,0.09557364025413116,0.9656248001337092,0.5644503973403852,0.9999995081046336
20.8,0.7,0.00012601975490081599,0.042598737503022906,0.10398788877994712,0.9234992880244897,0.2873897242131111,0.000654835140968913,0.028904704039699518,0.08027222594408213,0.9619086320733314,0.41431460748591054,0.004318385797003885,0.029173914958276096,0.09581845052434054,0.9654351362051672,0.5639717647925006,0.9999995250231697
20.85,0.7,0.00012487425513885294,0.04273956150151055,0.10410041877297767,0.9231945221418502,0.28705735574146707,0.0006487089546936776,0.029068748481551745,0.08046162149951852,0.9616862124067777,0.41385959543677625,0.004301898573803083,0.02936662103175933,0.09606508903330274,0.9652442082930198,0.5634950190930736,0.9999995413597998
20.900000000000002,0.7,0.00012374689614131788,0.04288073103925025,0.10421432813319449,0.9228887629646355,0.2867273882011682,0.0006426458981665741,0.02923357667384838,0.08065286417972585,0.9614624212910619,0.41340699986273194,0.004285451705945001,0.029560412040320446,0.09631355662495412,0.9650520110529971,0.5630201528044974,0.9999995571345384
20.950000000000003,0.7,0.00012263729550437638,0.04302224588264695,0.10432960601928826,0.9225820149423751,0.28639980424934064,0.0006366452816339512,0.02939919075361849,0.08084594950365175,0.9612372559496172,0.4129568079311165,0.004269045090811081,0.02975529211728409,0.09656385407832502,0.9648585391497664,0.5625471585184589,0.9999995723667113
21.0,0.7,0.0001215450793959365,0.04316410579248954,0.10444624165399577,0.9222742825027501,0.28607458666835817,0.0006307064229947807,0.029565592846575155,0.08104087295474771,0.9610107136198732,0.41250900687739006,0.0042526786263909705,0.02995126538802865,0.09681598210707948,0.9646637872573695,0.5620760288558254,0.9999995870749802
21.05,0.7,0.00012046988236073863,0.04330631052393096,0.1045642243237228,0.9219655700520927,0.2857517183649388,0.000624828647715663,0.029732785066904976,0.08123762998098479,0.9607827915536585,0.4120635840047734,0.004236352211288857,0.030148335969643416,0.09706994135905958,0.9644677500596632,0.5616067564665294,0.9999996012773642
21.1,0.7,0.00011941134712991143,0.04344885982646856,0.10468354337816624,0.9216558819758766,0.2854311823692475,0.0006190112887467789,0.029900769517056558,0.08143621599486849,0.9605534870176046,0.41162052668388904,0.004220065744729646,0.03034650797058285,0.09732573241583442,0.964270422250766,0.5611393340294553,0.9999996149912631
21.150000000000002,0.7,0.00011836912443489056,0.043591753443924616,0.10480418822993597,0.9213452226392007,0.2851129618340059,0.0006132536864387738,0.030069548287528024,0.08163662637345323,0.9603227972935515,0.4111798223524044,0.004203819126564996,0.030545785490317844,0.09758335579225391,0.9640717985355065,0.5606737542523262,0.9999996282334782
21.200000000000003,0.7,0.00011734287282560002,0.04373499111442708,0.10492614835417632,0.9210335963872645,0.28479704003360773,0.000607555188460567,0.030239123456653572,0.0818388564583563,0.9600907196789557,0.4107414585146768,0.004187612257279197,0.030746172618984095,0.09784281193600748,0.9638718736298786,0.5602100098715912,0.9999996410202329
21.25,0.7,0.0001163322584927975,0.04387857257039051,0.10504941328818744,0.9207210075458352,0.284483400363241,0.0006019151497180743,0.03040949709038907,0.0820429015557715,0.9598572514872984,0.4103054227414001,0.0041714450379949156,0.03094767343702753,0.09810410122718784,0.9636706422614993,0.5597480936523122,0.9999996533671923
21.3,0.7,0.00011533695509448825,0.044022497538497206,0.10517397263104647,0.9204074604217085,0.2841720263380166,0.0005963329322738349,0.030580671242096714,0.08224875693648245,0.9596223900484971,0.4098717026692533,0.0041553173704787835,0.03115029201484684,0.09836722397785976,0.9634680991700718,0.5592879983880523,0.9999996652894833
21.35,0.7,0.00011435664358631331,0.044166765739678544,0.10529981604322887,0.9200929593031609,0.28386290159210265,0.0005908079052675325,0.030752647952328786,0.08245641783587586,0.9593861327093174,0.4094402860005512,0.004139229157146852,0.0313540324124331,0.09863218043163419,0.9632642391078522,0.5588297169007646,0.999999676801712
21.400000000000002,0.7,0.00011339101205582102,0.0443113768890965,0.10542693324622972,0.9197775084603952,0.2835560098778658,0.0005853394448374007,0.03092542924861049,0.08266587945395458,0.9591484768337869,0.4090111605028965,0.004123180301069904,0.031558898679006527,0.09889897076324765,0.9630590568401205,0.5583732420406802,0.9999996879179824
21.450000000000003,0.7,0.00011243975556053208,0.04445633069612538,0.10555531402218532,0.9194611121459784,0.28325133506501776,0.0005799269340425029,0.03109901714522192,0.08287713695535079,0.958909419803611,0.4085843140088339,0.004107170705978622,0.03176489485265038,0.09916759507814711,0.9628525471456564,0.5579185666861978,0.9999996986519134
21.5,0.7,0.00011150257596971099,0.044601626864333783,0.10568494821349513,0.9191437745952727,0.2829488611397691,0.0005745697627858783,0.031273413642979156,0.08309018546933922,0.9586689590185897,0.408159734415506,0.004091200276268628,0.03197202495994199,0.09943805341208035,0.9626447048172186,0.5574656837437734,0.9999997090166552
21.55,0.7,0.00011057918180975856,0.04474726509146667,0.10581582572244394,0.9188255000268599,0.2826485722039879,0.0005692673277385429,0.031448620729014505,0.0833050200898506,0.958427091897036,0.40773740968431127,0.004075268917005377,0.03218029301558095,0.09971034573069208,0.962435524662029,0.55701458614781,0.9999997190249061
21.6,0.7,0.00010966928811314209,0.04489324506942773,0.10594793651082472,0.9185062926429572,0.28235045247436563,0.0005640190322643374,0.03162464037655593,0.08352163587548547,0.958183815876196,0.4073173278405632,0.004059376533928921,0.032389703022014556,0.09998447192912573,0.96222500150226,0.5565652668605482,0.9999997286889274
21.650000000000002,0.7,0.00010877261627078196,0.0450395664842619,0.10608127059956188,0.9181861566298285,0.2820544862815881,0.0005588242863456117,0.03180147454470565,0.08374002784952818,0.9579391284126704,0.40689947697315154,0.004043523033458539,0.03260025896906036,0.10026043183163115,0.9620131301755273,0.5561177188719572,0.9999997380205586
21.700000000000003,0.7,0.00010788889388781493,0.045186229016138064,0.10621581806833523,0.9178650961581869,0.2817606580695128,0.0005536825065097386,0.03197912517821796,0.08396019099996153,0.9576930269828368,0.4064838452342058,0.004027708322697234,0.03281196483352603,0.1005382251911783,0.9617999055353856,0.5556719351996258,0.9999997470312324
21.75,0.7,0.00010701785464265674,0.045333232339332,0.10635156905520467,0.9175431153835916,0.28146895239435216,0.000548593115756445,0.03215759420727624,0.08418212027948192,0.9574455090832742,0.4060704208387595,0.004011932309436099,0.03302482457882641,0.100817851689077,0.9615853224518298,0.555227908888654,0.9999997557319877
21.8,0.7,0.00010615923814928787,0.04548057612220948,0.10648851375623564,0.9172202184468379,0.2811793539238627,0.0005435555434859543,0.0323368835472693,0.08440581060551508,0.9571965722311888,0.4056591920644172,0.003996194902158555,0.033238842154597846,0.10109931093460288,0.9613693758117984,0.5547856330115456,0.9999997641334842
21.85,0.7,0.00010531278982268856,0.04562826002720958,0.10662664242512546,0.916896409474341,0.28089184743653967,0.0005385692254279287,0.032516995098566884,0.08463125686023254,0.9569462139648401,0.4052501472510225,0.003980496010044457,0.033454021496309806,0.10138260246462956,0.9611520605196827,0.5543451006680999,0.9999997722460148
21.900000000000002,0.7,0.00010447826074735055,0.045776283710828196,0.1067659453728306,0.916571692578513,0.2806064178208181,0.0005336336035712051,0.03269793074629451,0.08485845389056892,0.9566944318439696,0.40484327480032817,0.003964835542974075,0.03367036652487383,0.10166772574326732,0.9609333714978394,0.5539063049853052,0.9999997800795182
21.950000000000003,0.7,0.00010365540754879499,0.04592464682360176,0.10690641296719493,0.9162460718581338,0.28032305007427877,0.0005287481260943129,0.032879692360107654,0.08508739650824013,0.9564412234502295,0.4044385631756681,0.003949213411531953,0.03388788114624977,0.1019546801615082,0.9607133036871068,0.5534692391172318,0.9999997876435915
22.0,0.7,0.00010284399226802722,0.04607334901009112,0.10704803563257904,0.9159195513987155,0.2800417293028608,0.0005239122472967684,0.03306228179396518,0.0853180794897624,0.9561865863876139,0.40403600090163067,0.003933629527010631,0.03410656925104943,0.1022434650368777,0.9604918520473256,0.5530338962449256,0.9999997949475017
22.05,0.7,0.00010204378223886106,0.046222389908865666,0.10719080384949074,0.9155921352728614,0.2797624407200793,0.0005191254275311341,0.03324570088590219,0.08555049757647257,0.9559305182828897,0.40363557656373383,0.0039180838014142546,0.034326434714137544,0.10253407961309317,0.960269011557863,0.5526002695763026,0.9999998020001969
22.1,0.7,0.00010125454996804677,0.0463717691524876,0.10733470815421663,0.9152638275406181,0.27948516964624864,0.0005143871331358368,0.03342995145780221,0.08578464547454925,0.9556730167860298,0.4032372788081024,0.0039025761474620582,0.03454748139423021,0.10282652305972904,0.9600447772181419,0.552168352346043,0.9999998088103176
22.150000000000002,0.7,0.00010047607301813802,0.04652148636749645,0.10747973913845499,0.9149346322498221,0.27920990150771197,0.0005096968363687349,0.033615035315168795,0.08602051785503541,0.9554140795706472,0.4028410963411463,0.0038871064785917227,0.03476971313349071,0.10312079447188892,0.9598191440481723,0.5517381378154863,0.9999998153862071
22.200000000000003,0.7,9.97081338930352e-05,0.04667154117439376,0.10762588744895002,0.9146045534364405,0.2789366218360752,0.0005050540153414269,0.03380095424689649,0.08625810935386206,0.9551537043344291,0.4024470179292411,0.003871674708962615,0.03499313375712284,0.10341689286988466,0.959592107089088,0.5513096192725263,0.9999998217359216
22.25,0.7,9.895051992614351e-05,0.046821933187627944,0.10777314378712728,0.9142735951249057,0.2786653162674476,0.0005004581539542931,0.033987710025041314,0.08649741457187343,0.954891888799574,0.40205503239841,0.0038562807534589065,0.03521774707296167,0.10371481719892259,0.9593636614036866,0.5508827900315073,0.9999998278672403
22.3,0.7,9.820302317108581e-05,0.0469726620155794,0.10792149890873068,0.9139417613284443,0.27839597054168713,0.000495908741832262,0.03417530440459065,0.08673842807485344,0.9546286307132271,0.4016651286340074,0.0038409245276925723,0.0354435568710619,0.10401456632879684,0.9591338020769727,0.5504576434331199,0.9999998337876749
22.35,0.7,9.746544029491147e-05,0.047123727260545756,0.10807094362346079,0.9136090560494009,0.27812857050165146,0.0004914052742612943,0.03436373912323264,0.08698114439355377,0.9543639278479196,0.40127729558040426,0.0038256059480062717,0.035670566923283666,0.10431613905359005,0.9589025242167062,0.5500341728442972,0.9999998395044786
22.400000000000002,0.7,9.673757247374411e-05,0.047275128518727366,0.10822146879461474,0.9132754832795557,0.27786310209245446,0.0004869472521255745,0.03455301590112506,0.08722555802372346,0.9540977780020062,0.40089152224067515,0.003810324931476112,0.03589878098287605,0.10461953409138142,0.9586698229539528,0.5496123716581123,0.9999998450246551
22.450000000000003,0.7,9.601922529081213e-05,0.04742686538021296,0.10837306533872762,0.9129410470004368,0.2775995513607278,0.0004825341818454048,0.0347431364406638,0.08747166342614013,0.9538301790001056,0.40050779767628686,0.003795081395914292,0.03612820278405808,0.10492475008396218,0.9584356934436391,0.5491922332936751,0.9999998503549675
22.5,0.7,9.531020863680729e-05,0.0475789374289655,0.10852572422521546,0.9126057511836274,0.2773379044538882,0.00047816557531579204,0.034934102426250786,0.08771945502664294,0.95356112869354,0.4001261110067886,0.0037798752598716344,0.03635883604159746,0.10523178559655877,0.9582001308651115,0.5487737511960301,0.999999855501946
22.55,0.7,9.46103366125181e-05,0.04773134424280825,0.10867943647601983,0.9122695997910674,0.27707814761940963,0.0004738409498457198,0.03512591552406163,0.08796892721616734,0.9532906249607768,0.39974645140950393,0.0037647064426399985,0.03659068445038693,0.1055406391175635,0.9579631304226974,0.5483569188360548,0.9999998604718964
22.6,0.7,9.391942743368563e-05,0.047884085393411005,0.10883419316525407,0.9119325967753491,0.276820267204101,0.000469559828098099,0.035318577381812745,0.0882200743507816,0.95301866570787,0.3993688081192245,0.0037495748642545792,0.03682375168501836,0.10585130905827313,0.9577246873462719,0.5479417297103575,0.9999998652709073
22.650000000000002,0.7,9.323730333803091e-05,0.04803716044627655,0.10898998541885133,0.9115947460800092,0.276564249653389,0.0004653217380303886,0.035512089628528205,0.08847289075172533,0.9527452488689029,0.3989931704279048,0.0037344804454960937,0.03705804139935461,0.10616379375263511,0.957484796891826,0.5475281773411766,0.9999998699048583
22.700000000000003,0.7,9.256379049440389e-05,0.04819056896072729,0.10914680441421418,0.9112560516398144,0.2763100815106058,0.00046112621283587925,0.035706453874306196,0.08872737070544995,0.9524703724064312,0.39861952768435915,0.003719423107892852,0.03729355722609913,0.106478091457002,0.9572434543420394,0.5471162552762799,0.9999998743794265
22.75,0.7,9.189871891400566e-05,0.04834431048989209,0.10930464137986612,0.9109165173810421,0.2760577494162826,0.00045697279088563296,0.03590167171008518,0.08898350846366117,0.9521940343119265,0.3982478692939601,0.0037044027737227177,0.03753030277636341,0.10679420034989365,0.9570006550068568,0.5467059570888639,0.9999998787000938
22.8,0.7,9.124192236363594e-05,0.04849838458069327,0.10946348759510482,0.9105761472217566,0.2758072401074472,0.0004528610156710705,0.036097744707409785,0.0892412982433636,0.9519162326062207,0.39787818471833825,0.003689419366014953,0.0377682816392323,0.1071121185317676,0.956756394224067,0.546297276377454,0.9999998828721535
22.85,0.7,9.059323828091977e-05,0.04865279077383387,0.10962333438965723,0.9102349450720804,0.275558540416928,0.00044879043574720017,0.03629467441819639,0.08950073422690756,0.9516369653399505,0.39751046347508373,0.0036744728085519552,0.0380074973813272,0.10743184402479766,0.9565106673598852,0.5458902067658047,0.999999886900717
22.900000000000002,0.7,8.995250769146779e-05,0.04880752860378503,0.10978417314333645,0.9098929148344598,0.27531163727266156,0.00044476060467648054,0.03649246237449855,0.08976181056203804,0.9513562305940025,0.39714469513744943,0.0036595630258708816,0.03824795354636723,0.10775337477266082,0.9562634698095392,0.5454847419028008,0.9999998907907197
22.950000000000003,0.7,8.931957512792586e-05,0.048962597598773604,0.10994599528570068,0.9095500604039266,0.2750665176970063,0.0004407710809733096,0.036691110088272104,0.09002452136194602,0.951074026479959,0.39678086933405565,0.0036446899432651617,0.03848965365472832,0.10807670864033236,0.9560147969978585,0.5450808754623583,0.9999998945469274
23.0,0.7,8.869428855087077e-05,0.04911799728076996,0.11010879229571384,0.9092063856683549,0.27482316880606056,0.00043682142804913433,0.03689061905114026,0.09028886070532209,0.9507903511405431,0.39641897574859614,0.003629853486785902,0.03873260120300039,0.1084018434138895,0.9557646443798662,0.5446786011433257,0.9999998981739419
23.05,0.7,8.807649927150951e-05,0.04927372716547597,0.11027255570140834,0.9088618945087127,0.2745815778089857,0.0004329112141581724,0.03709099073415837,0.09055482263641246,0.9505052027500658,0.3960590041195461,0.003615053583243181,0.03897679966354256,0.10872877680032356,0.9555130074413742,0.5442779126693863,0.9999999016762067
23.1,0.7,8.746606187614107e-05,0.049429786762313195,0.11043727707954969,0.9085165907993095,0.2743417320073341,0.00042904001234374067,0.03729222658757871,0.09082240116507746,0.9502185795148714,0.39570094423987134,0.0036002901602072337,0.03922225248403645,0.10905750642736065,0.9552598816995821,0.5438788037889604,0.9999999050580126
23.150000000000002,0.7,8.68628341523401e-05,0.04958617557441127,0.11060294805530307,0.9081704784080393,0.2741036187943821,0.00042520740038518246,0.0374943280406151,0.09109159026685257,0.9499304796737847,0.3953447859567392,0.0035855631460095286,0.039468963087037685,0.10938802984329105,0.9550052627036777,0.5434812682751078,0.9999999083235027
23.200000000000003,0.7,8.626667701682315e-05,0.04974289309859647,0.11076956030190205,0.907823561196619,0.2738672256544676,0.00042141296074538746,0.037697296501207476,0.09136238388301193,0.9496409014985572,0.3949905191712309,0.0035708724697437375,0.03971693486952555,0.10972034451680737,0.9547491460354415,0.5430852999254312,0.9999999114766777
23.25,0.7,8.567745444495878e-05,0.04989993882538046,0.11093710554031912,0.9074758430208218,0.2736325401623324,0.0004176562805188975,0.03790113335578645,0.09163477592063457,0.9493498432943138,0.39463813383805546,0.0035562180612665963,0.03996617120245093,0.11005444783685146,0.9544915273098536,0.5426908925619792,0.9999999145214005
23.3,0.7,8.509503340188411e-05,0.05005731223894929,0.11110557553893849,0.9071273277307079,0.2733995499824695,0.000413936951380592,0.038105839969037866,0.0919087602526732,0.9490573034,0.394287619965265,0.0035415998511986587,0.04021667543028252,0.11039033711247018,0.9542324021757038,0.5422980400311506,0.9999999174614013
23.35,0.7,8.45192837751907e-05,0.050215012817152495,0.11127496211323074,0.9067780191708488,0.2731682428684749,0.0004102545695349455,0.03831141768366734,0.0921843307180258,0.9487632801888282,0.39393896761397185,0.003527017770924945,0.04046845087055135,0.11072800957268018,0.9539717663162035,0.541906736203598,0.999999920300282
23.400000000000002,0.7,8.395007830914416e-05,0.05037304003149246,0.11144525712542969,0.9064279211805488,0.27293860666240416,0.00040660873566585254,0.03851786782016492,0.09246148112160996,0.948467772068724,0.39359216689806675,0.0035124717525954817,0.0407215008133938,0.11106746236634171,0.9537096154496014,0.5415169749741329,0.9999999230415205
23.450000000000003,0.7,8.338729254040194e-05,0.05053139334711398,0.11161645248421129,0.9060770375940622,0.27271062929413364,0.00040299905488701184,0.03872519167656982,0.09274020523443996,0.9481707774827736,0.3932472079839389,0.0034979617291257376,0.04097582852109293,0.1114086925620414,0.9534459453298008,0.5411287502616303,0.9999999256884754
23.5,0.7,8.283080473519549e-05,0.05069007222279392,0.11178854014437463,0.9057253722408057,0.27248429878072633,0.0003994251366928646,0.03893339052823524,0.09302049679370684,0.9478722949096688,0.39290408109019725,0.003483487634196952,0.041231437227618406,0.1117516971479843,0.9531807517469798,0.5407420560089341,0.9999999282443893
23.55,0.7,8.228049582794273e-05,0.050849076110931195,0.11196151210652505,0.9053729289455673,0.27225960322580206,0.0003958865949100803,0.039142465627593374,0.09330234950286125,0.9475723228641544,0.39256277648739335,0.0034690494022563603,0.04148833013816489,0.11209647303189509,0.9529140305282146,0.5403568861827627,0.9999999307123937
23.6,0.7,8.173624936125848e-05,0.05100840445753686,0.1121353604167594,0.9050197115287111,0.2720365308189126,0.00039238304764958377,0.03935241820392061,0.09358575703169925,0.9472708598974725,0.3922232844977457,0.0034546469685173124,0.041746510428689106,0.11244301704092852,0.9526457775381034,0.539973234773615,0.999999933095512
23.650000000000002,0.7,8.119795142733068e-05,0.05116805670222441,0.11231007716635343,0.9046657238063778,0.27181506983492104,0.0003889141172591176,0.03956324946310292,0.09387071301645125,0.9469679045978087,0.39188559549486546,0.003440280268959287,0.0420059812454455,0.11279132592158923,0.952375988679395,0.539591095795677,0.999999935396664
23.700000000000003,0.7,8.066549061063103e-05,0.05132803227820024,0.11248565449145131,0.9043109695906819,0.27159520863338554,0.00038547943027633397,0.03977496058740151,0.09415721105987378,0.9466634555907365,0.39154969990348376,0.003425949240327803,0.04226674570452064,0.11314139633966093,0.9521046598936171,0.5392104632867282,0.9999999376186688
23.75,0.7,8.013875793192974e-05,0.05148833061225442,0.11266208457275736,0.9039554526899044,0.2713769356579479,0.0003820786173824096,0.03998755273521877,0.09444524473134441,0.946357511539662,0.39121558819918034,0.0034116538201342246,0.042528806891366344,0.11349322488014499,0.9518317871617091,0.538831331308049,0.9999999397642487
23.8,0.7,7.961764679358427e-05,0.05164895112475148,0.11283935963522987,0.9035991769086823,0.2711602394357262,0.0003787113133561783,0.04020102704086452,0.09473480756695984,0.9460500711462674,0.3908832509081136,0.0033973939466554652,0.0427921678603317,0.11384680804720858,0.9515573665046548,0.5384536939443283,0.9999999418360322
23.85,0.7,7.910205292607315e-05,0.05180989322962154,0.11301747194777712,0.9032421460481938,0.27094510857671195,0.0003753771570287748,0.04041538461432261,0.09502589306963703,0.9457411331509543,0.39055267860675213,0.0033831695589335857,0.043056831634193875,0.11420214226414227,0.9512813939841189,0.5380775453035707,0.9999999438365577
23.900000000000002,0.7,7.859187433574614e-05,0.051971156334351544,0.11319641382295559,0.9028843639063401,0.27073153177317155,0.0003720757912387848,0.04063062654101792,0.09531849470921758,0.9454306963332864,0.3902238619216077,0.0033689805967752912,0.04332280120368793,0.11455922387332731,0.9510038657030843,0.5377028795170055,0.9999999457682759
23.950000000000003,0.7,7.808701125376304e-05,0.052132739839976724,0.1133761776166704,0.9025258342779238,0.27051949779905216,0.00036880686278789495,0.040846753881583736,0.09561260592257523,0.9451187595124307,0.3898967915289696,0.0033548270007513247,0.04359007952703559,0.11491804913621247,0.9507247778064913,0.5373296907389946,0.9999999476335535
24.0,0.7,7.758736608619395e-05,0.05229464314107225,0.11355675572787784,0.902166560954823,0.27030899550939175,0.00036557002239703736,0.041063767671629635,0.09590822011372678,0.9448053215475993,0.3895714581546405,0.0033407087121957576,0.043858669529473135,0.11527861423330055,0.9504441264818794,0.536957973146942,0.9999999494346756
24.05,0.7,7.709284336525429e-05,0.05245686562574508,0.11373814059829011,0.9018065477261624,0.27010001383973353,0.0003623649246630229,0.04128166892150981,0.0962053306539461,0.9444903813384887,0.38924785257367345,0.003326625673205179,0.044128574102778304,0.1156409152641447,0.9501619079600294,0.5365877209412028,0.9999999511738489
24.1,0.7,7.660334970164874e-05,0.05261940667562596,0.11392032471208238,0.9014457983784812,0.2698925418055444,0.0003591912280156582,0.04150045861609196,0.09650393088188154,0.9441739378257195,0.3889259656101105,0.003312577826637781,0.0443997961047965,0.11600494824735445,0.9498781185156083,0.5362189283449923,0.999999952853204
24.150000000000002,0.7,7.611879373799859e-05,0.05278226566586168,0.11410330059560186,0.9010843166958961,0.26968656850163775,0.00035604859467534003,0.04172013771452666,0.09680401410367671,0.9438559899912741,0.3886057881367228,0.003298565116112345,0.04467233835896616,0.1163707091206115,0.949592754467815,0.5358515896042968,0.9999999544747984
24.200000000000003,0.7,7.563908610332786e-05,0.052945441965107476,0.1142870608170792,0.9007221064602629,0.26948208310160054,0.000352936690611123,0.04194070715001741,0.09710557359309456,0.9435365368589342,0.3882873110747516,0.0032845874860071246,0.04494620365384346,0.11673819374069537,0.9493058121810273,0.5354856989877836,0.9999999560406188
24.25,0.7,7.516413936858383e-05,0.05310893493551964,0.11447159798634207,0.9003591714513332,0.2692790748572242,0.00034985518549925375,0.04216216782959127,0.09740860259164486,0.9432155774947169,0.38797052539365134,0.003270644881458627,0.045221394742626424,0.11710739788351898,0.9490172880654508,0.5351212507867118,0.9999999575525833
24.3,0.7,7.469386800316835e-05,0.05327274393274832,0.11465690475453089,0.8999955154469083,0.26907753309793986,0.00034680375268216737,0.04238452063387016,0.09771309430871514,0.9428931110073088,0.3876554221108333,0.003256737248360296,0.045497914342678414,0.11747831724417405,0.9487271785777686,0.5347582393148428,0.9999999590125446
24.35,0.7,7.422818833245691e-05,0.05343686830593053,0.11484297381381682,0.8996311422229899,0.26887744723025764,0.00034378206912794056,0.04260776641684284,0.09801904192170507,0.9425691365485002,0.38734199229141125,0.003242864533361089,0.0457757651350512,0.11785094743698647,0.9484354802217916,0.5343966589083523,0.999999960422291
24.400000000000002,0.7,7.376701849628273e-05,0.05360130739768332,0.11502979789712191,0.8992660555539277,0.2686788067372099,0.0003407898153901962,0.04283190600563769,0.09832643857616427,0.9422436533136169,0.3870302270479482,0.003229026683863961,0.04605494976400756,0.11822528399558162,0.9481421895491112,0.5340365039257418,0.9999999617835498
24.450000000000003,0.7,7.331027840836379e-05,0.053766060544097154,0.11521736977784147,0.8989002592125631,0.2684816011777986,0.0003378266755684545,0.043056940200296163,0.09863527738593361,0.9419166605419516,0.3867201175402044,0.003215223648024241,0.04633547083654354,0.11860132237295964,0.9478473031597514,0.5336777687477505,0.9999999630979887
24.5,0.7,7.285788971665142e-05,0.05393112707472951,0.11540568226956865,0.8985337569703706,0.2682858201864467,0.00033489233726892524,0.043282869773547165,0.09894555143329008,0.9415881575171922,0.3864116549748869,0.003201455374747913,0.04661733092191042,0.11897905794158078,0.9475508177028227,0.5333204477772682,0.9999999643672179
24.55,0.7,7.240977576457918e-05,0.054096506312598616,0.11559472822582118,0.8981665525975957,0.26809145347245317,0.0003319864915657369,0.04350969547058216,0.0992572537690951,0.9412581435678506,0.3861048306054001,0.003187721813689794,0.04690053255113652,0.11935848599346072,0.947252729877176,0.5329645354392472,0.9999999655927926
24.6,0.7,7.196586155319143e-05,0.05426219757417743,0.11578450053977027,0.8977986498633896,0.2678984908194524,0.00032910883296259646,0.04373741800883124,0.09957037741294646,0.9409266180676886,0.385799635731598,0.0031740229152516166,0.04718507821654877,0.1197396017402759,0.9469530364320581,0.5326100261806161,0.9999999667762142
24.650000000000002,0.7,7.152607370413164e-05,0.0544282001693878,0.11597499214397185,0.8974300525359414,0.26770692208487723,0.0003262590593548767,0.043966038077740126,0.09988491535333376,0.9405935804361422,0.3854960616995376,0.003160358630580007,0.0474709703712943,0.120122400313479,0.9466517341677666,0.5322569144701934,0.9999999679189324
24.700000000000003,0.7,7.109034042347067e-05,0.05459451340159478,0.1161661960100998,0.8970607643826065,0.26751673719942604,0.0003234368719921244,0.04419555633854802,0.10020086054779745,0.9402590301387446,0.3851940999012336,0.0031467289115643675,0.04775821142886201,0.12050687676442441,0.946348819936306,0.5319051947986004,0.9999999690223473
24.75,0.7,7.065859146635571e-05,0.054761136567601225,0.11635810514868147,0.8966907891700328,0.26732792616653334,0.000320641975440986,0.044425973424066595,0.10051820592309148,0.9399229666875474,0.38489374177441427,0.003133133710834661,0.04804680376260416,0.12089302606450383,0.9460442906420437,0.5315548616781761,0.9999999700878108
24.8,0.7,7.023075810246134e-05,0.054928068957642476,0.11655071260883539,0.8963201306642834,0.2671404790618447,0.00031787407754854517,0.04465728993845992,0.10083694437534953,0.9395853896415394,0.3845949788022789,0.0031195729817590917,0.048336749705258225,0.12128084310529194,0.9457381432423662,0.5312059096428912,0.9999999711166281
24.85,0.7,6.980677308222415e-05,0.05509530985538134,0.11674401147801104,0.8959487926309575,0.26695438603269495,0.00031513288940606825,0.044889506457025476,0.10115706877025485,0.9392462986070638,0.3842978025132562,0.003106046678441693,0.04862805154846887,0.12167032269870216,0.9454303747483357,0.530858333248263,0.9999999721100596
24.900000000000002,0.7,6.938657060384316e-05,0.05526285853790317,0.11693799488173094,0.8955767788353066,0.2667696372975905,0.00031241812531315245,0.045122623525976326,0.10147857194321377,0.9389056932382336,0.3840022044807644,0.0030925547557198144,0.04892071154231032,0.12206145957715256,0.9451209822253465,0.5305121270712708,0.9999999730693225
24.950000000000003,0.7,6.897008628102844e-05,0.055430714275711244,0.11713265598333474,0.89520409304235,0.2665862231456953,0.0003097295027422722,0.04535664166222437,0.10180144669953282,0.9385635732373443,0.38370817632297216,0.00307909716916151,0.04921473189480904,0.12245424839374178,0.9448099627937809,0.5301672857102709,0.9999999739955919
25.0,0.7,6.855725711148082e-05,0.05559887633272224,0.11732798798372555,0.8948307390169861,0.2664041339363204,0.0003070667423037198,0.04559156135316485,0.10212568581459945,0.9382199383552849,0.3834157097025611,0.0030656738750628326,0.04951011477146693,0.12284868372243515,0.9444973136296657,0.5298238037849127,0.9999999748900027
25.05,0.7,6.814802144608604e-05,0.055767343966261956,0.11752398412111842,0.8944567205241011,0.2662233600984174,0.0003044295677109351,0.045827383056462015,0.10245128203406649,0.9378747883919468,0.3831247963264895,0.003052284830445025,0.04980686229478505,0.12324476005826086,0.9441830319653273,0.5294816759360544,0.9999999757536506
25.1,0.7,6.774231895880692e-05,0.055936116427061255,0.1177206376707909,0.8940820413286761,0.2660438921300753,0.0003018177057462203,0.04606410719983614,0.1027782280740402,0.9375281231966298,0.382835427945757,0.0030389299930516198,0.05010497654378794,0.12364247181751623,0.9438671150900471,0.5291408968256802,0.9999999765875938
25.150000000000002,0.7,6.734009061725769e-05,0.05610519295925214,0.11791794194483576,0.8937067051958902,0.26586572059802127,0.00029923088622683524,0.04630173418085174,0.10310651662127202,0.937179942668446,0.38254759635517094,0.003025609321345438,0.050404459553548685,0.12404181333798403,0.9435495603507161,0.5288014611368163,0.9999999773928537
25.200000000000003,0.7,6.694127865394475e-05,0.056274572800364075,0.11811589029191584,0.8933307158912221,0.26568883613712485,0.00029666884197146904,0.04654026436670723,0.10343614033335388,0.9368302467567214,0.3822612933931138,0.003012322774505494,0.050705313314714714,0.12444277887915894,0.9432303651524889,0.5284633635734481,0.9999999781704171
25.25,0.7,6.654582653815876e-05,0.05644425518132049,0.118314476097021,0.892954077180548,0.2655132294499057,0.00029413130876708383,0.04677969809402591,0.10376709183891741,0.936479035461395,0.38197651094131163,0.0029990703124238025,0.051007539773034516,0.12484536262248405,0.9429095269594363,0.5281265988604383,0.9999999789212365
25.3,0.7,6.615367894850312e-05,0.05661423932643548,0.11851369278122716,0.8925767928302379,0.26533889130604493,0.0002916180253361261,0.04702003566864836,0.10409936373783651,0.9361263088334147,0.38169324092460405,0.002985851895702089,0.05131114082888527,0.12524955867159734,0.9425870432951975,0.5277911617434438,0.9999999796462318
25.35,0.7,6.576478174604418e-05,0.05678452445341071,0.11871353380145741,0.8921988666072493,0.2651658125419002,0.0002891287333041015,0.047261277365426395,0.10443294860143382,0.9357720669751314,0.38141147531071534,0.002972667485648406,0.051616118336801506,0.12565536105258832,0.9422629117436313,0.5274570469888341,0.9999999803462911
25.400000000000002,0.7,6.537908194806918e-05,0.056955109773332506,0.11891399265024531,0.8918203022792175,0.2649939840600238,0.00028666317716750976,0.04750342342801838,0.10476783897269075,0.9354163100406894,0.3811312061100267,0.002959517044273652,0.051922474105004904,0.12606276371426448,0.9419371299494659,0.5271242493836098,0.9999999810222723
25.450000000000003,0.7,6.499652770243787e-05,0.05712599449066918,0.11911506285550015,0.8914411036145446,0.2648233968286848,0.00028422110426213417,0.04774647406868619,0.10510402736646118,0.9350590382364149,0.3808524253753497,0.002946400534287998,0.05223020989493528,0.12647176052842793,0.9416096956189471,0.5267927637353211,0.9999999816750034
25.5,0.7,6.461706826251429e-05,0.05729717780326849,0.1193167379802743,0.8910612743824856,0.26465404188139424,0.00028180226473168297,0.04799042946809374,0.10544150626968886,0.9347002518212006,0.380575125201701,0.0029333179190972154,0.05253932742078286,0.12688234529016193,0.9412806065204857,0.5264625848719872,0.999999982305284
25.55,0.7,6.424065396266537e-05,0.0574686589023554,0.11951901162253266,0.8906808183532319,0.264485910316434,0.00027940641149677806,0.048235289775107076,0.10578026814162834,0.9343399511068885,0.38029929772607834,0.002920269162798912,0.05284982834902192,0.12729451171812728,0.9409498604853027,0.5261337076420148,0.9999999829138864
25.6,0.7,6.38672361943136e-05,0.05764043697252991,0.11972187741492411,0.8902997392979927,0.26431899329638864,0.0002770333002242868,0.048481055106596206,0.10612030541406973,0.9339781364586482,0.38002493512723756,0.0029072542301786736,0.05316171429794591,0.1277082534548686,0.9406174554080734,0.525806126914119,0.9999999835015562
25.650000000000002,0.7,6.349676738253083e-05,0.05781251119176522,0.11992532902455502,0.889918040989074,0.26415328204768135,0.0002746826892969938,0.04872772554723858,0.10646161049156691,0.9336148082953536,0.37975202962547083,0.0028942730867061095,0.05347498683720409,0.12812356406713074,0.9402833892475689,0.525479837577242,0.9999999840690132
25.700000000000003,0.7,6.312920096316104e-05,0.05798488073140602,0.12012936015276474,0.8895357271999558,0.2639887678601125,0.0002723543397836077,0.048975301149324336,0.10680417575166948,0.9332499670899549,0.3794805734823862,0.0028813256985308075,0.053789647487339845,0.1285404370461846,0.9399476600272969,0.5251548345404745,0.9999999846169529
25.75,0.7,6.276449136045993e-05,0.058157544756167,0.12033396453490315,0.8891528017053657,0.26382544208640213,0.0002700480154091008,0.04922378193256331,0.10714799354515828,0.9328836133698486,0.379210559000688,0.0028684120324781936,0.05410569771933066,0.1289588658081631,0.9396102658361387,0.5248311127329754,0.9999999851460464
25.8,0.7,6.240259396523941e-05,0.058330502424131556,0.1205391359401102,0.8887692682813519,0.2636632961417352,0.0002677634825253757,0.04947316788389391,0.10749305619628453,0.9325157477172431,0.378941978523959,0.0028555320560452986,0.05442313895412998,0.1293788436944068,0.9392712048289857,0.5245086671038934,0.9999999856569419
25.85,0.7,6.204346511350568e-05,0.05850375288675071,0.12074486817109742,0.888385130705353,0.2635023215033106,0.00026550051008225687,0.04972345895729378,0.10783935600301257,0.9321463707695216,0.3786748244364429,0.002842685737396434,0.05474197256221094,0.1298003639718191,0.9389304752273724,0.5241874926222878,0.9999999861502654
25.900000000000002,0.7,6.168706206557935e-05,0.05867729528884224,0.12095115506393138,0.8880003927562656,0.2633425097098931,0.00026325886959880284,0.049974655073592444,0.10818688523726613,0.9317754832196009,0.37840908916282867,0.002829873045358774,0.05506219986311206,0.13022341983323135,0.9385880753201074,0.5238675842770502,0.9999999866266213
25.950000000000003,0.7,6.133334298568681e-05,0.058851128768590034,0.1211579904878192,0.8876150582145106,0.2631838523613687,0.00026103833513493527,0.05022675612028585,0.10853563614517821,0.9314030858162873,0.37814476516803586,0.0028170939494178474,0.05538382212498509,0.13064800439777738,0.9382440034639017,0.5235489370768261,0.9999999870865931
26.0,0.7,6.09822669220119e-05,0.05902525245754359,0.12136536834489593,0.887229130862096,0.2630263411183031,0.0002588386832633814,0.05047976195135288,0.10888560094734451,0.9310291793646279,0.3778818449570007,0.0028043484197129366,0.05570684056414498,0.13107411071127772,0.9378982580839945,0.5232315460499377,0.9999999875307444
26.05,0.7,6.06337937871975e-05,0.05919966548061776,0.12157328257001394,0.8868426144826791,0.2628699677015034,0.0002566596930419267,0.05073367238707397,0.10923677183908034,0.9306537647262592,0.3776203210744639,0.0027916364270323866,0.05603125634462212,0.1315017317466333,0.9375508376747754,0.5229154062443055,0.9999999879596192
26.1,0.7,6.0287884339286696e-05,0.059374366956092745,0.12178172713053416,0.8864555128616256,0.26271472389158296,0.0002545011459859732,0.050988487213851665,0.10958914099068114,0.9302768428197504,0.377360186104759,0.0027789579428088226,0.05635707057771696,0.13193086040422858,0.9372017408004044,0.5226005127273717,0.999999988373743
26.150000000000002,0.7,5.994450016309344e-05,0.059549355995614214,0.12199069602611927,0.886067829786067,0.26256060152852945,0.00025236282604140136,0.051244206184033386,0.10994270054768632,0.9298984146209449,0.37710143267160245,0.0027663129391142806,0.056684284321557095,0.13236148951234422,0.9368509660954283,0.5222868605860231,0.9999999887736233
26.200000000000003,0.7,5.9603603651992947e-05,0.0597246317041937,0.12220018328852886,0.8856795690449561,0.26240759251127593,0.0002502445195577307,0.05150082901573629,0.1102974426311468,0.9295184811632957,0.3768440534378841,0.0027537013886552433,0.05701289858065685,0.13279361182757898,0.9364985122653938,0.5219744449265142,0.9999999891597499
26.25,0.7,5.926515799012223e-05,0.05990019318020917,0.12241018298141634,0.8852907344291202,0.262255688797275,0.00024814601526157714,0.051758355392674336,0.1106533593378958,0.9291370435381979,0.37658804110545946,0.002741123264767592,0.05734291430547953,0.13322722003528095,0.9361443780874578,0.5216632608743913,0.9999999895325957
26.3,0.7,5.892912713498134e-05,0.060076039515405834,0.1226206892001279,0.8849013297313126,0.26210488240207624,0.0002460671042304021,0.052016784963987546,0.11101044274082317,0.9287541028953169,0.3763333884149428,0.0027285785414114653,0.05767433239200244,0.13366230674998802,0.9357885624109928,0.5213533035744161,0.9999999898926177
26.35,0.7,5.859547580042626e-05,0.06025216979489714,0.12283169607150317,0.8845113587462622,0.2619551653989064,0.00024400757986655172,0.052276117344073565,0.11136868488915308,0.9283696604429121,0.37608008814550115,0.0027160671931660348,0.05800715368128464,0.13409886451587752,0.9354310641581901,0.5210445681904902,0.999999990240257
26.400000000000002,0.7,5.8264169440044376e-05,0.060428583097166005,0.1230431977536778,0.8841208252707209,0.2618065299182529,0.0002419672378715817,0.05253635211242149,0.11172807780872514,0.9279837174481569,0.37582813311464963,0.0027035891952241885,0.058341378959037724,0.13453688580722495,0.935071882324658,0.5207370499055795,0.9999999905759392
26.450000000000003,0.7,5.7935174230903895e-05,0.060605278494066224,0.12325518843588794,0.8837297331035094,0.26165896814745015,0.0002399458762208648,0.052797488813448076,0.11208861350227879,0.9275962752374531,0.3755775161780479,0.0026911445233871287,0.05867700895519956,0.13497636302887173,0.9347110159800165,0.5204307439216392,0.9999999909000759
26.5,0.7,5.7608457057668576e-05,0.060782255050824165,0.12346766233827645,0.8833380860455611,0.261512472330269,0.0002379432951384782,0.05305952695633629,0.11245028394974112,0.9272073351967428,0.3753282302292975,0.002678733154058885,0.05901404434351115,0.13541728851670193,0.934348464268488,0.5201256454595391,0.9999999912130639
26.55,0.7,5.72839854970695e-05,0.060959511826040605,0.12368061371170097,0.8829458878999636,0.2613670347665089,0.000235959297072367,0.05332246601487633,0.1128130811085179,0.9268168987718137,0.3750802681997405,0.002666355064240739,0.05935248574109671,0.13585965453812782,0.9339842264094836,0.5198217497589885,0.999999991515287
26.6,0.7,5.696172780272567e-05,0.061137047871692815,0.12389403683754378,0.8825531424719998,0.26122264781159343,0.00023399368666978106,0.05358630542730906,0.11317699691378796,0.926424967468601,0.37483362305825885,0.002654010231525564,0.05969233370804702,0.1363034532925843,0.9336183016981844,0.5195190520784626,0.9999999918071151
26.650000000000002,0.7,5.6641652890305474e-05,0.061314862233136876,0.12410792602752342,0.8821598535691852,0.2610793038761683,0.00023204627075298199,0.05385104459617198,0.11354202327880077,0.9260315428534848,0.3745882878110753,0.002641698634092081,0.060033588747006233,0.13674867691203207,0.933250689506119,0.5192175476951281,0.9999999920889059
26.700000000000003,0.7,5.632373032302124e-05,0.061492953949110196,0.12432227562350814,0.8817660250013054,0.2609369954257025,0.00023011685829521706,0.05411668288814772,0.1139081520951772,0.9256366265535814,0.37434425550155487,0.0026294202506990296,0.06037625130276214,0.13719531746146932,0.9328813892817363,0.5189172319047696,0.9999999923610047
26.75,0.7,5.600793029744928e-05,0.06167132205173425,0.12453707999733107,0.8813716605804501,0.26079571498009235,0.00022820526039695732,0.05438321963391511,0.11427537523321356,0.9252402202570316,0.37410151921000784,0.0026171750606792544,0.06072032176184001,0.13764336693945206,0.9325104005509726,0.5186181000217165,0.9999999926237447
26.8,0.7,5.569422362966793e-05,0.061849965566517555,0.1247523335506071,0.8809767641210471,0.2606554551132684,0.00022631129026239662,0.05465065412800288,0.11464368454218869,0.9248423257132826,0.3738600720534934,0.00260496304393371,0.061065800452100166,0.13809281727862302,0.9321377229178147,0.5183201473787695,0.999999992877448
26.85,0.7,5.538258174170642e-05,0.06202888351235885,0.12496803071455155,0.880581339439893,0.2605162084528049,0.00022443476317620872,0.05491898562864601,0.11501307185067425,0.924442944733366,0.37361990718562454,0.002592784180925383,0.06141268764233931,0.1385436603462488,0.9317633560648573,0.5180233693271282,0.9999999931224253
26.900000000000002,0.7,5.507297664829734e-05,0.0622080749015505,0.12518416594980056,0.8801853903561835,0.2603779676795325,0.00022257549648055957,0.05518821335764476,0.11538352896684799,0.9240420791901693,0.3733810177963739,0.0025806384526731317,0.06176098354189574,0.13899588794476533,0.9313872997538548,0.5177277612363183,0.9999999933589766
26.950000000000003,0.7,5.4765380943925894e-05,0.06238753873978217,0.12540073374623312,0.8797889206915409,0.26024072552715344,0.00022073330955237177,0.05545833650022649,0.11575504767881019,0.9236397310187043,0.3731433971118807,0.002568525840745444,0.06211068830025857,0.1394494918123317,0.9310095538262687,0.5174333184941191,0.9999999935873918
27.0,0.7,5.4459767790169064e-05,0.06256727402614465,0.12561772862279486,0.879391934270041,0.2601044747818598,0.00021890802378083846,0.05572935420491015,0.116127619754903,0.9232359022163685,0.3729070383942588,0.0025564463272541183,0.06246180200668097,0.13990446362339193,0.9306301182038084,0.5171400365064925,0.9999999938079508
27.05,0.7,5.415611090331812e-05,0.06274727975313393,0.12583514512732344,0.8789944349182379,0.259969208281954,0.0002170994625451837,0.05600126558337368,0.11650123694403285,0.9228305948432022,0.3726719349414055,0.0025443998948478604,0.06281432468979761,0.14036079498924478,0.9302489928889666,0.5168479106975103,0.9999999940209238
27.1,0.7,5.385438454227798e-05,0.06292755490665561,0.12605297783637567,0.878596426465187,0.25983491891747296,0.00021530745119266662,0.05627406971032417,0.11687589097599568,0.9224238110221397,0.37243808008681145,0.002532386526705804,0.0631682563172464,0.14081847745862167,0.9298661779655488,0.5165569365092836,0.9999999942265716
27.150000000000002,0.7,5.3554563496737094e-05,0.06310809846602934,0.12627122135505628,0.8781979127424665,0.25970159962981365,0.00021353181701682657,0.056547765623371,0.11725157356180525,0.9220155529392556,0.372205467199372,0.002520406206530953,0.06352359679529455,0.14127750251827217,0.9294816735991973,0.5162671094018908,0.9999999944251463
27.200000000000003,0.7,5.3256623075601665e-05,0.06328890940399369,0.12648987031684825,0.8777988975841979,0.2595692434113628,0.00021177238923596642,0.05682235232290179,0.11762827639402407,0.9216058228440054,0.37197408968319867,0.0025084589185435453,0.0638803459684691,0.1417378615935575,0.9290954800379079,0.5159784248533078,0.999999994616891
27.25,0.7,5.2960539095688196e-05,0.06346998668671111,0.1267089193834448,0.8773993848270645,0.259437843305128,0.00021002899897187152,0.05709782877196138,0.11800599114709737,0.92119462304946,0.37174394097743263,0.0024965446474743396,0.06423850361919203,0.14219954604905133,0.9287075976125412,0.5156908783593369,0.9999999948020408
27.3,0.7,5.266628787066842e-05,0.0636513292737732,0.12692836324458306,0.8769993783103277,0.2593073924043724,0.00020830147922876147,0.057374193896133796,0.1183847094776897,0.9207819559325354,0.3715150145560583,0.0024846633785578285,0.06459806946742,0.1426625471891484,0.9283180267373272,0.5154044654335365,0.9999999949808225
27.35,0.7,5.2373846200260885e-05,0.06383293611820622,0.1271481966178792,0.8765988818758437,0.25917788385225166,0.00020658966487247212,0.05765144658342722,0.11876442302502438,0.9203678239342165,0.37128730392771847,0.002472815097525374,0.06495904317028883,0.14312685625868038,0.9279267679103633,0.5151191816071511,0.999999995153455
27.400000000000002,0.7,5.2083191359663564e-05,0.06401480616647674,0.12736841424866527,0.8761978993680763,0.25904931084145333,0.00020489339260986524,0.05792958568416203,0.11914512341122555,0.9199522295597743,0.3710608026355303,0.0024609997905982697,0.06532142432176292,0.1435924644435392,0.9275338217141053,0.5148350224290421,0.9999999953201498
27.450000000000003,0.7,5.179430108922191e-05,0.0641969383584977,0.1275890109098274,0.8757964346341106,0.2589216666138393,0.00020321250096846306,0.05820861001086197,0.1195268022416629,0.9195351753789783,0.3708355042569022,0.002449217444480731,0.06568521245228946,0.14405936287130736,0.9271391888158514,0.5145519834656177,0.9999999954811113
27.5,0.7,5.1507153584327114e-05,0.06437933162763453,0.12780998140164587,0.8753944915236632,0.25879494446009044,0.00020154683027630567,0.05848851833814841,0.11990945110529905,0.9191166640263028,0.37061140240335155,0.002437468046352809,0.06605040702845777,0.1445275426118955,0.9267428699682202,0.5142700603007639,0.9999999956365366
27.55,0.7,5.122172748553914e-05,0.0645619849007116,0.12803132055163638,0.8749920738890926,0.2586691377193539,0.00019989622264202794,0.058769309402637804,0.12029306157503943,0.918696698201126,0.37038849072032387,0.002425751583863238,0.06641700745266381,0.14499699467818689,0.9263448660096196,0.5139892485357761,0.9999999957866161
27.6,0.7,5.0938001868929564e-05,0.06474489709801896,0.12825302321439314,0.8745891855854069,0.25854423977889324,0.00019826052193515426,0.059050981902842366,0.12067762520808473,0.918275280667925,0.3701667628870124,0.0024140680451222064,0.0667850130627798,0.14546771002668887,0.9259451778647105,0.5137095437892897,0.9999999959315338
27.650000000000002,0.7,5.065595623663911e-05,0.06492806713331922,0.12847508427143317,0.874185830470271,0.25842024407374065,0.0001966395737666082,0.05933353449907394,0.1210631335462858,0.917852414256463,0.369946212616179,0.002402417418694063,0.06715442313182927,0.14593967955819087,0.9255438065448612,0.5134309416972123,0.999999996071467
27.700000000000003,0.7,5.037557050764496e-05,0.06511149391385473,0.12869749863104243,0.8737820124040121,0.25829714408635196,0.0001950332254694347,0.05961696581335119,0.12144957811650096,0.9174281018619714,0.3697268336539758,0.0023907996935899497,0.0675252368676675,0.1464128941184292,0.9251407531485953,0.5131534379126554,0.9999999962065872
27.75,0.7,5.009682500873313e-05,0.065295176340355,0.1289202612281231,0.8733777352496239,0.25817493334626407,0.00019344132607973256,0.05990127442931007,0.12183695043095574,0.9170023464453249,0.369508619779768,0.0023792148592603705,0.06789745341266738,0.14688734449875832,0.9247360188620312,0.5128770281058669,0.99999999633706
27.8,0.7,4.981970046567116e-05,0.06547911330704441,0.12914336702404258,0.8729730028727694,0.25805360542975486,0.00019186372631779455,0.06018645889211763,0.12222524198760487,0.9165751510332102,0.36929156480595743,0.0023676629055876903,0.06827107184341105,0.14736302143682853,0.9243296049593138,0.5126017079641629,0.9999999964630454
27.85,0.7,4.954417799457657e-05,0.06566330370165005,0.12936681100648378,0.872567819141782,0.25793315395950556,0.00019030027856945325,0.0604725177083892,0.12261444427049663,0.9161465187182897,0.36907566257780694,0.0023561438228785684,0.06864609117038703,0.14783991561726986,0.9239215128030389,0.5123274731918612,0.9999999965846975
27.900000000000002,0.7,4.92702390934766e-05,0.06584774640540997,0.12959058818929697,0.8721621879276665,0.2578135726042655,0.00018875083686762983,0.060759449346108996,0.12300454875013939,0.9157164526593566,0.3688609069732662,0.0023446576018563282,0.06902251033769334,0.14831801767238223,0.9235117438446676,0.5120543195102136,0.9999999967021654
27.950000000000003,0.7,4.8997865634054934e-05,0.06603244029308157,0.129814693612353,0.8717561131040973,0.2576948550785194,0.00018721525687408376,0.06104725223455414,0.12339554688387035,0.9152849560814853,0.3686472919027978,0.0023332042336532614,0.06940032822274632,0.14879731818283148,0.9231002996249345,0.5117822426573396,0.999999996815593
28.0,0.7,4.872703985358101e-05,0.0662173842329503,0.13003912234139797,0.871349598547416,0.257576995142157,0.00018569339586136098,0.061335924764222144,0.12378743011622642,0.9148520322761741,0.36843481130920497,0.00232178370980287,0.06977954363599558,0.14927780767835153,0.9226871817742455,0.5115112383881596,0.9999999969251194
28.05,0.7,4.845774434701787e-05,0.06640257708683855,0.13026386946790913,0.8709426481366284,0.2574599866001449,0.00018418511269493868,0.061625465286761896,0.12418018987931714,0.9144176846014817,0.36822345916745935,0.002310396022232046,0.07016015532064486,0.149759476638452,0.9222723920130684,0.511241302474329,0.9999999970308787
28.1,0.7,4.8189962059304416e-05,0.06658801771011492,0.1304889301089525,0.8705352657533988,0.25734382330220124,0.00018269026781556383,0.061915872114908184,0.1245738175931997,0.9139819164821569,0.3680132294845306,0.0022990411632531904,0.0705421619523792,0.15024231549313183,0.9218559321523139,0.510972430704172,0.9999999971330004
28.150000000000002,0.7,4.7923676277808115e-05,0.06677370495170362,0.1307142994070415,0.8701274552820446,0.25722849914247214,0.00018120872322178398,0.06220714352241977,0.12496830466625587,0.9135447314097618,0.36780411629921606,0.0022877191255562717,0.07092556213909819,0.15072631462359823,0.9214378040937077,0.510704618882616,0.9999999972316096
28.200000000000003,0.7,4.765887062494424e-05,0.0669596376540942,0.13093997252999723,0.8697192206095284,0.257114008059211,0.00017974034245266763,0.06249927774402104,0.12536364249557091,0.9131061329427876,0.36759611368197215,0.002276429902200827,0.07131035442065571,0.15121146436299102,0.9210180098301541,0.510437862831126,0.9999999973268272
28.25,0.7,4.7395529050957864e-05,0.06714581465335152,0.13116594467080991,0.86931056562545,0.25700034403445965,0.00017828499057071239,0.0627922729753473,0.12575982246731437,0.9126661247067642,0.36738921573474587,0.002265173486607906,0.07169653726860595,0.1516977549971123,0.9205965514460899,0.5101721583876397,0.9999999974187699
28.3,0.7,4.713363582686492e-05,0.06733223477912607,0.1313922110475018,0.8689014942220358,0.2568875010937323,0.00017684253414493843,0.0630861273728937,0.1261568359571226,0.9122247103943619,0.3671834165908078,0.002253949872551955,0.07208410908595603,0.1521851767651612,0.9201734311178288,0.5099075014065022,0.9999999975075502
28.35,0.7,4.6873175537548625e-05,0.06751889685466439,0.1316187669029912,0.868492010294129,0.2567754733057014,0.00017541284123416567,0.06338083905396778,0.12655467433048312,0.9117818937654872,0.36697871041458563,0.002242759054152651,0.07247306820692515,0.15267371986047362,0.9197486511138971,0.5096438877584015,0.999999997593277
28.400000000000002,0.7,4.661413307500782e-05,0.06770579969681988,0.1318456075049581,0.8680821177391769,0.2566642547818857,0.00017399578137047207,0.06367640609664584,0.1269533289431208,0.9113376786473709,0.3667750914014988,0.0022316010258666774,0.07286341289671047,0.15316337443126704,0.9193222137953594,0.5093813133303043,0.9999999976760552
28.450000000000003,0.7,4.6356493631753666e-05,0.06789294211606388,0.13207272814571083,0.8676718204572177,0.25655383967634104,0.00017259122554283147,0.06397282653973288,0.12735279114138545,0.9108920689346491,0.36657255377779374,0.0022204757824794484,0.07325514135125974,0.1536541305813897,0.9188941216161337,0.5091197740253914,0.9999999977559862
28.5,0.7,4.610024269435141e-05,0.068080322916497,0.1323001241420541,0.8672611223508664,0.2564442221853529,0.00017119904618092855,0.06427009838272645,0.12775305226264125,0.9104450685894372,0.3663710918003804,0.0022093833190967816,0.0736482516970507,0.15414597837107466,0.9184643771232985,0.5088592657629941,0.9999999978331682
28.55,0.7,4.584536603710381e-05,0.06826794089586068,0.1325277908351584,0.8668500273252993,0.25633539654713133,0.00016981911713914927,0.06456821958578413,0.12815410363565757,0.9099966816413965,0.3661706997566692,0.0021983236311365222,0.07404274199087757,0.15463890781769826,0.9180329829573881,0.5085997844785304,0.9999999979076954
28.6,0.7,4.5591849715873114e-05,0.06845579484554908,0.13275572359043045,0.8664385392882372,0.2562273570415083,0.0001684513136807447,0.06486718806969494,0.1285559365810014,0.9095469121877939,0.3659713719644091,0.002187296714320114,0.07443861021964435,0.15513290889654285,0.9175999418526788,0.5083413261234416,0.9999999979796594
28.650000000000002,0.7,4.5339680062038313e-05,0.06864388355062123,0.13298391779738508,0.8660266621499284,0.25612009798963675,0.00016709551246216607,0.0651670017158545,0.12895854241143115,0.9090957643935539,0.3657731027715265,0.002176302564664125,0.07483585430016541,0.1556279715415638,0.9171652566374644,0.5080838866651294,0.9999999980491482
28.700000000000003,0.7,4.508884367658465e-05,0.06883220578981353,0.13321236886951826,0.8656143998231294,0.2560136137536923,0.00016575159151756952,0.06546765836624406,0.12936191243229184,0.9086432424913031,0.3655758865559651,0.002165341178471728,0.07523447207897312,0.15612408564616037,0.9167289302343218,0.5078274620868923,0.999999998116247
28.75,0.7,4.483932742432237e-05,0.06902076033555234,0.13344107224418134,0.8652017562230851,0.25590789873657693,0.00016441943024348836,0.06576915582341343,0.12976603794191163,0.9081893507814082,0.36537971772552624,0.002154412552324132,0.07563446133213274,0.15662124106395084,0.9162909656603652,0.5075720483878637,0.9999999981810379
28.8,0.7,4.4591118428231794e-05,0.06920954595396706,0.13367002338245648,0.8647887352675087,0.2558029473816246,0.00016309890938367107,0.06607149185046779,0.13017091023199964,0.9077340936320049,0.3651845907177105,0.002143516683071971,0.07603581976506475,0.15711942760955103,0.9158513660274908,0.5073176415829491,0.9999999982436003
28.85,0.7,4.434420406393173e-05,0.06939856140490341,0.1338992177690334,0.8643753408765588,0.2556987541723094,0.00016178991101408315,0.06637466417105838,0.13057652058804495,0.907277475479021,0.3649904999995599,0.0021326535678266537,0.07643854501237445,0.1576186350593567,0.91541013454261,0.507064237702764,0.999999998304011
28.900000000000002,0.7,4.4098571954268564e-05,0.069587805441937,0.1341286509120871,0.8639615769728175,0.2555953136319554,0.00016049231852807103,0.06667867046937721,0.1309828602897167,0.9068195008261911,0.36479744006750114,0.002121823203951666,0.07684263463768909,0.1581188531523294,0.9149672745078717,0.5068118327935719,0.9999999983623438
28.950000000000003,0.7,4.385420996402318e-05,0.06977727681238716,0.13435831834315687,0.863547447481266,0.255492620323449,0.00015920601662168624,0.06698350839015574,0.1313899206112655,0.9063601742450635,0.3646054054471894,0.0021110255890538373,0.07724808613350262,0.15862007159078562,0.9145227893208742,0.5065604229172226,0.9999999984186703
29.0,0.7,4.3611106194733054e-05,0.06996697425733107,0.13458821561702652,0.8631329563292597,0.2553906688489529,0.0001579308912791679,0.06728917553866738,0.13179769282192555,0.9058995003749999,0.36441439069335313,0.0021002607209745674,0.07765489692102798,0.1591222800411892,0.914076682474865,0.5063100041510911,0.9999999984730594
29.05,0.7,4.336924897962691e-05,0.0701568965116183,0.13481833831160564,0.8627181074465026,0.25528945384962254,0.00015666682975858207,0.06759566948073423,0.13220616818631803,0.9054374839231673,0.36422439038963983,0.0020895285977810163,0.07806306435005712,0.1596254681349468,0.9136289575589307,0.5060605725880157,0.9999999985255779
29.1,0.7,4.3128626878669394e-05,0.07034704230388543,0.13504868202781198,0.86230290476502,0.2551889700053244,0.00015541372057761586,0.06790298774273765,0.1326153379648553,0.904974129664522,0.3640353991484622,0.002078829217757258,0.07847258569882884,0.1601296254692063,0.9131796182581746,0.505812124336238,0.99999999857629
29.150000000000002,0.7,4.2889228673713214e-05,0.07053741035657117,0.13527924238945502,0.8618873522191313,0.25508921203435647,0.00015417145349952484,0.068211127811633,0.13302519341414598,0.9045094424417861,0.3638474116108456,0.002068162579395399,0.07888345817390441,0.16063474160765806,0.912728668353883,0.5055646555193412,0.9999999986252579
29.200000000000003,0.7,4.265104336375637e-05,0.07072799938593163,0.13551001504312066,0.8614714537454204,0.25499017469317026,0.0001529399195192319,0.06852008713496834,0.13343572578740076,0.9040434271654162,0.3636604224462759,0.002057528681386666,0.07929567891005113,0.16114080608133866,0.91227611172368,0.5053181622761902,0.9999999986725416
29.25,0.7,4.241406016030201e-05,0.070918808102056,0.13574099565805692,0.8610552132827071,0.25489185277609566,0.00015171901084957593,0.06882986312090728,0.13384692633483908,0.9035760888135638,0.3634744263525485,0.002046927522612461,0.07970924497013386,0.1616478083894373,0.9118219523416707,0.5050726407608713,0.999999998718199
29.3,0.7,4.2178268482818675e-05,0.07110983520888244,0.13597217992606078,0.8606386347720151,0.254794241115067,0.00015050862090770867,0.06914045313825586,0.13425878630409643,0.9031074324320283,0.363289418055618,0.002036359102135386,0.0801241533450146,0.16215573800010452,0.9113661942785731,0.5048280871426323,0.9999999987622861
29.35,0.7,4.194365795429855e-05,0.07130107940421435,0.13620356356136612,0.8602217221565416,0.25469733457935156,0.00014930864430163804,0.06945185451649358,0.13467129694063237,0.9026374631342021,0.3631053923094484,0.0020258234191902376,0.08054040095346017,0.16266458435126321,0.910908841701837,0.5045844976058221,0.9999999988048567
29.400000000000002,0.7,4.171021839691157e-05,0.0714925393797369,0.13643514230053258,0.8598044793816243,0.2546011280752798,0.00014811897681691634,0.06976406454580855,0.13508444948813894,0.9021661861010075,0.36292234389586464,0.002015320473174981,0.08095798464205807,0.16317433685142155,0.9104498988757516,0.5043418683498322,0.9999999988459631
29.450000000000003,0.7,4.14779398277532e-05,0.07168421382103389,0.13666691190233568,0.859386910394708,0.2545056165459777,0.00014693951540347176,0.07007708047713675,0.13549823518894977,0.9016936065808258,0.3627402676244045,0.0020048502636416904,0.08137690118514057,0.16368498488048797,0.9099893701615417,0.5041001955890363,0.9999999988856557
29.5,0.7,4.124681245468371e-05,0.07187610140760489,0.13689886814765778,0.8589690191453105,0.2544107949711009,0.00014577015816258154,0.07039089952220545,0.13591264528444952,0.901219729889418,0.3625591583321714,0.0019944127902874692,0.08179714728471707,0.16419651779058794,0.9095272600174503,0.503859475552732,0.9999999989239832
29.55,0.7,4.101682667225691e-05,0.07206820081288275,0.1371310068393802,0.8585508095849874,0.2543166583665709,0.00014461080433398533,0.0707055188535808,0.13632767101548382,0.9007445614098387,0.3623790108836882,0.0019840080529453493,0.08221871957041482,0.16470892490688244,0.90906357299881,0.503619704485082,0.9999999989609923
29.6,0.7,4.078797305773638e-05,0.07226051070425134,0.13736332380227634,0.8581322856672959,0.25422320178431296,0.00014346135428313695,0.07102093560471959,0.1367433036227695,0.9002681065923404,0.3621998201707512,0.0019736360515751664,0.08264161459942809,0.16522219552838774,0.9085983137581016,0.5033808786450547,0.9999999989967285
29.650000000000002,0.7,4.0560242367197056e-05,0.07245302974306368,0.13759581488290562,0.8577134513477584,0.25413042031199606,0.00014232170948859333,0.07133714687002517,0.13715953434730505,0.8997903709542702,0.3620215811122857,0.001963296786254418,0.08306582885647572,0.1657363189287969,0.9081314870450006,0.5031429943063668,0.9999999990312356
29.700000000000003,0.7,4.0333625531710395e-05,0.07264575658466038,0.13782847594950873,0.8572943105838243,0.25403830907277486,0.000141191772529539,0.0716541497049076,0.1375763544307813,0.8993113600799594,0.36184428865420176,0.0019529902571691021,0.08349135875376724,0.1662512843573021,0.9076630977064105,0.5029060477574246,0.9999999990645558
29.75,0.7,4.010811365361114e-05,0.07283868987838833,0.1380613028919036,0.8568748673348318,0.25394686322503307,0.0001400714470734445,0.07197194112584804,0.13799375511599246,0.8988310796206037,0.36166793776925077,0.0019427164646045408,0.08391820063097756,0.16676708103941848,0.9071931506864845,0.5026700353012663,0.9999999990967301
29.8,0.7,3.988369800284386e-05,0.07303182826761978,0.13829429162138243,0.8564551255619681,0.2538560779621293,0.00013896063786385742,0.0722905181104672,0.13841172764724696,0.898349535294136,0.3614925234568831,0.001932475408936189,0.0843463507552302,0.16728369817780847,0.9067216510266336,0.5024349532555041,0.9999999991277977
29.85,0.7,3.9660370013387466e-05,0.07322517038977175,0.13852743807060972,0.8560350892282299,0.253765948512144,0.00013785925070832454,0.07260987759759821,0.13883026327077852,0.8978667328850903,0.3613180407431062,0.0019222670906204303,0.08477580532108932,0.16780112495310734,0.906248603865522,0.502200797952267,0.9999999991577967
29.900000000000002,0.7,3.9438121279755957e-05,0.0734187148763257,0.13876073819352114,0.8556147622983816,0.2536764701376292,0.0001367671924664436,0.07293001648736357,0.13924935323515722,0.8973826782444587,0.3611444846803436,0.0019120915101853604,0.08520656045056031,0.16831935052474922,0.9057740144390505,0.5019675657381435,0.999999999186764
29.950000000000003,0.7,3.9216943553573624e-05,0.07361246035284759,0.1389941879652235,0.8551941487389142,0.2535876381353588,0.0001356843710380433,0.07325093164125641,0.13966898879170034,0.8968973772895389,0.36097185034729456,0.0019019486682215624,0.08563861219309929,0.1688383640317936,0.905297888080326,0.5017352529741245,0.9999999992147349
30.0,0.7,3.899682874022309e-05,0.07380640543900822,0.13922778338189545,0.8547732525180022,0.25349944783608197,0.00013461069535149024,0.07357261988222598,0.1400891611948833,0.8964108360037742,0.3608001328487946,0.0018918385653728725,0.08607195652563124,0.16935815459375234,0.9048202302196183,0.5015038560355466,0.9999999992417438
30.05,0.7,3.8777768895564505e-05,0.07400054874860397,0.1394615204606893,0.8543520776054605,0.2534118946042775,0.00013354607535212115,0.07389507799476734,0.14050986170275012,0.8959230604365852,0.36062932731567665,0.00188176120232714,0.08650658935257712,0.1698787113114169,0.9043410463843043,0.5012733713120356,0.9999999992678237
30.1,0.7,3.855975622272428e-05,0.07419488888957776,0.1396953952396335,0.8539306279727003,0.2533249738379099,0.00013249042199079924,0.07421830272501538,0.14093108157732395,0.895434056703193,0.36045942890463306,0.0018717165798069826,0.08694250650588976,0.17040002326768566,0.9038603421987984,0.5010437952074501,0.9999999992930065
30.150000000000002,0.7,3.8342783068951865e-05,0.07438942446404045,0.13992940377753638,0.8535089075926837,0.253238680968188,0.00013144364721259336,0.07454229078084301,0.14135281208501702,0.8949438309844346,0.36029043279807815,0.001861704698560537,0.0873797037450988,0.17092207952839114,0.9033781233844698,0.5008151241398253,0.9999999993173233
30.200000000000003,0.7,3.812684192254294e-05,0.07458415406829258,0.14016354215389032,0.853086920439879,0.25315301145932445,0.00013040566394557834,0.07486703883196368,0.1417750444970404,0.8944523895265698,0.36012233420401163,0.0018517255593522102,0.08781817675736442,0.17144486914312726,0.9028943957595471,0.5005873545413173,0.9999999993408036
30.25,0.7,3.791192540982761e-05,0.0747790762928463,0.1403978064687772,0.8526646704902133,0.2530679608082973,0.00012937638608975557,0.07519254351003807,0.1421977700898133,0.8939597386410797,0.35995512835588284,0.0018417791629534294,0.08825792115754016,0.17196838114607607,0.902409165239009,0.5003604828581475,0.9999999993634764
30.3,0.7,3.7698026292222066e-05,0.07497418972244785,0.14063219284277445,0.852242161721026,0.25298352454461354,0.00012835572850609226,0.07551880140878516,0.1426209801453718,0.8934658847044573,0.3597888105124554,0.0018318655101333939,0.08869893248824477,0.1724926045568342,0.9019224378344621,0.5001345055505467,0.9999999993853693
30.35,0.7,3.7485137463342376e-05,0.0751694929361002,0.14086669741686217,0.8518193981110206,0.2528996982300739,0.000127343607005678,0.07584580908409741,0.1430446659517772,0.8929708341579896,0.359623375957673,0.0018219846016498313,0.08914120621994304,0.17301752838123874,0.9014342196540046,0.4999094190927004,0.9999999994065093
30.400000000000002,0.7,3.7273251946178927e-05,0.07536498450708616,0.14110131635233084,0.8513963836402164,0.2528164774585397,0.00012633993833899784,0.07617356305416033,0.1434688188035236,0.8924745935075317,0.3594588200005255,0.001812136438239758,0.08958473775103577,0.1735431416121922,0.9009445169020773,0.4996852199726935,0.9999999994269222
30.450000000000003,0.7,3.706236289033018e-05,0.07556066300299176,0.14133604583069007,0.850973122289899,0.2527338578557012,0.0001253446401853198,0.07650205979957621,0.14389343000194507,0.8919771693232721,0.3592951379749158,0.0018023210206102472,0.09002952240795883,0.174069433230487,0.9004533358793007,0.49946190469245555,0.999999999446633
30.5,0.7,3.685246356929445e-05,0.07575652698572999,0.14157088205357815,0.8505496180425702,0.25265183507884764,0.00012435763114219652,0.07683129576349218,0.1443184908556218,0.8914785682394905,0.359132325239528,0.0017925383494292045,0.09047555544529134,0.17459639220562861,0.8999606829822983,0.4992394697677062,0.9999999994656658
30.55,0.7,3.664354737781837e-05,0.07595257501156494,0.14180582124267233,0.850125874881898,0.2525704048166391,0.00012337883071507908,0.07716126735173245,0.14474399268078578,0.8909787969543066,0.35897037717769525,0.001782788425316156,0.09092283204587297,0.175124007496658,0.8994665647035072,0.499017911727901,0.9999999994840439
30.6,0.7,3.6435607829300787e-05,0.07614880563113621,0.14204085963959995,0.849701896792664,0.2524895627888798,0.00012240815930704204,0.07749197093293483,0.14516992680172555,0.8904778622294215,0.35880928919726923,0.0017730712488330453,0.09137134732093048,0.17565226805297235,0.898970987630974,0.4987972271161768,0.9999999995017901
30.650000000000002,0.7,3.6228638553250796e-05,0.07634521738948374,0.14227599350585043,0.8492776877607124,0.2524093047462931,0.00012144553820861861,0.07782340283869148,0.14559628455119,0.88997577088985,0.35864905673048963,0.0017633868204750475,0.09182109631021343,0.17618116281514487,0.8984739584481378,0.4985774124892983,0.9999999995189258
30.700000000000003,0.7,3.6022633292798846e-05,0.07654180882607294,0.14251121912268797,0.8488532517728972,0.2523296264702981,0.00012049088958774457,0.07815555936369391,0.14602305727079137,0.8894725298236452,0.35848967523385494,0.0017537351406613961,0.09227207398213903,0.17671068071574283,0.8979754839335989,0.4983584644176041,0.9999999995354721
30.75,0.7,3.5817585902259536e-05,0.0767385784748202,0.142746532791065,0.8484285928170281,0.25225052377278817,0.00011954413647980988,0.07848843676588221,0.1464502363114072,0.8889681459816149,0.35833114018799345,0.0017441162097262283,0.09272427523394632,0.17724081068014416,0.8974755709608746,0.49814037948495316,0.9999999995514494
30.8,0.7,3.561349034474514e-05,0.0769355248641188,0.14298193083153654,0.848003714881817,0.25217199249591044,0.0001186052027778168,0.07882203126659845,0.14687781303358124,0.8884626263770294,0.358173447097535,0.0017345300279094495,0.09317769489185945,0.17777154162735212,0.8969742264981403,0.49792315428867157,0.999999999566877
30.85,0.7,3.541034068982858e-05,0.07713264651686505,0.14321740958417514,0.8475786219568234,0.25209402851184753,0.0001176740132226433,0.07915633905074435,0.1473057788079234,0.8879559780853218,0.35801659149098375,0.0017249765953476172,0.09363232771126037,0.17830286247080823,0.8964714576079577,0.49770678543949953,0.9999999995817741
30.900000000000002,0.7,3.520813111125482e-05,0.07732994195048498,0.14345296540848682,0.8471533180323988,0.2520166277226005,0.00011675049339341077,0.0794913562669431,0.14773412501550823,0.8874482082437791,0.35786056892059115,0.0017154559120648486,0.09408816837687059,0.17883476211920324,0.8959672714469887,0.49749126956153833,0.9999999995961588
30.950000000000003,0.7,3.500685588469966e-05,0.0775274096769612,0.14368859468332737,0.8467278070996307,0.25193978605977335,0.00011583456969795482,0.07982707902770546,0.14816284304827265,0.8869393240512263,0.3577053749622301,0.0017059679779637517,0.09454521150294232,0.1793672294772858,0.8954616752656959,0.4972766032921977,0.9999999996100488
31.0,0.7,3.480650938557469e-05,0.07772504820286025,0.14392429380681987,0.8463020931502863,0.2518634994843593,0.00011492616936339804,0.08016350340959989,0.1485919243094121,0.8864293327677017,0.35755100521526917,0.0016965127928163818,0.09500345163345884,0.17990025344666907,0.8949546764080284,0.49706278328214343,0.999999999623461
31.05,0.7,3.460708608687763e-05,0.07792285602936024,0.14416005919627253,0.8458761801767549,0.2517877639865286,0.00011402522042682373,0.08050062545342702,0.14902136021377543,0.8859182417141243,0.35739745530244815,0.0016870903562552265,0.0954628832423441,0.18043382292663485,0.8944462823110956,0.4968498061952451,0.9999999996364118
31.1,0.7,3.440858055708686e-05,0.07812083165227893,0.1443958872880974,0.8454500721719908,0.2517125755854173,0.00011313165172604945,0.08083844116439813,0.1494511421882586,0.8854060582719525,0.3572447208697536,0.0016777006677642194,0.09592350073368161,0.18096792681493526,0.8939365005048252,0.49663766870852394,0.9999999996489173
31.150000000000002,0.7,3.4210987458099195e-05,0.07831897356210209,0.14463177453772985,0.8450237731294538,0.2516379303289186,0.0001122453928904993,0.08117694651231787,0.14988126167219687,0.8848927898828363,0.35709279758629575,0.0016683437266697843,0.09638529844194256,0.1815025540085919,0.8934253386116088,0.496426367512101,0.9999999996609926
31.200000000000003,0.7,3.4014301543210076e-05,0.07851728024401232,0.14486771741954863,0.8445972870430513,0.25156382429347474,0.000111366374332174,0.08151613743177105,0.15031171011775538,0.8843784440482594,0.35694168114418534,0.001659019532131914,0.09684827063222325,0.18203769340469209,0.8929128043459327,0.49621589930914567,0.9999999996726526
31.25,0.7,3.381851765513505e-05,0.07871575017791814,0.14510371242679676,0.8441706179070778,0.25149025358387084,0.00011049452723671759,0.08185600982231359,0.1507424789903186,0.8838630283291753,0.3567913672584117,0.001649728083135281,0.09731241150049165,0.18257333390118252,0.892398905513996,0.496006260815824,0.9999999996839116
31.3,0.7,3.3623630724071813e-05,0.07891438183848354,0.14533975607150296,0.8437437697161555,0.2514172143330302,0.00010962978355457976,0.08219655954866749,0.15117355976887784,0.8833465503456337,0.3566418516667212,0.0016404693784803869,0.09777771517384336,0.18310946439765977,0.8918836500133142,0.4957974487612477,0.9999999996947834
31.35,0.7,3.3429635765801754e-05,0.07911317369515786,0.1455758448844038,0.8433167464651729,0.25134470270181103,0.00010877207599227295,0.08253778244091999,0.1516049439464174,0.8828290177764003,0.3564931301294963,0.0016312434167747472,0.09824417571076662,0.1836460737961578,0.8913670458323086,0.49558945988742287,0.9999999997052812
31.400000000000002,0.7,3.323652787983028e-05,0.07931212421220601,0.14581197541486668,0.8428895521492237,0.25127271487880465,0.00010792133800372295,0.08287967429472663,0.15203662303029894,0.8823104383585679,0.35634519842963547,0.0016220501964241184,0.09871178710141663,0.1841831510019323,0.8908491010498837,0.4953822909491994,0.999999999715418
31.450000000000003,0.7,3.304430224756499e-05,0.07951123184873918,0.1460481442308131,0.8424621907635451,0.25120124708013514,0.00010707750378171223,0.08322223087151857,0.15246858854264417,0.8817908198871599,0.3561980523724335,0.0016128897156237642,0.09918054326789909,0.18472068492424176,0.8903298238349886,0.4951759387142201,0.999999999725206
31.5,0.7,3.2852954130530873e-05,0.07971049505874575,0.14628434791864306,0.8420346663034551,0.2511302955492605,0.00010624050824941491,0.0835654478987137,0.15290083202071583,0.8812701702147259,0.3560516877854627,0.0016037619723497658,0.0996504380645628,0.18525866447712508,0.8898092224461667,0.4949703999628705,0.9999999997346575
31.55,0.7,3.266247886862173e-05,0.07990991229112278,0.14652058308315963,0.8416069827642897,0.25105985655677504,0.00010541028705202245,0.08390932106993192,0.15333334501729684,0.8807484972509295,0.35590610051845434,0.001594666964350377,0.10012146527830149,0.1857970785801757,0.8892873052310903,0.4947656714882285,0.9999999997437838
31.6,0.7,3.247287187838708e-05,0.08010948198970766,0.14675684634749453,0.841179144141339,0.25098992640021356,0.00010458677654845907,0.08425384604521428,0.1537661191010676,0.8802258089621289,0.3557612864431812,0.0015856046891374249,0.10059361862886482,0.18633591615931214,0.8887640806260829,0.4945617500960142,0.9999999997525962
31.650000000000002,0.7,3.228412865135367e-05,0.08030920259331036,0.14699313435303415,0.8407511544297835,0.25092050140385663,0.00010376991380318609,0.08459901845124625,0.15419914585698144,0.8797021133709486,0.3556172414533405,0.0015765751439777598,0.10106689176917838,0.18687516614754485,0.8882395571556263,0.4943586326045405,0.9999999997611055
31.700000000000003,0.7,3.209624475238093e-05,0.08050907253574588,0.1472294437593462,0.8403230176246297,0.25085157791853746,0.00010295963657809394,0.08494483388158466,0.15463241688663798,0.8791774185558445,0.35547396146443727,0.0015675783258847539,0.10154127828567286,0.18741481748573913,0.8877137434318559,0.49415631584466285,0.9999999997693222
31.75,0.7,3.1909215818049625e-05,0.08070909024586717,0.14746577124410704,0.8398947377206442,0.25078315232144993,0.00010215588332448132,0.08529128789688883,0.15506592380865472,0.8786517326506611,0.3553314424136687,0.0015586142316098524,0.10201677169862221,0.18795485912337417,0.8871866481540411,0.49395479665973036,0.9999999997772563
31.8,0.7,3.172303755508289e-05,0.0809092541475984,0.1477021135030295,0.8394663187122887,0.2507152210159583,0.00010135859317512034,0.08563837602515537,0.15549965825903647,0.8781250638441808,0.3551896802598089,0.001549682857634177,0.10249336546249084,0.18849528001929816,0.886658280108053,0.4937540719055361,0.9999999997849175
31.85,0.7,3.15377057387991e-05,0.08110956265996867,0.1479384672497915,0.839037764593654,0.2506477804314081,0.00010056770593640676,0.08598609376195694,0.1559336118915427,0.877597420379666,0.35504867098309434,0.001540784200160184,0.10297105296628985,0.18903606914247917,0.8861286481658186,0.4935541384502684,0.9999999997923151
31.900000000000002,0.7,3.135321621159575e-05,0.08131001419714601,0.14817482921596506,0.8386090793583926,0.2505808270229386,9.97831620805946e-05,0.08633443657068489,0.15636777637805285,0.877068810554394,0.35490841058510975,0.00153191825510338,0.10344982753394208,0.18957721547275178,0.8855977612847614,0.4933549931744618,0.9999999997994584
31.950000000000003,0.7,3.116956488146378e-05,0.08151060716847183,0.14841119615094597,0.8381802669996521,0.25051435727129623,9.900490273811401e-05,0.08668339988279557,0.15680214340892937,0.8765392427191836,0.3547688950886748,0.0015230850180840945,0.10392968242465621,0.19011870800155953,0.8850656285072289,0.4931566329709484,0.999999999806356
32.0,0.7,3.098674772053162e-05,0.08171133997849574,0.14864756482188407,0.8377513315100076,0.2504483676826498,9.823286968997178e-05,0.0870329790980605,0.1572367046933787,0.8760087252779153,0.3546301205377315,0.0015142844844193125,0.10441061083330966,0.1906605357326928,0.8845322589599071,0.4929590547448094,0.9999999998130163
32.050000000000004,0.7,3.080476076363832e-05,0.08191221102701073,0.14888393201361402,0.8373222768813933,0.25038285478840666,9.746700536023341e-05,0.08738316958482034,0.1576714519598098,0.8754772666870435,0.3544920829972318,0.0015055166491145687,0.10489260589084029,0.1912026876830223,0.8839976618532209,0.49276225541332674,0.9999999998194475
32.1,0.7,3.062360010693522e-05,0.08211321870908879,0.14912029452858672,0.836893107105034,0.2503178151450307,9.670725280858607e-05,0.08773396668024246,0.15810637695619068,0.8749448754551024,0.35435477855302594,0.0014967815068559042,0.10537566066464696,0.1917451528832279,0.8834618464807233,0.49256623190593524,0.9999999998256576
32.15,0.7,3.044326190651544e-05,0.08231436141511687,0.14935664918680122,0.8364638261713759,0.25025324533386106,9.595355572298149e-05,0.08808536569058226,0.15854147145040226,0.874411560142203,0.35421820331175174,0.0014880790520018885,0.10585976815899871,0.19228792037852288,0.8829248222184692,0.4923709811641744,0.999999999831654
32.2,0.7,3.0263742377070684e-05,0.08251563753083324,0.14959299282573726,0.8360344380700178,0.25018914196093245,9.520585841235802e-05,0.08843736189144819,0.15897672723059014,0.8738773293595252,0.3540823534007241,0.0014794092785757056,0.10634492131545274,0.19283097922937312,0.8823865985243782,0.4921765001416407,0.9999999998374441
32.25,0.7,3.0085037790574747e-05,0.0827170454373642,0.14982932230028823,0.8356049467896396,0.250125501656797,9.446410579944105e-05,0.08878995052807032,0.15941213610551386,0.873342191768801,0.353947224967825,0.0014707721802573106,0.10683111301328095,0.1933743185122118,0.8818471849375834,0.49198278580394045,0.9999999998430352
32.300000000000004,0.7,2.990714447499313e-05,0.08291858351126129,0.15006563448269475,0.8351753563179335,0.25006232107634685,9.372824341362092e-05,0.08914312681557254,0.15984768990489365,0.8728061560817915,0.3538128141813946,0.001462167750375653,0.10731833606990508,0.1939179273201489,0.8813065910777684,0.49178983512864194,0.999999999848434
32.35,0.7,2.9730058813018252e-05,0.08312025012453875,0.15030192626247874,0.8347456706415319,0.24999959689863852,9.299821738390758e-05,0.08949688593924832,0.16028338047975482,0.8722692310597571,0.35367911723012224,0.0014535959819009724,0.10780658324134035,0.19446179476367578,0.8807648266444904,0.4915976451052286,0.9999999998536471
32.4,0.7,2.955377724082972e-05,0.08332204364471145,0.1505381945463781,0.8343158937459367,0.2499373258267183,9.227397443196122e-05,0.08985122305483995,0.16071919970276954,0.8717314255129205,0.3535461303229387,0.001445056867437165,0.10829584722264758,0.19500590997136463,0.8802219014164918,0.4914062127350518,0.9999999998586808
32.45,0.7,2.9378296246879078e-05,0.08352396243483319,0.15077443625828177,0.8338860296154472,0.24987550458744892,9.155546186519801e-05,0.09020613328882135,0.1611551394685961,0.8711927482999231,0.3534138496889084,0.001436550399214225,0.10878612064839376,0.19555026209056264,0.8796778252509988,0.49121553503128446,0.9999999998635415
32.5,0.7,2.9203612370698578e-05,0.08372600485353539,0.15101064833916542,0.8334560822330879,0.24981412993133756,9.08426275699703e-05,0.0905616117386843,0.1615911916942155,0.8706532083272746,0.35328227157712266,0.0014280765690807612,0.10927739609312084,0.19609484028808102,0.8791326080830076,0.491025609018874,0.999999999868235
32.550000000000004,0.7,2.9029722201733447e-05,0.08392816925506616,0.1512468277470275,0.833026055580536,0.24975319863236498,9.013542000482038e-05,0.09091765347322799,0.1620273483192656,0.870112814548796,0.35315139225659337,0.0014196353684965894,0.10976966607182292,0.19663963375087867,0.8785862599245586,0.49083643173449615,0.999999999872767
32.6,0.7,2.8856622378197152e-05,0.08413045398932976,0.151482971456826,0.8325959536380484,0.24969270748781602,8.943378819380726e-05,0.09127425353285212,0.16246360130637227,0.8695715759650561,0.35302120801614706,0.001411226788525404,0.1102629230404316,0.19718463168674033,0.8780387908639978,0.4906480002265087,0.9999999998771432
32.65,0.7,2.868430958594919e-05,0.08433285740192646,0.15171907646041546,0.8321657803843878,0.24963265331811124,8.873768171990538e-05,0.09163140692985323,0.16289994264147828,0.8690295016228013,0.3528917151643197,0.0014028508198275285,0.11075715939630942,0.19772982332494932,0.8774902110652271,0.4904603115549054,0.9999999998813688
32.7,0.7,2.851278055739495e-05,0.08453537783419278,0.15195513976648467,0.8317355397967494,0.24957303296663977,8.804705071847499e-05,0.09198910864872434,0.163336364334169,0.8684866006143795,0.3527629100292521,0.0013945074526527479,0.11125236747875149,0.19827519791695464,0.8769405307669413,0.4902733627912701,0.9999999998854491
32.75,0.7,2.8342032070407162e-05,0.0847380136232421,0.1521911584004947,0.8313052358506863,0.2495138432995934,8.736184587080295e-05,0.09234735364645787,0.16377285841799577,0.8679428820771568,0.3526347889585857,0.001386196676833222,0.11174853956949497,0.1988207447370326,0.8763897602818551,0.4900871510187311,0.999999999889389
32.800000000000004,0.7,2.8172060947268503e-05,0.0849407631020057,0.1524271294046175,0.8308748725200346,0.24945508120580184,8.66820183977137e-05,0.09270613685285178,0.16420941695079602,0.8673983551929286,0.35250734831935915,0.0013779184817764847,0.1122456678932366,0.19936645308294249,0.8758379099959162,0.4899016733319157,0.9999999998931934
32.85,0.7,2.800286405363493e-05,0.08514362459927416,0.15266304983767487,0.8304444537768387,0.24939674359656924,8.600752005324941e-05,0.09306545317081891,0.16464603201501096,0.8668530291873251,0.3523805844979051,0.0013696728564585269,0.112743744618158,0.19991231227657671,0.8752849903675084,0.4897169268369046,0.999999999896867
32.9,0.7,2.783443829751931e-05,0.08534659643973914,0.152898916775078,0.830013983591276,0.2493388274055118,8.533830311841867e-05,0.0934252974766994,0.16508269571800016,0.8663069133292087,0.35225449389974783,0.001361459789416966,0.11324276185645878,0.200458311664605,0.8747310119266427,0.4895329086511871,0.9999999999004142
32.95,0.7,2.7666780628294908e-05,0.08554967694403556,0.1531347273087674,0.8295834659315802,0.2492813295883966,8.467432039501306e-05,0.09378566462057629,0.16551940019235337,0.865760016930068,0.3521290729495014,0.0013532792687443048,0.11374271166489726,0.20100444061911268,0.8741759852741371,0.4893496159036158,0.9999999999038395
33.0,0.7,2.7499888035718385e-05,0.08575286442878416,0.1533704785471533,0.8291529047639661,0.2492242471229816,8.40155251994909e-05,0.09414654942659409,0.16595613759619932,0.8652123493434037,0.35200431809076815,0.0013451312820812777,0.11424358604533892,0.20155068853823305,0.8736199210807847,0.4891670457343621,0.9999999999071468
33.050000000000004,0.7,2.7333757548971836e-05,0.08595615720663446,0.1536061676150564,0.8287223040525524,0.24916757700885675,8.336187135692755e-05,0.0945079466932804,0.16639290011351165,0.8646639199641102,0.3518802257860379,0.001337015816610288,0.11474537694531223,0.2020970448467737,0.8730628300865116,0.4889851952948713,0.9999999999103405
33.1,0.7,2.7168386235723557e-05,0.08615955358630813,0.15384179165364928,0.8282916677592852,0.24911131626728633,8.271331319503145e-05,0.09486985119387052,0.1668296799544118,0.8641147382278503,0.35175679251658765,0.0013289328590489387,0.115248076258572,0.20264349899683687,0.8725047230995234,0.4888040617478184,0.9999999999134243
33.15,0.7,2.700377120120709e-05,0.0863630518726426,0.15407734782039795,0.8278609998438601,0.24905546194105233,8.206980553822548e-05,0.09523225767663493,0.16726646935546893,0.8635648136104254,0.35163401478238177,0.001320882395643653,0.11575167582567006,0.20319004046843342,0.8719456109954404,0.4886236422670637,0.999999999916402
33.2,0.7,2.6839909587318244e-05,0.08656665036663526,0.15431283328900408,0.827430304263645,0.24900001109429903,8.143130370179265e-05,0.09559516086520967,0.16770326057999682,0.863014155627139,0.3515118891019728,0.0013128644121633921,0.11625616743453313,0.20373665877009095,0.8713855047164233,0.48844393403760866,0.9999999999192773
33.25,0.7,2.667679857172969e-05,0.08677034736548796,0.15454824524934752,0.826999584973602,0.2489449608123787,8.079776348608586e-05,0.09595855545892955,0.16814004591834764,0.8624627738321559,0.3513904120124027,0.0013048788938934664,0.11676154282104793,0.20428334343945548,0.8708244152702871,0.48826493425555223,0.9999999999220538
33.300000000000004,0.7,2.6514435367022778e-05,0.08697414116265177,0.15478358090742922,0.8265688459262094,0.2488903082016984,8.016914117080074e-05,0.09632243613316414,0.16857681768820273,0.8619106778178548,0.35126958006910464,0.0012969258256294448,0.11726779366965334,0.20483008404388675,0.8702623537296058,0.4880866401280467,0.9999999999247348
33.35,0.7,2.6352817219836288e-05,0.08717803004787235,0.1550188374853147,0.8261380910713821,0.24883605038956788,7.954539350931125e-05,0.09668679753965648,0.16901356823486027,0.8613578772141769,0.35114938984580546,0.00128900519167116,0.11777491161393948,0.20537687018104753,0.869699331230806,0.4879090488732545,0.9999999999273235
33.4,0.7,2.6191941410031683e-05,0.0873820123072355,0.15525401222107768,0.8257073243563938,0.24878218452404852,7.892647772306707e-05,0.09705163430686449,0.16945028993151964,0.8608043816879682,0.3510298379344283,0.001281116975816815,0.1182828882372537,0.20592369147948617,0.8691353589732511,0.4877321577203045,0.9999999999298231
33.45,0.7,2.603180524987464e-05,0.08758608622321318,0.15548910236874441,0.8252765497257967,0.2487287077738035,7.831235149605259e-05,0.09741694104030503,0.1698869751795629,0.860250200942318,0.3509109209449962,0.0012732611613571873,0.11879171507331335,0.2064705375992129,0.8685704482183152,0.48755596390924905,0.9999999999322369
33.5,0.7,2.587240608323246e-05,0.0877902500747099,0.15572410519823812,0.8248457711213424,0.24867561732794896,7.770297296930641e-05,0.09778271232290049,0.17032361640883284,0.8596953447158905,0.35079263550553563,0.0012654377310699356,0.11930138360682517,0.2070173982322698,0.8680046102884474,0.48738046469102075,0.9999999999345676
33.550000000000004,0.7,2.5713741284787103e-05,0.08799450213710953,0.15595901799532405,0.8244149924819018,0.24862291039590628,7.709830073550117e-05,0.09814894271532801,0.17076020607790804,0.8591398227822541,0.3506749782619813,0.001257646667214008,0.11981188527411134,0.20756426310329387,0.8674378565662266,0.48720565732738963,0.9999999999368181
33.6,0.7,2.55558082592635e-05,0.08819884068232235,0.1561938380615547,0.8239842177433848,0.24857058420725534,7.649829383358291e-05,0.09851562675637111,0.17119673667437454,0.8585836449492035,0.3505579458780807,0.0012498879515241538,0.1203232114637419,0.20811112197007395,0.866870198493407,0.4870315390909203,0.9999999999389912
33.65,0.7,2.539860444067286e-05,0.08840326397883261,0.1564285627142157,0.82355345083866,0.2485186360115889,7.590291174346929e-05,0.0988827589632738,0.1716332007150944,0.8580268210580788,0.3504415350352998,0.0012421615652055391,0.1208353535171736,0.20865796462410083,0.8663016475699539,0.4868581072649295,0.9999999999410896
33.7,0.7,2.5242127291570713e-05,0.0886077702917464,0.1566631892862718,0.8231226956974736,0.24846706307836813,7.53121143808063e-05,0.09925033383209701,0.1720695907464708,0.8574693609830794,0.3503257424327286,0.0012344674889284678,0.12134830272939494,0.20920478089111072,0.8657322153530712,0.4866853591434438,0.9999999999431157
33.75,0.7,2.5086374302329335e-05,0.0888123578828399,0.15689771512631326,0.8226919562463682,0.24841586269677893,7.472586209178277e-05,0.09961834583807751,0.1725058993447102,0.856911274630573,0.350210564786988,0.0012268057028232081,0.12186205034957738,0.20975156063162215,0.8651619134562197,0.4865132920311572,0.9999999999450723
33.800000000000004,0.7,2.493134299042436e-05,0.08901702501060806,0.15713213759850286,0.8222612364086014,0.24836503217558958,7.414411564800201e-05,0.0999867894359889,0.17294211911608084,0.8563525719384015,0.35009599883213605,0.0012191761864749273,0.12237658758173263,0.2102982937414662,0.8645907535481262,0.4863419032433891,0.9999999999469615
33.85,0.7,2.4777030899735245e-05,0.08922176993031344,0.15736645408252298,0.8218305401040645,0.24831456884300923,7.356683624141029e-05,0.10035565906050503,0.17337824269716814,0.8557932628751815,0.349982041319576,0.0012115789189187328,0.12289190558537576,0.21084497015230977,0.8640187473517851,0.48617119010604265,0.9999999999487857
33.9,0.7,2.4623435599859353e-05,0.08942659089403575,0.15760066197352313,0.8213998712492002,0.24826447004654745,7.299398547928124e-05,0.1007249491265654,0.1738142627551267,0.8552333574396013,0.34986868901796386,0.0012040138786348234,0.12340799547619419,0.21139157983217244,0.8634459066434507,0.4860011499555627,0.9999999999505472
33.95,0.7,2.4470554685439396e-05,0.08963148615072142,0.15783475868206784,0.8209692337569202,0.24821473315287482,7.242552537925598e-05,0.1010946540297429,0.17425017198792897,0.8546728656597132,0.3497559387131167,0.0011964810435437497,0.12392484832672233,0.2119381127859362,0.8628722432516222,0.48583178013889444,0.9999999999522481
34.0,0.7,2.431838577550398e-05,0.08983645394623375,0.15806874163408494,0.8205386315365232,0.24816535554768449,7.186141836443817e-05,0.1014647681466134,0.1746859631246105,0.8541117975922233,0.3496437872079218,0.001188980391001784,0.12444245516702186,0.21248455905584857,0.8622977690560201,0.48566307801344194,0.9999999999538904
34.050000000000004,0.7,2.4166926512820995e-05,0.09004149252340335,0.1583026082708141,0.8201080684936116,0.24811633463555482,7.130162725854354e-05,0.10183528583512755,0.1751216289255119,0.8535501633217758,0.34953223132224553,0.0011815118977964035,0.12496080698536738,0.21303090872201885,0.8617224959865553,0.4854950409470269,0.9999999999554764
34.1,0.7,2.4016174563263646e-05,0.0902466001220789,0.15853635604875577,0.819677548530009,0.24806766783981296,7.074611528110342e-05,0.10220620143498439,0.17555716218251732,0.8529879729602347,0.3494212678928438,0.0011740755401418834,0.12547989472893742,0.21357715190290744,0.8611464360222902,0.4853276663178477,0.9999999999570077
34.15,0.7,2.386612761518884e-05,0.09045177497917833,0.15876998243962037,0.8192470755436766,0.24801935260239932,7.01948460427216e-05,0.10257750926800696,0.17599255571928965,0.8524252366459616,0.34931089377327174,0.0011666712936750038,0.12599970930451074,0.21412327875580833,0.8605696011903932,0.4851609515144383,0.9999999999584864
34.2,0.7,2.3716783378827754e-05,0.09065701532874032,0.1590034849302779,0.8188166534286299,0.2479713863837332,6.964778354038412e-05,0.10294920363851967,0.17642780239150208,0.8518619645430904,0.34920110583379493,0.0011592991334508703,0.12652024157916764,0.21466927947732464,0.8599920035650847,0.48499489393562767,0.9999999999599143
34.25,0.7,2.3568139585688293e-05,0.09086231940197614,0.15923686102270782,0.818386286074855,0.24792376666257926,6.910489215282149e-05,0.10332127883372758,0.17686289508706643,0.851298166840798,0.3490919009613005,0.0011519590339388475,0.12704148238099625,0.2152151443038373,0.8594136552665778,0.48482949099049916,0.999999999961293
34.300000000000004,0.7,2.3420193987969307e-05,0.0910676854273219,0.15947010823394922,0.8179559773682246,0.24787649093591502,6.856613663592262e-05,0.1036937291240973,0.17729782672635797,0.850733853752572,0.3489832760592087,0.001144650969018609,0.12756342249980374,0.21576086351196677,0.8588345684600109,0.48466474009835003,0.9999999999626242
34.35,0.7,2.3272944357986267e-05,0.09127311163049101,0.15970322409605145,0.8175257311904137,0.2478295567187993,6.803148211820026e-05,0.10406654876373965,0.17773259026243673,0.8501690355154762,0.3488752280473854,0.0011373749119763003,0.1280860526878322,0.21630642741902759,0.8582547553543745,0.4845006386886512,0.9999999999639098
34.4,0.7,2.312638848760824e-05,0.0914785962345272,0.15993620615602483,0.8170955514188156,0.2477829615442416,6.750089409630722e-05,0.1044397319907939,0.1781671786812655,0.8496037223894114,0.3487677538620545,0.0011301308355008202,0.12860936366047915,0.2168518263834764,0.8576742282014309,0.4843371842010071,0.9999999999651511
34.45,0.7,2.298052418770596e-05,0.09168413745985765,0.16016905197579184,0.8166654419264571,0.24773670296307237,6.697433843060295e-05,0.10481327302781358,0.1786015850019241,0.8490379246563748,0.34866085045571116,0.0011229187116802177,0.12913334609702237,0.21739705080535246,0.8570929992946289,0.4841743740851158,0.9999999999663497
34.5,0.7,2.2835349287610758e-05,0.0918897335243466,0.16040175913213855,0.8162354065819136,0.24769077854381438,6.645178134076996e-05,0.10518716608215385,0.17903580227682048,0.8484716526197164,0.34855451479703536,0.0011157385119982045,0.12965799064134936,0.21794209112671167,0.8565110809680113,0.48401220580072934,0.9999999999675071
34.550000000000004,0.7,2.2690861634584206e-05,0.09209538264334927,0.16063432521666637,0.8158054492492245,0.24764518587255482,6.593318940147972e-05,0.10556140534636024,0.179469823591898,0.8479049166033915,0.348448743870806,0.0011085902073307875,0.13018328790269085,0.21848693783205314,0.8559284855951176,0.48385067681761373,0.9999999999686247
34.6,0.7,2.2547059093298254e-05,0.09230108302976608,0.16086674783574403,0.8153755737878076,0.24759992255281849,6.541852953810735e-05,0.10593598499855883,0.17990364206683954,0.8473377269512129,0.3483435346778153,0.001101473767943018,0.1307092284563583,0.21903158144873902,0.8553452255878805,0.48368978461550977,0.9999999999697038
34.65,0.7,2.240393954532567e-05,0.09250683289409725,0.16109902461045997,0.814945784052374,0.24755498620544175,6.490776902249478e-05,0.10631089920284775,0.18033725085526778,0.8467700940260986,0.3482388842347839,0.0010943891634858582,0.13123580284448552,0.21957601254740722,0.8547613133955178,0.4835295266840937,0.9999999999707458
34.7,0.7,2.2261500888640622e-05,0.09271263044449765,0.16133115317657484,0.8145160838928425,0.2475103744684476,6.440087546876189e-05,0.10668614210968998,0.1807706431449423,0.8462020282093184,0.34813478957427607,0.001087336362993169,0.13176300157677406,0.2201202217423771,0.8541767615034184,0.48336990052293793,0.999999999971752
34.75,0.7,2.2119741037129208e-05,0.09291847388683207,0.16156313118447446,0.814086477154254,0.24746608499692138,6.389781682916509e-05,0.10706170785630732,0.18120381215795284,0.8456335398997383,0.34803124774461575,0.0010803153348788153,0.1322908151312423,0.2206641996920482,0.8535915824320242,0.48321090364147207,0.9999999999727236
34.800000000000004,0.7,2.197865792010978e-05,0.09312436142473074,0.16179495629912294,0.8136569676766855,0.24742211546288762,6.339856139000297e-05,0.10743759056707561,0.1816367511509093,0.8450646395130622,0.34792825580980274,0.0010733260469338905,0.13281923395497802,0.22120793709929176,0.8530057887357066,0.4830525335589441,0.9999999999736617
34.85,0.7,2.1838249481862845e-05,0.09333029125964518,0.1620266262000161,0.8132275592951643,0.2473784635551876,6.29030777675685e-05,0.10781378435392089,0.18206945341512806,0.8444953374810725,0.34782581084942954,0.001066368466324062,0.13334824846489446,0.2217514247118354,0.8524193930016397,0.48289478780438166,0.9999999999745677
34.9,0.7,2.169851368117046e-05,0.09353626159090438,0.1622581385811352,0.8127982558395815,0.24733512697935794,6.241133490414735e-05,0.10819028331671679,0.18250191227681484,0.8439256442508684,0.3477239099585984,0.0010594425595870367,0.13387784904848976,0.22229465332264067,0.8518324078486674,0.48273766391655343,0.9999999999754424
34.95,0.7,2.155944849086486e-05,0.09374227061577131,0.16248949115090086,0.8123690611346058,0.24729210345750993,6.192330206406191e-05,0.10856708154368275,0.18293412109724397,0.8433555702841024,0.34762255024783917,0.0010525482926301455,0.1344080260646093,0.2228376137702736,0.8512448459261686,0.48258115944393076,0.9999999999762871
35.0,0.7,2.1421051897386237e-05,0.09394831652949966,0.16272068163212733,0.8119399789995971,0.24724939072820987,6.143894882976047e-05,0.10894417311178324,0.1833660732729342,0.842785126056216,0.34752172884302707,0.00104568563072805,0.13493876984421138,0.22338029693926817,0.8506567199129169,0.48242527194464957,0.9999999999771026
35.050000000000004,0.7,2.1283321900349484e-05,0.09415439752539097,0.16295170776197687,0.81151101324852,0.2472069865463601,6.095824509795129e-05,0.10932155208712784,0.1837977622358209,0.8422143220556736,0.34742144288530147,0.0010388545385205694,0.13547007069113548,0.22392269376048277,0.8500680425159381,0.48226999898647194,0.9999999999778902
35.1,0.7,2.1146256512119753e-05,0.09436051179485201,0.16318256729191463,0.8110821676898566,0.24716488868308115,6.0481161075780954e-05,0.10969921252537206,0.1842291814534248,0.8416431687831943,0.3473216895309847,0.0010320549800106275,0.13600191888287347,0.2244647952114497,0.8494788264693633,0.48211533814674845,0.9999999999786507
35.15,0.7,2.1009853757396673e-05,0.0945666575274525,0.16341325798766348,0.8106534461265202,0.2471230949255944,6.000766727705667e-05,0.110077148472119,0.1846603244290171,0.841071676750984,0.3472224659515014,0.0010252869185623222,0.1365343046713434,0.2250065923167177,0.8488890845332795,0.4819612870123802,0.999999999979385
35.2,0.7,2.0874111672807104e-05,0.09477283291098301,0.16364377762915935,0.810224852355768,0.2470816030771059,5.95377345185121e-05,0.11045535396332161,0.18509118470178107,0.8404998564819655,0.34712376933329836,0.0010185503168991146,0.13706721828366558,0.2255480761481872,0.848298829492577,0.48180784317978137,0.999999999980094
35.25,0.7,2.073902830650626e-05,0.09497903613151336,0.1638741240105066,0.8097963901691141,0.24704041095669083,5.9071333916116204e-05,0.11083382302568559,0.18552175584697025,0.8399277185090076,0.3470255968777647,0.001011845137102141,0.13760064992294133,0.2260892378254389,0.8477080741557943,0.4816550042548414,0.9999999999807787
35.300000000000004,0.7,2.060460171778709e-05,0.09518526537345105,0.16410429493993386,0.8093680633522422,0.24699951639917894,5.8608436881424834e-05,0.11121254967707292,0.1859520314760629,0.8393552733741542,0.3469279458011525,0.0010051713406086444,0.13813458976903356,0.22663006851605527,0.8471168313539609,0.481502767852888,0.9999999999814398
35.35,0.7,2.0470829976697737e-05,0.09539151881960019,0.16433428823974983,0.8089398756849185,0.24695891725504066,5.8149015117974515e-05,0.11159152792690577,0.186382005236913,0.8387825316278517,0.34683081333449794,0.0009985288882105282,0.13866902797934968,0.22717055943593495,0.846525113939437,0.4813511315986495,0.9999999999820782
35.4,0.7,2.0337711163667e-05,0.09559779465122054,0.16456410174629954,0.8085118309409043,0.24691861139027418,5.7693040617718076e-05,0.111970751776571,0.18681167081389782,0.8382095038281769,0.34673419672354283,0.000991917740053031,0.13920395468962626,0.22771070184960038,0.845932934784752,0.48120009312621825,0.9999999999826946
35.45,0.7,2.020524336913762e-05,0.09580409104808696,0.16479373330992073,0.8080839328878682,0.24687859668629322,5.724048565750174e-05,0.1123502152198249,0.18724102192806177,0.8376362005400637,0.3466380932286563,0.0009853378556335223,0.13973936001471557,0.2282504870704984,0.8453403067814409,0.48104965007901346,0.9999999999832898
35.5,0.7,2.0073424693207287e-05,0.09601040618854903,0.16502318079490047,0.8076561852872989,0.24683887103981575,5.679132279558322e-05,0.11272991224319835,0.18767005233725692,0.8370626323345296,0.34654250012475724,0.00097878919380042,0.1402752340493737,0.22878990646129382,0.8447472428388794,0.4808998001097445,0.9999999999838646
35.550000000000004,0.7,1.994225324527723e-05,0.096216738249591,0.16525244207943202,0.8072285918944176,0.24679943236275334,5.634552486819047e-05,0.11310983682640224,0.18809875583627986,0.8364888097879025,0.3464474147012371,0.0009722717127522268,0.14081156686905022,0.22932895143415635,0.8441537558831173,0.4807505408803741,0.9999999999844196
35.6,0.7,1.9811727143708287e-05,0.09642308540689191,0.1654815150555719,0.8068011564580901,0.2467602785821015,5.590306498612067e-05,0.11348998294273303,0.18852712625700507,0.8359147434810469,0.3463528342618829,0.0009657853700366901,0.14134834853067915,0.22986761345104037,0.8435598588557113,0.4806018700620822,0.9999999999849555
35.65,0.7,1.9681844515484315e-05,0.09662944583488611,0.16571039762919718,0.8063738827207392,0.24672140763983064,5.546391653137903e-05,0.11387034455947853,0.18895515746851488,0.8353404439985904,0.3462587561248009,0.0009593301225500804,0.14188556907347122,0.230405884023958,0.8429655647125565,0.4804537853352294,0.999999999985473
35.7,0.7,1.955260349588283e-05,0.09683581770682385,0.16593908771996288,0.8059467744182566,0.24668281749277793,5.5028053153857125e-05,0.11425091563832368,0.1893828433772258,0.8347659219281507,0.3461651776223404,0.000952905926536591,0.14242321851970716,0.23094375471524528,0.8423708864227176,0.4803062843893207,0.9999999999859726
35.75,0.7,1.942400222815277e-05,0.09704219919483231,0.16616758326125983,0.8055198352799156,0.2466445061125399,5.4595448768050236e-05,0.11463169013575647,0.18981017792701135,0.8341911878595621,0.34607209610101825,0.0009465127375878578,0.14296128687553195,0.23148121713782138,0.8417758369672597,0.4801593649229697,0.9999999999864551
35.800000000000004,0.7,1.9296038863199256e-05,0.09724858846997671,0.1663958822001724,0.8050930690282827,0.24660647148536588,5.416607754981346e-05,0.11501266200347371,0.19023715509932157,0.8336162523841035,0.3459795089214435,0.0009401505106425984,0.14349976413174984,0.23201826295544128,0.8411804293380784,0.48001302464386236,0.9999999999869209
35.85,0.7,1.916871155927525e-05,0.09745498370232174,0.16662398249743676,0.80466647937913,0.24656871161205202,5.373991393315606e-05,0.11539382518878678,0.19066376891329878,0.833041126093726,0.3458874134582427,0.000933819199986371,0.14403864026462013,0.23255488388294146,0.840584676536731,0.4798672612687216,0.9999999999873708
35.9,0.7,1.9042018481679998e-05,0.09766138306099321,0.16685188212739907,0.8042400700413471,0.2465312245078363,5.331693260707386e-05,0.11577517363502723,0.19109001342589013,0.8324658195802818,0.34579580709998525,0.0009275187592514534,0.14457790523665331,0.23309107168647888,0.8399885915732668,0.47972207252327137,0.9999999999878052
35.95,0.7,1.891595780246415e-05,0.09786778471423993,0.16707957907797405,0.803813844716853,0.2464940082022942,5.289710851241915e-05,0.11615670128195212,0.19151588273195652,0.8318903434347537,0.34570468724910947,0.0009212491414168389,0.14511754899740786,0.23362681818376327,0.8393921874650586,0.4795774561422014,0.9999999999882246
36.0,0.7,1.879052770014146e-05,0.09807418682949579,0.1673070713506036,0.8033878071005085,0.24645706073923515,5.248041683880782e-05,0.11653840206614907,0.19194137096437802,0.8313147082464855,0.34561405132184897,0.0009150102988083529,0.14565756148428693,0.23416211524428268,0.8387954772356352,0.47943340986913163,0.9999999999886297
36.050000000000004,0.7,1.8665726359406963e-05,0.09828058757344207,0.16753435696021576,0.8029619608800279,0.24642038017659962,5.206683302156337e-05,0.11692026992144115,0.19236647229415604,0.8307389246024136,0.3455238967481593,0.0009088021830988857,0.14619793262333547,0.23469695478952238,0.8381984739135138,0.4792899314565772,0.9999999999890208
36.1,0.7,1.854155197086153e-05,0.09848698511207,0.1677614339351837,0.8025363097358911,0.24638396458635708,5.165633273869739e-05,0.11730229877929114,0.19279118093051192,0.8301630030862996,0.3454342209716452,0.0009026247453087437,0.14673865233003716,0.23523132879317707,0.8376011905310344,0.4791470186659133,0.9999999999893984
36.15,0.7,1.8418002730742673e-05,0.09869337761074347,0.16798830031728498,0.8021108573412554,0.24634781205440476,5.124889190792616e-05,0.11768448256920555,0.19321549112098202,0.8295869542779646,0.345345021449488,0.0008964779358061183,0.14727971051011118,0.23576522928135654,0.8370036401231961,0.4790046692673402,0.999999999989763
36.2,0.7,1.8295076840661577e-05,0.09889976323426196,0.16821495416166105,0.8016856073618681,0.24631192068046687,5.084448668372307e-05,0.118066815219138,0.19363939715150957,0.8290107887525239,0.3452562956523735,0.0008903617043076696,0.14782109706030877,0.2362986483327847,0.8364058357264931,0.4788628810398486,0.999999999990115
36.25,0.7,1.8172772507346186e-05,0.0991061401469237,0.16844139353677676,0.801260563455978,0.24627628857799483,5.044309345440644e-05,0.11844929065589216,0.19406289334653307,0.8284345170796246,0.34516804106442034,0.0008842759998792284,0.14836280186920925,0.23683157807899202,0.8358077903777548,0.47872165177118475,0.999999999990455
36.300000000000004,0.7,1.805108794239029e-05,0.09931250651258901,0.16866761652438014,0.8008357292742475,0.24624091387406807,5.004468883926243e-05,0.11883190280552391,0.1944859740690711,0.8278581498226838,0.34508025518310864,0.0008782207709366119,0.1489048148180155,0.23736401070450158,0.8352095171129865,0.4785809792578162,0.9999999999907833
36.35,0.7,1.7930021362008522e-05,0.09951886049474375,0.1688936212194624,0.8004111084596652,0.24620579470929557,4.9649249685702674e-05,0.11921464559374305,0.19490863372080405,0.8272816975381293,0.344992935519209,0.0008721959652465554,0.14944712578134883,0.23789593844700851,0.8346110289662132,0.4784408613048971,0.9999999999911002
36.4,0.7,1.780957098679718e-05,0.09972520025656309,0.169119405730218,0.7999867046474576,0.2461709292377182,4.9256753066456345e-05,0.11959751294631404,0.19533086674215228,0.8267051707746415,0.344906079596712,0.0008662015299277575,0.1499897246280428,0.238427353597553,0.8340123389683248,0.47830129572623437,0.9999999999914063
36.45,0.7,1.768973504150075e-05,0.09993152396097538,0.16934496817800498,0.7995625214650012,0.24613631562671157,4.8867176276796245e-05,0.11998049878945614,0.19575266761235094,0.8261285800723978,0.3448196849527578,0.0008602374114520397,0.1505326012219363,0.23895824850068687,0.8334134601459255,0.47816228034425323,0.9999999999917019
36.5,0.7,1.7570511754784104e-05,0.10013782977072613,0.16957030669730533,0.7991385625317352,0.2461019520568898,4.8480496831798626e-05,0.12036359705024259,0.19617403084952154,0.8255519359623191,0.3447337491375665,0.0008543035556456185,0.15107574542266533,0.23948861555463388,0.8328144055201849,0.4780238129899634,0.9999999999919873
36.550000000000004,0.7,1.745189935901023e-05,0.10034411584844231,0.1697954194356856,0.7987148314590735,0.24606783672200988,4.809669246363641e-05,0.12074680165699894,0.19659495101074007,0.8249752489653185,0.3446482697143686,0.0008483999076904902,0.15161914708645371,0.2400184472114436,0.832215188105693,0.4778858915029251,0.9999999999922629
36.6,0.7,1.733389609002346e-05,0.10055038035669667,0.17002030455375772,0.7982913318503173,0.24603396782887668,4.7715741118905435e-05,0.12113010653970044,0.19701542269210193,0.8243985295915518,0.344563244259336,0.0008425264121259263,0.15216279606690225,0.24054773597713894,0.831615820909318,0.47774851373121563,0.999999999992529
36.65,0.7,1.7216500186938074e-05,0.10075662145807225,0.17024496022513982,0.7978680673005673,0.2460003435972487,4.733762095598349e-05,0.12151350563036838,0.19743544052878342,0.8238217883396715,0.344478670361513,0.0008366830128500812,0.1527066822157765,0.24107647441185745,0.8310163169290681,0.4776116775313955,0.999999999992786
36.7,0.7,1.7099709891932232e-05,0.10096283731522712,0.17046938463641736,0.7974450413966362,0.24596696225974454,4.6962310342421685e-05,0.12189699286346538,0.19785499919510013,0.8232450356960824,0.3443945456227482,0.0008308696531217088,0.15325079538379285,0.2416046551299864,0.830416689152957,0.4774753807684751,0.9999999999930341
36.75,0.7,1.6983523450047142e-05,0.10116902609095915,0.1706935759871043,0.7970222577169619,0.24593382206175,4.658978785236797e-05,0.12228056217628958,0.19827409340456187,0.8226682821342011,0.3443108676576265,0.0008250862755619885,0.15379512542140295,0.24213227080029176,0.8298169505578731,0.47733962131588153,0.9999999999932737
36.800000000000004,0.7,1.6867939108991373e-05,0.10137518594827097,0.17091753248960445,0.7965997198315194,0.2459009212613258,4.622003226402237e-05,0.1226642075093676,0.1986927179099244,0.8220915381137164,0.3442276340934013,0.0008193328221564603,0.15433966217957604,0.24265931414604078,0.8292171141084531,0.4772043970554251,0.9999999999935051
36.85,0.7,1.6752955118950277e-05,0.10158131505043506,0.17114125236917296,0.7961774313017346,0.24586825812911603,4.585302255712367e-05,0.12304792280684637,0.1991108675032381,0.8215148140798547,0.3441448425699273,0.0008136092342570666,0.15488439551057945,0.24318577794511873,0.8286171927559604,0.47706970587726655,0.9999999999937285
36.9,0.7,1.66385697324004e-05,0.10178741156105901,0.17136473386387796,0.795755395680396,0.2458358309482573,4.548873791046732e-05,0.1234317020168836,0.19952853701589307,0.8209381204626474,0.34406249073959355,0.0008079154525843012,0.15542931526875692,0.24371165503013942,0.8280171994371668,0.47693554567988405,0.9999999999939442
36.95,0.7,1.652478120392883e-05,0.10199347364415079,0.17158797522456237,0.7953336165115691,0.2458036380142885,4.512715769945398e-05,0.1238155390920369,0.19994572131866145,0.820361467676201,0.3439805762672569,0.000802251417229464,0.15597441131130454,0.24423693828854975,0.8274171470732409,0.4768019143700405,0.9999999999941525
37.0,0.7,1.6411587790057423e-05,0.1021994994641842,0.17181097471480572,0.7949120973305085,0.2457716776350611,4.476826149366881e-05,0.12419942798965161,0.20036241532173618,0.8197848661179715,0.3438990968301759,0.0007966170676570208,0.1565196734990444,0.24476162066272827,0.8268170485686397,0.47666880986275056,0.9999999999943536
37.050000000000004,0.7,1.6298987749071817e-05,0.1024054871861645,0.17203373061088628,0.7944908416635719,0.24573994813065037,4.441202905449074e-05,0.12458336267224716,0.2007786139747668,0.8192083261680416,0.34381805011794464,0.0007910123427070667,0.15706509169719565,0.24528569515007775,0.8262169168100066,0.47653623008124857,0.9999999999945478
37.1,0.7,1.618697934085515e-05,0.102611434975694,0.17225624120174313,0.7940698530281333,0.24570844783326687,4.405844033273181e-05,0.12496733710790185,0.20119431226689202,0.818631858188401,0.34373743383242755,0.0007854371805978925,0.15761065577614305,0.245809154803112,0.8256167646650745,0.47640417295695575,0.9999999999947353
37.15,0.7,1.607556082672646e-05,0.1028173409990378,0.17247850478893853,0.7936491349324966,0.24567717508716902,4.3707475466306016e-05,0.1253513452706362,0.2016095052267693,0.8180554725222313,0.3436572456876941,0.0007798915189286534,0.15815635561220254,0.24633199272953665,0.8250166049815737,0.4762726364294481,0.9999999999949164
37.2,0.7,1.5964730469283654e-05,0.10302320342318973,0.1727005196866203,0.7932286908758094,0.24564612824857593,4.33591147779275e-05,0.1257353811407947,0.20202418792260102,0.8174791794931934,0.343577483409954,0.0007743752946821388,0.15870218108838413,0.24685420209232434,0.8244164505861468,0.4761416184464244,0.9999999999950913
37.25,0.7,1.5854486532251005e-05,0.10322902041593816,0.1729222842214844,0.792808524347977,0.24561530568558096,4.301333877283772e-05,0.12611943870542583,0.20243835546215797,0.8169029894047194,0.3434981447374926,0.0007688884442276416,0.15924812209515168,0.24737577610978392,0.8238163142832687,0.4760111169636738,0.9999999999952601
37.300000000000004,0.7,1.5744827280331096e-05,0.1034347901459321,0.17314379673273747,0.7923886388295763,0.2455847057780661,4.267012813656132e-05,0.12650351195866055,0.20285200299279935,0.8163269125393084,0.34341922742060693,0.0007634309033239266,0.15979416853117961,0.24789670805562417,0.8232162088541736,0.4758811299450444,0.9999999999954231
37.35,0.7,1.563575097906116e-05,0.1036405107827472,0.17336505557205978,0.7919690377917703,0.24555432691761664,4.232946373269046e-05,0.12688759490208887,0.20326512570149,0.815750959157826,0.34334072922154196,0.000758002607122297,0.1603403103041063,0.24841699125901165,0.8226161470557867,0.47575165536241104,0.9999999999955805
37.4,0.7,1.5527255894673736e-05,0.10384618049695198,0.173586059103568,0.7915497246962223,0.24552416750743677,4.199132660069721e-05,0.1272716815451348,0.2036777188148145,0.8151751394988076,0.3432626479144269,0.0007526034901697577,0.16088653733128422,0.24893661910462314,0.8220161416196643,0.47562269119564393,0.9999999999957325
37.45,0.7,1.541934029396161e-05,0.10405179746017394,0.17380680570377824,0.7911307029950108,0.24549422596226556,4.1655697953773844e-05,0.12765576590542932,0.2040897775989883,0.8145994637777666,0.34318498128521224,0.0007472334864122736,0.16143283954052656,0.2494555850326923,0.8214162052509398,0.4754942354325771,0.9999999999958793
37.5,0.7,1.5312002444146927e-05,0.10425735984516589,0.1740272937615691,0.790711976130544,0.24546450070829362,4.1322559176700625e-05,0.12803984200918161,0.20450129735986572,0.8140239421865064,0.34310772713160703,0.0007418925291981235,0.16197920687085032,0.249973882539051,0.8208163506272762,0.4753662860689768,0.9999999999960211
37.550000000000004,0.7,1.5205240612754457e-05,0.1044628658258722,0.17424752167814503,0.7902935475354754,0.2454349901830805,4.09918918237409e-05,0.12842390389154826,0.20491227344294516,0.8134485848924368,0.34303088326301623,0.0007365805512813469,0.1625256292732156,0.2504915051751651,0.8202165903978259,0.47523884110851056,0.999999999996158
37.6,0.7,1.5099053067488946e-05,0.10466831357749519,0.17446748786699948,0.7898754206326185,0.2454056928354724,4.0663677616563175e-05,0.12880794559700048,0.20532270123337126,0.8128734020378949,0.3429544475004788,0.0007312974848252822,0.16307209671126122,0.2510084465481648,0.8196169371821983,0.4751118985627158,0.9999999999962901
37.65,0.7,1.4993438076116481e-05,0.10487370127656141,0.17468719075387845,0.7894575988348626,0.24537660712552076,4.033789844218988e-05,0.12919196117968945,0.2057325761559342,0.8122984037394709,0.3428784176766058,0.0007260432614061979,0.16361859916203642,0.2515247003208695,0.8190174035694339,0.4749854564509689,0.9999999999964176
37.7,0.7,1.4888393906349808e-05,0.10507902710098818,0.17490662877674396,0.7890400855450882,0.24534773152440126,4.001453635097256e-05,0.12957594470380943,0.20614189367506597,0.8117236000873378,0.342802791635519,0.0007208178120170118,0.1641651266167284,0.25204026021180764,0.8184180021169865,0.47485951280045424,0.9999999999965409
37.75,0.7,1.4783918825737562e-05,0.10528428923014989,0.17512580038573772,0.7886228841560835,0.24531906451433347,3.969357355459327e-05,0.12995989024395882,0.20655064929483388,0.8111490011445863,0.34272756723278963,0.0007156210670711,0.164711669081386,0.2525551199952311,0.8178187453497129,0.4747340656461334,0.9999999999966599
37.800000000000004,0.7,1.4680011101557346e-05,0.10548948584494451,0.1753447040431448,0.7882059980504601,0.24529060458850108,3.937499242409179e-05,0.1303437918854991,0.20695883855893116,0.8105746169465651,0.34265274233537774,0.0007104529564061929,0.16525821657763884,0.2530692735011243,0.8172196457588706,0.4746091130307147,0.9999999999967748
37.85,0.7,1.4576669000712593e-05,0.10569461512785999,0.17556333822335748,0.7877894306005696,0.24526235025097268,3.905877548791848e-05,0.1307276437249116,0.20736645705066473,0.8100004575002245,0.34257831482157153,0.0007053134092883576,0.16580475914341244,0.2535827146152081,0.8166207158011235,0.4744846530046224,0.9999999999968857
37.9,0.7,1.4473890789633155e-05,0.10589967526304075,0.17578170141283914,0.7873731851684201,0.2452343000166232,3.8744905430012474e-05,0.13111143987015195,0.2077735003929401,0.8094265327834671,0.3425042825809274,0.000700202354416065,0.16635128683363876,0.2540954372789389,0.8160219678975558,0.4743606836259664,0.9999999999969928
37.95,0.7,1.437167473417959e-05,0.10610466443635409,0.17599979211008823,0.7869572651055937,0.24520645241105568,3.8433365087904965e-05,0.13149517444100225,0.20817996424824356,0.8088528527445017,0.34243064351420993,0.0006951197199243409,0.1668977897209621,0.2546074354895025,0.815423414432694,0.47423720296051197,0.9999999999970963
38.0,0.7,1.4270019099551056e-05,0.10630958083545664,0.17621760882560242,0.786541673753163,0.245178805970524,3.812413745084728e-05,0.1318788415694211,0.20858584431862157,0.8082794273012036,0.34235739553333244,0.000690065433388999,0.16744425789644066,0.2551187032998025,0.8148250677535378,0.47411420908164953,0.9999999999971962
38.050000000000004,0.7,1.416892215019678e-05,0.10651442264986072,0.1764351500818427,0.786126414441609,0.24515135924185574,3.781720565796348e-05,0.1322624353998909,0.20899113634565736,0.8077062663404796,0.34228453656129776,0.0006850394218309558,0.1679906814702432,0.2556292348184448,0.8142269401685996,0.4739917000703646,0.9999999999972927
38.1,0.7,1.4068382149731044e-05,0.10671918807100081,0.1766524144131977,0.7857114904907392,0.24512411078237595,3.751255299642733e-05,0.13264595008976326,0.20939583611044485,0.8071333797176383,0.34221206453213926,0.0006800416117206245,0.16853705057234086,0.25613902420971596,0.8136290439469525,0.4738696740152079,0.9999999999973859
38.15,0.7,1.3968397360851643e-05,0.10692387529229985,0.17686940036594795,0.785296905209605,0.24509705915983118,3.7210162899663205e-05,0.13302937980960144,0.20979993943355987,0.8065607772557666,0.3421399773908625,0.0006750719289823875,0.16908335535319416,0.2566480656935575,0.8130313913172871,0.4737481290122654,0.9999999999974758
38.2,0.7,1.3868966045261743e-05,0.1071284825092356,0.1770861064982303,0.7848826618964209,0.2450702029523143,3.69100189455708e-05,0.13341271874352073,0.2102034421750287,0.8059884687451102,0.3420682730933866,0.0006701302989991465,0.16962958598443495,0.2571563535455354,0.8124339944669782,0.47362706316512865,0.9999999999975626
38.25,0.7,1.3770086463595109e-05,0.10733300791940682,0.1773025313800025,0.7844687638384821,0.24504354074818974,3.661210485477337e-05,0.13379596108952607,0.21060634023429395,0.8054164639424614,0.3419969496064867,0.0006652166466169481,0.17017573265954333,0.2576638820968042,0.8118368655411596,0.4735064745848654,0.9999999999976464
38.300000000000004,0.7,1.3671756875344642e-05,0.10753744972259963,0.1775186735930076,0.7840552143120847,0.24501707114601923,3.6316404488889244e-05,0.1341791010598472,0.21100862955017774,0.804844772570551,0.3419260049077359,0.0006603308961496834,0.17072178559451934,0.25817064573406723,0.8112400166418094,0.47338636138998985,0.9999999999977274
38.35,0.7,1.3573975538794176e-05,0.10774180612085357,0.17773453173073878,0.7836420165824445,0.24499079275448823,3.60229018488263e-05,0.13456213288127122,0.21141030610084247,0.8042734043174472,0.34185543698544824,0.0006554729713838614,0.17126773502854936,0.2586766388995316,0.8106434598268436,0.47326672170643347,0.9999999999978055
38.400000000000006,0.7,1.3476740710953483e-05,0.10794607531852775,0.17795010439840384,0.7832291739036163,0.24496470419233277,3.573158107309923e-05,0.13494505079547253,0.2118113659037488,0.8037023688359594,0.3417852438386214,0.0006506427955834535,0.1718135712246673,0.2591818560908587,0.81004720710922,0.47314755366751565,0.999999999997881
38.45,0.7,1.3380050647496448e-05,0.10815025552236686,0.17816539021289018,0.7828166895184149,0.24493880408826674,3.5442426436169346e-05,0.13532784905934006,0.21221180501561124,0.8031316757430481,0.34171542347688016,0.0006458402914948086,0.1723592844704102,0.2596862918611107,0.8094512704560516,0.47302885541391465,0.9999999999979539
38.5,0.7,1.3283903602702346e-05,0.10835434494156712,0.17838038780272952,0.7824045666583342,0.24491309108091,3.515542234680661e-05,0.1357105219453019,0.21261161953235103,0.8025613346192414,0.34164597392041984,0.0006410653813516371,0.17290486507846842,0.26018994081869157,0.8088556617877303,0.47291062509363857,0.9999999999980242
38.550000000000004,0.7,1.318829782940019e-05,0.1085583417878422,0.17859509580806285,0.7819928085434692,0.24488756381871668,3.48705533464737e-05,0.136093063741647,0.21301080558904675,0.801991355008056,0.3415768931999502,0.0006363179868800622,0.1734503033873301,0.2606927976272847,0.8082603929770595,0.47279286086199646,0.9999999999980922
38.6,0.7,1.3093231578916096e-05,0.10876224427548893,0.17880951288060534,0.781581418382436,0.2448622209599042,3.458780410773188e-05,0.1364754687528445,0.21340935935988223,0.8014217464154259,0.34150817935663963,0.0006315980293037371,0.17399558976192028,0.2611948570057854,0.8076654758483979,0.4726755608815695,0.9999999999981578
38.650000000000006,0.7,1.2998703101023619e-05,0.10896605062145302,0.17902363768361151,0.7811703993722939,0.2448370611723827,3.4307159432668404e-05,0.1368577312998597,0.21380727705809216,0.8008525183091363,0.34143983044205956,0.0006269054293490274,0.17454071459423381,0.26169611372822943,0.8070709221768125,0.4725587233221823,0.9999999999982212
38.7,0.7,1.2904710643897004e-05,0.10916975904539464,0.17923746889184014,0.780759754698467,0.24481208313368505,3.402860425134518e-05,0.13723984572046777,0.2142045549359052,0.8002836801182639,0.3413718445181292,0.0006222401072502568,0.17508566830396285,0.2621965626237173,0.8064767436872431,0.47244234636087457,0.9999999999982824
38.75,0.7,1.2811252454067327e-05,0.10937336776975387,0.17945100519151957,0.7803494875346665,0.24478728553089735,3.375212362026859e-05,0.13762180636956417,0.21460118928448468,0.7997152412326234,0.3413042196570606,0.0006176019827550132,0.1756304413391183,0.2626961985763342,0.8058829520536755,0.47232642818187237,0.9999999999983414
38.800000000000004,0.7,1.2718326776381457e-05,0.10957687501981607,0.17966424528031283,0.7799396010428129,0.2447626670605899,3.347770272088003e-05,0.13800360761947247,0.21499717643386693,0.7991472110022204,0.3412369539413041,0.0006129909751295172,0.17617502417664516,0.26319501652506566,0.805289558898327,0.47221096697655995,0.9999999999983985
38.85,0.7,1.262593185396381e-05,0.10978027902377709,0.1798771878672829,0.7795300983729595,0.2447382264287487,3.320532685806717e-05,0.13838524386024914,0.21539251275289734,0.7985795987367109,0.3411700454634938,0.0006084070031640481,0.17671940732303218,0.26369301146370955,0.8046965757908408,0.4720959609434516,0.9999999999984536
38.900000000000006,0.7,1.2534065928180835e-05,0.10998357801280836,0.18008983167285808,0.7791209826632155,0.24471396235070741,3.293498145869544e-05,0.1387667094999853,0.215787194649164,0.7980124137048665,0.3411034923263934,0.0006038499851784278,0.1772635813149151,0.26419017844078363,0.8041040142474926,0.4719814082881632,0.9999999999985068
38.95,0.7,1.2442727238608206e-05,0.11018677022112193,0.18030217542879726,0.7787122570396701,0.24468987355107985,3.2666652070159826e-05,0.13914799896510563,0.21618121856892897,0.7974456651340471,0.34103729264284277,0.0005993198390275608,0.1778075367196738,0.2646865125594292,0.8035118857304069,0.47186730722338477,0.9999999999985582
39.0,0.7,1.2351914023000666e-05,0.11038985388603516,0.18051421787815544,0.778303924616316,0.24466595876369293,3.2400324358956376e-05,0.1395291067006643,0.2165745809970576,0.7968793622096793,0.340971444535704,0.0005948164821070285,0.17835126413602345,0.2651820089773109,0.8029202016467847,0.47175365596885205,0.9999999999986078
39.050000000000004,0.7,1.2261624517264464e-05,0.1105928272480355,0.1807259577752491,0.7778959884949751,0.24464221673152012,3.213598410927357e-05,0.1399100271706377,0.2169672784569451,0.7963135140747414,0.34090594613780845,0.0005903398313587367,0.17889475419459902,0.26567666290651254,0.8023289733481416,0.4716404527513191,0.9999999999986556
39.1,0.7,1.2171856955432384e-05,0.11079568855084493,0.18093739388562174,0.7774884517652227,0.24461864620661541,3.1873617221603015e-05,0.1402907548582143,0.21735930751044139,0.7957481298292562,0.3408407955919038,0.0005858898032766148,0.1794379975585337,0.26617046961342916,0.8017382121295575,0.4715276958045304,0.9999999999987018
39.150000000000006,0.7,1.2082609569641265e-05,0.11099843604148435,0.18114852498600942,0.7770813175043134,0.24459524595004767,3.161320971136946e-05,0.14067128426608136,0.2177506647577734,0.7951832185297889,0.34077599105060113,0.0005814663139123654,0.1799809849240309,0.26666342441865526,0.8011479292289375,0.47141538336919336,0.9999999999987464
39.2,0.7,1.1993880590112024e-05,0.11120106797033776,0.18135934986430638,0.776674588777107,0.2445720147318355,3.1354747707579776e-05,0.14105160991670848,0.21814134683746542,0.7946187891889527,0.3407115306763229,0.0005770692788812619,0.1805237070209295,0.2671555226968693,0.8005581358262831,0.471303513692951,0.9999999999987895
39.25,0.7,1.1905668245132108e-05,0.11140358259121623,0.18156986731953065,0.7762682686359951,0.2445489513308827,3.109821745149073e-05,0.14143172635262807,0.21853135042625713,0.7940548507749208,0.3406474126412506,0.000572698613367994,0.18106615461326317,0.26764675987671466,0.7999688430429754,0.47119208503035437,0.9999999999988312
39.300000000000004,0.7,1.181797076104034e-05,0.11160597816142177,0.1817800761617897,0.7758623601208274,0.2445260545349139,3.084360529529538e-05,0.14181162813671272,0.21892067223901968,0.7934914122109457,0.3405836351272729,0.0005683542321325587,0.1816083184998124,0.2681371314406768,0.7993800619410698,0.4710810956428355,0.9999999999988713
39.35,0.7,1.1730786362214114e-05,0.11180825294181093,0.18198997521224622,0.77545686625884,0.24450332314041104,3.059089770082775e-05,0.14219130985244924,0.21930930902866957,0.7929284823748847,0.34052019632593433,0.0005640360495161953,0.18215018951465053,0.26862663292495703,0.7987918035226009,0.4709705437986803,0.9999999999989102
39.400000000000006,0.7,1.1644113271058917e-05,0.11201040519685826,0.18219956330308376,0.7750517900645822,0.24448075595254992,3.0340081238285743e-05,0.14257076610420977,0.21969725758608052,0.7923660700987327,0.3404570944383838,0.0005597439794473638,0.18269175852768274,0.26911525991934265,0.7982040787289004,0.4708604277730013,0.9999999999989477
39.45,0.7,1.1557949708000106e-05,0.11221243319471953,0.18240883927747262,0.7746471345398457,0.24445835178513756,3.0091142584971876e-05,0.14294999151751936,0.22008451473999327,0.7918041841681621,0.34039432767532357,0.0005554779354477645,0.1832330164451785,0.26960300806707366,0.7976168984399254,0.470750745847711,0.9999999999989839
39.5,0.7,1.1472293891476931e-05,0.1124143352072948,0.1826178019895356,0.7742429026735925,0.24443610946054972,2.9844068524051844e-05,0.14332898073932057,0.22047107735692334,0.7912428333220692,0.34033189425695864,0.0005512378306383965,0.18377395421029719,0.2700898730647061,0.7970302734735986,0.47064149631149493,0.9999999999990189
39.550000000000004,0.7,1.1387144037938738e-05,0.11261610951029118,0.1828264503043138,0.7738390974418853,0.24441402780966914,2.959884594333051e-05,0.14370772843823465,0.22085694234106695,0.7906820262521281,0.34026979241294625,0.0005470235777456563,0.18431456280360692,0.2705758506619722,0.7964442145851599,0.470532677459785,0.9999999999990526
39.6,0.7,1.1302498361843326e-05,0.11281775438328547,0.18303478309773266,0.7734357218078162,0.24439210567182393,2.935546183404523e-05,0.14408622930481954,0.2212421066342048,0.7901217716023512,0.34020802038234566,0.000542835089107472,0.18485483324359658,0.2710609366616368,0.7958587324665304,0.47042428759473287,0.9999999999990852
39.650000000000006,0.7,1.1218355075657418e-05,0.1130192681097865,0.18324279925656767,0.7730327787214377,0.2443703418947267,2.9113903289676273e-05,0.14446447805182458,0.22162656721560403,0.7895620779686571,0.34014657641356816,0.0005386722766794735,0.18539475658718094,0.271545126919351,0.7952738377456869,0.4703163250251835,0.9999999999991166
39.7,0.7,1.1134712389859204e-05,0.11322064897729735,0.18345049767841043,0.7726302711196933,0.2443487353344139,2.8874157504774117e-05,0.14484246941444182,0.2220103211019183,0.7890029538984457,0.3400854587643275,0.0005345350520411966,0.1859343239301988,0.2720284173435026,0.7946895409860494,0.4702087880666487,0.999999999999147
39.75,0.7,1.1051568512942916e-05,0.11342189527737712,0.18365787727163457,0.7722282019263487,0.2443272848551857,2.8636211773803434e-05,0.14522019815055404,0.2223933653470858,0.78844440789018,0.34002466570159046,0.0005304233264023195,0.18647352640790427,0.2725108038950628,0.7941058526858792,0.4701016750412808,0.9999999999991763
39.800000000000004,0.7,1.09689216514254e-05,0.11362300530570267,0.18386493695536177,0.7718265740519239,0.2443059893295464,2.8400053490003557e-05,0.14559765904097957,0.2227756970422257,0.7878864483929756,0.3399641955015277,0.0005263370106089309,0.187012355195451,0.27299228258743075,0.7935227832776897,0.46999498427784675,0.9999999999992046
39.85,0.7,1.0886770009854639e-05,0.11382397736213003,0.18407167565942764,0.7714253903936257,0.24428484763814498,2.8165670144265227e-05,0.14597484688971357,0.22315731331553257,0.787329083806197,0.33990404644946476,0.0005222760151498274,0.18755080150836945,0.27347284948627426,0.7929403431276687,0.46988871411170174,0.999999999999232
39.900000000000006,0.7,1.0805111790820206e-05,0.1140248097507555,0.18427809232434794,0.7710246538352803,0.24426385866971645,2.7933049324023437e-05,0.14635175652416596,0.22353821133216906,0.7867723224790611,0.33984421683983373,0.0005182402501628385,0.188088856603037,0.27395250070936805,0.7923585425351126,0.46978286288476334,0.9999999999992584
39.95,0.7,1.0723945194965587e-05,0.11422550077997658,0.18448418590128446,0.7706243672472669,0.24424302132102332,2.770217871216614e-05,0.14672838279539607,0.22391838829415675,0.7862161727102484,0.3397847049761246,0.0005142296254411796,0.18862651177714107,0.27443123242642886,0.7917773917318726,0.46967742894548564,0.9999999999992839
40.0,0.7,1.064326842100235e-05,0.11442604876255252,0.1846899553520112,0.7702245334864521,0.24422233449679767,2.7473046085958654e-05,0.14710472057834387,0.22429784144026543,0.7856606427475206,0.3397255091708374,0.0005102440504398294,0.18916375837013508,0.2749090408589478,0.7911969008818123,0.4695724106488334,0.9999999999993086
40.050000000000004,0.7,1.0563079665726127e-05,0.11462645201566475,0.18489539964888038,0.7698251553961242,0.2442017971096835,2.724563931598358e-05,0.14748076477205768,0.22467656804590042,0.785105740787347,0.33966662774543394,0.0005062834342819314,0.18970058776368734,0.2753859222800196,0.7906170800802783,0.4694678063562566,0.9999999999993323
40.1,0.7,1.0483377124034362e-05,0.11482670886097684,0.18510051777478864,0.7694262358059281,0.24418140808017974,2.7019946365095992e-05,0.14785651029991861,0.2250545654229884,0.7845514749745361,0.33960805903029073,0.0005023476857652183,0.19023699138212274,0.27586187301416965,0.7900379393535819,0.46936361443566466,0.9999999999993553
40.150000000000006,0.7,1.0404158988945787e-05,0.11502681762469437,0.18530530872314305,0.7690277775318017,0.24416116633658327,2.6795955287393762e-05,0.14823195210986145,0.2254318309198615,0.7839978534018767,0.33954980136465135,0.0004984367133684562,0.19077296069285718,0.2763368894371777,0.7894594886584927,0.4692598332614009,0.9999999999993775
40.2,0.7,1.0325423451621604e-05,0.11522677663762433,0.18550977149782732,0.768629783375912,0.2441410708149328,2.65736542272028e-05,0.14860708517459223,0.22580836192113962,0.7834448841097842,0.3394918530965793,0.0004945504252579101,0.19130848720682495,0.2768109679758994,0.7888817378817449,0.46915646121421756,0.9999999999993989
40.25,0.7,1.0247168701388324e-05,0.11542658423523433,0.18571390511316796,0.768232256126592,0.24412112045895287,2.635303141807702e-05,0.14898190449180224,0.22618415584761148,0.7828925750859561,0.33943421258291145,0.0004906887292938264,0.19184356247889883,0.27728410510808477,0.7883046968395551,0.4690534966812501,0.9999999999994196
40.300000000000004,0.7,1.0169392925762231e-05,0.11562623875771148,0.18591770859390036,0.7678351985582778,0.24410131421999828,2.6134075181812874e-05,0.1493564050843786,0.2265592101561137,0.7823409342650338,0.3393768781892111,0.00048685153303693247,0.1923781781083029,0.27775629736219465,0.7877283752771521,0.4689509380559924,0.9999999999994396
40.35,0.7,1.009209431047544e-05,0.11582573855002097,0.18612118097513505,0.7674386134314474,0.24408165105699903,2.5916773927478226e-05,0.14973058200061146,0.22693352233940847,0.7817899695282721,0.3393198482897218,0.00048303874375495214,0.1929123257390182,0.2782275413172142,0.787152782868319,0.4688487837382714,0.9999999999994589
40.400000000000006,0.7,1.0015271039503507e-05,0.11602508196196426,0.18632432130232385,0.7670425034925592,0.2440621299364056,2.5701116150455407e-05,0.15010443031439755,0.22730708992605983,0.7812396887032155,0.3392631212673213,0.00047925026842913457,0.193445997060181,0.2786978336024641,0.786577929214947,0.4687470321342222,0.9999999999994775
40.45,0.7,9.938921295094556e-06,0.11622426734823708,0.18652712863122606,0.7666468714739911,0.24404274983213461,2.5487090431498287e-05,0.1504779451254405,0.22767991048030825,0.780690099563383,0.33920669551347565,0.0004754860137607962,0.193979183806474,0.2791671708974092,0.7860038238466008,0.4686456816562634,0.9999999999994955
40.5,0.7,9.863043257799901e-06,0.116423293068487,0.18672960202787467,0.7662517200939807,0.24402350972551484,2.5274685435803133e-05,0.15085112155944738,0.22805198160194373,0.7801412098279594,0.33915056942819355,0.000471745886177874,0.19451187775850995,0.27963554993146533,0.7854304762200975,0.4685447307230722,0.9999999999995128
40.550000000000004,0.7,9.78763510650612e-06,0.11662215748737072,0.18693174056854253,0.7658570520565657,0.24400440860523379,2.506388991209313e-05,0.1512239547683221,0.22842330092617757,0.7795930271614941,0.339094741419981,0.0004680297918414884,0.19504407074320826,0.2801029674838029,0.7848578957190956,0.46844417775955943,0.9999999999995296
40.6,0.7,9.712695018468526e-06,0.11682085897461093,0.18713354333970864,0.7654628700515255,0.2439854454672844,2.4854692691716343e-05,0.1515964399303549,0.22879386612351263,0.7790455591736076,0.3390392099057962,0.000464337636652515,0.1955757546341642,0.2805694203831492,0.784286091653697,0.4683440211968456,0.9999999999995458
40.650000000000006,0.7,9.638221169346058e-06,0.11701939590505302,0.1873350094380243,0.7650691767543223,0.24396661931491237,2.4647082687756978e-05,0.15196857225040877,0.22916367489961217,0.7784988134187047,0.3389839733110047,0.00046066932625816375,0.19610692135201077,0.28103490550758764,0.7837150732600611,0.4682442594722358,0.9999999999995615
40.7,0.7,9.56421173323749e-06,0.1172177666587212,0.1875361379702794,0.7646759748260443,0.24394792915856373,2.444104889415973e-05,0.15234034696010204,0.22953272499516741,0.7779527973956963,0.33892903006933456,0.00045702476605856375,0.1966375628647732,0.28149941978435555,0.78314484970003,0.46814489102919576,0.9999999999995766
40.75,0.7,9.490664882718972e-06,0.1174159696208745,0.18773692805336856,0.7642832669133485,0.24392937401583284,2.423658038486709e-05,0.1527117593179876,0.22990101418576356,0.7774075185477273,0.33887437862283215,0.00045340386121335265,0.19716767118821643,0.2819629601896393,0.7825754300607662,0.46804591431732734,0.9999999999995911
40.800000000000004,0.7,9.41757878888286e-06,0.1176140031820622,0.18793737881425743,0.7638910556484043,0.24391095291141074,2.4033666312969398e-05,0.1530828046097287,0.2302685402817447,0.7768629842619124,0.3388200174218179,0.0004498065166482698,0.19769723838618486,0.2824255237483677,0.7820068233544026,0.4679473277923443,0.9999999999996052
40.85,0.7,9.344951621377787e-06,0.11781186573817903,0.1881374893899489,0.7634993436488385,0.2438926648770339,2.3832295909867507e-05,0.15345347814827104,0.23063530112807723,0.7763192018690797,0.3387659449248423,0.00044623263706175103,0.19822625657093518,0.2828871075340033,0.7814390385177032,0.4678491299160485,0.9999999999996187
40.900000000000006,0.7,9.272781548449962e-06,0.11800955569052002,0.18833725892744935,0.7631081335176797,0.24387450895143328,2.3632458484447842e-05,0.15382377527401156,0.23100129460421215,0.7757761786435208,0.3387121595986423,0.0004426821269315241,0.19875471790346164,0.2833477086683316,0.7808720844117365,0.4677513191563055,0.9999999999996319
40.95,0.7,9.201066736985659e-06,0.11820707144583481,0.18853668658373482,0.7627174278433045,0.24385648418028388,2.343414342226976e-05,0.15419369135496358,0.23136651862394597,0.7752339218027491,0.3386586599180978,0.00043915489052120417,0.19928261459381413,0.28380732432124833,0.7803059698215603,0.467653893987021,0.9999999999996445
41.0,0.7,9.129805352554847e-06,0.1184044114163818,0.18873577152571733,0.7623272291993839,0.24383858961615454,2.3237340184764955e-05,0.15456322178691856,0.23173097113528052,0.7746924385072648,0.3386054443661883,0.0004356508318868869,0.19980993890140897,0.28426595171054514,0.7797407034559188,0.46755685288811677,0.9999999999996567
41.050000000000004,0.7,9.05899555945597e-06,0.11860157401998177,0.18893451293021102,0.7619375401448301,0.24382082431845806,2.304203830844883e-05,0.15493236199360416,0.2320946501202814,0.7741517358603274,0.33855251143395,0.0004321698548837387,0.20033668313533232,0.28472358810169307,0.7791762939469508,0.4674601943455071,0.9999999999996685
41.1,0.7,8.988635520761792e-06,0.1187985576800711,0.18913290998389845,0.7615483632237445,0.24380318735340192,2.2848227404143614e-05,0.15530110742683909,0.23245755359493547,0.7736118209077358,0.338499859620433,0.0004287118631725831,0.20086283965463647,0.28518023080762456,0.7786127498499094,0.46736391685107515,0.9999999999996799
41.150000000000006,0.7,8.918723398366328e-06,0.1189953608257547,0.18933096188329676,0.7611597009653666,0.2437856777939391,2.2655897156213075e-05,0.15566945356668416,0.23281967960900696,0.7730727006376156,0.3384474874326587,0.00042527676022648076,0.20138840086862875,0.2856358771885134,0.7780500796428944,0.46726801890264935,0.9999999999996909
41.2,0.7,8.849257353032796e-06,0.11919198189185848,0.18952866783472397,0.7607715558840221,0.2437682947197193,2.24650373218087e-05,0.15603739592159008,0.23318102624589257,0.772534381980213,0.3383953933855774,0.00042186444933730384,0.20191335923715317,0.2860905246515533,0.7774882917265956,0.46717249900398,0.9999999999997016
41.25,0.7,8.780235544442568e-06,0.11938841931898142,0.18972602705426508,0.7603839304790738,0.24375103721704075,2.2275637730127146e-05,0.1564049300285416,0.23354159162247548,0.7719968718076973,0.3383435760020264,0.0004184748336223017,0.20243770727086494,0.2865441706507347,0.7769273944240472,0.467077355664716,0.9999999999997118
41.300000000000004,0.7,8.711656131245102e-06,0.11958467155354721,0.1899230387677384,0.7599968272348717,0.24373390437880194,2.208768828167881e-05,0.15677205145319834,0.23390137388897825,0.7714601769339694,0.33829203381268796,0.0004151078160306576,0.20296143753149756,0.28699681268661953,0.7763673959803947,0.46698258740038134,0.9999999999997217
41.35,0.7,8.643517271108806e-06,0.11978073704785556,0.1901197022106616,0.7596102486207044,0.24371689530445412,2.1901178947567392e-05,0.15713875579003184,0.23426037122881463,0.7709243041144785,0.3382407653560476,0.0004117632993500358,0.20348454263212298,0.28744844830611543,0.7758083045626724,0.4668881927323524,0.9999999999997312
41.400000000000006,0.7,8.575817120772822e-06,0.11997661426013298,0.1903160166282181,0.7592241970907507,0.2437000090999539,2.1716099768780257e-05,0.15750503866245955,0.23461858185844037,0.7703892600460451,0.3381897691783527,0.0004084411862131164,0.20400701523740428,0.2878990751022473,0.7752501282595926,0.4667941701878343,0.9999999999997404
41.45,0.7,8.508553836099688e-06,0.1201723016545832,0.1905119812752231,0.7588386750840329,0.2436832448777163,2.1532440855489477e-05,0.15787089572297494,0.23497600402720312,0.7698550513666919,0.33813904383357146,0.0004051413791041181,0.20452884806384136,0.28834869071392827,0.7746928750813469,0.46670051829983855,0.9999999999997493
41.5,0.7,8.441725572128854e-06,0.12036779770143723,0.19070759541608978,0.7584536850243698,0.243666601756568,2.1350192386363378e-05,0.1582363226532745,0.23533263601719112,0.7693216846554816,0.33808858788335155,0.00040186378036530723,0.20505003388000945,0.2887972928257285,0.774136552959417,0.46660723560715955,0.999999999999758
41.550000000000004,0.7,8.375330483131025e-06,0.12056310087700281,0.19090285832479556,0.758069229320331,0.24365007886170115,2.1169344607888452e-05,0.15860131516438106,0.2356884761430812,0.7687891664323618,0.33803839989697965,0.00039860829220349215,0.2055705655067904,0.28924487916764335,0.7735811697463985,0.4665143206543523,0.9999999999997663
41.6,0.7,8.309366722663295e-06,0.12075820966371364,0.19109776928484817,0.7576853103651917,0.24363367532462724,2.098988783370149e-05,0.1589658689967637,0.23604352275198556,0.7682575031580176,0.3379884784513406,0.0003953748166965014,0.20609043581759698,0.2896914475148594,0.7730267332158347,0.46642177199170926,0.9999999999997743
41.650000000000006,0.7,8.243832443625063e-06,0.120953122550178,0.19129232758925185,0.7573019305368882,0.2436173902831316,2.0811812443931773e-05,0.15932997992045433,0.23639777422329797,0.7677267012337295,0.33793882213087734,0.000392163255799645,0.20660963773859,0.29013699568752,0.7724732510620624,0.46632958817523806,0.9999999999997821
41.7,0.7,8.178725798314674e-06,0.12114783803122701,0.19148653254047343,0.7569190921979745,0.24360122288122799,2.06351088845532e-05,0.15969364373516073,0.23675122896853873,0.7671967670012414,0.33788942952755047,0.0003889735113521581,0.20712816424888844,0.2905815215504888,0.7719207309000679,0.4662377677666389,0.9999999999997896
41.75,0.7,8.114044938486777e-06,0.12134235460796249,0.19168038345040853,0.756536797695579,0.2435851722691136,2.0459767666746186e-05,0.16005685627037622,0.23710388543119906,0.7666677067426322,0.3378402992407986,0.000385805485083625,0.20764600838077243,0.2910250230131124,0.771369180265354,0.46614630933328194,0.9999999999997968
41.800000000000004,0.7,8.04978801541038e-06,0.1215366707878042,0.1918738796403476,0.7561550493613629,0.2435692376031245,2.0285779366269194e-05,0.16041961338548594,0.23745574208658446,0.7661395266801972,0.33779142987749844,0.0003826590786203834,0.2081631632198794,0.29146749802898203,0.7708186066138187,0.4660552114481851,0.9999999999998038
41.85,0.7,7.985953179927546e-06,0.12173078508453683,0.19206702044094218,0.7557738495114781,0.24355341804569106,2.0113134622839764e-05,0.16078191096986968,0.2378067974416573,0.7656122329763351,0.33774282005192535,0.0003795341934919074,0.2086796219053931,0.29190894459569366,0.7702690173216443,0.46596447268999186,0.9999999999998106
41.900000000000006,0.7,7.922538582512733e-06,0.12192469601835641,0.19225980519217076,0.7553932004465268,0.24353771276529418,1.99418241395249e-05,0.1611437449430014,0.2381570500348787,0.7650858317334417,0.3376944683857141,0.00037643073113716814,0.2091953776302258,0.2923493607546073,0.7697204196851963,0.46587409164294885,0.9999999999998171
41.95,0.7,7.859542373332733e-06,0.12211840211591628,0.19245223324330502,0.7550131044515218,0.24352212093642145,1.977183868214066e-05,0.1615051112545453,0.23850649843604946,0.7645603289938115,0.33764637350781973,0.0003733485929109717,0.2097104236411934,0.29278874459060505,0.7691728209209346,0.46578406689688395,0.9999999999998235
42.0,0.7,7.796962702307193e-06,0.12231190191037258,0.1926443039528759,0.7546335637958469,0.2435066417395238,1.9603169078660857e-05,0.16186600588444863,0.23885514124615045,0.7640357307395457,0.3375985340544787,0.0003702876800902725,0.21022475323918385,0.29322709423184823,0.7686262281653342,0.46569439704718424,0.9999999999998296
42.050000000000004,0.7,7.734797719169691e-06,0.12250519394142936,0.1928360166886396,0.7542545807332187,0.24349127436097234,1.9435806218634648e-05,0.16222642484303101,0.23920297709718208,0.7635120428924664,0.33755094866917024,0.00036724789388046196,0.21073835977931857,0.29366440784953357,0.7680806484748163,0.4656050806947741,0.9999999999998355
42.1,0.7,7.673045573529335e-06,0.1226982767553831,0.1930273708275436,0.753876157501649,0.24347601799301571,1.9269741052612982e-05,0.16258636417107053,0.23955000465200316,0.762989271314039,0.3375036160025778,0.0003642291354216306,0.21125123667110718,0.29410068365764835,0.7675360888256908,0.46551611644609325,0.9999999999998411
42.150000000000006,0.7,7.61170441493286e-06,0.12289114890516681,0.19321836575569273,0.753498296323408,0.24346087183373757,1.9104964591583696e-05,0.16294581993988652,0.2398962226041691,0.7624674218052998,0.3374565347125508,0.00036123130579480376,0.21176337737859532,0.29453591991272476,0.7669925561141081,0.4654275029130753,0.9999999999998466
42.2,0.7,7.550772392927217e-06,0.12308380895039367,0.1934090008683152,0.7531209994049879,0.24344583508701442,1.8941467906415162e-05,0.16330478825141898,0.24024162967776935,0.7619465001067915,0.3374097034640668,0.00035825430602814907,0.21227477542050585,0.2949701149135932,0.7664500571560217,0.46533923871312566,0.9999999999998519
42.25,0.7,7.490247657122597e-06,0.12327625545740017,0.19359927556972847,0.7527442689370678,0.2434309069624738,1.8779242127308347e-05,0.16366326523830468,0.24058622462726434,0.7614265118985049,0.33736312092919324,0.0003552980371031554,0.21278542437037323,0.29540326700113495,0.7659085986871608,0.4652513224691005,0.999999999999857
42.300000000000004,0.7,7.430128357255896e-06,0.12346848699928874,0.19378918927330543,0.752368107094479,0.24341608667545273,1.8618278443257153e-05,0.16402124706395013,0.2409300062373216,0.7609074627998268,0.33731678578705016,0.0003523623999607817,0.2132953178566713,0.29583537455803377,0.765368187363013,0.4651637528092848,0.9999999999998619
42.35,0.7,7.3704126432545715e-06,0.12366050215596991,0.1939787414014402,0.7519925160361715,0.24340137344695648,1.845856810151691e-05,0.1643787299226011,0.2412729733226515,0.7603893583694958,0.3372706967237725,0.0003494472955075761,0.21380444956293448,0.29626643600852715,0.7648288297588173,0.4650765283673711,0.9999999999998667
42.400000000000006,0.7,7.311098665300888e-06,0.12385229951420403,0.19416793138551414,0.7516174979051805,0.24338676650361757,1.8300102407080914e-05,0.16473571003940907,0.2416151247278422,0.7598722041055632,0.3372248524324731,0.00034655262462176276,0.2143128132278722,0.2966964498181564,0.7642905323695661,0.4649896477824384,0.9999999999998712
42.45,0.7,7.2521845738965145e-06,0.12404387766764237,0.19435675866586175,0.7512430548285949,0.24337226507765516,1.814287272216485e-05,0.1650921836704943,0.24195645932719426,0.7593560054453611,0.33717925161320517,0.0003436782881592972,0.21482040264547705,0.2971254144935164,0.7637533016100182,0.4649031096989305,0.9999999999998757
42.5,0.7,7.193668519927453e-06,0.1242352352168679,0.19454522269173663,0.7508691889175252,0.24335786840683474,1.798687046569901e-05,0.16544814710300584,0.24229697602455455,0.7588407677654768,0.33713389297292606,0.00034082418695988815,0.21532721166512614,0.29755332858200456,0.7632171438147204,0.4648169127666353,0.99999999999988
42.550000000000004,0.7,7.135548654729276e-06,0.12442637076943537,0.19473332292127737,0.7504959022670732,0.24334357573442797,1.783208711282816e-05,0.16580359665517821,0.2426366737531497,0.7583264963817343,0.3370887752254601,0.00033799022185298605,0.21583323419167622,0.29798019067156895,0.7626820652380397,0.4647310556406633,0.9999999999998841
42.6,0.7,7.077823130152657e-06,0.12461728293991109,0.1949210588214734,0.7501231969563023,0.24332938630917297,1.7678514194418952e-05,0.16615852867638503,0.24297555147541908,0.7578131965491808,0.3370438970914623,0.0003351762936637365,0.2163384641855523,0.2984059993904563,0.7621480720542044,0.464645536981427,0.9999999999998881
42.650000000000006,0.7,7.020490098629152e-06,0.124807970349912,0.19510842986813087,0.7497510750482081,0.24331529938523483,1.7526143296574762e-05,0.16651293954718932,0.24331360818284722,0.7573008734620805,0.3369992572983822,0.00033238230321889866,0.2168428956628299,0.2988307534069591,0.7616151703573545,0.4645603554546198,0.999999999999892
42.7,0.7,6.963547713237239e-06,0.12499843162814445,0.19529543554583853,0.7493795385896906,0.24330131422216633,1.7374966060157797e-05,0.1668668256793909,0.24365084289579594,0.7567895322539149,0.3369548545804275,0.0003296081513527273,0.21734652269531096,0.2992544514291622,0.761083366161602,0.4644755097311952,0.9999999999998956
42.75,0.7,6.906994127768561e-06,0.12518866541044227,0.1954820753479335,0.7490085896115263,0.24328743008486914,1.722497418031842e-05,0.16722018351607043,0.24398725466333585,0.7562791779973881,0.33691068767852844,0.00032685373891281824,0.21784933941059342,0.2996770922046891,0.7605526654011002,0.46439099848734605,0.9999999999998992
42.800000000000004,0.7,6.85082749679438e-06,0.12537867033980443,0.1956683487764671,0.7486382301283417,0.2432736462435551,1.7076159406031527e-05,0.16757300953163054,0.24432284256307754,0.7557698157044399,0.3368667553403019,0.0003241189667659162,0.21835133999213477,0.30009867452044775,0.7600230739301218,0.46430682040448396,0.9999999999999026
42.85,0.7,6.795045975732199e-06,0.12556844506643222,0.19585425534217074,0.748268462138588,0.24325996197370786,1.6928513539639864e-05,0.16792530023183377,0.24465760570100242,0.7552614503262637,0.3368230563200161,0.0003214037358036842,0.2188525186793091,0.30051919720237585,0.7594945975231464,0.4642229741692187,0.999999999999906
42.900000000000006,0.7,6.7396477209125434e-06,0.12575798824776585,0.19603979456442158,0.747899287624515,0.24324637655604486,1.6782028436404215e-05,0.16827705215383748,0.24499154321129307,0.7547540867533309,0.336779589378555,0.00031870794694843416,0.21935286976745838,0.30093865911518575,0.7589672418749568,0.4641394584733377,0.9999999999999092
42.95,0.7,6.684630889645879e-06,0.12594729854852046,0.19622496597120834,0.7475307085521479,0.24323288927647943,1.663669600406029e-05,0.1686282618662257,0.24532465425616332,0.7542477298154215,0.33673635328338347,0.0003160315011588179,0.21985238760793732,0.3013570591621091,0.758441012600744,0.4640562720137856,0.9999999999999123
43.0,0.7,6.629993640289638e-06,0.1261363746407218,0.196409769099097,0.7471627268712633,0.24321949942608334,1.6492508202382243e-05,0.16897892596903802,0.24565693802568792,0.7537423842816608,0.3366933468085121,0.0003133742994354779,0.22035106660815237,0.30177439628464103,0.7579159152362214,0.4639734134926439,0.9999999999999153
43.050000000000004,0.7,6.5757341323153454e-06,0.12632521520374126,0.19659420349319662,0.7467953445153668,0.2432062063010495,1.6349457042752693e-05,0.1693290410937954,0.245988393737632,0.7532380548605612,0.33665056873446253,0.000310736242826657,0.2208489012315947,0.3021906694622844,0.7573919552377465,0.463890881617111,0.9999999999999182
43.1,0.7,6.521850526375819e-06,0.12651381892433036,0.19677826870712498,0.7464285634016712,0.24319300920265496,1.620753458773915e-05,0.16967860390352307,0.24631902063728017,0.7527347462000706,0.33660801784823285,0.00030811723243376695,0.22134588599786725,0.3026058777122932,0.7568691379824528,0.46380867509948154,0.999999999999921
43.150000000000006,0.7,6.468340984372417e-06,0.12670218449665477,0.19696196430297427,0.7460623854310755,0.24317990743722423,1.606673295067674e-05,0.17002761109277045,0.24664881799726524,0.752232462887627,0.3365656929432633,0.00030551716941691447,0.2218420154827059,0.3030200200894162,0.7563474687683883,0.4637267926571267,0.9999999999999236
43.2,0.7,6.41520366952233e-06,0.12689031062232775,0.19714528985127683,0.7456968124881446,0.2431669003160927,1.59270442952571e-05,0.1703760593876281,0.24697778511739682,0.7517312094502173,0.3365235928194018,0.0003029359550003847,0.22233728431799474,0.30343309568564036,0.7558269528146636,0.46364523301247396,0.9999999999999263
43.25,0.7,6.362436746425884e-06,0.12707819601044312,0.1973282449309707,0.7453318464410901,0.2431539871555706,1.578846083512338e-05,0.17072394554574186,0.2473059213244897,0.7512309903544434,0.33648171628287027,0.0003003734904780818,0.22283168719177568,0.3038451036299337,0.7553075952616076,0.4635639948929874,0.9999999999999288
43.300000000000004,0.7,6.310038381133843e-06,0.12726583937760771,0.19751082912936538,0.7449674891417518,0.24314116727690696,1.5650974833471203e-05,0.17107126635632397,0.2476332259721918,0.7507318100065933,0.3364400621462305,0.0002978296772189251,0.2233252188482522,0.30425604308798854,0.7547894011709312,0.4634830770311475,0.9999999999999313
43.35,0.7,6.258006741214686e-06,0.12745323944797318,0.19769304204210733,0.7446037424255799,0.24312844000625394,1.5514578602655535e-05,0.17141801864016146,0.2479596984408122,0.7502336727527172,0.3363986292283507,0.00029530441667220133,0.22381787408778767,0.3046659132619641,0.7542723755258991,0.46340247816443175,0.9999999999999336
43.400000000000006,0.7,6.206339995821852e-06,0.12764039495326734,0.19787488327314567,0.744240608111618,0.24311580467463145,1.5379264503803303e-05,0.17176419924962152,0.24828533813714865,0.7497365828787106,0.3363574163543717,0.0002927976103728721,0.22430964776689763,0.3050747133902297,0.75375652323151,0.4633221970352947,0.9999999999999359
43.45,0.7,6.15503631576092e-06,0.127827304632825,0.19805635243469777,0.7438780880024871,0.24310326061789198,1.5245024946431713e-05,0.17210980506865428,0.2486101444943152,0.7492405446104009,0.33631642235567405,0.00029030915994683555,0.22480053479823703,0.30548244274710684,0.7532418491146833,0.46324223239114837,0.9999999999999382
43.5,0.7,6.104093873556723e-06,0.12801396723361821,0.19823744914721472,0.7435161838843705,0.24309080717668563,1.5111852388072148e-05,0.1724548330127926,0.2489341169715695,0.7487455621136414,0.3362756460698445,0.00028783896711614255,0.22529053015058148,0.3058891006426126,0.7527283579244547,0.4631625829843428,0.9999999999999403
43.550000000000004,0.7,6.0535108435203605e-06,0.12820038151028604,0.198418173039347,0.7431548975269989,0.24307844369642553,1.497973933389955e-05,0.17279928002914915,0.24925725505414,0.7482516394944092,0.33623508634064325,0.0002853869337041664,0.22577962884880345,0.30629468642220187,0.7522160543321784,0.46308324757214653,0.9999999999999424
43.6,0.7,6.003285401816107e-06,0.12838654622516366,0.19859852374790996,0.7427942306836375,0.24306616952725343,1.4848678336367185e-05,0.17314314309641082,0.24957955825305309,0.747758780798909,0.3361947420179711,0.0002829529616407259,0.22626782597384282,0.30669919946651025,0.7517049429317373,0.4630042249167271,0.9999999999999444
43.650000000000006,0.7,5.953415726528199e-06,0.1285724601483111,0.19877850091784935,0.7424341850910723,0.24305398402400546,1.4718661994846726e-05,0.17348641922483027,0.24990102610496,0.747266990013682,0.3361546119578369,0.00028053695296716114,0.22675511666267217,0.30710263919109676,0.7511950282397601,0.46292551378513197,0.9999999999999463
43.7,0.7,5.903899997727467e-06,0.12875812205754136,0.19895810420220686,0.7420747624695989,0.24304188654617834,1.4589682955273512e-05,0.17382910545621486,0.25022165817196385,0.74677627106572,0.336114695022325,0.00027813880984136155,0.2272414961082568,0.30750500504618666,0.7506863146958459,0.4628471129492691,0.9999999999999482
43.75,0.7,5.8547363975378225e-06,0.12894353073844783,0.19913733326208558,0.7417159645230108,0.24302987645789556,1.4461733909796943e-05,0.17417119886391294,0.25054145404144623,0.7462866278225846,0.33607499007956304,0.0002757584345427461,0.22772695955950958,0.3079062965164145,0.7501788066627953,0.4627690211858879,0.9999999999999499
43.800000000000004,0.7,5.8059231102025645e-06,0.12912868498443145,0.19931618776661542,0.7413577929385892,0.2430179531278741,1.433480759643588e-05,0.17451269655279741,0.2508604133258942,0.7457980640925316,0.3360354960036899,0.000273395729477195,0.22821150232124052,0.30830651312056706,0.7496725084268496,0.46269123727656003,0.9999999999999517
43.85,0.7,5.757458322150494e-06,0.1293135835967271,0.1994946673929187,0.7410002493870935,0.2430061159293912,1.4208896798738982e-05,0.1748535956592467,0.25117853566272685,0.7453105836246398,0.3359962116748238,0.0002710505971819327,0.22869511975410128,0.30870565441132664,0.7491674241979354,0.46261376000766047,0.9999999999999534
43.900000000000006,0.7,5.709340222061827e-06,0.12949822538442962,0.19967277182607554,0.7406433355227529,0.24299436424025136,1.4083994345449895e-05,0.1751938933511232,0.2514958207141221,0.7448241901089454,0.3359571359790303,0.0002687229403303614,0.2291778072745248,0.30910371997501446,0.7486635581099167,0.46253658817034854,0.9999999999999549
43.95,0.7,5.661567000933885e-06,0.12968260916451912,0.19985050075908917,0.7402870529832578,0.24298269744275375,1.396009311017718e-05,0.17553358682774892,0.25181226816684327,0.7443388871765813,0.3359182678082911,0.0002664126617368455,0.2296595603546596,0.3095007094313342,0.7481609142208541,0.4624597205605491,0.9999999999999565
44.0,0.7,5.614136852146554e-06,0.12986673376188584,0.20002785389285155,0.7399314033897534,0.24297111492365964,1.3837186011068927e-05,0.17587267331987888,0.2521278777320659,0.7438546783999201,0.3358796060604723,0.0002641196643614459,0.2301403745222995,0.3098966224331159,0.7476594965132694,0.4623831559789337,0.9999999999999579
44.050000000000004,0.7,5.567047971527489e-06,0.13005059800935445,0.20020483093610864,0.7395763883468329,0.24295961607416017,1.3715266010491947e-05,0.1762111500896718,0.2524426491452045,0.7433715672927235,0.33584114963929323,0.00026184385131460436,0.23062024536080822,0.3102914586660599,0.747159308894417,0.4623068932309019,0.9999999999999594
44.1,0.7,5.520298557417057e-06,0.1302342007477078,0.2003814316054258,0.7392220094425327,0.24294820028984443,1.359432611471547e-05,0.17654901443065832,0.252756582165739,0.7428895573102947,0.33580289745429553,0.0002595851258617773,0.23109916850903936,0.3106852178484813,0.7466603551965622,0.46223093112656266,0.9999999999999608
44.150000000000006,0.7,5.473886810733005e-06,0.13041754082571008,0.2005576556251532,0.7388682682483271,0.24293686697066763,1.3474359373599259e-05,0.1768862636677068,0.2530696765770419,0.7424086518496369,0.335764848420812,0.00025734339142801873,0.23157713966125149,0.31107789973105454,0.7461626391772648,0.46215526848071564,0.9999999999999621
44.2,0.7,5.427810935034832e-06,0.1306006171001295,0.20073350272739118,0.7385151663191248,0.2429256155209196,1.335535888028607e-05,0.17722289515698658,0.253381932186205,0.7419288542496151,0.33572700145993595,0.00025511855160251267,0.23205415456701856,0.31146950409655827,0.7456661645196692,0.46207990411283295,0.9999999999999635
44.25,0.7,5.382069136587861e-06,0.1307834284357604,0.20090897265195556,0.7381627051932661,0.24291444534919338,1.3237317770898359e-05,0.17755890628592896,0.2536933488238663,0.7414501677911232,0.3356893554984906,0.00025291051014305374,0.2325302090311358,0.3118600307596207,0.7451709348328002,0.46200483684704047,0.9999999999999647
44.300000000000004,0.7,5.3366596244269895e-06,0.13096597370544483,0.201084065146343,0.7378108863925203,0.24290335586835426,1.3120229224239184e-05,0.17789429447318572,0.2540039263440371,0.740972595697255,0.3356519094689987,0.00025071917098047657,0.23300529891352098,0.3122494795664652,0.7446769536518648,0.46193006551209964,0.9999999999999659
44.35,0.7,5.291580610420115e-06,0.13114825179009343,0.20125877996569633,0.7374597114220848,0.24289234649550887,1.3004086461497188e-05,0.17822905716858517,0.2543136646239292,0.7404961411334803,0.33561466230965215,0.00024854443822303356,0.23347942012911105,0.3126378503946563,0.7441842244385597,0.46185558894138923,0.9999999999999671
44.400000000000006,0.7,5.246830309331209e-06,0.1313302615787061,0.20143311687276988,0.737109181770584,0.2428814166519745,1.288888274595563e-05,0.17856319185308614,0.2546225635637819,0.740020807207824,0.335577612964282,0.0002463862161607204,0.23395256864775457,0.3130251431528461,0.743692750581384,0.461781405972887,0.9999999999999682
44.45,0.7,5.202406938883048e-06,0.13151200196839172,0.2016070756378947,0.7367592989100703,0.24287056576324872,1.2774611382705345e-05,0.17889669603872932,0.25493062308668973,0.739546596971051,0.3355407603823284,0.0002442444092695499,0.23442474049409953,0.31341135778052104,0.743202535395958,0.46170751544915173,0.9999999999999694
44.5,0.7,5.158308719819562e-06,0.13169347186438765,0.20178065603894396,0.7364100642960242,0.24285979325897922,1.266126571836159e-05,0.1792295672685866,0.25523784313843,0.7390735134168536,0.3355041035188109,0.00024211892221577305,0.23489593174747694,0.31379649424774925,0.7427135821253471,0.461633916217305,0.9999999999999704
44.550000000000004,0.7,5.114533875967822e-06,0.13187467018007845,0.20195385786129819,0.7360614793673571,0.24284909857293374,1.2548839140784686e-05,0.179561803116708,0.2555442236872903,0.7386015594820445,0.33546764133429874,0.00024000965986004796,0.23536613854178023,0.3141805525549282,0.7422258939403905,0.46156060712901326,0.9999999999999714
44.6,0.7,5.0710806342996196e-06,0.13205559583701423,0.20212668089781047,0.7357135455464134,0.24283848114297038,1.2437325078804393e-05,0.17989340118806638,0.2558497647238964,0.7381307380467532,0.33543137279488144,0.000237916527261556,0.23583535706534028,0.314563532732533,0.7417394739400358,0.46148758704047,0.9999999999999724
44.650000000000006,0.7,5.0279472249926624e-06,0.13223624776492832,0.2022991249487718,0.7353662642389743,0.24282794041100805,1.2326717001947933e-05,0.18022435911850007,0.2561544662610406,0.7376610519346258,0.33539529687213954,0.00023583942968206513,0.23630358356079642,0.3149454348408649,0.741254325151678,0.4614148548123778,0.9999999999999734
44.7,0.7,4.9851318814913425e-06,0.13241662490175446,0.20247118982187637,0.7350196368342617,0.2428174758229971,1.221700842017161e-05,0.1805546745746532,0.2564583283335098,0.7371925039130296,0.3353594125431152,0.0002337782725899405,0.23677081432496333,0.31532625896980065,0.7407704505315037,0.46134240930993065,0.9999999999999742
44.75,0.7,4.942632840567091e-06,0.13259672619364352,0.20264287533218664,0.7346736647049438,0.24280708682889018,1.2108192883595943e-05,0.1808843452539139,0.2567613509979139,0.7367250966932609,0.33532371879028344,0.00023173296166410182,0.2372370457086939,0.31570600523854225,0.7402878529648402,0.4612702494027961,0.9999999999999751
44.800000000000004,0.7,4.900448342378296e-06,0.13277655059497948,0.20281418130209877,0.7343283492071405,0.24279677288261345,1.2000263982244242e-05,0.18121336888435036,0.25706353433251494,0.7362588329307574,0.33528821460152325,0.00022970340279792774,0.23770227411673808,0.3160846737953671,0.739806535266509,0.4611983739650977,0.999999999999976
44.85,0.7,4.85857663052978e-06,0.132956097068395,0.20298510756130772,0.7339836916804304,0.2427865334420377,1.1893215345784578e-05,0.181541743224645,0.25736487843705563,0.7357937152253132,0.3352528989700888,0.000227689502103107,0.23816649600759804,0.31646226481737894,0.7393265001811837,0.4611267818753975,0.9999999999999768
44.900000000000006,0.7,4.817015952131821e-06,0.13313536458478653,0.20315565394677254,0.7336396934478581,0.24277636796895,1.1787040643275059e-05,0.1818694660640263,0.25766538343258877,0.735329746121298,0.3352177708945809,0.00022569116591343623,0.23862970789337914,0.31683877851025943,0.7388477503837535,0.46105547201667846,0.9999999999999776
44.95,0.7,4.775764557858714e-06,0.1333143521233286,0.20332582030268156,0.7332963558159424,0.2427662759290253,1.1681733582912359e-05,0.1821965352221987,0.2579650494613067,0.73486692810788,0.33518282937891863,0.0002237083007885645,0.2390919063396375,0.31721421510801995,0.7383702884796892,0.4609844432763271,0.9999999999999784
45.0,0.7,4.734820702006857e-06,0.13349305867148786,0.2034956064804176,0.732953680074686,0.24275625679179844,1.1577287911783437e-05,0.1825229485492706,0.25826387668637113,0.7344052636192524,0.3351480734323112,0.00022174081351768426,0.23955308796522357,0.31758857487275444,0.7378941170054154,0.460913694546116,0.9999999999999791
45.050000000000004,0.7,4.694182642552361e-06,0.1336714832250365,0.20366501233852316,0.7326116674975841,0.2427463100306362,1.147369741562037e-05,0.1828487039256802,0.258561865291743,0.7339447550348626,0.3351135020692296,0.0002197886111231691,0.24001324944212216,0.3179618580943926,0.7374192384286853,0.4608432247221867,0.9999999999999798
45.1,0.7,4.653848641208166e-06,0.13384962478806497,0.2038340377426657,0.7322703193416362,0.2427364351227097,1.1370955918558261e-05,0.18317379926211957,0.25885901548201307,0.7334854046796455,0.3350791143093789,0.0002178516008641579,0.2404723874952889,0.318334065090454,0.7369456551489603,0.46077303270503234,0.9999999999999805
45.150000000000006,0.7,4.613816963480661e-06,0.1340274823729944,0.20400268256560275,0.731929636847357,0.2427266315489668,1.1269057282896136e-05,0.1834982324994566,0.2591553274822323,0.7330272148242601,0.33504490917767055,0.00021592969024008537,0.2409304989024831,0.3187051962058025,0.7364733694977933,0.4607031173994805,0.9999999999999811
45.2,0.7,4.574085878725798e-06,0.1342050550005882,0.20417094668714714,0.7315896212387885,0.24271689879410485,1.116799540886078e-05,0.1838220016086552,0.259450801537743,0.7325701876853289,0.3350108857041942,0.00021402278699415929,0.24138758049409717,0.3190752518124018,0.736002383739216,0.4606334777146763,0.9999999999999818
45.25,0.7,4.534653660204687e-06,0.13438234169996358,0.20433882999413217,0.7312502737235131,0.24270723634654373,1.106776423437346e-05,0.18414510459069355,0.25974543791401017,0.7321143254256807,0.3349770429241907,0.00021213079911678424,0.24184362915298258,0.3194442323090712,0.7355327000701296,0.46056411256406504,0.9999999999999825
45.300000000000004,0.7,4.495518585138677e-06,0.1345593415086019,0.20450633238037683,0.7309115954926676,0.24269764369839883,1.0968357734819468e-05,0.18446753947648065,0.2600392368964529,0.7316596301545968,0.33494337987802475,0.00021025363484893168,0.24229864181427258,0.31981213812124243,0.7350643206206995,0.46049502086537564,0.999999999999983
45.35,0.7,4.456678934763896e-06,0.1347360534723592,0.20467345374665097,0.7305735877209572,0.24268812034545434,1.0869769922820428e-05,0.1847893043267708,0.26033219879027675,0.7312061039280597,0.3349098956111573,0.00020839120268545684,0.24275261546520152,0.3201789697007171,0.7345972474547529,0.46042620154060343,0.9999999999999836
45.400000000000006,0.7,4.418132994385266e-06,0.13491247664547548,0.20484019400064052,0.730236251566671,0.24267866578713684,1.0771994848009307e-05,0.1851103972320765,0.26062432392030566,0.7307537487490054,0.3348765891741188,0.000206543411378362,0.24320554714492096,0.3205447275254248,0.7341314825701803,0.4603576535159935,0.9999999999999841
45.45,0.7,4.379879053429966e-06,0.13508861009058407,0.20500655305691262,0.7298995881716983,0.24266927952648892,1.0675026596808088e-05,0.18543081631257963,0.2609156126308151,0.7303025665675783,0.33484345962248213,0.00020471016994000652,0.24365743394431258,0.3209094120991823,0.7336670278993405,0.4602893757220239,0.9999999999999847
45.5,0.7,4.341915405500344e-06,0.13526445287872008,0.20517253083688083,0.729563598661545,0.24265996107014312,1.0578859292208036e-05,0.18575055971804058,0.26120606528536483,0.7298525592813886,0.334810506016836,0.0002028913876462636,0.24410827300579807,0.3212730239514528,0.7332038853094673,0.46022136709338896,0.9999999999999852
45.550000000000004,0.7,4.304240348426273e-06,0.13544000408932846,0.2053381272687704,0.7292282841453512,0.2426507099282959,1.0483487093552507e-05,0.18606962562770613,0.26149568226663267,0.7294037287357733,0.3347777274227581,0.0002010869740396238,0.24455806152314585,0.32163556363710694,0.732742056603082,0.4601536265689827,0.9999999999999858
45.6,0.7,4.266852184316948e-06,0.13561526281027161,0.20550334228758332,0.72889364571591,0.24264152561468202,1.0388904196322253e-05,0.18638801225021526,0.2617844639762483,0.7289560767240596,0.3347451229107887,0.00019929683893224543,0.2450067967412749,0.3219970317361837,0.7322815435184057,0.46008615309188217,0.9999999999999862
45.650000000000006,0.7,4.229749219612102e-06,0.13579022813783623,0.2056681758350636,0.7285596844496858,0.24263240764654886,1.0295104831923167e-05,0.18670571782350356,0.2620724108346277,0.7285096049878307,0.33471269155640426,0.00019752089240895188,0.24545447595605552,0.32235742885365265,0.731822347729777,0.46001894560933115,0.9999999999999867
45.7,0.7,4.192929765132657e-06,0.13596489917673993,0.2058326278596625,0.7282264014068347,0.24262335554463113,1.0202083267476413e-05,0.1870227406147059,0.2623595232808075,0.7280643152171943,0.33468043243999135,0.00019575904483017605,0.24590109651410738,0.3227167556191768,0.731364470848071,0.4599520030727235,0.9999999999999871
45.75,0.7,4.156392136130788e-06,0.1361392750401371,0.20599669831650363,0.7278937976312249,0.24261436883312562,1.0109833805610903e-05,0.1873390789200575,0.2626458017722808,0.7276202090510541,0.33464834464682036,0.00019401120683485202,0.24634665581259454,0.32307501268687633,0.7309079144211219,0.4598853244375869,0.9999999999999876
45.800000000000004,0.7,4.120134652339398e-06,0.13631335484962442,0.20616038716734825,0.7275618741504579,0.24260544703966624,1.0018350784258054e-05,0.18765473106479355,0.2629312467848322,0.7271772880773832,0.33461642726701973,0.00019227728934325392,0.24679115129901796,0.3234322007350933,0.7304526799341472,0.45981890866356656,0.999999999999988
45.85,0.7,4.084155638021009e-06,0.13648713773524576,0.20632369438056042,0.7272306319758908,0.2425965896952992,9.927628576448797e-06,0.18796969540304714,0.26321585881237414,0.7267355538335006,0.3345846793955501,0.00019055720355978228,0.24723458047100505,0.3237883204661571,0.7299987688101753,0.4597527547144091,0.9999999999999885
45.900000000000006,0.7,4.0484534220160454e-06,0.13666062283549654,0.20648661993107226,0.7269000721026585,0.2425877963344583,9.837661590112778e-06,0.18828397031774585,0.2634996383667834,0.726295007806349,0.33455310013217854,0.00018885086097569797,0.24767694087609676,0.3241433726061504,0.729546182410475,0.45968686155794614,0.9999999999999889
45.95,0.7,4.0130263377905245e-06,0.1368338092973277,0.20664916380034914,0.7265701955096979,0.2425790664949404,9.748444267879696e-06,0.1885975542205066,0.2637825859777381,0.7258556514327763,0.3345216885814532,0.00018715817337180385,0.24811823011153197,0.32449735790467676,0.7290949220349873,0.45962122816607837,0.9999999999999892
46.0,0.7,3.977872723483136e-06,0.13700669627614906,0.20681132597635496,0.7262410031597717,0.24257039971788139,9.659971086882761e-06,0.18891044555152936,0.2640647021925551,0.7254174860998178,0.33449044385267784,0.00018547905282107437,0.24855844582402944,0.32485027713462855,0.7286449889227595,0.4595558535147595,0.9999999999999896
46.050000000000004,0.7,3.94299092195171e-06,0.13717928293583218,0.20697310645351735,0.7259124959994934,0.24256179554773177,9.572236558564195e-06,0.18922264277948914,0.26434598757602795,0.7249805131449821,0.33445936505988655,0.00018381341169123314,0.24899758570956718,0.32520213109195584,0.7281963842523815,0.4594907365839802,0.9999999999999899
46.1,0.7,3.908379280819076e-06,0.13735156844871277,0.20713450523269292,0.725584674959353,0.2425532535322329,9.48523522848275e-06,0.1895341444014268,0.2646264427102653,0.7245447338565381,0.33442845132181864,0.0001821611626472788,0.24943564751315944,0.3255529205954363,0.7277491091424237,0.4594258763577522,0.9999999999999902
46.150000000000006,0.7,3.874036152518295e-06,0.13752355199559255,0.20729552232113252,0.7252575409537434,0.24254477322239307,9.398961676123199e-06,0.18984494894263831,0.26490606819452994,0.724110149473804,0.3343977017618937,0.0001805222186539593,0.24987262902863142,0.325902646486446,0.727303164651877,0.45936127182409253,0.9999999999999906
46.2,0.7,3.839959894337278e-06,0.13769523276574058,0.20745615773244658,0.7249310948809875,0.24253635417246408,9.313410514707751e-06,0.19015505495656285,0.2651848646450781,0.7236767611874396,0.33436711550818665,0.00017889649297819473,0.25030852809839155,0.3262513096287313,0.726858551780595,0.45929692197500765,0.9999999999999909
46.25,0.7,3.8061488684627698e-06,0.13786660995689418,0.20761641148657028,0.7246053376233659,0.24252799593991767,9.228576391009354e-06,0.1904644610246693,0.26546283269499965,0.7232445701397385,0.33433669169340313,0.00017728389919144909,0.2507433426132015,0.32659891090818116,0.7264152714697372,0.45923282580647773,0.9999999999999912
46.300000000000004,0.7,3.7726014420237127e-06,0.1380376827752593,0.20777628360972894,0.7242802700471452,0.24251969808542231,9.144453985166835e-06,0.19077316575634173,0.26573997299405816,0.722813577424924,0.3343064294548548,0.000175684351172051,0.2511770705119442,0.32694545123260116,0.7259733246022145,0.45916898231844094,0.9999999999999916
46.35,0.7,3.73931598713397e-06,0.13820845043551036,0.20793577413440326,0.7239558930026079,0.24251146017282013,9.06103801050185e-06,0.19108116778876352,0.2660162862085323,0.7223837840894458,0.3342763279344349,0.00017409776310746368,0.25160970978138947,0.32729093153148764,0.7255327120031358,0.45910539051477806,0.9999999999999919
46.400000000000006,0.7,3.70629088093442e-06,0.1383789121607897,0.2080948830992947,0.7236322073240812,0.24250328176910393,8.978323213337607e-06,0.19138846578680008,0.2662917730210571,0.7219551911322789,0.3342463862785941,0.0001725240494965044,0.25204125845595765,0.32763535275580347,0.7250934344402562,0.4590420494032966,0.9999999999999922
46.45,0.7,3.6735245056344106e-06,0.13854906718270643,0.20825361054929079,0.7233092138299686,0.2424951624443945,8.896304372819296e-06,0.19169505844288062,0.2665664341304663,0.7215277995052239,0.33421660363831596,0.0001709631251515136,0.2524717146174813,0.3279787158777545,0.7246554926244264,0.45897895799571564,0.9999999999999925
46.5,0.7,3.641015248552573e-06,0.13871891474133485,0.20841195653543043,0.7229869133227804,0.24248710177191796,8.814976300736224e-06,0.19200094447687852,0.26684027025163476,0.7211016101132094,0.3341869791690931,0.000169414905200474,0.25290107639496473,0.32832102189056706,0.7242188872100439,0.4589161153076502,0.9999999999999927
46.550000000000004,0.7,3.6087615021569946e-06,0.13888845408521241,0.20856992111486938,0.7226653065891662,0.24247909932798334,8.734333841345594e-06,0.1923061226359906,0.26711328211532165,0.7206766238145953,0.3341575120309032,0.0001678793050890799,0.25332934196434176,0.32866227180826624,0.7237836187955049,0.45885352035859595,0.9999999999999929
46.6,0.7,3.5767616641047454e-06,0.13905768447133715,0.20872750435084556,0.7223443943999468,0.24247115469196037,8.6543718711979e-06,0.19261059169461525,0.26738547046801436,0.7202528414214784,0.3341282013881852,0.00016635624058275683,0.25375650954823153,0.32900246666545563,0.7233496879236572,0.45879117217191395,0.9999999999999931
46.650000000000006,0.7,3.5450141372807612e-06,0.1392266051651646,0.2088847063126444,0.7220241775101481,0.24246326744625726,8.5750852989639e-06,0.1929143504542295,0.26765683607177265,0.7198302636999989,0.3340990464098155,0.00016484562776863202,0.2541825774156925,0.3293416075170975,0.7229170950822547,0.4587290697748153,0.9999999999999933
46.7,0.7,3.513517329836074e-06,0.1393952154406044,0.20904152707556442,0.7217046566590347,0.24245543717629886,8.496469065263134e-06,0.1932173977432649,0.2679273797040737,0.7194088913706486,0.33407004626908454,0.00016334738305745578,0.25460754388197465,0.32967969543829445,0.722485840704412,0.45866721219834616,0.9999999999999936
46.75,0.7,3.482269655225398e-06,0.1395635145800162,0.20919796672088253,0.7213858325701445,0.2424476634705048,8.418518142493952e-06,0.1935197324169824,0.26819710215765746,0.7189887251085804,0.3340412001436732,0.00016186142318547415,0.25503140730826995,0.33001673152407174,0.7220559251690613,0.4586055984773724,0.9999999999999938
46.800000000000004,0.7,3.4512695322440597e-06,0.13973150187420533,0.20935402533581957,0.7210677059513242,0.24243994592026788,8.341227534665019e-06,0.19382135335734613,0.26846600424037276,0.7185697655439189,0.33401250721562975,0.0001603876652162529,0.2554541661014614,0.330352716889161,0.7216273488014079,0.45854422765056474,0.999999999999994
46.85,0.7,3.420515385064281e-06,0.13989917662241774,0.20950970301350572,0.7207502774947645,0.2424322841199326,8.264592277228256e-06,0.19412225947289632,0.268734086775024,0.718152013262073,0.3339839666713463,0.00015892602654245374,0.25587581871386994,0.33068765266778455,0.7212001118733887,0.4584830987603835,0.9999999999999942
46.900000000000006,0.7,3.390005643270803e-06,0.1400665381323348,0.20966499985294612,0.7204335478770375,0.24242467766677378,8.188607436913207e-06,0.19442244969862105,0.2690013505992183,0.7177354688040485,0.3339555777015359,0.00015747642488756207,0.2562963636430004,0.33102154001344114,0.7207742146041298,0.458422210853064,0.9999999999999944
46.95,0.7,3.3597387418958623e-06,0.14023358572006728,0.20981991595898628,0.7201175177591334,0.24241712616097552,8.113268111562769e-06,0.19472192299582705,0.2692677965652136,0.7173201326667629,0.33392733950120973,0.00015603877830756762,0.2567157994312855,0.3313543800986924,0.720349657160405,0.4583615629786014,0.9999999999999947
47.0,0.7,3.3297131214535066e-06,0.14040031871014916,0.2099744514422777,0.719802187786498,0.24240962920561002,8.038569429970277e-06,0.19502067835200976,0.2695334255397668,0.7169060053033608,0.3338992512696541,0.00015461300519259744,0.2571341246658284,0.3316861741149506,0.719926439657095,0.4583011541907361,0.9999999999999949
47.050000000000004,0.7,3.29992722797326e-06,0.14056673643553086,0.21012860641924344,0.7194875585890717,0.24240218640661684,7.964506551717913e-06,0.19531871478072219,0.2697982384039831,0.7164930871235304,0.3338713122104077,0.0001531990242685021,0.25755133797814433,0.3320169232722674,0.7195045621576471,0.45824098354693865,0.9999999999999951
47.1,0.7,3.2703795130331293e-06,0.14073283823757202,0.2102823810120437,0.7191736307813283,0.2423947973727822,7.891074667016395e-06,0.19561603132144315,0.27006223605316565,0.7160813784938213,0.33384352153123925,0.0001517967545983951,0.2579674380439,0.33234662879912347,0.7190840246745346,0.45818105010839544,0.9999999999999953
47.150000000000006,0.7,3.2410684337919567e-06,0.1408986234660338,0.21043577534854144,0.7188604049623146,0.24238746171571823,7.818268996545925e-06,0.19591262703944443,0.2703254193966658,0.7156708797379621,0.33381587844412475,0.00015040611558414592,0.2583824235826525,0.3326752919422195,0.718664827169717,0.45812135293999373,0.9999999999999954
47.2,0.7,3.211992453021116e-06,0.14106409147907087,0.2105887895622681,0.7185478817156907,0.24238017904984283,7.746084791298377e-06,0.1962085010256572,0.2705877893577342,0.7152615911371809,0.3337883821652254,0.000149027026967827,0.25879629335758647,0.3330029139662681,0.7182469695551004,0.45806189111030726,0.9999999999999956
47.25,0.7,3.1831500391355536e-06,0.1412292416432228,0.2107414237923892,0.7182360616097708,0.24237294899235914,7.674517332420685e-06,0.19650365239653766,0.2708493468733723,0.7148535129305248,0.3337610319148651,0.00014765940883311503,0.2592090461752501,0.3333294961537865,0.7178304516929972,0.4580026636915816,0.9999999999999957
47.300000000000004,0.7,3.154539666224173e-06,0.14139407333340512,0.21089367818367008,0.7179249451975649,0.24236577116323565,7.603561931059395e-06,0.19679808029393178,0.27111009289418464,0.7144466453151808,0.33373382691750864,0.00014630318160664693,0.2596206808852901,0.333655039804891,0.7174152733965871,0.4579436697597198,0.9999999999999958
47.35,0.7,3.126159814079566e-06,0.14155858593289983,0.21104555288644172,0.7176145330168205,0.24235864518518604,7.533213928206391e-06,0.19709178388493928,0.2713700283842317,0.7140409884467978,0.33370676640173946,0.00014495826605933056,0.26003119638018546,0.33397954623709175,0.717001434430377,0.45788490839426776,0.9999999999999959
47.400000000000006,0.7,3.098008968227089e-06,0.14172277883334558,0.2111970480565664,0.7173048255900659,0.24235157068364946,7.4634686945457195e-06,0.197384762361777,0.27162915432088347,0.7136365424398088,0.3336798496002379,0.00014362458330761095,0.26044059159498,0.33430301678508934,0.7165889345106614,0.45782637867840015,0.999999999999996
47.45,0.7,3.0700856199532857e-06,0.14188665143472742,0.2113481638554035,0.7169958234246525,0.24234454728677077,7.394321630301528e-06,0.19767701494164133,0.27188747169467364,0.7132333073677538,0.33365307574975944,0.0001423020548146919,0.26084886550701414,0.3346254528005718,0.7161777733059821,0.45776807969890587,0.9999999999999961
47.5,0.7,3.0423882663336584e-06,0.1420502031453661,0.21149890044977548,0.7166875270127996,0.24233757462538108,7.325768165087075e-06,0.19796854086657018,0.27214498150915445,0.7128312832636037,0.33362644409111303,0.00014099060239171384,0.2612560171356553,0.33494685565201315,0.7157679504375882,0.45771001054617394,0.9999999999999962
47.550000000000004,0.7,3.0149154102597845e-06,0.14221343338190678,0.21164925801193357,0.7163799368316379,0.24233065233297824,7.257803757754783e-06,0.19825933940330404,0.27240168478075216,0.712430470120084,0.3335999538691396,0.0001396901481988878,0.26166204554202793,0.3352672267244729,0.7153594654798957,0.4576521703141792,0.9999999999999963
47.6,0.7,2.987665560465786e-06,0.14237634156930773,0.21179923671952383,0.7160730533432553,0.24232378004570768,7.1904238962473235e-06,0.19854940984314653,0.2726575825386232,0.7120308678899998,0.3335736043326905,0.00013840061474658613,0.2620669498287418,0.3355865674193967,0.7149523179609462,0.4575945581004683,0.9999999999999964
47.650000000000006,0.7,2.9606372315541494e-06,0.14253892714082814,0.21194883675555298,0.7157668769947417,0.2423169574023432,7.123624097449703e-06,0.19883875150182428,0.2729126758245112,0.7116324764865606,0.33354739473460643,0.0001371219248963903,0.2624707291396203,0.33590487915441786,0.7145465073628657,0.4575371730061454,0.9999999999999966
47.7,0.7,2.9338289440208948e-06,0.1427011895380158,0.2120980583083544,0.7154614082182355,0.2423101840442681,7.0573999070423256e-06,0.19912736371934614,0.2731669656926042,0.7112352957837058,0.3335213243316961,0.000135854001862096,0.2628733826594272,0.3362221633631605,0.714142033122323,0.4574800141358585,0.9999999999999967
47.75,0.7,2.9072392242801022e-06,0.1428631282106944,0.21224690157155418,0.71515664743097,0.24230345961545613,6.99174689935502e-06,0.19941524585986192,0.2734204532093931,0.7108393256164305,0.3334953923847152,0.00013459676921067615,0.26327490961359334,0.3365384214950433,0.713738894630987,0.4574230805977851,0.9999999999999968
47.800000000000004,0.7,2.8808666046877927e-06,0.1430247426169502,0.2123953667440371,0.7148525950353207,0.24229678376245298,6.9266606772219934e-06,0.19970239731152045,0.2736731394535305,0.7104445657811116,0.3334695981583454,0.00013335015086320186,0.26367530926794175,0.33685365501508446,0.7133370912359839,0.45736637150361853,0.9999999999999969
47.85,0.7,2.854709623565165e-06,0.14318603222311846,0.21254345402991284,0.7145492514188532,0.24229015613435756,6.862136871837713e-06,0.19998881748632713,0.2739250255156901,0.7100510160358342,0.33344394092117363,0.00013211407109572204,0.2640745809284128,0.33716786540370797,0.7129366222403531,0.45730988596855404,0.999999999999997
47.900000000000006,0.7,2.828766825221195e-06,0.14334699650376953,0.21269116363848192,0.7142466169543709,0.24228357638280365,6.798171142613672e-06,0.20027450582000095,0.2741761124984271,0.709658676100718,0.33341841994567106,0.00013088845454010188,0.26447272394078836,0.337481054156551,0.7125374869035037,0.45725362311127493,0.9999999999999971
47.95,0.7,2.8030367599745916e-06,0.14350763494169433,0.21283849578420203,0.713944691999964,0.24227704416194157,6.7347591770360335e-06,0.20055946177183107,0.2744264015160391,0.7092675456582443,0.33339303450817287,0.00012967322618482046,0.2648697376904153,0.3377932227842721,0.7121396844416681,0.4571975820539388,0.9999999999999972
48.0,0.7,2.7775179841751195e-06,0.14366794702788963,0.21298545068665414,0.713643476899059,0.24227055912841994,6.671896690524131e-06,0.2008436848245328,0.2746758936944276,0.7088776243535827,0.33336778388885735,0.00012846831137572814,0.26526562160192857,0.3381043728123609,0.7117432140283568,0.4571417619221639,0.9999999999999973
48.050000000000004,0.7,2.7522090602242887e-06,0.14382793226154283,0.21313202857050884,0.7133429719804684,0.24226412094136768,6.609579426289807e-06,0.2011271744841032,0.2749245901709605,0.708488911794918,0.33334266737172574,0.00012727363581676386,0.2656603751389739,0.3384145057809486,0.7113480747948113,0.4570861618450155,0.9999999999999974
48.1,0.7,2.727108556595409e-06,0.14398759015001644,0.21327822966549254,0.7130431775584405,0.24225772926237613,6.547803155197563e-06,0.20140993027967624,0.2751724920943351,0.7081014075537774,0.3333176842445818,0.0001260891255706329,0.2660539978039294,0.33872362324461996,0.710954265830456,0.4570307809549923,0.9999999999999976
48.150000000000006,0.7,2.702215047853016e-06,0.1441469202088321,0.21342405420635382,0.7127440939327111,0.24225138375548116,6.4865636756255155e-06,0.2016919517633775,0.27541960062444165,0.707715111165357,0.3332928337990117,0.0001249147070594454,0.2664464891376274,0.339031726772226,0.7105617861833492,0.45697561838801276,0.9999999999999977
48.2,0.7,2.6775271146716727e-06,0.1443059219616543,0.2135695024328299,0.712445721388554,0.24224508408714562,6.425856813327133e-06,0.2019732385101785,0.27566591693222803,0.7073300221288497,0.3332681153303638,0.00012375030706531594,0.2668378487190756,0.33933881794669807,0.7101706348606336,0.4569206732834019,0.9999999999999978
48.25,0.7,2.653043343854144e-06,0.14446459494027358,0.21371457458961293,0.7121480601968332,0.24223882992624174,6.365678421293733e-06,0.20225379011775058,0.2759114421995646,0.7069461399077708,0.33324352813772895,0.0001225958527309249,0.26722807616517763,0.3396448983648632,0.7097808108289847,0.4568659447838776,0.9999999999999979
48.300000000000004,0.7,2.6287623283489516e-06,0.14462293868458967,0.2138592709263166,0.7118511106140549,0.24223262094403375,6.306024379617732e-06,0.20253360620631855,0.2761561776191102,0.7065634639302858,0.33321907152392016,0.00012145127156004167,0.2676171711304536,0.3399499696372603,0.709392313015059,0.45681143203553726,0.999999999999998
48.35,0.7,2.6046826672673115e-06,0.14478095274259378,0.21400359169744249,0.7115548728824207,0.24222645681416058,6.246890595356628e-06,0.20281268641851388,0.2764001243941787,0.7061819935895366,0.33319474479545325,0.00012031649141801,0.2680051333067602,0.3402540333879575,0.7090051403059403,0.4567571341878447,0.9999999999999981
48.400000000000006,0.7,2.5808029658994545e-06,0.14493863667035103,0.21414753716234683,0.7112593472298802,0.24222033721261876,6.188273002397696e-06,0.2030910304192276,0.2766432837386063,0.7058017282439678,0.33317054726252704,0.00011919144053219642,0.2683919624230105,0.3405570912543708,0.708619291549585,0.4567030503936166,0.9999999999999982
48.45,0.7,2.557121835730335e-06,0.1450959900319822,0.21429110758520697,0.710964533870185,0.2422142618177453,6.130167561323385e-06,0.20336863789546297,0.2768856568766193,0.7054226672176529,0.3331464782390037,0.00011807604749240157,0.2687776582448937,0.3408591448870837,0.7082347655552663,0.4566491798090095,0.9999999999999983
48.5,0.7,2.5336378944547315e-06,0.14525301239964522,0.2144343032349881,0.710670433002943,0.2422082303102009,6.0725702592774015e-06,0.20364550855618777,0.2771272450427031,0.7050448098006202,0.3331225370423894,0.00011697024125123513,0.2691622205745943,0.34116019594966823,0.7078515610940167,0.45659552159350647,0.9999999999999984
48.550000000000004,0.7,2.5103497659917425e-06,0.1454097033535163,0.21457712438540996,0.7103770448136726,0.24220224237295299,6.015477109831464e-06,0.20392164213218633,0.27736804948147126,0.7046681552491784,0.333098722993815,0.00011587395112445462,0.2695456492505116,0.3414602461185068,0.7074696768990693,0.45654207490990417,0.9999999999999984
48.6,0.7,2.487256080498676e-06,0.14556606248177076,0.21471957131491362,0.7100843694738581,0.24219629769125928,5.958884152852712e-06,0.20419703837591138,0.27760807144753596,0.7042927027862416,0.33307503541801664,0.00011478710679126856,0.26992794414697874,0.34175929708261515,0.7070891116662975,0.4564888389242996,0.9999999999999984
48.650000000000006,0.7,2.464355474384346e-06,0.1457220893805634,0.21486164430662827,0.7097924071410049,0.24219039595265107,5.902787454371764e-06,0.20447169706133567,0.2778473122053786,0.7039184516016544,0.3330514736433167,0.00011370963829460436,0.27030910517398166,0.342057350543467,0.7067098640546539,0.4564358128060772,0.9999999999999984
48.7,0.7,2.441646590321769e-06,0.14587778365400872,0.21500334364833812,0.7095011579586955,0.24218453684691685,5.847183106451395e-06,0.20474561798380328,0.2780857730292216,0.7035454008525162,0.3330280370016048,0.00011264147604134134,0.27068913227687824,0.342354408214819,0.7063319326866062,0.4563829957278959,0.9999999999999984
48.75,0.7,2.4191280772602724e-06,0.14603314491416053,0.2151446696324493,0.7092106220566459,0.24217872006608604,5.792067227055845e-06,0.20501880095988084,0.27832345520290047,0.7031735496635049,0.3330047248283187,0.00011158255080250914,0.2710680254361172,0.3426504718225376,0.7059553161485735,0.4563303868656762,0.9999999999999984
48.800000000000004,0.7,2.3967985904370117e-06,0.14618817278099153,0.21528562255595685,0.708920799550762,0.24217294530441275,5.7374359599207155e-06,0.20529124582720856,0.278560360019737,0.7028028971272006,0.3329815364624256,0.00011053279371345228,0.27144578466695696,0.3429455431044265,0.7055800129913593,0.45627798539858716,0.9999999999999984
48.85,0.7,2.374656791387907e-06,0.14634286688237233,0.21542620272041177,0.7086316905431976,0.24216721225835974,5.683285474423472e-06,0.20556295244435108,0.278796488782413,0.7024334423044084,0.3329584712464034,0.0001094921362739608,0.27182241001918483,0.3432396238100554,0.7052060217305837,0.45622579050903395,0.9999999999999984
48.900000000000006,0.7,2.352701347957998e-06,0.14649722685405028,0.21556641043188812,0.7083432951224109,0.24216152062658247,5.629611965454516e-06,0.20583392069064818,0.2790318428028446,0.7020651842244809,0.3329355285262218,0.0001084605103483678,0.27219790157683593,0.3435327157005902,0.7048333408471137,0.4561738013826447,0.9999999999999984
48.95,0.7,2.33093093431122e-06,0.14665125233962786,0.21570624600095015,0.7080556133632232,0.2421558701099132,5.5764116532888276e-06,0.2061041504660654,0.2792664234020578,0.70169812188564,0.33291270765132425,0.00010743784816561403,0.27257225945791247,0.34382482054862373,0.7044619687874921,0.45612201720825796,0.9999999999999984
49.0,0.7,2.309344230939614e-06,0.14680494299054087,0.21584570974261946,0.707768645326877,0.2421502604113454,5.523680783458173e-06,0.20637364169104447,0.2795002319100642,0.7013322542552973,0.33289000797460894,0.00010642408231928002,0.27294548381410305,0.3441159401380082,0.7040919039643643,0.4560704371779101,0.9999999999999984
49.050000000000004,0.7,2.2879399246719607e-06,0.14695829846603622,0.21598480197634237,0.7074823910610949,0.24214469123601798,5.471415626623847e-06,0.20664239430635384,0.27973326966573747,0.7009675802703758,0.3328674288524109,0.00010541914576758613,0.2733175748305021,0.34440607626368847,0.7037231447569031,0.4560190604868228,0.9999999999999984
49.1,0.7,2.2667167086818584e-06,0.1471113184331495,0.2161235230259572,0.7071968506001386,0.24213916229119986,5.419612478449956e-06,0.20691040827293888,0.2799655380166913,0.7006040988376286,0.33284496964448346,0.00010442297183336093,0.27368853272532956,0.34469523073153635,0.7033556895112325,0.45596788633339,0.9999999999999984
49.150000000000006,0.7,2.245673282495235e-06,0.14726400256668218,0.2162618732196616,0.7069120239648685,0.2421336732862746,5.368267659477229e-06,0.20717768357177227,0.280197038319157,0.7002418088339588,0.33282262971398024,0.0001034354942039784,0.2740583577496508,0.34498340535818645,0.7029895365408486,0.45591691391916606,0.9999999999999984
49.2,0.7,2.2248083519973074e-06,0.14741635054917843,0.21639985288998007,0.7066279111628035,0.24212822393272515,5.317377514997339e-06,0.20744422020370415,0.28042777193786267,0.6998807091067372,0.3328004084274371,0.00010245664693126409,0.2744270501870968,0.3452706019708727,0.7026246841270396,0.4558661424488528,0.9999999999999984
49.25,0.7,2.2041206294389883e-06,0.14756836207090185,0.21653746237373148,0.7063445121881814,0.24212281394411858,5.2669384149277325e-06,0.20771001818931245,0.28065774024591283,0.69952079847412,0.332778305154754,0.00010148636443137101,0.2747946103535844,0.3455568224072664,0.7022611305193033,0.45581557113028737,0.9999999999999984
49.300000000000004,0.7,2.1836088334427487e-06,0.1477200368298117,0.2166747020119966,0.7060618270220193,0.24211744303609112,5.2169467536869594e-06,0.20797507756875303,0.28088694462466857,0.6991620757253657,0.33275631926917737,0.00010052458148462532,0.27516103859703733,0.34584206851531485,0.7018988739357626,0.45576519917442965,0.9999999999999984
49.35,0.7,2.1632716890079335e-06,0.14787137453153892,0.21681157215008573,0.7057798556321745,0.2421121109263332,5.167398950070484e-06,0.20823939840160988,0.2811153864636287,0.698804539621151,0.3327344501472822,9.957123323534243e-05,0.2755263352971071,0.3461263421530819,0.7015379125635793,0.4557150257953503,0.9999999999999984
49.400000000000006,0.7,2.143107927515545e-06,0.14802237488936196,0.21694807313750647,0.7054985979734064,0.24210681733457454,5.118291447126978e-06,0.20850298076674545,0.28134306716031177,0.6984481888938855,0.33271269716895446,9.862625519161383e-05,0.2758905008648943,0.34640964518858897,0.7011782445593661,0.455665050210218,0.9999999999999984
49.45,0.7,2.123116286732486e-06,0.1481730376241821,0.21708420532793138,0.7052180539874374,0.24210156198256952,5.069620712035086e-06,0.20876582476215086,0.2815699881201383,0.698093022248026,0.33269105971737334,9.768958322506502e-05,0.2762535357426708,0.3466919794996573,0.7008198680495957,0.45561527163928783,0.9999999999999984
49.5,0.7,2.1032955108152826e-06,0.14832336246449873,0.21721996907916594,0.7049382236030152,0.2420963445940825,5.021383235980653e-06,0.2090279305047963,0.28179615075631426,0.6977390383603902,0.33266953717899395,9.676115357058503e-05,0.27661544040360164,0.34697334697375165,0.700462781131009,0.45556568930588853,0.9999999999999984
49.550000000000004,0.7,2.0836443503132743e-06,0.14847334914638421,0.21735536475311631,0.704659106735975,0.24209116489487328,4.973575534034403e-06,0.2092892981304814,0.2820215564897151,0.6973862358804679,0.33264812894352985,9.584090282602784e-05,0.2769762153514679,0.34725374950782467,0.7001069818710202,0.4555163024364108,0.9999999999999984
49.6,0.7,2.06416156217129e-06,0.14862299741345847,0.21749039271575746,0.7043807032893024,0.24208602261268275,4.926194145030066e-06,0.20954992779368573,0.28224620674877043,0.6970346134307333,0.3326268344039357,9.492876795188612e-05,0.2773358611203897,0.3475331890081628,0.6997524683081201,0.45546711026029496,0.9999999999999984
49.650000000000006,0.7,2.044845909731809e-06,0.14877230701686342,0.21762505333710105,0.7041030131531958,0.24208091747721852,4.8792356314429525e-06,0.2098098196674194,0.2824701029693496,0.6966841696069546,0.33260565295639005,9.402468627093779e-05,0.2776943782745501,0.34781166739023306,0.6993992384522778,0.4554181120100191,0.9999999999999984
49.7,0.7,2.0256961627366084e-06,0.148921277715237,0.21775934699116367,0.7038260362051301,0.24207584922014072,4.832696579268947e-06,0.21006897394307378,0.28269324659464784,0.6963349029785038,0.33258458400027835,9.312859546786556e-05,0.278051767407919,0.34808918657853083,0.6990472902853395,0.455369306921087,0.9999999999999984
49.75,0.7,2.0067110973279103e-06,0.14906990927468702,0.21789327405593492,0.70354977230992,0.24207081757504792,4.7865735979039424e-06,0.21032739083027227,0.2829156390750733,0.6959868120886645,0.3325636269381757,9.224043358885008e-05,0.27840802914397783,0.34836574850642915,0.6986966217614256,0.4553206942320163,0.9999999999999984
49.800000000000004,0.7,1.9878894960490246e-06,0.1492182014687648,0.2180268349133457,0.7032742213197839,0.24206582227746312,4.740863320023682e-06,0.2105850705567213,0.2831372818681347,0.6956398954549393,0.3325427811758302,9.136013904113701e-05,0.27876316413544505,0.34864135511602873,0.6983472308073247,0.45527227318432656,0.9999999999999984
49.85,0.7,1.969230147844498e-06,0.14936615407843842,0.21816002994923653,0.7029993830744079,0.24206086306481983,4.695562401464023e-06,0.21084201336806146,0.28335817643832983,0.6952941515693557,0.33252204612214575,9.048765059257828e-05,0.2791171730640018,0.34891600835800923,0.6979991153228873,0.4552240430225274,0.9999999999999984
49.900000000000006,0.7,1.950731848059773e-06,0.14951376689206583,0.2182928595533259,0.7027252574010104,0.2420559396764483,4.650667521101603e-06,0.2110982195277188,0.2835783242570348,0.694949578898771,0.3325014211891656,8.962290737114819e-05,0.27947005664001834,0.34918971019148176,0.6976522731814148,0.45517600299410665,0.9999999999999984
49.95,0.7,1.93239339844036e-06,0.14966103970536768,0.21842532411917878,0.7024518441144068,0.2420510518535618,4.606175380734909e-06,0.21135368931675622,0.2837977268023937,0.6946061758851763,0.33248090579205547,8.876584886443448e-05,0.2798218156022813,0.34946246258384217,0.6973067022300481,0.45512815234951887,0.9999999999999984
50.0,0.7,1.9142136071305305e-06,0.14980797232139992,0.2185574240441752,0.7021791430170736,0.24204619933924298,4.5620827049657445e-06,0.2116084230337252,0.2840163855592095,0.6942639409459987,0.33246049934908706,8.791641491910488e-05,0.28017245071772123,0.3497342675106257,0.6969624002901531,0.4550804903421734,0.9999999999999984
