source_row,observed_rank,onehot_ridge,existing_sequence_features_ridge,hrl_sequence_graph
0,0.083682008,0.6252318024635315,0.4084247052669525,0.42604189702175016
1,0.868206522,0.696984589099884,0.8337583541870117,0.8086472255895019
2,0.184100418,0.5080119371414185,0.40432626008987427,0.4007383457444301
3,0.432065217,0.4200870096683502,0.2708924114704132,0.2784883957045404
4,0.149350649,0.316917359828949,-0.12697213888168335,0.06408369633695125
5,0.239130435,0.6653599143028259,0.6254401206970215,0.623998284288688
6,0.1882845189999999,0.8113729953765869,0.7470725774765015,0.7291226849988062
7,0.533967391,0.49146294593811035,0.697226881980896,0.6704976770785689
8,0.579004329,0.45054876804351807,0.5084981918334961,0.5136942898890045
9,0.612554113,0.45054876804351807,0.5084981918334961,0.4859083939930941
10,0.084210526,0.5389055609703064,0.5353347659111023,0.5316751614801623
11,0.188311688,0.5444291830062866,0.6526504158973694,0.6666438022791414
12,0.71559633,0.5365016460418701,0.6601012945175171,0.6440907576433146
13,0.581227437,0.6376259922981262,0.6530724763870239,0.6233164439873455
14,0.34375,0.46812117099761963,0.6921128034591675,0.6957657114220706
15,0.282608696,0.40711498260498047,0.4439876675605774,0.4486024464993536
16,0.677419355,0.6109222173690796,0.6641227602958679,0.6845986900961082
17,0.2467532469999999,0.6565473675727844,0.6841099262237549,0.6885774052057514
18,0.5625,0.6753528118133545,0.5360438227653503,0.5133190495382967
19,0.100543478,0.6004552245140076,0.48597756028175354,0.4664504493547491
20,0.692307692,0.6474300622940063,0.5341784358024597,0.5225279098635259
21,0.975543478,0.5753232836723328,0.41214779019355774,0.44411892555824095
22,0.4429347829999999,0.7705084085464478,0.8023068904876709,0.8031199745808248
23,0.0135135139999999,0.3520369529724121,0.3007865250110626,0.3123415322907698
24,0.715481172,0.5620354413986206,0.6570897698402405,0.6355602304817969
25,0.198051948,0.5454184412956238,0.6518831253051758,0.6708145176234134
26,0.1504329,0.5454184412956238,0.6518831253051758,0.6661977557714442
27,0.632286996,0.534072995185852,0.8375826478004456,0.8001451661220012
28,0.071428571,0.5218520164489746,0.5626013278961182,0.5572824652704709
29,0.477272727,0.4529620409011841,0.3121621012687683,0.3037423776280692
30,0.533549784,0.4529620409011841,0.3121621012687683,0.2876432369399644
31,0.126315789,0.4898921847343445,0.48784884810447693,0.5018942092746789
32,0.657039711,0.40208345651626587,0.6019504070281982,0.6065673814961119
33,0.0072463769999999,0.238694965839386,0.1597469449043274,0.1780957062626496
34,0.8365800870000001,0.6403161883354187,0.5395522713661194,0.5410787584419068
35,0.851731602,0.6403161883354187,0.5395522713661194,0.5491673799293186
36,0.139013453,0.40106868743896484,0.3342089354991913,0.3579120594251556
37,0.996389892,0.7054845690727234,0.8657438158988953,0.85431560610063
38,0.644927536,0.6114327311515808,0.5015214681625366,0.5213806054233644
39,0.6902173909999999,0.6897007822990417,0.6231845617294312,0.6474793409896248
40,0.937219731,0.6415149569511414,0.738909125328064,0.7205483916334677
41,0.725631769,0.5276630520820618,0.6794798374176025,0.6645013584749702
42,0.2640692639999999,0.5809999704360962,0.552944004535675,0.5755068997696785
43,0.405405405,0.47118309140205383,0.44181543588638306,0.45893744744625464
44,0.279220779,0.44277071952819824,0.46836405992507935,0.4620304204066756
45,0.964673913,0.6853520274162292,0.7824352383613586,0.7565740999734354
46,0.369565217,0.6044063568115234,0.5274132490158081,0.5199331905335317
47,0.62987013,0.5276584625244141,0.37214165925979614,0.3924636483611736
48,0.568807339,0.7194303870201111,0.8065314292907715,0.8042056206290591
49,0.439461883,0.5586729645729065,0.4170392155647278,0.43952923917961007
50,0.669836957,0.5038847923278809,0.23052489757537842,0.24914167093344713
51,0.23853211,0.5497612953186035,0.7808550596237183,0.760682084403268
52,0.266304348,0.6562376022338867,0.8062015771865845,0.7916089255267664
53,0.653429603,0.5763131976127625,0.4694994390010834,0.4669935857973867
54,0.6008968610000001,0.7623192667961121,0.6358162760734558,0.6351912779200541
55,0.506493506,0.4750278890132904,0.6715108156204224,0.6510407041759383
56,0.6536796539999999,0.3594854474067688,0.15796566009521484,0.15506658629410347
57,0.7629870129999999,0.3594854474067688,0.15796566009521484,0.14795916389192396
58,0.6991341990000001,0.6471765637397766,0.5794799327850342,0.5907525436731239
59,0.6829004329999999,0.6471765637397766,0.5794799327850342,0.5720507643013477
60,0.375,0.5589854121208191,0.41527438163757324,0.4409597192256983
61,0.612903226,0.49512606859207153,0.5695133805274963,0.5547553326479129
62,0.5,0.42096900939941406,0.43888387084007263,0.453636137298447
63,0.22826087,0.6266865730285645,0.4584813714027405,0.4552757020184034
64,0.752747253,0.8161497116088867,0.8069666624069214,0.794026135257167
65,0.39673913,0.6026108860969543,0.3780519962310791,0.385221525984106
66,0.75974026,0.6514323949813843,0.2861518859863281,0.3040444550514618
67,0.546195652,0.6776852607727051,0.4265230596065521,0.45696226501869275
68,0.710597826,0.5794689059257507,0.5272569060325623,0.5398257899061681
69,0.502242152,0.47063541412353516,0.38552799820899963,0.4169277026308038
70,0.3125,0.5234764814376831,0.3223993182182312,0.3214941277500861
71,0.34529148,0.5994187593460083,0.8130679726600647,0.7968354457824041
72,0.225543478,0.5591092705726624,0.36872923374176025,0.3375280858145227
73,0.931407942,0.7379069328308105,0.5143133997917175,0.5234036328488626
74,0.8019480520000001,0.5125476717948914,0.5443328022956848,0.5438756329618916
75,0.8906926409999999,0.5125476717948914,0.5443328022956848,0.5438756329618916
76,0.3862815879999999,0.51429283618927,0.6175421476364136,0.6219172691105952
77,0.900815217,0.7980920672416687,0.5323442220687866,0.5526616105442278
78,0.75951087,0.6308333277702332,0.24587666988372803,0.24983497363028173
79,0.201298701,0.40962833166122437,0.1568254828453064,0.16727440682846434
80,0.677130045,0.6094366908073425,0.6195177435874939,0.6120054554028829
81,0.288808664,0.5039137005805969,0.32713449001312256,0.3224625935293022
82,0.458483755,0.4212084710597992,0.38994884490966797,0.39864401443799474
83,0.61548913,0.47326481342315674,0.4341057240962982,0.44336078462076206
84,0.285714286,0.6563711166381836,0.6326853632926941,0.6228443008060464
85,0.874439462,0.5239198803901672,0.5965064764022827,0.5711803291723377
86,0.861471861,0.3842700719833374,0.32299184799194336,0.317554673434134
87,0.811688312,0.3842700719833374,0.32299184799194336,0.317554673434134
88,0.468619247,0.38052284717559814,0.4339645802974701,0.4312981447709374
89,0.795454545,0.6062913537025452,0.5274888277053833,0.5266145431312885
90,0.8560606059999999,0.6062913537025452,0.5274888277053833,0.5368041293731127
91,0.00974026,0.5301178097724915,0.7189335227012634,0.6967734678942167
92,0.03030303,0.5301178097724915,0.7189335227012634,0.7014015691409139
93,0.426035503,0.3574683964252472,0.43196624517440796,0.44477589317596433
94,0.7692307690000001,0.4761655032634735,0.4182480275630951,0.43188105588782577
95,0.685714286,0.5130258202552795,0.50082927942276,0.5277766819007523
96,0.834862385,0.6015721559524536,0.42670685052871704,0.42817780344245093
97,0.523097826,0.34317487478256226,0.21692180633544922,0.22763695718346239
98,0.044836957,0.7530150413513184,0.7033613920211792,0.6753663762508437
99,0.054054054,0.3496086001396179,0.2599181830883026,0.23815539416680528
100,0.594155844,0.6386822462081909,0.4070538580417633,0.3939039939799063
101,0.6980519479999999,0.6386822462081909,0.4070538580417633,0.3842157234694888
102,0.092391304,0.4620364308357239,0.2554892301559448,0.2542623982299329
103,0.386363636,0.29565122723579407,0.2969108521938324,0.2955968313090914
104,0.3733766229999999,0.29565122723579407,0.2969108521938324,0.3041477960169564
105,0.214673913,0.3029336929321289,0.269376277923584,0.2666948982334587
106,0.892376682,0.6236217617988586,0.5297448635101318,0.547270191537206
107,0.054393305,0.46193960309028625,0.38531965017318726,0.4050457619989872
108,0.108303249,0.42245861887931824,0.489105224609375,0.5174319058239957
109,0.8008658009999999,0.7396767735481262,0.46355459094047546,0.4466137624422712
110,0.768398268,0.7396767735481262,0.46355459094047546,0.4466137624422712
111,0.932885906,0.5432543754577637,0.5984633564949036,0.6034157431426928
112,0.363736264,0.5438122153282166,0.558733344078064,0.5535394921830172
113,0.542105263,0.6159292459487915,0.6325905323028564,0.6152556370857443
114,0.50951087,0.3550131916999817,0.6267942786216736,0.6225503137149031
115,0.857336957,0.6368414163589478,0.8749034404754639,0.8552327820988246
116,0.0780219779999999,0.2618578374385834,0.23249968886375427,0.25381648713483784
117,0.150549451,0.5119010806083679,0.32423752546310425,0.34384364597938516
118,0.152597403,0.482239305973053,0.3769809603691101,0.3850303475205802
119,0.216450216,0.482239305973053,0.3769809603691101,0.38129228034515694
120,0.83032491,0.5414644479751587,0.7922377586364746,0.8013901933281533
121,0.526627219,0.569586992263794,0.2852984666824341,0.2604939463439775
122,0.972477064,0.6882200837135315,0.8825235366821289,0.8477529947818854
123,0.558441558,0.5522596836090088,0.5245471596717834,0.5337077881545174
124,0.213389121,0.4592476487159729,0.18997332453727722,0.1897976616303091
125,0.279120879,0.23108074069023132,0.11335158348083496,0.12678224364857354
126,0.473372781,0.3402239680290222,0.27127158641815186,0.30068073976686843
127,0.296536797,0.5000447630882263,0.4373297691345215,0.43971006346992036
128,0.3268398269999999,0.5000447630882263,0.4373297691345215,0.43576433366534517
129,0.065217391,0.4129858613014221,0.22788271307945251,0.2547402869363708
130,0.40625,0.411943256855011,0.3167751729488373,0.3321668754843544
131,0.403296703,0.5125933289527893,0.4325445294380188,0.4345139192973744
132,0.057971014,0.28251874446868896,0.25281763076782227,0.28216594539327333
133,0.4989177489999999,0.608309805393219,0.5406506657600403,0.5367873632917572
134,0.7218614720000001,0.608309805393219,0.5406506657600403,0.5229865912952316
135,0.8623188409999999,0.48770400881767273,0.3900509774684906,0.421463279769893
136,0.067099567,0.577024519443512,0.3639289140701294,0.3683409880511819
137,0.063852814,0.577024519443512,0.3639289140701294,0.37293988693747154
138,0.870967742,0.5997317433357239,0.5994154810905457,0.6100595704562688
139,0.44701087,0.47256770730018616,0.4223276376724243,0.4280041029097749
140,0.2010869569999999,0.4147073030471802,0.4435195326805115,0.450833817796909
141,0.259927798,0.5392069816589355,0.33990031480789185,0.33651707079667736
142,0.306859206,0.39361828565597534,0.46146517992019653,0.4420855719452504
143,0.944954128,0.5311765670776367,0.6561532616615295,0.6446673511929824
144,0.587443946,0.6810286641120911,0.7676373720169067,0.7385070859166369
145,0.983766234,0.415123850107193,0.5482885241508484,0.5689204809967392
146,0.993506494,0.415123850107193,0.5482885241508484,0.5703035731859192
147,0.992307692,0.4648658335208893,0.5376927852630615,0.5308097012584165
148,0.340807175,0.4504188001155853,0.589966356754303,0.6004424638049433
149,0.29978355,0.50837242603302,0.48221731185913086,0.5043738662232685
150,0.449134199,0.50837242603302,0.48221731185913086,0.5043738662232685
151,0.2096774189999999,0.5170004963874817,0.6635273694992065,0.6511423940139633
152,0.2197309419999999,0.5321625471115112,0.26689499616622925,0.2393916560240039
153,0.165680473,0.6474109888076782,0.60856693983078,0.61762404084115
154,0.368206522,0.6215132474899292,0.6048995852470398,0.5842303145908532
155,0.262228261,0.45865029096603394,0.5711455345153809,0.5946778854969479
156,0.1494565219999999,0.3873882293701172,0.31840717792510986,0.2973468379949248
157,0.5970695970000001,0.7275214195251465,0.7259576320648193,0.7066626059579584
158,0.384057971,0.4360657036304474,0.18245840072631836,0.16859468934295563
159,0.566787004,0.5043357610702515,0.7541382312774658,0.7296824585507804
160,0.974025974,0.5002027750015259,0.49813416600227356,0.4970641943865276
161,0.6886446890000001,0.5984165668487549,0.6140944957733154,0.5916138165653169
162,0.051948052,0.511660099029541,0.2936955690383911,0.29715298757863984
163,0.023809524,0.511660099029541,0.2936955690383911,0.30578097908297674
164,0.941576087,0.639533281326294,0.5473369359970093,0.5674997162739364
165,0.242105263,0.4624407887458801,0.7448614239692688,0.7307740236551243
166,0.582417582,0.7099019289016724,0.39966022968292236,0.4008458860375246
167,0.19266055,0.4584375023841858,0.2971477508544922,0.2643910459406603
168,0.774456522,0.48485857248306274,0.5447130799293518,0.5216006099598233
169,0.324675325,0.512244462966919,0.38254380226135254,0.397805344494065
170,0.532608696,0.6200106739997864,0.5705973505973816,0.5601315201267391
171,0.591715976,0.7511377334594727,0.7576672434806824,0.7397715035226429
172,0.025104603,0.4203127920627594,0.17311972379684448,0.1875927272638787
173,0.294736842,0.7040128707885742,0.4224311411380768,0.44075938146520444
174,0.5579710139999999,0.5758492350578308,0.49572741985321045,0.4827165443008069
175,0.15625,0.599204957485199,0.33785322308540344,0.3508398837088808
176,0.756493506,0.6133370995521545,0.6368182301521301,0.6477363138523289
177,0.8939393940000001,0.6133370995521545,0.6368182301521301,0.6563299469084081
178,0.489130435,0.5243570804595947,0.5984150767326355,0.5905423325311545
179,0.6861924690000001,0.5646963715553284,0.4991622865200043,0.47665556382302754
180,0.8953068590000001,0.5639171004295349,0.686703622341156,0.6882678472612981
181,0.226190476,0.5132210850715637,0.3818448483943939,0.4044550319064226
182,0.192640693,0.5132210850715637,0.3818448483943939,0.39391553372111643
183,0.943722944,0.6116071939468384,0.6425839066505432,0.6574043429781098
184,0.918831169,0.6116071939468384,0.6425839066505432,0.6635347301800005
185,0.995515695,0.4815719723701477,0.49794650077819824,0.5027318843597164
186,0.332880435,0.361178457736969,0.44236576557159424,0.4602215257409827
187,0.961038961,0.5927060842514038,0.636418342590332,0.6250405406040946
188,0.997835498,0.5927060842514038,0.636418342590332,0.6181981309861533
189,0.857142857,0.6622239351272583,0.6099969744682312,0.6124225867993973
190,0.644351464,0.4184408187866211,0.5520142316818237,0.5185774591197696
191,0.883116883,0.5761439800262451,0.7449671030044556,0.7427187138460516
192,0.564102564,0.6398729085922241,0.6723839044570923,0.6892662169530647
193,0.635135135,0.43353983759880066,0.4934716522693634,0.5094983814279767
194,0.750902527,0.6200516819953918,0.6797215938568115,0.6649242109305651
195,0.669456067,0.6949253082275391,0.7853908538818359,0.7858641186229494
196,0.543624161,0.4848670959472656,0.4304777979850769,0.45383711680909317
197,0.88451087,0.5821608304977417,0.4276271462440491,0.41624745746614933
198,0.841155235,0.7283647060394287,0.8171265125274658,0.7829529742754151
199,0.6875,0.5760299563407898,0.5893784761428833,0.5691986245338496
200,0.446969697,0.28249818086624146,0.32520201802253723,0.3468556826059462
201,0.4134199129999999,0.28249818086624146,0.32520201802253723,0.3389638124007214
202,0.014945652,0.543813943862915,0.16067436337471008,0.19093362835591937
203,0.958874459,0.45762377977371216,0.6022089719772339,0.6005299584594396
204,0.967532468,0.45762377977371216,0.6022089719772339,0.612235872754332
205,0.936141304,0.5576614737510681,0.5579043626785278,0.5378846670088858
206,0.819494585,0.690315306186676,0.574687659740448,0.5943834728970095
207,0.568047337,0.5029198527336121,0.6607567667961121,0.656545086992262
208,0.597802198,0.6381828188896179,0.4864957332611084,0.5110766478860611
209,0.961038961,0.42645972967147827,0.5469681024551392,0.5631283120622586
210,0.932065217,0.5511985421180725,0.3487655520439148,0.37722801222839986
211,0.298701299,0.6110257506370544,0.620670735836029,0.623148878323712
212,0.505434783,0.6153982281684875,0.5893455147743225,0.5840747387140888
213,0.272727273,0.6227089762687683,0.5508781671524048,0.5467661663884984
214,0.245670996,0.6227089762687683,0.5508781671524048,0.5406112100242471
215,0.685064935,0.6383239030838013,0.6891602873802185,0.7118530786774198
216,0.569264069,0.6383239030838013,0.6891602873802185,0.7145739845447207
217,0.1155234659999999,0.29626163840293884,0.25781410932540894,0.23933553876051958
218,0.951086957,0.7053793668746948,0.49283871054649353,0.5074455074242121
219,0.430706522,0.5522868633270264,0.6081736087799072,0.622331890388678
220,0.256493506,0.6354861855506897,0.5351503491401672,0.5499254833096578
221,0.201298701,0.6354861855506897,0.5351503491401672,0.525042730192955
222,0.003246753,0.6884897351264954,0.6907705664634705,0.6977386232581823
223,0.004329004,0.6884897351264954,0.6907705664634705,0.7049261285204829
224,0.641255605,0.4305989742279053,0.42545151710510254,0.3975002921392394
225,0.6241758239999999,0.5760078430175781,0.6193002462387085,0.6045156915259404
226,0.524663677,0.5489243268966675,0.503004789352417,0.5208570893653537
227,0.926605505,0.583651065826416,0.48949724435806274,0.48665947100149914
228,0.136842105,0.500522792339325,0.3657791316509247,0.3458656030297882
229,0.123376623,0.3933992385864258,0.3603780269622803,0.37389904985281674
230,0.817582418,0.622347354888916,0.5780034065246582,0.6086581218955154
231,0.235930736,0.5396367311477661,0.4394981861114502,0.45320829956631653
232,0.506593407,0.5622448921203613,0.5131169557571411,0.4995796220409366
233,0.972527473,0.7534686326980591,0.6474937200546265,0.6517363187240366
234,0.098654709,0.7029067277908325,0.6446948051452637,0.6470351228314917
235,0.061688312,0.5141555666923523,0.6230484247207642,0.5998677504590465
236,0.073593074,0.5141555666923523,0.6230484247207642,0.5998677504590465
237,0.234375,0.45063525438308716,0.42519611120224,0.3987956991308835
238,0.823104693,0.6021250486373901,0.8519052863121033,0.8309111711828019
239,0.581081081,0.606110692024231,0.5680953860282898,0.5620932980656139
240,0.024456522,0.3943535387516022,0.24849137663841248,0.23765407379780534
241,0.223826715,0.5463293790817261,0.3107413351535797,0.33691023474863324
242,0.938628159,0.5285389423370361,0.4824792742729187,0.5007687290965872
243,0.927797834,0.6096638441085815,0.645641565322876,0.6334639161313893
244,0.304347826,0.38433921337127686,0.3203328847885132,0.30397609070794157
245,0.278532609,0.453801691532135,0.3246249556541443,0.33813013857480245
246,0.230978261,0.4925221800804138,0.07844007015228271,0.12200493535957814
247,0.5504587160000001,0.5755717158317566,0.3912111222743988,0.4071084365123631
248,0.791208791,0.7182413935661316,0.7141406536102295,0.710745013246162
249,0.6038961039999999,0.5085389614105225,0.4115777611732483,0.4091395598292357
250,0.319293478,0.719848096370697,0.5560245513916016,0.5649333260329409
251,0.03030303,0.33059489727020264,0.24855101108551025,0.27038038621332355
252,0.058441558,0.33059489727020264,0.24855101108551025,0.27038038621332355
253,0.1017316019999999,0.2891700863838196,-0.11819326877593994,0.06367650000299037
254,0.094155844,0.2891700863838196,-0.11819326877593994,0.059716899522240234
255,0.963768116,0.6024619340896606,0.41652750968933105,0.43766254479583805
256,0.25631769,0.5644235610961914,0.4411909878253937,0.4724808844538468
257,0.107623318,0.5531001091003418,0.3010424077510834,0.27381923589651025
258,0.28030303,0.4176173806190491,0.6077136993408203,0.6195836459495311
259,0.279220779,0.4176173806190491,0.6077136993408203,0.619583645949531
260,0.25974026,0.5362646579742432,0.5335262417793274,0.526912877339284
261,0.251082251,0.5800755023956299,0.6776431798934937,0.6651787819178357
262,0.1363636359999999,0.5339035987854004,0.5297489166259766,0.5194489666115543
263,0.127705628,0.5339035987854004,0.5297489166259766,0.5277379892185189
264,0.7173913040000001,0.7535449862480164,0.947932779788971,0.894558369184588
265,0.421195652,0.46477019786834717,0.3860197067260742,0.39046502370715463
266,0.912751678,0.6551504731178284,0.7696075439453125,0.7841137144152563
267,0.52293578,0.6569603681564331,0.678032636642456,0.6782564760960031
268,0.949275362,0.646835446357727,0.637941837310791,0.6073489952124328
269,0.88961039,0.4312291741371155,0.4414469301700592,0.4160786964515688
270,0.641774892,0.654891848564148,0.7433249354362488,0.7340173143023965
271,0.576839827,0.654891848564148,0.7433249354362488,0.7458828450318753
272,0.556485356,0.4478127658367157,0.4064212441444397,0.42245865469884525
273,0.991847826,0.8116214871406555,0.9036913514137268,0.8756924445650687
274,0.551630435,0.5454529523849487,0.6512280702590942,0.6476728875583286
275,0.61978022,0.6483316421508789,0.6684521436691284,0.6731736625928313
276,0.804347826,0.5123504996299744,0.642608642578125,0.6239213795013809
277,0.416483516,0.5094512104988098,0.6203278303146362,0.6306570114554478
278,0.571428571,0.3287564516067505,0.3510666489601135,0.36816168632200486
279,0.292307692,0.23864278197288513,0.33605194091796875,0.3448956402551714
280,0.825757576,0.5934479236602783,0.7963529825210571,0.7708701129132558
281,0.730519481,0.5934479236602783,0.7963529825210571,0.7708701129132558
282,0.542857143,0.6510344743728638,0.695442259311676,0.7071161295556672
283,0.725274725,0.5164626836776733,0.7251331210136414,0.7238013045300049
284,0.4780219779999999,0.6267821788787842,0.5340405702590942,0.528898318018338
285,0.682065217,0.7148410081863403,0.6658464670181274,0.6847419377347896
286,0.623430962,0.6984387040138245,0.517935037612915,0.5406772335046819
287,0.998917749,0.6441697478294373,0.7624799609184265,0.7546726823251821
288,0.998917749,0.6441697478294373,0.7624799609184265,0.767547030550415
289,0.082880435,0.46029943227767944,0.26060256361961365,0.27066484047014033
290,0.614130435,0.602834939956665,0.6671587824821472,0.661061339317609
291,0.346467391,0.6379325985908508,0.6822207570075989,0.6888576633291024
292,0.5595667870000001,0.529050886631012,0.49862387776374817,0.5273690365274303
293,0.273097826,0.6414378881454468,0.7063054442405701,0.6986415163781536
294,0.924242424,0.7077322006225586,0.6801902651786804,0.6597908450411247
295,0.87012987,0.7077322006225586,0.6801902651786804,0.6597908450411247
296,0.629032258,0.6021158695220947,0.7994822859764099,0.7753216411225691
297,0.896103896,0.40163755416870117,0.7104176878929138,0.6874532743043764
298,0.885281385,0.40163755416870117,0.7104176878929138,0.6874532743043764
299,0.968421053,0.7605669498443604,0.7805752754211426,0.7544137304016787
300,0.7012987009999999,0.767735481262207,0.6413781642913818,0.6690321483075904
301,0.581168831,0.767735481262207,0.6413781642913818,0.6690321483075904
302,0.906926407,0.7363345623016357,0.6760197281837463,0.657650542248878
303,0.86038961,0.7363345623016357,0.6760197281837463,0.6593147903730079
304,0.66442953,0.6077591180801392,0.5089024901390076,0.5286718050760453
305,0.873376623,0.6442684531211853,0.6572937965393066,0.6728369125143409
306,0.955627706,0.6442684531211853,0.6572937965393066,0.6731927716031252
307,0.769874477,0.6603124141693115,0.6910895109176636,0.6887820322373533
308,0.684563758,0.3500850796699524,0.5093364715576172,0.5370638289155318
309,0.624458874,0.4520443379878998,0.4987506568431854,0.5228493080882144
310,0.667748918,0.4520443379878998,0.4987506568431854,0.5228493080882144
311,0.557894737,0.6462968587875366,0.5912136435508728,0.5945209896311381
312,0.355072464,0.3095705211162567,0.4286293387413025,0.4199803053268654
313,0.484848485,0.573828399181366,0.5557976961135864,0.5666958708192491
314,0.0872483219999999,0.4527769386768341,0.22547808289527893,0.22725294676730778
315,0.2586580089999999,0.5988003611564636,0.6421296000480652,0.623065642734744
316,0.19047619,0.5988003611564636,0.6421296000480652,0.6171385351279431
317,0.6879120879999999,0.41288071870803833,0.37438103556632996,0.3661345771053723
318,0.796703297,0.5988212823867798,0.5684830546379089,0.571942971200116
319,0.203125,0.4606562554836273,0.22618445754051208,0.2531429891095234
320,0.613636364,0.5985966920852661,0.6202409267425537,0.6097993654302503
321,0.621212121,0.5985966920852661,0.6202409267425537,0.6097993654302503
322,0.377289377,0.5094298720359802,0.5034418702125549,0.5003870210469964
323,0.8787878790000001,0.5376891493797302,0.4168633818626404,0.4311329383918289
324,0.8712121209999999,0.5376891493797302,0.4168633818626404,0.4123262792327141
325,0.7510822509999999,0.555263876914978,0.5451666712760925,0.5640708189456105
326,0.615942029,0.6986927390098572,0.8853034377098083,0.8842491950458924
327,0.23465704,0.43214210867881775,0.4925997257232666,0.4851354741962307
328,0.922077922,0.4950808584690094,0.553105354309082,0.527410258786085
329,0.029585799,0.3022473156452179,0.2035752534866333,0.2142448035489459
330,0.976902174,0.7356500029563904,1.1606636047363281,0.9553497242219031
331,0.380753138,0.4850539565086365,0.3499211370944977,0.3269898286013546
332,0.466450216,0.4585896134376526,0.4825623631477356,0.5070449289279886
333,0.4004329,0.4585896134376526,0.4825623631477356,0.5027387952188129
334,0.728033473,0.575710654258728,0.5939511656761169,0.6035512603235569
335,0.870036101,0.624731183052063,0.5120416283607483,0.5130130005823299
336,0.5838926170000001,0.7847412824630737,0.9875320196151733,0.9317394102692982
337,0.754329004,0.5697657465934753,0.5483500957489014,0.5641209304025074
338,0.739177489,0.5697657465934753,0.5483500957489014,0.555765094640116
339,0.4837662339999999,0.7740479707717896,0.6057357788085938,0.6119690900168177
340,0.411255411,0.7740479707717896,0.6057357788085938,0.6119690900168178
341,0.581168831,0.5283607244491577,0.4460429549217224,0.45203434559672906
342,0.613636364,0.5283607244491577,0.4460429549217224,0.43314264756522136
343,0.917119565,0.5801822543144226,0.36291539669036865,0.36649458501036636
344,0.8243243240000001,0.8084052205085754,0.7744585275650024,0.7449866551104424
345,0.108108108,0.4794884920120239,0.4740837812423706,0.49344591599100185
346,0.639053254,0.5164926052093506,0.5543943643569946,0.5348376175455591
347,0.156926407,0.5651687383651733,0.40736448764801025,0.4287646199108132
348,0.173160173,0.5651687383651733,0.40736448764801025,0.415335276169663
349,0.0473372779999999,0.4081214368343353,0.6016569137573242,0.5730171348488196
350,0.661087866,0.5461211204528809,0.5887464284896851,0.5979773831850517
351,0.7370129870000001,0.5186035633087158,0.4040481746196747,0.40157963088817134
352,0.672077922,0.5186035633087158,0.4040481746196747,0.400301624045276
353,0.397186147,0.67840576171875,0.6359027624130249,0.6331524716148602
354,0.3928571429999999,0.67840576171875,0.6359027624130249,0.6481275577233079
355,0.064835165,0.26253315806388855,0.16017013788223267,0.15923569935372078
356,0.971119134,0.6407076120376587,0.6774613857269287,0.6973915494675191
357,0.742424242,0.4594743847846985,0.5486801862716675,0.5334172274558205
358,0.645021645,0.4594743847846985,0.5486801862716675,0.5363678193815697
359,0.277173913,0.4742952585220337,0.5300292372703552,0.5505554496755569
360,0.357142857,0.4868924915790558,0.29035383462905884,0.27567291921813875
361,0.414502165,0.4868924915790558,0.29035383462905884,0.2720288678520036
362,0.5476190479999999,0.3906203508377075,0.5872500538825989,0.5970062348711148
363,0.548701299,0.3906203508377075,0.5872500538825989,0.5790802077679988
364,0.864130435,0.6778099536895752,0.7480549812316895,0.7522657657126892
365,0.231046931,0.6505311727523804,0.8486217260360718,0.8292965109490291
366,0.688311688,0.441033273935318,0.40321582555770874,0.4129392247365987
367,0.624458874,0.441033273935318,0.40321582555770874,0.4297140503487603
368,0.516233766,0.5229201912879944,0.49361756443977356,0.4937376533254463
369,0.518398268,0.5229201912879944,0.49361756443977356,0.4850810340777802
370,0.492753623,0.33497995138168335,0.4075039029121399,0.4215403012198582
371,0.87012987,0.4420921206474304,0.5736402273178101,0.5673013556604989
372,0.2093862819999999,0.5501144528388977,0.7174491286277771,0.7465294656726869
373,0.710144928,0.6028592586517334,0.6557283401489258,0.6571114768012047
374,0.736263736,0.5835084915161133,0.7590501308441162,0.7628922327915364
375,0.6276150629999999,0.5637422204017639,0.6936160326004028,0.7156713940160946
376,0.118206522,0.6547125577926636,0.7295873165130615,0.7121288429153423
377,0.33423913,0.16667446494102478,0.39856088161468506,0.4137914138750224
378,0.463203463,0.33905115723609924,0.28972819447517395,0.26030131535578255
379,0.680735931,0.4260256290435791,0.5658033490180969,0.5522384670472136
380,0.5844155839999999,0.4260256290435791,0.5658033490180969,0.5474760213944909
381,0.686813187,0.638443648815155,0.5743013620376587,0.5443436532399857
382,0.658967391,0.5201458930969238,0.4754337668418884,0.45350743414527583
383,0.117154812,0.44900310039520264,0.5616536736488342,0.5711296795056646
384,0.820083682,0.6299282312393188,0.7173137664794922,0.7195660702675453
385,0.5230125520000001,0.42062705755233765,0.4350847005844116,0.4223815403385356
386,0.55704698,0.5505845546722412,0.7238907814025879,0.7282749406383483
387,0.436823105,0.3853638172149658,0.33126866817474365,0.35109820624155186
388,0.620938628,0.591579794883728,0.948413074016571,0.8950646563365948
389,0.053811659,0.37298667430877686,0.13075906038284302,0.15723200895905118
390,0.2323369569999999,0.3720983862876892,0.09265714883804321,0.10881295923295706
391,0.837837838,0.44235023856163025,0.29012539982795715,0.3069199245446861
392,0.584837545,0.5263242721557617,0.4474347233772278,0.4192923413712696
393,0.12987013,0.681006908416748,0.5920819044113159,0.6041848575148601
394,0.311141304,0.6730620861053467,0.5740306973457336,0.5763983168888231
395,0.254945055,0.4682917296886444,0.45481419563293457,0.4837514883691075
396,0.7785326090000001,0.567570149898529,0.6905956864356995,0.6696914411031918
397,0.74025974,0.6260340809822083,0.7017240524291992,0.702474877133313
398,0.832967033,0.6058108806610107,0.6835209131240845,0.6536625439830821
399,0.608695652,0.37527337670326233,0.6636884212493896,0.6707827247943641
400,0.483754513,0.48633047938346863,0.48156479001045227,0.4759896746454926
401,0.5173160170000001,0.5864558219909668,0.6600251793861389,0.6461196942460332
402,0.151515152,0.4938410520553589,0.4892016053199768,0.484034435634611
403,0.145021645,0.4938410520553589,0.4892016053199768,0.484034435634611
404,0.67965368,0.48013919591903687,0.6563281416893005,0.6624673788101989
405,0.692640693,0.48013919591903687,0.6563281416893005,0.6624673788101989
406,0.946969697,0.536175549030304,0.6640594005584717,0.6590683073660966
407,0.952380952,0.536175549030304,0.6640594005584717,0.6530121903461346
408,0.30125523,0.46528705954551697,0.45397746562957764,0.45743406921606833
409,0.284023669,0.36742857098579407,0.3924674391746521,0.38383198297493915
410,0.159763314,0.4205409586429596,0.18608176708221436,0.16216486242754477
411,0.024891775,0.4352472722530365,0.48886293172836304,0.5144233304699204
412,0.020562771,0.4352472722530365,0.48886293172836304,0.5066108044245248
413,0.614718615,0.5018817186355591,0.47776108980178833,0.4972194903108593
414,0.071428571,0.6140111684799194,0.315884530544281,0.3233840439863974
415,0.031385281,0.6140111684799194,0.315884530544281,0.30472946512235666
416,0.046195652,0.2915070056915283,0.06899946928024292,0.10566065068389371
417,0.882783883,0.6154135465621948,0.42743730545043945,0.4252331502568566
418,0.406593407,0.6880663633346558,0.5640280246734619,0.5896761134542969
419,0.793290043,0.5203178524971008,0.6363875269889832,0.6188484414371065
420,0.788961039,0.5203178524971008,0.6363875269889832,0.6316570215668607
421,0.059171598,0.4673888087272644,0.42562347650527954,0.44172071915766975
422,0.16576087,0.42311325669288635,0.3861703872680664,0.3884246290590638
423,0.755411255,0.44035017490386963,0.4617113769054413,0.4552877599331809
424,0.795454545,0.44035017490386963,0.4617113769054413,0.45528775993318094
425,0.487179487,0.5369725227355957,0.4100860357284546,0.4079114603991941
426,0.803030303,0.532293438911438,0.5175504684448242,0.5336321036936511
427,0.877705628,0.532293438911438,0.5175504684448242,0.5336006603976888
428,0.65470852,0.3963419198989868,0.36376380920410156,0.39245475643022476
429,0.454545455,0.21539252996444702,0.39873963594436646,0.37599942784344387
430,0.579710145,0.36153221130371094,0.34414994716644287,0.342007517346093
431,0.16967509,0.6246921420097351,0.3709602355957031,0.3684764166157192
432,0.7797833940000001,0.5192747116088867,0.4817171096801758,0.4904597563101972
433,0.971428571,0.6328002214431763,0.6693065166473389,0.6711594197269081
434,0.1884057969999999,0.1961347460746765,0.07355707883834839,0.10915520784621272
435,0.346320346,0.3712804317474365,0.31954455375671387,0.33722046040514764
436,0.645380435,0.4963071346282959,0.6808018684387207,0.6549822199145627
437,0.3765690379999999,0.6464262008666992,0.7557619214057922,0.7703060530399689
438,0.70923913,0.6976667642593384,0.6974960565567017,0.6890674259566159
439,0.761904762,0.4142592251300812,0.4018626809120178,0.40033491710728814
440,0.651515152,0.4142592251300812,0.4018626809120178,0.40996273254116683
441,0.175675676,0.3646657168865204,0.35628819465637207,0.35190217811360414
442,0.252717391,0.8037011027336121,0.4815068244934082,0.475829192930721
443,0.349112426,0.33238744735717773,0.3507574796676636,0.36563845435714337
444,0.520562771,0.5627604126930237,0.5687131881713867,0.5659829489373118
445,0.42965368,0.5627604126930237,0.5687131881713867,0.5732120973384613
446,0.99103139,0.5395892858505249,0.5091385245323181,0.5121308172024782
447,0.052631579,0.3898252248764038,0.3367432653903961,0.366564620163077
448,0.567567568,0.4286894202232361,0.4508397877216339,0.44904978684907143
449,0.884476534,0.749782919883728,0.9657227993011475,0.9014046706417069
450,0.545126354,0.5737891793251038,0.4387645721435547,0.4590910710241052
451,0.635281385,0.7104990482330322,0.6556013822555542,0.6664308674346549
452,0.7716450220000001,0.7104990482330322,0.6556013822555542,0.6695601920802366
453,0.127516779,0.2189112901687622,0.21628397703170776,0.2426552685939229
454,0.3,0.30038881301879883,0.16654351353645325,0.17466587262257605
455,0.908424908,0.6404876708984375,0.7874027490615845,0.7566102926258693
456,0.226315789,0.22601118683815002,0.5020723938941956,0.47244272800648834
457,0.621621622,0.6538054943084717,0.6754583120346069,0.6720870990913406
458,0.6875,0.3454287052154541,0.45330652594566345,0.4690544532808355
459,0.20995671,0.4283231794834137,0.3991510272026062,0.395629170040278
460,0.351731602,0.4283231794834137,0.3991510272026062,0.3737638221116757
461,0.366847826,0.6245775818824768,0.6224725246429443,0.6207322385436418
462,0.865800866,0.7298052310943604,0.7574405670166016,0.7695459021495945
463,0.82034632,0.7298052310943604,0.7574405670166016,0.7522239566610844
464,0.626315789,0.30640754103660583,0.21746373176574707,0.20086662773227937
465,0.585714286,0.5352203845977783,0.48649123311042786,0.4806204894606496
466,0.7907949790000001,0.5453564524650574,0.739020586013794,0.7289875598342239
467,0.2043956039999999,0.34109750390052795,0.23490983247756958,0.2152954042023127
468,0.952631579,0.5596563816070557,0.886987566947937,0.8878387522300891
469,0.387096774,0.5837389826774597,0.6091394424438477,0.6054001564638425
470,0.996336996,0.7475913763046265,0.794639527797699,0.765222183776693
471,0.567934783,0.36979740858078003,0.35953837633132935,0.35552156366804644
472,0.419354839,0.5605916976928711,0.5991759896278381,0.6193459857128395
473,0.5129870129999999,0.6310732364654541,0.17761331796646118,0.19965456739363052
474,0.224184783,0.4985644221305847,0.7118544578552246,0.6862048377735326
475,0.010869565,0.32771921157836914,0.23543286323547363,0.23561755769616471
476,0.331521739,0.6173127889633179,0.5255433320999146,0.5512332868246295
477,0.595108696,0.7323013544082642,0.5654003024101257,0.5696083099577902
478,0.651376147,0.5363921523094177,0.4852556884288788,0.5105229024495459
479,0.7027027029999999,0.6803936958312988,0.8005011677742004,0.7852268474195945
480,0.97032967,0.7341522574424744,0.7919943332672119,0.78010143132758
481,0.734375,0.555509090423584,0.7509694695472717,0.7325424981686013
482,0.42965368,0.695153534412384,0.8226066827774048,0.8073919278715695
483,0.436147186,0.695153534412384,0.8226066827774048,0.8130360243461594
484,0.637445887,0.5925241112709045,0.8179942965507507,0.7967175177897293
485,0.571428571,0.5925241112709045,0.8179942965507507,0.8071878188158077
486,0.331168831,0.6457818746566772,0.7992919683456421,0.8094638555798819
487,0.378787879,0.6457818746566772,0.7992919683456421,0.8097646116443871
488,0.548736462,0.7123968601226807,0.663337230682373,0.6942785723106557
489,0.738095238,0.4522668719291687,0.4783548414707184,0.47230328179096204
490,0.670995671,0.4522668719291687,0.4783548414707184,0.48909333151154094
491,0.61038961,0.5441281199455261,0.8699876070022583,0.8388591946195738
492,0.587662338,0.5441281199455261,0.8699876070022583,0.8384456452250553
493,0.615062762,0.5336410999298096,0.5884246826171875,0.5883687458237308
494,0.62012987,0.5349966287612915,0.6098043918609619,0.5952283726286802
495,0.822510823,0.5349966287612915,0.6098043918609619,0.5914197195526651
496,0.215367965,0.6315720677375793,0.6544619202613831,0.6384692678111376
497,0.305194805,0.6315720677375793,0.6544619202613831,0.6384692678111376
498,0.817582418,0.5962207317352295,0.6245006322860718,0.5928589271997733
499,0.837662338,0.6246057748794556,0.4505782127380371,0.44333045622558676
500,0.774891775,0.6246057748794556,0.4505782127380371,0.44409118845590967
501,0.514792899,0.4603685438632965,0.4320877194404602,0.4208561174029122
502,0.6038961039999999,0.32058244943618774,0.285666286945343,0.31252590303486594
503,0.7486413040000001,0.4552151560783386,0.5205971598625183,0.5348113714269429
504,0.345238095,0.5083116292953491,0.340448796749115,0.3596862300683933
505,0.4642857139999999,0.5083116292953491,0.340448796749115,0.3596862300683933
506,0.010526316,0.4451110363006592,0.3659731149673462,0.3598479222586725
507,0.356043956,0.485901802778244,0.7731640338897705,0.756400347845648
508,0.135135135,0.2565847933292389,0.28732287883758545,0.3034694933696537
509,0.811688312,0.4599257707595825,0.7282037138938904,0.7163759688259427
510,0.8311688309999999,0.4599257707595825,0.7282037138938904,0.7161947899767265
511,0.29076087,0.5052483677864075,0.4623892903327942,0.46069152683228687
512,0.963369963,0.709075927734375,0.8042798042297363,0.8174563352773763
513,0.059782609,0.5538867712020874,0.4677587151527405,0.47563249988431766
514,0.71969697,0.7354570031166077,0.6619688272476196,0.6608994677763511
515,0.676406926,0.7354570031166077,0.6619688272476196,0.6608994677763511
516,0.820652174,0.5171679854393005,0.610349178314209,0.6082002339420176
517,0.815899582,0.600321352481842,0.7073525190353394,0.6841824715534192
518,0.846320346,0.44757580757141113,0.5136585235595703,0.5164643826006937
519,0.883116883,0.44757580757141113,0.5136585235595703,0.5152305855068764
520,0.507575758,0.5997303128242493,0.853091299533844,0.847094803168355
521,0.534632035,0.5997303128242493,0.853091299533844,0.8462455745280177
522,0.13451087,0.3152986764907837,0.1613956093788147,0.1919091120623042
523,0.801630435,0.6732283234596252,0.7049047946929932,0.7209927317749264
524,0.442028986,0.4739611744880676,0.5893917083740234,0.5961761253111179
525,0.955156951,0.5851554274559021,0.5844236016273499,0.5662627070669048
526,0.03125,0.3415798544883728,0.20132654905319214,0.222934119553642
527,0.509157509,0.5161438584327698,0.49368491768836975,0.4777966556361162
528,0.917431193,0.6810814142227173,0.773201584815979,0.7747288107646338
529,0.43956044,0.40311336517333984,0.6908401250839233,0.6699136859929655
530,0.7449664429999999,0.5696412920951843,0.7000529170036316,0.6728594024479744
531,0.843956044,0.6149333119392395,0.6444493532180786,0.6176181561843709
532,0.868131868,0.5665290355682373,0.457042932510376,0.4556124512129396
533,0.180505415,0.23490887880325317,-0.023753464221954346,0.07626347368552133
534,0.2175732219999999,0.4283716082572937,0.42014333605766296,0.3946849493191604
535,0.1861413039999999,0.5583727359771729,0.2623467445373535,0.27687069229529276
536,0.80733945,0.545294463634491,0.5596885681152344,0.5899716110699345
537,0.878661088,0.6008180975914001,0.806382417678833,0.7869950187324697
538,0.543290043,0.5043569803237915,0.49716776609420776,0.5113505908469166
539,0.41576087,0.518240749835968,0.6311042308807373,0.650467870693336
540,0.403532609,0.5429164171218872,0.6582096219062805,0.65410079765916
541,0.974184783,0.43643665313720703,0.2585412263870239,0.249164526810386
542,0.1688311689999999,0.3475645184516907,0.2629810571670532,0.29651410257407035
543,0.467532468,0.4256274104118347,0.5037795305252075,0.5158731376285715
544,0.607142857,0.4256274104118347,0.5037795305252075,0.5060157309309931
545,0.910326087,0.6463135480880737,0.45356863737106323,0.4717029863013861
546,0.3913043479999999,0.3414989709854126,0.6418478488922119,0.6387619999132288
547,0.932900433,0.6267781257629395,0.6959859132766724,0.6755546529122214
548,0.891774892,0.6267781257629395,0.6959859132766724,0.6754336466592263
549,0.7826086959999999,0.6875001192092896,0.9851952791213989,0.9265792269617311
550,0.472943723,0.5013771057128906,0.666856050491333,0.6556913247256193
551,0.457792208,0.5013771057128906,0.666856050491333,0.6530301636108824
552,0.924187726,0.6642270088195801,0.8242137432098389,0.8199612190203532
553,0.555706522,0.447776734828949,0.5989137887954712,0.5913959020237158
554,0.7160326090000001,0.6045858263969421,0.5005078911781311,0.4894744183404873
555,0.2315789469999999,0.6904056668281555,0.7762131094932556,0.7560953379807818
556,0.443722944,0.5659584403038025,0.5188016891479492,0.5327711636589745
557,0.529220779,0.5659584403038025,0.5188016891479492,0.5327711636589745
558,0.97826087,0.6761738061904907,0.6436164379119873,0.617102569231115
559,0.3125,0.5847899913787842,0.42615658044815063,0.4522331269834856
560,0.596412556,0.424442321062088,0.43464723229408264,0.42574284587677685
561,0.314079422,0.28726091980934143,0.1852385699748993,0.16561530144270248
562,0.339673913,0.5103074312210083,0.2235182225704193,0.2267086886294572
563,0.592057762,0.7184793949127197,0.6583464741706848,0.6555720618878675
564,0.015151515,0.4820254445075989,0.279436320066452,0.2913733554471337
565,0.422382671,0.5285724997520447,0.48810437321662903,0.49567163110381407
566,0.638586957,0.4659789204597473,0.48914939165115356,0.5100314126832998
567,0.894021739,0.617167592048645,0.8520792126655579,0.8141573940272044
568,0.935779817,0.5869033932685852,0.7153878808021545,0.7035122458377883
569,0.514069264,0.49816858768463135,0.5942381620407104,0.5908610692970047
570,0.53030303,0.49816858768463135,0.5942381620407104,0.5912880533368936
571,0.577922078,0.5009996294975281,0.4719023108482361,0.45065495548004464
572,0.595238095,0.5009996294975281,0.4719023108482361,0.45080685100034923
573,0.622294372,0.4280053973197937,0.4654189944267273,0.4524057847281557
574,0.575757576,0.4280053973197937,0.4654189944267273,0.4713111266764931
575,0.585597826,0.3425770699977875,0.28936755657196045,0.30409441578182617
576,0.765690377,0.5726974010467529,0.623802661895752,0.636427927694623
577,0.130434783,0.3978750705718994,0.33722084760665894,0.3336750135303168
578,0.042207792,0.22968250513076782,0.13595014810562134,0.1662390382397368
579,0.0919913419999999,0.22968250513076782,0.13595014810562134,0.16926694629099182
580,0.612554113,0.3891807198524475,0.63177090883255,0.6031613545220995
581,0.906137184,0.6464304327964783,0.8012231588363647,0.7764764591705173
582,0.268115942,0.3708690106868744,0.3688950538635254,0.3530030649599426
583,0.875739645,0.7517414093017578,0.9269523620605469,0.9222742775439055
584,0.905844156,0.38434725999832153,0.39337998628616333,0.3707985829255498
585,0.94047619,0.38434725999832153,0.39337998628616333,0.3695351480180209
586,0.826086957,0.4355638027191162,0.5727869868278503,0.5428499700090733
587,0.032967033,0.33178311586380005,0.19122415781021118,0.19661489514273967
588,0.989169675,0.6001349687576294,0.7398554086685181,0.7354920221485804
589,0.851731602,0.4640040099620819,0.5803046822547913,0.572310235336429
590,0.853896104,0.4640040099620819,0.5803046822547913,0.572310235336429
591,0.062761506,0.3657136559486389,0.2670671045780182,0.2701400930466694
592,0.054945055,0.43558138608932495,0.4228791296482086,0.4172730227089784
593,0.355029586,0.879401683807373,0.712396502494812,0.725403894012312
594,0.19133574,0.3274775743484497,0.38619133830070496,0.40267421217392874
595,0.522727273,0.38001033663749695,0.6284894943237305,0.6117081377714546
596,0.487012987,0.38001033663749695,0.6284894943237305,0.6137683340617451
597,0.435897436,0.539551317691803,0.6522026658058167,0.6567392850753149
598,0.4428571429999999,0.5208563804626465,0.773203432559967,0.7551171544975401
599,0.704142012,0.6110486388206482,0.6674820184707642,0.644331469375929
600,0.882034632,0.626067042350769,0.6709715127944946,0.6624899600279348
601,0.937229437,0.626067042350769,0.6709715127944946,0.6585012408245678
602,0.605494505,0.5271081924438477,0.4518308639526367,0.48068959955208346
603,0.7064220179999999,0.5346530675888062,0.5185050368309021,0.5265835712661155
604,0.53125,0.40113210678100586,0.5711576342582703,0.5876759670771121
605,0.636363636,0.6269758939743042,0.5979495048522949,0.6054880219606307
606,0.946153846,0.6492810845375061,0.651145339012146,0.6440604222117379
607,0.828402367,0.43929725885391235,0.4254947900772095,0.4305978992516995
608,0.7364620940000001,0.4606298506259918,0.5287277102470398,0.5181097301652784
609,0.888586957,0.528161883354187,0.3598053753376007,0.3779650131093272
610,0.816513761,0.4146457612514496,0.9846231341362,0.9163802660644405
611,0.5324675320000001,0.40694621205329895,0.537129282951355,0.551537741090246
612,0.961956522,0.8245229125022888,1.035614013671875,0.9447502187712423
613,0.7326839829999999,0.4771457612514496,0.4799138903617859,0.4538575589599454
614,0.70021645,0.4771457612514496,0.4799138903617859,0.45552967151635115
615,0.3600543479999999,0.4408874809741974,0.4170190989971161,0.4396859207704857
616,0.082251082,0.45821675658226013,0.45764216780662537,0.4513361063437853
617,0.1417748919999999,0.45821675658226013,0.45764216780662537,0.45746416606997714
618,0.347826087,0.5048501491546631,0.681643009185791,0.6801144648569404
619,0.707581227,0.40453803539276123,0.3847145438194275,0.3614987125825793
620,0.215246637,0.5195022225379944,0.2988373041152954,0.29414140041001646
621,0.7463768120000001,0.44005468487739563,0.4125950038433075,0.4402759206916309
622,0.376681614,0.561163604259491,0.48858052492141724,0.4742862406039712
623,0.637583893,0.4232187867164612,0.5612370371818542,0.5364023320989904
624,0.2738095239999999,0.6938042640686035,0.6767166256904602,0.6664968326533043
625,0.345238095,0.6938042640686035,0.6767166256904602,0.6626590870576983
626,0.296028881,0.638257622718811,0.44608908891677856,0.4474597729028635
627,0.726190476,0.5183509588241577,0.5878918170928955,0.5660033795510339
628,0.664502165,0.5183509588241577,0.5878918170928955,0.5707877982898167
629,0.647186147,0.5291142463684082,0.6237377524375916,0.6222617139527286
630,0.643939394,0.5291142463684082,0.6237377524375916,0.6222617139527287
631,0.6895306859999999,0.46258312463760376,0.9482987523078918,0.9177479407881044
632,0.710059172,0.5467106103897095,0.7518208026885986,0.7643269683721114
633,0.7857142859999999,0.752830445766449,0.6530582904815674,0.6499073677468248
634,0.235930736,0.4264158606529236,0.3790969252586365,0.372215183962927
635,0.247835498,0.4264158606529236,0.3790969252586365,0.372215183962927
636,0.807531381,0.7321114540100098,0.6823835968971252,0.6932314515989582
637,0.931578947,0.6367179751396179,0.5755439400672913,0.5794065428972371
638,0.7247706420000001,0.7914729714393616,0.7950628995895386,0.7753631333801133
639,0.1893939389999999,0.4215047359466553,0.6364552974700928,0.6314471140235178
640,0.221861472,0.4215047359466553,0.6364552974700928,0.6218976430097738
641,0.372384937,0.37457984685897827,0.47781065106391907,0.4671014583866182
642,0.42599278,0.5915287137031555,0.7022026777267456,0.6740422384751001
643,0.315384615,0.5491150617599487,0.47304320335388184,0.45767919746398916
644,0.201834862,0.3622676432132721,0.42054852843284607,0.41656369404177673
645,0.453846154,0.5815775394439697,0.6169087886810303,0.6236965041768103
646,0.993506494,0.605067789554596,0.8268489837646484,0.7996966434991772
647,0.985930736,0.605067789554596,0.8268489837646484,0.7986488553367932
648,0.4887892379999999,0.7284363508224487,0.7753433585166931,0.7794006909809432
649,0.3263157889999999,0.34763067960739136,0.31307199597358704,0.32962159188430995
650,0.1807065219999999,0.5572302341461182,0.49504247307777405,0.4656465730800686
651,0.732336957,0.47498926520347595,0.6867451667785645,0.6816179629951697
652,0.869955157,0.4216209053993225,0.3298169672489166,0.316805164380045
653,0.559782609,0.6140965223312378,0.6881684064865112,0.7049454056000776
654,0.642201835,0.5615803003311157,0.5211421251296997,0.5384138732522181
655,0.524456522,0.4119476079940796,0.46215108036994934,0.4885188785647744
656,0.279220779,0.5616041421890259,0.5196332931518555,0.5057139836021052
657,0.316017316,0.5616041421890259,0.5196332931518555,0.49826441282925127
658,0.364835165,0.3208311200141907,0.3376045525074005,0.3429576500513386
659,0.40625,0.513255774974823,0.35646873712539673,0.37859440815433587
660,0.46875,0.5552806258201599,0.7445355653762817,0.7472622298927921
661,0.957880435,0.5434738397598267,0.5901803970336914,0.5927929506445755
662,0.904395604,0.582494854927063,0.7205833196640015,0.7174802346719701
663,0.476190476,0.5692564845085144,0.5253403186798096,0.5148381837647802
664,0.869565217,0.5712825059890747,0.7795122861862183,0.7539259522453423
665,0.08423913,0.4259355068206787,0.358545184135437,0.3428212421929775
666,0.654891304,0.60264652967453,0.7065669894218445,0.7021886216334765
667,0.941704036,0.4544059932231903,0.42985063791275024,0.4006579250934245
668,0.259414226,0.38956642150878906,0.586091160774231,0.570982711061153
669,0.046536797,0.5410991907119751,0.5157676935195923,0.5263481869039508
670,0.064935065,0.5410991907119751,0.5157676935195923,0.5143056169924546
671,0.063852814,0.4084911644458771,0.5228030681610107,0.5078941578384266
672,0.103896104,0.4084911644458771,0.5228030681610107,0.506748383951245
673,0.7928994079999999,0.21920245885849,0.13042891025543213,0.15697920730218756
674,0.7852348990000001,0.19508031010627747,0.14464807510375977,0.15738785562202268
675,0.286684783,0.2718137204647064,0.24686980247497559,0.2522720234481668
676,0.278947368,0.18808400630950928,0.09756684303283691,0.13074566773711482
677,0.695652174,0.6814236044883728,0.7010340690612793,0.7045315625397948
678,0.992424242,0.519529402256012,0.6950609683990479,0.6868008731831616
679,0.965367965,0.519529402256012,0.6950609683990479,0.6901139188144814
680,0.01793722,0.4381718635559082,0.1636870801448822,0.16473415164144867
681,0.885869565,0.4597610533237457,0.37425288558006287,0.37153907148933024
682,0.957894737,0.6340148448944092,0.6989705562591553,0.6999657720717478
683,0.574728261,0.6012305021286011,0.7216455936431885,0.7008068389240529
684,0.096703297,0.5934888124465942,0.6530745625495911,0.6368331415882198
685,0.923913043,0.42162951827049255,0.6486070156097412,0.6547875082037696
686,0.422818792,0.2523021697998047,0.39980193972587585,0.3832183039285565
687,0.127705628,0.2743849754333496,0.14989277720451355,0.15527331962325136
688,0.012987013,0.2743849754333496,0.14989277720451355,0.17543526703322657
689,0.260822511,0.37768805027008057,0.5083431005477905,0.5297672338210682
690,0.226190476,0.37768805027008057,0.5083431005477905,0.49847167632642175
691,0.399456522,0.593263566493988,0.5674924254417419,0.5574479308529655
692,0.968614719,0.34896981716156006,0.5856198072433472,0.5924578224792469
693,0.99025974,0.34896981716156006,0.5856198072433472,0.5994556925490804
694,0.79916318,0.46141472458839417,0.5851714015007019,0.5893357746755175
695,0.333333333,0.5286598801612854,0.6435657143592834,0.6357216558291203
696,0.021645022,0.4041648507118225,0.2174701988697052,0.208839545718999
697,0.037878788,0.4041648507118225,0.2174701988697052,0.2071669952917669
698,0.461956522,0.6009082794189453,0.5292447805404663,0.5426905884415121
699,0.2477064219999999,0.4695506691932678,0.1733492910861969,0.17258100328024523
700,0.367713004,0.4708983302116394,0.502771258354187,0.4746952753851967
701,0.218934911,0.27924925088882446,0.23687729239463806,0.23521669429437037
702,0.906593407,0.5731147527694702,0.5406486988067627,0.5446928190483254
703,0.828125,0.6366708278656006,0.6030735373497009,0.6140502756850807
704,0.04978355,0.15152627229690552,0.03598654270172119,0.07580334120217264
705,0.095238095,0.15152627229690552,0.03598654270172119,0.08643088430041443
706,0.923076923,0.5664111971855164,0.5691969990730286,0.5363166387046023
707,0.8125,0.5869215726852417,0.7575355172157288,0.7571592031256644
708,0.52967033,0.48952651023864746,0.5639243721961975,0.569436774674262
709,0.115789474,0.492830753326416,0.3044028878211975,0.3286671344327263
710,0.96969697,0.48714479804039,0.7629148364067078,0.7500830792086193
711,0.962121212,0.48714479804039,0.7629148364067078,0.7398749039289317
712,0.346320346,0.2930169999599457,0.280911386013031,0.28996421230567254
713,0.363636364,0.2930169999599457,0.280911386013031,0.2839787942746441
714,0.50887574,0.4203415811061859,0.6314142346382141,0.6172576083304546
715,0.336842105,0.449964702129364,0.6301969289779663,0.6237385301617862
716,0.980519481,0.4232338070869446,0.4083231985569,0.40595366971357283
717,0.966450216,0.4232338070869446,0.4083231985569,0.4200504249784718
718,0.8456375840000001,0.5948446989059448,0.508131742477417,0.5000735637129895
719,0.8994082840000001,0.3051493167877197,0.3522461950778961,0.3517202455296961
720,0.730519481,0.5977550745010376,0.644706130027771,0.642979654424457
721,0.754329004,0.5977550745010376,0.644706130027771,0.647756452988411
722,0.802690583,0.39796096086502075,0.33322015404701233,0.3343458388040629
723,0.975108225,0.5819671750068665,0.546344518661499,0.5584844110201493
724,0.948051948,0.5819671750068665,0.546344518661499,0.5613366241035207
725,0.540540541,0.38454243540763855,0.7397558689117432,0.7656429280435298
726,0.698369565,0.412399560213089,0.518402636051178,0.5049653313236606
727,0.229619565,0.3514336347579956,0.4197813868522644,0.43747893526833703
728,0.431578947,0.4953738749027252,0.5184431076049805,0.5300800104312754
729,0.575091575,0.4875069856643677,0.3523353338241577,0.3366561459289955
730,0.128440367,0.6562626361846924,0.6012948155403137,0.6087680284132937
731,0.048351648,0.45589280128479004,0.35342127084732056,0.3299306580375885
732,0.43956044,0.40930700302124023,0.43765127658843994,0.44677706662050365
733,0.6087912089999999,0.39516568183898926,0.38346558809280396,0.3857895906799062
734,0.21969697,0.16654673218727112,0.3410872519016266,0.344718231830562
735,0.214285714,0.16654673218727112,0.3410872519016266,0.344718231830562
736,0.4626373629999999,0.3828086256980896,0.44640815258026123,0.44597198038946617
737,0.129032258,0.4528859555721283,0.6214653253555298,0.6178864045472063
738,0.0978260869999999,0.6296363472938538,0.3690667450428009,0.3719795541994512
739,0.004329004,0.3038567900657654,0.2731139659881592,0.2683324369594761
740,0.0194805189999999,0.3038567900657654,0.2731139659881592,0.273617665785361
741,0.593073593,0.4730423092842102,0.6129323244094849,0.6209976736879741
742,0.7056277059999999,0.4730423092842102,0.6129323244094849,0.6139945901911592
743,0.303296703,0.2838268280029297,0.3584805727005005,0.36203693067287956
744,0.76146789,0.5389257669448853,0.8133182525634766,0.7915360979315944
745,0.175732218,0.46502432227134705,0.37571024894714355,0.3860383623626994
746,0.33632287,0.379669725894928,0.47013479471206665,0.4641277999020039
747,0.876623377,0.48124396800994873,0.2896435260772705,0.283776588652299
748,0.847368421,0.8494664430618286,0.8327224254608154,0.8143750672740686
749,0.058295964,0.3045791685581207,0.15816640853881836,0.18198215979644336
750,0.4811715479999999,0.3276350200176239,0.19854149222373962,0.22141131116866006
751,0.921875,0.63869309425354,0.6130085587501526,0.6398826713149683
752,0.293577982,0.359722375869751,0.3680112957954407,0.3558961308165415
753,0.0747282609999999,0.45121124386787415,0.4413801431655884,0.42289618379194294
754,0.4052631579999999,0.5503531098365784,0.625771701335907,0.6135323700868933
755,0.963302752,0.4985169768333435,0.5528169870376587,0.5482757100112359
756,0.238267148,0.4499627649784088,0.3183683753013611,0.2993780527772477
757,0.5896739129999999,0.48477527499198914,0.5788452625274658,0.5547962363595049
758,0.289855072,0.5234827399253845,0.5747626423835754,0.5909093207494056
759,0.610054348,0.6980821490287781,0.7156069278717041,0.708590171267581
760,0.59566787,0.5144293308258057,0.4778848886489868,0.5030333050580915
761,0.7142857140000001,0.7538775205612183,0.7189461588859558,0.7260634396351819
762,0.625541126,0.7538775205612183,0.7189461588859558,0.7095638677975407
763,0.425271739,0.41584572196006775,0.3850620985031128,0.4097594219113592
764,0.465703971,0.267439603805542,0.3572552800178528,0.3608423222491481
765,0.253246753,0.365703284740448,0.4539114832878113,0.44032017655004085
766,0.1087866109999999,0.45677462220191956,0.34609806537628174,0.37334441727261175
767,0.181318681,0.4405699670314789,0.176241934299469,0.20394742374168956
768,0.919463087,0.6752908229827881,0.7968171834945679,0.7720890777252873
769,0.534798535,0.3703049123287201,0.6423147916793823,0.6247341502826687
770,0.606060606,0.47156843543052673,0.5175291299819946,0.5279709998753326
771,0.430735931,0.47156843543052673,0.5175291299819946,0.5279709998753326
772,0.0157894739999999,0.4451124370098114,0.43762338161468506,0.4539574837309357
773,0.528532609,0.6221724152565002,0.5435574650764465,0.5522729363013332
774,0.666666667,0.7145854234695435,0.6985495090484619,0.6875293879471525
775,0.048387097,0.41903722286224365,0.3573775887489319,0.3733318524274435
776,0.919413919,0.48758363723754883,0.5893794894218445,0.5680355765497883
777,0.5353260870000001,0.44835165143013,0.503684401512146,0.49211261063050826
778,0.035326087,0.6147335171699524,0.5055017471313477,0.4907798221963259
779,0.399103139,0.6147612929344177,0.6889780163764954,0.6659243265776871
780,0.028880866,0.2912275195121765,0.16745582222938538,0.185152857877954
781,0.113553114,0.4937095046043396,0.48742902278900146,0.4917551620142342
782,0.394736842,0.47239333391189575,0.3071148693561554,0.32399915048043926
783,0.997282609,0.4885696768760681,0.6905064582824707,0.69196386843044
784,0.245670996,0.4545063376426697,0.3737209141254425,0.36755821478279427
785,0.267316017,0.4545063376426697,0.3737209141254425,0.36755821478279427
786,0.909090909,0.4272962212562561,0.30245229601860046,0.3093314822725101
787,0.95995671,0.4272962212562561,0.30245229601860046,0.30745518106263436
788,0.211038961,0.5468236207962036,0.564993679523468,0.5442573053942183
789,0.1558441559999999,0.5468236207962036,0.564993679523468,0.5573402998351908
790,0.872294372,0.8870259523391724,0.7832319140434265,0.7641193167818923
791,0.8008658009999999,0.8870259523391724,0.7832319140434265,0.7670089408633878
792,0.7580645159999999,0.569755494594574,0.5838388204574585,0.5935610309836417
793,0.448051948,0.30262482166290283,0.12715622782707214,0.15627717082055775
794,0.390692641,0.30262482166290283,0.12715622782707214,0.14386826272118924
795,0.4740259739999999,0.3888401687145233,0.45063236355781555,0.46509166054797946
796,0.3116883119999999,0.39178839325904846,0.4642859101295471,0.45214297177218093
797,0.416666667,0.39178839325904846,0.4642859101295471,0.4406099706930808
798,0.895021645,0.5930163264274597,0.6327497363090515,0.635728766481807
799,0.8863636359999999,0.5930163264274597,0.6327497363090515,0.611178178031041
800,0.612554113,0.6095097661018372,0.47585904598236084,0.4619817566739781
801,0.867965368,0.6095097661018372,0.47585904598236084,0.4981207172813495
802,0.142663043,0.5396841764450073,0.6318538188934326,0.6228820062869617
803,0.369565217,0.39202600717544556,0.548287034034729,0.5802722114884998
804,0.362771739,0.3601776659488678,0.5209969878196716,0.509403406004873
805,0.970711297,0.7513809204101562,0.7680369019508362,0.7556116800250062
806,0.6117216120000001,0.5118653774261475,0.3851563334465027,0.4018901129392956
807,0.0384615379999999,0.38861942291259766,0.3254408836364746,0.31222971688306556
808,0.696969697,0.5158876776695251,0.43473362922668457,0.42631731277263285
809,0.029304029,0.3222586214542389,0.1863972544670105,0.20428849500944682
810,0.60251046,0.5127851366996765,0.4883320927619934,0.5099440446432388
811,0.594736842,0.6198632121086121,0.609610378742218,0.6287811219345354
812,0.085201794,0.6499816179275513,0.5491473078727722,0.5530226850168038
813,0.264945652,0.4928131103515625,0.6663355827331543,0.6510013314465521
814,0.005411255,0.25087785720825195,0.13970986008644104,0.1563577816878089
815,0.016233766,0.25087785720825195,0.13970986008644104,0.15228108061270568
816,0.225108225,0.42884451150894165,0.45010435581207275,0.4472311434724041
817,0.231601732,0.42884451150894165,0.45010435581207275,0.43673917325767786
818,0.4175824179999999,0.5226894617080688,0.3535677194595337,0.3326783965016856
819,0.822485207,0.6362395286560059,0.6031349897384644,0.5872111721422033
820,0.064935065,0.504176676273346,0.3420926630496979,0.31501438415928196
821,0.926174497,0.5221028923988342,0.6451658606529236,0.6256958378765946
822,0.222943723,0.6190686225891113,0.5375060439109802,0.5566519893372224
823,0.1991341989999999,0.6190686225891113,0.5375060439109802,0.5551635144489877
824,0.047619048,0.2944014072418213,0.19757109880447388,0.20088345225485651
825,0.07034632,0.2944014072418213,0.19757109880447388,0.21326642937836582
826,0.242677824,0.46150368452072144,0.5651284456253052,0.5586171656615491
827,0.40433213,0.7055468559265137,0.49656081199645996,0.5187220578858129
828,0.174887892,0.31612110137939453,0.24088329076766968,0.22470007052577656
829,0.660550459,0.7221378087997437,0.7169741988182068,0.701406225970109
830,0.329004329,0.4313606023788452,0.40867987275123596,0.4321840944331234
831,0.33982684,0.3308679759502411,0.24502235651016235,0.27732266753318136
832,0.616883117,0.6641789674758911,0.6655465364456177,0.6757097463145815
833,0.62987013,0.6641789674758911,0.6655465364456177,0.6707541484894529
834,0.65625,0.4821677505970001,0.2607285976409912,0.2916413026870659
835,0.751677852,0.41875267028808594,0.5692405104637146,0.5829211809268728
836,0.110526316,0.16824454069137573,0.1244305670261383,0.1415359810221169
837,0.322510823,0.6689764261245728,0.5728820562362671,0.5577339691212486
838,0.881656805,0.5847834944725037,0.555558443069458,0.5650681570338065
839,0.709677419,0.45631590485572815,0.34714972972869873,0.3227590605706391
840,0.596703297,0.569912314414978,0.4226926863193512,0.43297614352778935
841,0.6032967029999999,0.31022709608078003,0.4177335202693939,0.4322146894642851
842,0.4130434779999999,0.38655227422714233,0.2997307777404785,0.3247264099338405
843,0.044372294,0.5292314887046814,0.3360669016838074,0.3380552005881424
844,0.11038961,0.5292314887046814,0.3360669016838074,0.3380552005881424
845,0.4130434779999999,0.41628873348236084,0.5484564900398254,0.5450320262417865
846,0.1956521739999999,0.4723407030105591,0.5499331951141357,0.5468489454921476
847,0.4177489179999999,0.6413916945457458,0.6261118650436401,0.6319877391252486
848,0.66017316,0.6413916945457458,0.6261118650436401,0.6315142827391783
849,0.366863905,0.7054822444915771,0.7785255312919617,0.7593718436907042
850,0.649456522,0.4755372405052185,0.45412150025367737,0.4300377722946852
851,0.789855072,0.47508007287979126,0.7212594747543335,0.7247383843788
852,0.7662337659999999,0.5987640023231506,0.8428521156311035,0.8334109883385141
853,0.757575758,0.5987640023231506,0.8428521156311035,0.8318650101173624
854,0.86038961,0.49074527621269226,0.5426722764968872,0.532654612756333
855,0.722943723,0.49074527621269226,0.5426722764968872,0.5323405089379123
856,0.563858696,0.3982328772544861,0.3115192949771881,0.31078766105729894
857,0.368200837,0.2569943070411682,0.3845141530036926,0.35731889835239655
858,0.390134529,0.33518970012664795,0.5083415508270264,0.5060397532677148
859,0.69047619,0.5656889081001282,0.7555230855941772,0.7522366303484724
860,0.892663043,0.448114275932312,0.734222948551178,0.7551122368337757
861,0.617965368,0.32501477003097534,0.2961430549621582,0.32275407548323476
862,0.6114718610000001,0.32501477003097534,0.2961430549621582,0.31638755290151094
863,0.736413043,0.7398333549499512,1.1447060108184814,0.9287438176874196
864,0.429347826,0.436483234167099,0.3897029757499695,0.4169713485099157
865,0.378698225,0.44396114349365234,0.4887353777885437,0.4955609025945086
866,0.7435897440000001,0.7789777517318726,0.9387909173965454,0.8842534010133625
867,0.207792208,0.5392317771911621,0.6019396781921387,0.5874421555613827
868,0.177489177,0.5392317771911621,0.6019396781921387,0.5874421555613827
869,0.66991342,0.3774073123931885,0.24435657262802124,0.23569076730253505
870,0.673160173,0.3774073123931885,0.24435657262802124,0.23569076730253505
871,0.45021645,0.6679897308349609,0.4342772662639618,0.41002668596894226
872,0.962121212,0.5615803599357605,0.7148337960243225,0.7232706330907765
873,0.968614719,0.5615803599357605,0.7148337960243225,0.7232958732866445
874,0.675324675,0.5989379286766052,0.3776007294654846,0.39546471582485504
875,0.626623377,0.5989379286766052,0.3776007294654846,0.39546471582485504
876,0.0883152169999999,0.48224911093711853,0.3181435465812683,0.3472707721512711
877,0.8423913040000001,0.6465200185775757,0.720102071762085,0.701014843829181
878,0.501805054,0.4896794557571411,0.5929772257804871,0.5850704719229496
879,0.121621622,0.12119632959365845,0.11831238865852356,0.14786892183564943
880,0.170995671,0.4305312931537628,0.3060436546802521,0.3134878113890539
881,0.119047619,0.4305312931537628,0.3060436546802521,0.3205181199559095
882,0.5,0.6908974647521973,0.6532750725746155,0.6642304835952462
883,0.304112554,0.5486108660697937,0.570235550403595,0.5772345292382002
884,0.285714286,0.5486108660697937,0.570235550403595,0.5772345292382002
885,0.836842105,0.6837633848190308,0.6587551832199097,0.6464328324933979
886,0.03030303,0.43011176586151123,0.18142738938331604,0.21489281541568148
887,0.827838828,0.7627684473991394,0.4678941071033478,0.46888619358978206
888,0.733727811,0.5799286365509033,0.5676957964897156,0.5871225103813589
889,0.5787545789999999,0.5933834314346313,0.5267643928527832,0.5350852492781556
890,0.92798913,0.5404248237609863,0.40162909030914307,0.3806263313297147
891,0.8053691279999999,0.7049003839492798,0.7048828601837158,0.7028909257990961
892,0.332129964,0.49438363313674927,0.4923841953277588,0.46966443533876356
893,0.991341991,0.5889216661453247,0.6406011581420898,0.620888527175165
894,0.953463203,0.5889216661453247,0.6406011581420898,0.620888527175165
895,0.8105263159999999,0.4541577100753784,0.398942768573761,0.417245905712707
896,0.220108696,0.6493234038352966,0.7735087871551514,0.7606894366931809
897,0.2088744589999999,0.43564289808273315,0.6172065734863281,0.6178580271083937
898,0.21969697,0.43564289808273315,0.6172065734863281,0.6109338515785235
899,0.89958159,0.5442354679107666,0.5755959749221802,0.5547037024331818
900,0.216450216,0.33801886439323425,0.2602238655090332,0.24771904048645
901,0.853896104,0.5177069902420044,0.6055002212524414,0.5973484824228101
902,0.7662337659999999,0.5177069902420044,0.6055002212524414,0.5973484824228101
903,0.995923913,0.4144453704357147,0.4084571897983551,0.39484839201910704
904,0.418772563,0.4537706673145294,0.48292744159698486,0.45510686745374523
905,0.028138528,0.28299152851104736,0.09873834252357483,0.1289784251940061
906,0.020879121,0.5386476516723633,0.3664405643939972,0.37328369624213287
907,0.107142857,0.5508028268814087,0.5399538278579712,0.525595953782098
908,0.08008658,0.5508028268814087,0.5399538278579712,0.5308891327682819
909,0.640167364,0.5994618535041809,0.6769636869430542,0.6892969138082066
910,0.888086643,0.34500083327293396,0.4938865900039673,0.47041952378069163
911,0.875,0.5712927579879761,0.6891129612922668,0.6935261993542366
912,0.512820513,0.5034586191177368,0.40497666597366333,0.3879526235471983
913,0.324324324,0.46571362018585205,0.365998774766922,0.3836717622092835
914,0.314935065,0.5858882665634155,0.5597395896911621,0.5528489603916493
915,0.2424242419999999,0.5858882665634155,0.5597395896911621,0.5528489603916493
916,0.541284404,0.5513173937797546,0.7418190240859985,0.7190255906119605
917,0.4225543479999999,0.4634970724582672,0.4451891779899597,0.44342970329934484
918,0.7792207790000001,0.40508610010147095,0.5382897853851318,0.5143229428415117
919,0.55298913,0.36871057748794556,0.18349048495292664,0.21666978569022588
920,0.527472527,0.4745418429374695,0.5696480870246887,0.5643998837004498
921,0.45923913,0.6254827976226807,0.3296462297439575,0.30660566814775664
922,0.788043478,0.5022541284561157,0.3659132719039917,0.3506849638654549
923,0.775815217,0.5381134152412415,0.2538706064224243,0.24988965397633678
924,0.2922077919999999,0.28172916173934937,0.28093671798706055,0.25968482153281736
925,0.313852814,0.28172916173934937,0.28093671798706055,0.2571491175217365
926,0.695067265,0.49578264355659485,0.6280250549316406,0.6129487423129201
927,0.533632287,0.6775246858596802,0.8298455476760864,0.8032459037747754
928,0.703296703,0.6685302257537842,0.6559673547744751,0.6651999616672568
929,0.374458874,0.4833259880542755,0.6562728881835938,0.6697145359352286
930,0.786813187,0.48694097995758057,0.6606184244155884,0.6311340746816749
931,0.905797101,0.5141577124595642,0.6741805672645569,0.6597065631484715
932,0.707792208,0.5268763303756714,0.3704894483089447,0.3562446123623585
933,0.606498195,0.6167223453521729,0.8485956192016602,0.8231248834143019
934,0.121338912,0.5994479060173035,0.600882351398468,0.6264880314539085
935,0.2490842489999999,0.43798696994781494,0.3330516517162323,0.3191765096375436
936,0.631768953,0.6294364929199219,0.6351456642150879,0.6372018684644143
937,0.338744589,0.6968427896499634,0.7792531847953796,0.7676253029562103
938,0.412337662,0.6968427896499634,0.7792531847953796,0.7682025584632234
939,0.42967033,0.49740493297576904,0.5598379373550415,0.5768970821059254
940,0.913043478,0.6216808557510376,0.5868270397186279,0.5683361025854583
941,0.5040760870000001,0.35126814246177673,0.06459411978721619,0.08371097557352565
942,0.970779221,0.6787333488464355,0.7657570838928223,0.7817947669939508
943,0.964285714,0.6787333488464355,0.7657570838928223,0.7757362994739978
944,0.562130178,0.3232993483543396,0.28762099146842957,0.3111346158872807
945,0.0779220779999999,0.3442203402519226,0.21419015526771545,0.19949250417928965
946,0.205776173,0.3536330759525299,0.33174869418144226,0.32082749889709344
947,0.4080086579999999,0.4469030499458313,0.5217831134796143,0.5486798836874495
948,0.466450216,0.4469030499458313,0.5217831134796143,0.5405111399291251
949,0.517663043,0.4100509285926819,0.6696232557296753,0.6625935009031098
950,0.928571429,0.6460761427879333,0.8172472715377808,0.7947377601183719
951,0.543478261,0.47245585918426514,0.6508214473724365,0.6560685357219711
952,0.851902174,0.6380533576011658,0.6954160332679749,0.7074526442956961
953,0.329004329,0.5001004934310913,0.5342047810554504,0.5371231335645198
954,0.908008658,0.3958280086517334,0.6058579683303833,0.5986651630794793
955,0.846320346,0.3958280086517334,0.6058579683303833,0.5974055688127544
956,0.264573991,0.4282819628715515,0.6707025170326233,0.649735539117196
957,0.1558441559999999,0.4723805785179138,0.37270426750183105,0.36419614881985996
958,0.916483516,0.7632646560668945,0.9230069518089294,0.884689142127655
959,0.454873646,0.6297591328620911,0.5550965070724487,0.5463582661704546
960,0.960288809,0.645194411277771,0.6731923222541809,0.6779870858820461
961,0.981949458,0.6051362156867981,0.5366771221160889,0.5370630205586107
962,0.39748954,0.47596707940101624,0.5893201231956482,0.6086259193962422
963,0.72972973,0.7861257791519165,0.7161412239074707,0.694866755412475
964,0.377717391,0.4547482132911682,0.4811876714229584,0.4819254577944958
965,0.942238267,0.4419730305671692,0.5720046758651733,0.5911222423526807
966,0.220779221,0.39658406376838684,0.2629089951515198,0.2776952888221314
967,0.871559633,0.47159844636917114,0.6068702340126038,0.5807448733724548
968,0.933054393,0.5741215348243713,0.6885278820991516,0.7008416096375354
969,0.702445652,0.49744942784309387,0.6047990322113037,0.6136100871732669
970,0.727272727,0.6791683435440063,0.7993960380554199,0.7758858018556689
971,0.5584239129999999,0.6402189135551453,0.424186646938324,0.42912024835564033
972,0.203463203,0.44225946068763733,0.2418365180492401,0.24282739726012867
973,0.234848485,0.44225946068763733,0.2418365180492401,0.24282739726012867
974,0.338315217,0.46925240755081177,0.6741988658905029,0.6757168292129929
975,0.577405858,0.3402295708656311,0.5612435340881348,0.5502420128014027
976,0.924175824,0.4172412157058716,0.6295350790023804,0.6096731178874563
977,0.072510823,0.5153363943099976,0.4983387887477875,0.5009082858594787
978,0.087662338,0.5153363943099976,0.4983387887477875,0.49255170627229306
979,0.519480519,0.3801828622817993,0.36149299144744873,0.37824261162446055
980,0.475108225,0.3801828622817993,0.36149299144744873,0.3728107810868524
981,0.762331839,0.42782050371170044,0.6927706003189087,0.7063391085802264
982,0.898916968,0.6619963645935059,0.7630637884140015,0.7369689530956173
983,0.542857143,0.45173346996307373,0.4702748656272888,0.49088849062569684
984,0.462093863,0.5748053789138794,0.6830698251724243,0.7092826524922469
985,0.8592057759999999,0.5799316763877869,0.5302032828330994,0.5180532535146636
986,0.133574007,0.3643198609352112,0.17282602190971375,0.19166154667737437
987,0.744565217,0.54848712682724,0.7528735399246216,0.7268875606077235
988,0.630434783,0.46534502506256104,0.2867058515548706,0.31183567254133515
989,0.065934066,0.366512268781662,0.12065303325653076,0.1336030858104496
990,0.57034632,0.4509246349334717,0.41660863161087036,0.4401078415841501
991,0.609307359,0.4509246349334717,0.41660863161087036,0.4401078415841501
992,0.848484848,0.6654212474822998,0.8659091591835022,0.8327959727532606
993,0.7867965370000001,0.6654212474822998,0.8659091591835022,0.8327959727532606
994,0.5844155839999999,0.7078852653503418,0.9246120452880859,0.8899250690644154
995,0.8165760870000001,0.4959169924259186,0.6370420455932617,0.6562695012541899
996,0.986547085,0.6994966268539429,0.9671275019645691,0.90938076592849
997,0.3783783779999999,0.5011661052703857,0.6117266416549683,0.6031259920142149
998,0.948051948,0.5778668522834778,0.816010057926178,0.7867245416288053
999,0.79978355,0.4816283583641052,0.43162786960601807,0.4322140866220801
1000,0.787878788,0.4816283583641052,0.43162786960601807,0.43160009227299057
1001,0.010830325,0.4220207929611206,0.24871158599853516,0.2763621829970292
1002,0.424242424,0.4391445517539978,0.4987066388130188,0.4789728681083601
1003,0.5519480520000001,0.4391445517539978,0.4987066388130188,0.4781923573639081
1004,0.860986547,0.295463502407074,0.3590349853038788,0.3526714760383816
1005,0.251082251,0.4012829065322876,0.34339040517807007,0.3361291197699243
1006,0.2543290039999999,0.4012829065322876,0.34339040517807007,0.3305425966144795
1007,0.918831169,0.5149840712547302,0.7254500985145569,0.7092930262454189
1008,0.903679654,0.5149840712547302,0.7254500985145569,0.7047342201306313
1009,0.110091743,0.5727950930595398,0.19637781381607056,0.20371050982030917
1010,0.255230126,0.5337719321250916,0.49813544750213623,0.4895809729438227
1011,0.6309523810000001,0.5477689504623413,0.3813832998275757,0.3766366825011859
1012,0.6861471859999999,0.5477689504623413,0.3813832998275757,0.3859866014181074
1013,0.796703297,0.4525281488895416,0.44255733489990234,0.44773622295019544
1014,0.2274725269999999,0.5267102718353271,0.5043511390686035,0.4890654435106055
1015,0.471861472,0.5881869196891785,0.626410722732544,0.6428539132493198
1016,0.418831169,0.5881869196891785,0.626410722732544,0.6403845546373259
1017,0.173913043,0.5460234880447388,0.2925833463668823,0.2684104977710666
1018,0.487364621,0.44343101978302,0.5054630041122437,0.4909313103965035
1019,0.176630435,0.5080782175064087,0.29031118750572205,0.29370540484285956
1020,0.7526315790000001,0.7626784443855286,0.6636773943901062,0.669704682983342
1021,0.925271739,0.42219120264053345,0.7470466494560242,0.7220216793640133
1022,0.74368231,0.5725789666175842,0.4157026410102844,0.4145017606127519
1023,0.126373626,0.5036811232566833,0.44228965044021606,0.4153221626722572
1024,0.673684211,0.6380986571311951,0.5761305689811707,0.5656806466406455
1025,0.753138075,0.5439005494117737,0.615141749382019,0.6165726618760206
1026,0.416483516,0.32453012466430664,0.3344917893409729,0.34789257495526926
1027,0.609467456,0.4354436993598938,0.5172119140625,0.5058438888818821
1028,0.557065217,0.7487063407897949,0.5358685255050659,0.5213792340185159
1029,0.315217391,0.7110937237739563,0.8941900730133057,0.8586051403178347
1030,0.90625,0.612820565700531,0.7208268642425537,0.7046290742516002
1031,0.255411255,0.7122870683670044,0.8752723932266235,0.8475108670777906
1032,0.515151515,0.48122265934944153,0.3799269199371338,0.38402253916852624
1033,0.452380952,0.48122265934944153,0.3799269199371338,0.3862022598309337
1034,0.55033557,0.4321667551994324,0.3200197219848633,0.3128993615407929
1035,0.4642857139999999,0.4630586802959442,0.41250306367874146,0.4217627084409711
1036,0.439393939,0.4630586802959442,0.41250306367874146,0.42311500933737817
1037,0.062637363,0.49895164370536804,0.19956287741661072,0.2237060776227468
1038,0.177489177,0.5962636470794678,0.752822756767273,0.7289919545343844
1039,0.116883117,0.5962636470794678,0.752822756767273,0.7335350524254995
1040,0.391774892,0.5781127214431763,0.663183867931366,0.6560071457190368
1041,0.341991342,0.5781127214431763,0.663183867931366,0.6601210206258586
1042,0.57400722,0.25793197751045227,0.26550984382629395,0.28044573043114357
1043,0.270758123,0.28744974732398987,0.2222135066986084,0.22336764885035743
1044,0.853556485,0.6356863379478455,0.5743979215621948,0.5600103504749812
1045,0.383152174,0.5065043568611145,0.44528505206108093,0.45958444623028905
1046,0.7399103140000001,0.5594651699066162,0.3917098939418793,0.40867380392666475
1047,0.125523013,0.3118007779121399,0.055445730686187744,0.11135184112091215
1048,0.455163043,0.6375957131385803,0.4885830581188202,0.5093226535177382
1049,0.9004329,0.5098171234130859,0.5108395218849182,0.5055001326315638
1050,0.848484848,0.5098171234130859,0.5108395218849182,0.5225625791104527
1051,0.661538462,0.38993585109710693,0.3467877507209778,0.3591835111296795
1052,0.448051948,0.6689766049385071,0.6410843729972839,0.6458070220742201
1053,0.094505495,0.3276505172252655,0.34617871046066284,0.33986916725820904
1054,0.231884058,0.42490994930267334,0.38679078221321106,0.38778548406393215
1055,0.630434783,0.6184465885162354,0.5308807492256165,0.5359172416339344
1056,0.067567568,0.44284069538116455,0.4780232906341553,0.5021412559869269
1057,0.359307359,0.5934196710586548,0.7280635833740234,0.726973554391938
1058,0.061141304,0.37262052297592163,0.18898460268974304,0.1739951335138715
1059,0.823369565,0.5480675101280212,0.6728968024253845,0.6480853299464151
1060,0.694560669,0.8119605779647827,0.8369485139846802,0.8324300844848529
1061,0.233766234,0.39912164211273193,0.4474739730358124,0.4401607280912646
1062,0.270562771,0.39912164211273193,0.4474739730358124,0.46426494777197846
1063,0.2419354839999999,0.5610386729240417,0.39174115657806396,0.4165204410140032
1064,0.086956522,0.6479837894439697,0.717732846736908,0.7284123444768887
1065,0.436141304,0.5171314477920532,0.7874163389205933,0.76001354634902
1066,0.4981684979999999,0.6196452975273132,0.7702752351760864,0.7585389354806522
1067,0.575757576,0.6209267377853394,0.6604235172271729,0.642437615521193
1068,0.535714286,0.6209267377853394,0.6604235172271729,0.6412431081427179
1069,0.0939597319999999,0.6088124513626099,0.38703882694244385,0.3808664747854571
1070,0.68021978,0.5135647058486938,0.53570955991745,0.5266428271442749
1071,0.325274725,0.40708327293395996,0.177595853805542,0.2120398154605406
1072,0.518398268,0.4983167052268982,0.2123926281929016,0.23404166869398282
1073,0.668831169,0.4983167052268982,0.2123926281929016,0.22334445670864472
1074,0.953020134,0.7178499102592468,0.8413921594619751,0.8279777557725201
1075,0.38267148,0.4623010754585266,0.12319710850715637,0.14875090312221367
1076,0.506493506,0.512330174446106,0.5232319235801697,0.5014920093913136
1077,0.478354978,0.512330174446106,0.5232319235801697,0.5014920093913136
1078,0.913419913,0.6112275123596191,0.6921067237854004,0.7020777862521399
1079,0.048701299,0.5504553914070129,0.4464961290359497,0.4413129186636454
1080,0.0606060609999999,0.5504553914070129,0.4464961290359497,0.4413129186636454
1081,0.449704142,0.4024244248867035,0.15692752599716187,0.17097776007576793
1082,0.4079422379999999,0.584897518157959,0.7088272571563721,0.7002938096306013
1083,0.321100917,0.5292330980300903,0.34306925535202026,0.3150672071229749
1084,0.505415162,0.4789004921913147,0.5515351891517639,0.5719680057050567
1085,0.436147186,0.2954341173171997,0.2162671983242035,0.21482513907312156
1086,0.376623377,0.2954341173171997,0.2162671983242035,0.21482513907312156
1087,0.505263158,0.48703646659851074,0.7471317052841187,0.7337140014271181
1088,0.32735426,0.4123331606388092,0.2676738500595093,0.2927608801900341
1089,0.272727273,0.5384173393249512,0.31523269414901733,0.3105723006533455
1090,0.179347826,0.5356152653694153,0.5856413841247559,0.6012905261104362
1091,0.739130435,0.4585973918437958,0.4733279049396515,0.48334067926307933
1092,0.298901099,0.37494704127311707,0.3370296359062195,0.33959605060022313
1093,0.2377717389999999,0.4847092032432556,0.5240352749824524,0.554142472488409
1094,0.773097826,0.5029091238975525,0.5105582475662231,0.510083798031212
1095,0.487771739,0.5303187370300293,0.5598918795585632,0.5859613353481303
1096,0.018050542,0.5456935167312622,0.4101337790489197,0.4061972559513315
1097,0.772563177,0.4977016746997833,0.746073842048645,0.721615729176231
1098,0.455621302,0.66411292552948,0.6617965698242188,0.6568200803061641
1099,0.829596413,0.5310459136962891,0.3891700506210327,0.38698993797730297
1100,0.150815217,0.4876660704612732,0.26003435254096985,0.2732500723186382
1101,0.952445652,0.5168923139572144,0.7393489480018616,0.7549384124107339
1102,0.020380435,0.5477198958396912,0.18226736783981323,0.19877721560048722
1103,0.184115523,0.4912641942501068,0.520112156867981,0.5520191803083963
1104,0.66576087,0.5749287009239197,0.40893253684043884,0.42772875709521124
1105,0.8396739129999999,0.6377663016319275,0.7249026894569397,0.7382821228940716
1106,0.350649351,0.6030198335647583,0.5133323073387146,0.5124027772960708
1107,0.859375,0.5455482006072998,0.6295868158340454,0.6115778029720177
1108,0.545454545,0.6033294796943665,0.36467450857162476,0.34716426969550135
1109,0.335740072,0.7334975004196167,0.6683636903762817,0.6584153877627885
1110,0.564935065,0.5600934028625488,0.6372286677360535,0.6365929748112897
1111,0.515695067,0.32011154294013977,0.34180188179016113,0.35691843314359173
1112,0.171875,0.5168513059616089,0.6456897258758545,0.6544799267589001
1113,0.662162162,0.4927408695220947,0.896032452583313,0.8674987144342567
1114,0.6114718610000001,0.1734943687915802,0.3007543385028839,0.30254864367093026
1115,0.6341991339999999,0.1734943687915802,0.3007543385028839,0.30254864367093026
1116,0.11038961,0.3409577012062073,0.33133915066719055,0.31513084776128675
1117,0.912133891,0.4667626619338989,0.5890711545944214,0.5715850754400142
1118,0.8084239129999999,0.526141345500946,0.5402882099151611,0.5510803468770736
1119,0.188340807,0.3318074643611908,0.28317883610725403,0.2916992741738359
1120,0.046931408,0.31139519810676575,0.12900418043136597,0.14888677145783635
1121,0.752293578,0.6383299231529236,0.6543388962745667,0.6694421528447936
1122,0.682008368,0.5338419675827026,0.7515434622764587,0.7418136978662553
1123,0.1742424239999999,0.4480040669441223,0.41683003306388855,0.4030919935380991
1124,0.159090909,0.4480040669441223,0.41683003306388855,0.40309199353809916
1125,0.926630435,0.5732921957969666,0.7536495923995972,0.7443849327380665
1126,0.266233766,0.7049493789672852,0.6363564729690552,0.6369698138849619
1127,0.706709957,0.5701133608818054,0.7181367874145508,0.7067284772165342
1128,0.63961039,0.5701133608818054,0.7181367874145508,0.6985638683934049
1129,0.577445652,0.5822486877441406,0.5345033407211304,0.5619796790651832
1130,0.83008658,0.5700185894966125,0.421592116355896,0.398816164070514
1131,0.880952381,0.5700185894966125,0.421592116355896,0.39563837483782727
1132,0.850543478,0.4561406373977661,0.5050436854362488,0.48686262304120137
1133,0.322510823,0.33138802647590637,0.4761675000190735,0.4774739408089966
1134,0.461038961,0.33138802647590637,0.4761675000190735,0.4636875887709074
1135,0.228699552,0.6290717720985413,0.45744627714157104,0.4652657054604299
1136,0.302013423,0.4435155987739563,0.3879287838935852,0.4005367161963931
1137,0.463315217,0.4812767803668976,0.7019000053405762,0.6768238393292149
1138,0.247282609,0.567535936832428,0.4476530849933624,0.44824553291432384
1139,0.82201087,0.6687334775924683,0.7748215794563293,0.7722507920090442
1140,0.953463203,0.5711963772773743,0.6312599182128906,0.6329758558230936
1141,0.946969697,0.5711963772773743,0.6312599182128906,0.6329758558230936
1142,0.7173913040000001,0.4653918147087097,0.5382033586502075,0.5434286576099316
1143,0.493206522,0.6391692757606506,0.8552441000938416,0.8629313788392745
1144,0.310526316,0.6153967976570129,0.7248544096946716,0.7140150520505282
1145,0.10989011,0.5789329409599304,0.4521736800670624,0.475219576698655
1146,0.4319526629999999,0.554246723651886,0.7005967497825623,0.6825615069295445
1147,0.321978022,0.5971975326538086,0.5236625671386719,0.5157831621983942
1148,0.414402174,0.23261523246765137,-0.06909489631652832,0.07376144216983826
1149,0.883408072,0.5976794958114624,0.6226459741592407,0.6413808990560453
1150,0.316576087,0.45525771379470825,0.5240238308906555,0.539611088128009
1151,0.1363636359999999,0.3746771514415741,0.48241326212882996,0.4988110898544794
1152,0.345108696,0.5967989563941956,0.1561313271522522,0.180737462181488
1153,0.530685921,0.4251720905303955,0.40665358304977417,0.3759088737408211
1154,0.847402597,0.5836641192436218,0.48470163345336914,0.4756241092630674
1155,0.79004329,0.5836641192436218,0.48470163345336914,0.4750781513414849
1156,0.236413043,0.5266967415809631,0.6343549489974976,0.6276316825381383
1157,0.942640693,0.6935055255889893,0.7155709266662598,0.7013094584766204
1158,0.926406926,0.6935055255889893,0.7155709266662598,0.7163570809311537
1159,0.967032967,0.7056702375411987,0.5195921063423157,0.5313376466258972
1160,0.89010989,0.5435836315155029,0.4352116584777832,0.4372425851854086
1161,0.519855596,0.4444277584552765,0.6797931790351868,0.6569832113947782
1162,0.186147186,0.6209110617637634,0.5006589293479919,0.5239117137684215
1163,0.213203463,0.6209110617637634,0.5006589293479919,0.526130930690703
1164,0.774891775,0.6514429450035095,0.6230484843254089,0.6327969929338029
1165,0.972943723,0.6514429450035095,0.6230484843254089,0.624065625265078
1166,0.390625,0.4944717586040497,0.5909231901168823,0.6019401215444649
1167,0.490842491,0.5114492177963257,0.6324640512466431,0.6438966145204355
1168,0.674242424,0.6683146953582764,0.613623321056366,0.6015088431686567
1169,0.685064935,0.6683146953582764,0.613623321056366,0.6118961060234567
1170,0.363636364,0.6427671313285828,0.9119042754173279,0.8997366697045731
1171,0.091743119,0.461558997631073,0.3898822069168091,0.4214701387321483
1172,0.065217391,0.47254765033721924,0.20047059655189514,0.2207073423672364
1173,0.2065217389999999,0.28494444489479065,0.141032874584198,0.13988983162507024
1174,0.601449275,0.6917329430580139,0.3959771394729614,0.4270910686877935
1175,0.78700361,0.6726223230361938,0.622649610042572,0.6511511056702968
1176,0.7673160170000001,0.5432877540588379,0.6007915735244751,0.622448920054609
1177,0.6536796539999999,0.5432877540588379,0.6007915735244751,0.6157178202315858
1178,0.819264069,0.5485445857048035,0.30613595247268677,0.30701784400726195
1179,0.7283549779999999,0.5485445857048035,0.30613595247268677,0.2858730635903357
1180,0.516483516,0.548101544380188,0.3398444950580597,0.36999819430384684
1181,0.049450549,0.6134766340255737,0.4164305627346039,0.42871608437514513
1182,0.525274725,0.39799052476882935,0.7100003957748413,0.6865842412831724
1183,0.119133574,0.16392576694488525,-0.06888079643249512,0.05612055608335519
1184,0.263157895,0.6709654331207275,0.5356793999671936,0.516399596875796
1185,0.934065934,0.4945729970932007,0.6090027689933777,0.6041508770555264
1186,0.774193548,0.4471912086009979,0.5692052245140076,0.5776584811749451
1187,0.0613718409999999,0.4337471127510071,0.3053942322731018,0.2928293699528075
1188,0.11548913,0.3402494192123413,0.06283587217330933,0.09193103083725805
1189,0.587662338,0.5485090017318726,0.4304116368293762,0.43091263230400556
1190,0.504329004,0.5485090017318726,0.4304116368293762,0.4012096917018573
1191,0.1504329,0.5988659262657166,0.4713737666606903,0.45708432249439596
1192,0.13961039,0.5988659262657166,0.4713737666606903,0.4728753095432844
1193,0.173684211,0.520915150642395,0.4807325005531311,0.470990123340658
1194,0.062780269,0.6169872283935547,0.38852182030677795,0.4015227410015857
1195,0.853211009,0.6946872472763062,0.5727025270462036,0.5821286814270826
1196,0.61732852,0.48667943477630615,0.705598771572113,0.6993695545399257
1197,0.291125541,0.5317600965499878,0.909663736820221,0.861984765014578
1198,0.361471861,0.5317600965499878,0.909663736820221,0.8731635888742408
1199,0.7056277059999999,0.4273412525653839,0.5846811532974243,0.6057456391329675
1200,0.956521739,0.40408530831336975,0.25732994079589844,0.29027876250203954
1201,0.4729241879999999,0.5131157636642456,0.3948329985141754,0.4064879360103419
1202,0.071129707,0.26661622524261475,0.13805556297302246,0.14854132310004897
1203,0.393305439,0.4348674416542053,0.3070988059043884,0.3117184236114775
1204,0.304932735,0.6657291650772095,0.7039294838905334,0.7192234693663717
1205,0.716216216,0.6847363710403442,0.8244990706443787,0.8077836370280176
1206,0.281879195,0.41691452264785767,0.3794787526130676,0.3921444043493084
1207,0.8863636359999999,0.7231463193893433,0.8821771144866943,0.8779663899348266
1208,0.845238095,0.7231463193893433,0.8821771144866943,0.8779663899348267
1209,0.8290043290000001,0.5610846877098083,0.5888916254043579,0.5830880503194997
1210,0.825757576,0.5610846877098083,0.5888916254043579,0.5830880503194997
1211,0.6834239129999999,0.549925684928894,0.10544326901435852,0.13763726782851538
1212,0.933423913,0.4853527545928955,0.5980454087257385,0.6059287386751785
1213,0.422077922,0.7025278806686401,0.6730847358703613,0.684088745197634
1214,0.430493274,0.5512681603431702,0.4313570261001587,0.4188172858291874
1215,0.591032609,0.6506425142288208,0.8626291155815125,0.863600109682505
1216,0.005263158,0.1963348090648651,-0.016235649585723877,0.041738875580204206
1217,0.991631799,0.606555163860321,0.7841805219650269,0.7566563108766744
1218,0.976331361,0.7042698860168457,0.816740095615387,0.7816796087868595
1219,0.419836957,0.4393687844276428,0.5089868307113647,0.49027776590562283
1220,0.584615385,0.4853387773036957,0.3584955036640167,0.33925515173295917
1221,0.11409396,0.5519170761108398,0.6905555725097656,0.6979921916232904
1222,0.804347826,0.8506530523300171,0.8144141435623169,0.7831088418207397
1223,0.672554348,0.5136495232582092,0.6235480308532715,0.6377997461463273
1224,1.0,0.4097876250743866,0.47825494408607483,0.5083393956913627
1225,0.294372294,0.29514777660369873,0.3888539969921112,0.3852791395164462
1226,0.29978355,0.29514777660369873,0.3888539969921112,0.4007556802813597
1227,0.337362637,0.4632125198841095,0.5301283001899719,0.5281163100224542
1228,0.022421525,0.6698044538497925,0.7887001037597656,0.7572552148563305
1229,0.7826086959999999,0.5269768834114075,0.5995596051216125,0.5817024775015956
1230,0.437869822,0.384740948677063,0.4707404375076294,0.4537136415319835
1231,0.622282609,0.4591239392757416,0.6321500539779663,0.619855256641652
1232,0.375451264,0.341201514005661,0.3796059787273407,0.36410536005519145
1233,0.7354260090000001,0.4651149809360504,0.43984848260879517,0.46357394107076066
1234,0.765625,0.5288128852844238,0.7243662476539612,0.7273267241511069
1235,0.5519480520000001,0.5119160413742065,0.6115646958351135,0.5938735472052938
1236,0.438311688,0.5119160413742065,0.6115646958351135,0.6018820393227521
1237,0.233766234,0.5693039298057556,0.3515915274620056,0.3534775241145177
1238,0.911242604,0.6177176833152771,0.6168532967567444,0.6062602570682796
1239,0.8636363640000001,0.39934730529785156,0.3327191472053528,0.3142814091171926
1240,0.908008658,0.39934730529785156,0.3327191472053528,0.30977308556826544
1241,0.914798206,0.5341203212738037,0.5526677370071411,0.5224429309011221
1242,0.292418773,0.4491924047470093,0.5535553097724915,0.5602252501143827
1243,0.2017937219999999,0.45393484830856323,0.21275296807289124,0.23325806473399446
1244,0.1956521739999999,0.3103548288345337,0.1348864734172821,0.176257580532248
1245,0.336580087,0.5244025588035583,0.23159456253051758,0.2253700533364939
1246,0.338744589,0.5244025588035583,0.23159456253051758,0.2253700533364939
1247,0.569037657,0.3471977412700653,0.2871638238430023,0.31318470076100713
1248,0.908967391,0.487185537815094,0.4428492784500122,0.44517829550259735
1249,0.157608696,0.5178903937339783,0.3672829568386078,0.36694186938812734
1250,0.289940828,0.34365957975387573,0.536889374256134,0.5654482536323686
1251,0.667748918,0.4703693091869354,0.5551307797431946,0.5459691017306001
1252,0.8290043290000001,0.4703693091869354,0.5551307797431946,0.5459691017306001
1253,0.02173913,0.4465808570384979,0.4923630952835083,0.5105829991295915
1254,0.8579881659999999,0.47436636686325073,0.3622491955757141,0.3857343039618014
1255,0.893772894,0.5788068175315857,0.5290805101394653,0.5386045435497624
1256,0.7867965370000001,0.5416736006736755,0.8744174242019653,0.8443342627969207
1257,0.758658009,0.5416736006736755,0.8744174242019653,0.8424336359563486
1258,0.166666667,0.1446332037448883,0.27526208758354187,0.25261296071342243
1259,0.768115942,0.4747546911239624,0.4564235210418701,0.4585835920339032
1260,0.305263158,0.39337241649627686,0.38849809765815735,0.4074381465583695
1261,0.721611722,0.3179776668548584,0.7900097370147705,0.7585196178207916
1262,0.609375,0.31631016731262207,0.46909627318382263,0.47165205373018476
1263,0.298701299,0.36819988489151,0.37168067693710327,0.3712031519280214
1264,0.287878788,0.36819988489151,0.37168067693710327,0.36124424559806734
1265,0.949134199,0.4398275911808014,0.6416836977005005,0.6289452584161669
1266,0.916666667,0.4398275911808014,0.6416836977005005,0.6269402834734259
1267,0.205020921,0.4420047998428345,0.5182450413703918,0.5231234791222295
1268,0.790613718,0.48912671208381653,0.5603102445602417,0.5497124250623164
1269,0.290322581,0.4784047603607178,0.4585237503051758,0.4333957473270446
1270,0.308724832,0.348087877035141,0.46252766251564026,0.4481153759442169
1271,0.7813186809999999,0.5914367437362671,0.42587757110595703,0.41293717295353405
1272,0.464435146,0.5509546995162964,0.6550254821777344,0.6407370450745717
1273,0.479120879,0.49368104338645935,0.6951318979263306,0.691947130322301
1274,0.478354978,0.5223259925842285,0.5644615292549133,0.5784741702306303
1275,0.472943723,0.5223259925842285,0.5644615292549133,0.5722885091607948
1276,0.696969697,0.42216697335243225,0.6039575934410095,0.6245368027330651
1277,0.69047619,0.42216697335243225,0.6039575934410095,0.6033595823057152
1278,0.238493724,0.4618890583515167,0.42467835545539856,0.4360950653341202
1279,0.58974359,0.4339919090270996,0.673085629940033,0.6907008035603824
1280,0.8242677820000001,0.5843064785003662,0.6804132461547852,0.6792630128530035
1281,0.074725275,0.3032985329627991,0.20437273383140564,0.2121923881516321
1282,0.645054945,0.4375970661640167,0.5684972405433655,0.5615489576520154
1283,0.065088757,0.2510380148887634,0.023239552974700928,0.07955762337040292
1284,0.567032967,0.4386376738548279,0.5227707028388977,0.5256890492816226
1285,0.582251082,0.14538496732711792,0.27537184953689575,0.26208916166478163
1286,0.134199134,0.5582441091537476,0.6566682457923889,0.6589169396325474
1287,1.0,0.476335346698761,0.350895494222641,0.3275823313416469
1288,0.598901099,0.41567420959472656,0.2718268930912018,0.28170269493307826
1289,0.816143498,0.4971745014190674,0.6653566956520081,0.667512752732264
1290,0.355648536,0.29248881340026855,0.3855985999107361,0.3751853862576495
1291,0.823593074,0.4258405566215515,0.5074149370193481,0.5036711470360287
1292,0.8019480520000001,0.4258405566215515,0.5074149370193481,0.5023440106505817
1293,0.3019480519999999,0.6694814562797546,0.6796876192092896,0.6573357330098206
1294,0.266233766,0.6694814562797546,0.6796876192092896,0.6616084088603961
1295,0.692934783,0.3249660134315491,0.4052090644836426,0.42009806455336574
1296,0.276923077,0.3833599090576172,0.42954909801483154,0.42324152029864526
1297,0.70292887,0.34874746203422546,0.3880331516265869,0.3733205667471331
1298,0.294836957,0.4966825544834137,0.5465743541717529,0.5568289833748234
1299,0.3032490969999999,0.3465965986251831,0.5602248907089233,0.5357580214567396
1300,0.485207101,0.49554142355918884,0.703357458114624,0.7327196611240677
1301,0.384615385,0.6218639612197876,0.7132301330566406,0.7036692769640032
1302,0.256410256,0.6099045872688293,0.6425201296806335,0.6345408538054895
1303,0.247368421,0.35591453313827515,0.6401795148849487,0.6190691788094225
1304,0.579881657,0.542867124080658,0.4758293628692627,0.4702270876743926
1305,0.875457875,0.4560315012931824,0.8306976556777954,0.8054180787578749
1306,0.736842105,0.5266215205192566,0.5082452297210693,0.5109538991961469
1307,0.5527472529999999,0.4151281416416168,0.5079285502433777,0.4786657521819805
1308,0.225806452,0.29937833547592163,0.3823632597923279,0.4015323345960656
1309,0.306451613,0.514333963394165,0.6675289869308472,0.6518962878186735
1310,0.747252747,0.4213685989379883,0.3983367383480072,0.3758737509588409
1311,0.408967391,0.6581547260284424,0.7013977766036987,0.7199046037270873
1312,0.571428571,0.6259458661079407,0.4808656573295593,0.47835407798409174
1313,0.4527472529999999,0.31006914377212524,0.2405318021774292,0.2306707859859327
1314,0.437229437,0.33856192231178284,0.33503979444503784,0.3129607475609746
1315,0.4837662339999999,0.33856192231178284,0.33503979444503784,0.3118900498060645
1316,0.124260355,0.25652050971984863,0.29167771339416504,0.2870713198562406
1317,0.920502092,0.625420331954956,0.4029686450958252,0.40910435791374217
1318,0.0161290319999999,0.3075253367424011,0.12122905254364014,0.13222734415142673
1319,0.657608696,0.4266965091228485,0.2218300998210907,0.24724086516018703
1320,0.216450216,0.5323388576507568,0.3451683223247528,0.3474832308317922
1321,0.123376623,0.5323388576507568,0.3451683223247528,0.3589350288307567
1322,0.142857143,0.30799615383148193,0.31055423617362976,0.3439933710572247
1323,0.091208791,0.40326887369155884,0.4875238537788391,0.4803807966203374
1324,0.057142857,0.4374426603317261,0.2739502489566803,0.3010747152802613
1325,0.41017316,0.5348685383796692,0.4113389849662781,0.408485032989082
1326,0.451298701,0.5348685383796692,0.4113389849662781,0.4074371766783685
1327,0.948717949,0.6563369631767273,0.7307711839675903,0.7505249047540495
1328,0.774058577,0.6952500343322754,0.5596480369567871,0.570722802050684
1329,0.308423913,0.4460065960884094,0.2948063015937805,0.29247248607441767
1330,0.205263158,0.2833477258682251,0.2027011513710022,0.22690483459759334
1331,0.148097826,0.36129921674728394,0.3255676031112671,0.31443845379805413
1332,0.625,0.3932574391365051,0.5309404730796814,0.556515750450416
1333,0.7976190479999999,0.5792261362075806,0.6688700318336487,0.6815373563921279
1334,0.819264069,0.5792261362075806,0.6688700318336487,0.6789867586254713
1335,0.313807531,0.48949822783470154,0.5338053703308105,0.51925766793484
1336,0.480519481,0.5568712949752808,0.5291020274162292,0.5165339672545486
1337,0.5173160170000001,0.5568712949752808,0.5291020274162292,0.530147373676999
1338,0.301630435,0.5126808881759644,0.4762129783630371,0.4651160884442937
1339,0.4538043479999999,0.5923193693161011,0.3642210364341736,0.37964406134396544
1340,0.956709957,0.5434843301773071,0.645210862159729,0.6744650382513727
1341,0.92965368,0.5434843301773071,0.645210862159729,0.6696423049122573
1342,0.945887446,0.5234551429748535,0.8207665085792542,0.7987378014825604
1343,0.88961039,0.5234551429748535,0.8207665085792542,0.7987378014825604
1344,0.431868132,0.41300418972969055,0.37614041566848755,0.36773240714956046
1345,0.183856502,0.4243835508823395,0.4470023810863495,0.4491189975124853
1346,0.7510822509999999,0.4955550730228424,0.5184190273284912,0.5370009175419659
1347,0.733695652,0.6765782833099365,0.6904337406158447,0.6990970899925988
1348,0.145380435,0.42048752307891846,0.3168603777885437,0.32724464229660893
1349,0.224637681,0.36222702264785767,0.38290250301361084,0.35987421840081085
1350,0.134065934,0.38166409730911255,0.35722169280052185,0.32778457776313097
1351,0.255411255,0.3589034080505371,0.2976459860801697,0.2812378650639672
1352,0.257575758,0.3589034080505371,0.2976459860801697,0.30623627361738437
1353,0.6714801440000001,0.3485712707042694,0.3949826955795288,0.40054645271169903
1354,0.626623377,0.4682331681251526,0.6184536814689636,0.6225823932543264
1355,0.7207792209999999,0.4682331681251526,0.6184536814689636,0.6136955220638014
1356,0.670995671,0.48821115493774414,0.4861406683921814,0.4911995289749831
1357,0.623376623,0.48821115493774414,0.4861406683921814,0.498696158741787
1358,0.515625,0.46708735823631287,0.6908640265464783,0.7100651453971877
1359,0.793721973,0.3757912516593933,0.4795408248901367,0.470426483001233
1360,0.771428571,0.571222722530365,0.6317017078399658,0.6340384339289157
1361,0.25974026,0.46557900309562683,0.3078177571296692,0.3210100521346132
1362,0.255411255,0.46557900309562683,0.3078177571296692,0.30682956626619884
1363,0.673160173,0.5383905172348022,0.45282357931137085,0.4450441763675909
1364,0.696969697,0.5383905172348022,0.45282357931137085,0.43766527472433603
1365,0.240659341,0.35892993211746216,0.4230943024158478,0.4233274692609045
1366,0.227436823,0.4810717701911926,0.36887726187705994,0.3473298716343777
1367,0.950549451,0.587335467338562,0.729293942451477,0.706022044049628
1368,0.8368200840000001,0.6455989480018616,0.7149502038955688,0.7160225655698528
1369,0.44047619,0.4391002655029297,0.270190954208374,0.2938552355170702
1370,0.4686147189999999,0.4391002655029297,0.270190954208374,0.2897560197015209
1371,0.556043956,0.42423754930496216,0.6307263970375061,0.6232898024669455
1372,0.251046025,0.3386803865432739,0.6179113388061523,0.6355478781461344
1373,0.7109890109999999,0.7119684815406799,0.5578098297119141,0.5659330304011252
1374,0.663043478,0.3613988757133484,0.5704308748245239,0.5422431351100971
1375,0.7473684209999999,0.40560370683670044,0.5035151243209839,0.5096270416669194
1376,0.643956044,0.5634488463401794,0.7307616472244263,0.7196597064351207
1377,0.525974026,0.5168746113777161,0.5825328230857849,0.5560141855845708
1378,0.4935064939999999,0.5168746113777161,0.5825328230857849,0.5619282841673137
1379,0.986577181,0.35740309953689575,0.5147805213928223,0.48577083345042926
1380,0.842105263,0.47929123044013977,0.6354491710662842,0.6243014681003247
1381,0.792119565,0.4541841745376587,0.48577627539634705,0.5006983253978642
1382,0.488095238,0.43443331122398376,0.6803379654884338,0.7063148431086947
1383,0.590909091,0.43443331122398376,0.6803379654884338,0.7043709025022307
1384,0.25974026,0.5306699872016907,0.3800816833972931,0.39911479017424173
1385,0.133891213,0.43763357400894165,0.29723066091537476,0.28267234071920466
1386,0.426630435,0.5457326769828796,0.6783896684646606,0.6602401104912242
1387,0.090909091,0.3541226089000702,0.25340723991394043,0.255654178237795
1388,0.100649351,0.3541226089000702,0.25340723991394043,0.255654178237795
1389,0.605504587,0.4323781728744507,0.3647547960281372,0.374089239969405
1390,0.604978355,0.5179107189178467,0.533094048500061,0.5197220454278824
1391,0.4794372289999999,0.5179107189178467,0.533094048500061,0.5228445120964232
1392,0.7109890109999999,0.32846561074256897,0.36121925711631775,0.35530974469190546
1393,0.277056277,0.603950023651123,0.6062535047531128,0.5843338732774837
1394,0.298701299,0.603950023651123,0.6062535047531128,0.5843338732774837
1395,0.395604396,0.5516730546951294,0.5887699127197266,0.6075131676765231
1396,0.025641026,0.27085453271865845,-0.0031952261924743652,0.06286120191005234
1397,0.376146789,0.5225734114646912,0.5109986662864685,0.48547601956352227
1398,0.340909091,0.13738444447517395,0.4400096535682678,0.43306528125792904
1399,0.291125541,0.13738444447517395,0.4400096535682678,0.43306528125792904
1400,0.274725275,0.4124152362346649,0.49531301856040955,0.5078893967196412
1401,0.302197802,0.2645483613014221,0.2735815644264221,0.26153749385737995
1402,0.941422594,0.3612864315509796,0.4043075442314148,0.4003372289660771
1403,0.102813853,0.18148893117904663,0.053963422775268555,0.07560494181347227
1404,0.0389610389999999,0.18148893117904663,0.053963422775268555,0.08426420472792487
1405,0.5043956039999999,0.40075695514678955,0.44435030221939087,0.4320045708871429
1406,0.6315789470000001,0.4339369833469391,0.4260692596435547,0.42233153138429463
1407,0.3831168829999999,0.3623705506324768,0.585841715335846,0.5765559490760002
1408,0.902527076,0.5402643084526062,0.5104120373725891,0.4949165906644412
1409,0.927489177,0.8071240186691284,0.7150483727455139,0.6968706045669024
1410,0.943722944,0.8071240186691284,0.7150483727455139,0.6968706045669024
1411,0.7692307690000001,0.5283111333847046,0.39861592650413513,0.4053471966880596
1412,0.349450549,0.43326932191848755,0.5427571535110474,0.5400774109047533
1413,0.80334728,0.6795341372489929,0.7708392143249512,0.7397492247651081
1414,0.6736401670000001,0.6298284530639648,0.4530004560947418,0.4578027838660753
1415,0.7824267779999999,0.5787258148193359,0.8304429054260254,0.8070067557213604
1416,0.5995670999999999,0.4982571005821228,0.6260228157043457,0.6024353367456141
1417,0.54004329,0.4982571005821228,0.6260228157043457,0.6024353367456141
1418,0.729619565,0.535575807094574,0.5758100748062134,0.5546670954306523
1419,0.824675325,0.36541593074798584,0.539787232875824,0.539069912829871
1420,0.881793478,0.4102477431297302,0.6079140305519104,0.5919171049467671
1421,0.852348993,0.41200560331344604,0.5629538893699646,0.5651274361251448
1422,0.50974026,0.5758540034294128,0.6686471104621887,0.6823995894746457
1423,0.568181818,0.5758540034294128,0.6686471104621887,0.6823995894746457
1424,0.472826087,0.468247652053833,0.47740113735198975,0.46550973729181566
1425,0.24025974,0.4413624107837677,0.18283838033676147,0.17850040265679104
1426,0.212121212,0.4413624107837677,0.18283838033676147,0.1843315509176561
1427,0.188311688,0.22312304377555847,0.32783886790275574,0.3259068121150695
1428,0.140692641,0.22312304377555847,0.32783886790275574,0.32547736195164645
1429,0.90625,0.657107412815094,0.5751634240150452,0.5488988783958828
1430,0.046025105,0.3735191822052002,0.29810887575149536,0.2781602257538542
1431,0.577181208,0.5827513337135315,0.455558180809021,0.48223278979321293
1432,0.230519481,0.42955347895622253,0.3509838581085205,0.3728921933047755
1433,0.243506494,0.42955347895622253,0.3509838581085205,0.36785132555734157
1434,0.117216117,0.42489713430404663,0.2531418204307556,0.27333544501300666
1435,0.4435146439999999,0.4664284586906433,0.16314291954040527,0.16095369966430123
1436,0.8410326090000001,0.45221439003944397,0.6363717317581177,0.6136009498022261
1437,0.296703297,0.3522574007511139,0.3589940667152405,0.33548722988344604
1438,0.112554113,0.3857352137565613,0.25034666061401367,0.27009708975408137
1439,0.185064935,0.3857352137565613,0.25034666061401367,0.27157437495985176
1440,0.338709677,0.5541568398475647,0.5556121468544006,0.5663847571500563
1441,0.7431192659999999,0.5357117652893066,0.5305124521255493,0.5485373853732725
1442,0.279220779,0.29039788246154785,0.3473919630050659,0.3550047760110921
1443,0.119047619,0.3006480038166046,0.14859357476234436,0.14772239743611282
1444,0.223443223,0.6793265342712402,0.4720061719417572,0.49018509902843155
1445,0.196703297,0.33119332790374756,0.45253103971481323,0.4421847561318882
1446,0.3777056279999999,0.46169424057006836,0.3377302289009094,0.36064856338990253
1447,0.333333333,0.46169424057006836,0.3377302289009094,0.3632367633842038
1448,0.166666667,0.3322434723377228,-0.030384182929992676,0.04934170196358913
1449,0.1742424239999999,0.3322434723377228,-0.030384182929992676,0.04777323544148861
1450,0.611413043,0.40365758538246155,0.20108437538146973,0.18519279614850392
1451,0.388278388,0.6119875311851501,0.7290331125259399,0.7241602747993805
1452,0.7384615379999999,0.5045687556266785,0.3569111227989197,0.3591031355808944
1453,0.201298701,0.5972857475280762,0.6229807734489441,0.6321770656763293
1454,0.1893939389999999,0.5972857475280762,0.6229807734489441,0.6451632865684986
1455,0.494588745,0.5920534729957581,0.7167600989341736,0.7077372145739503
1456,0.46969697,0.5920534729957581,0.7167600989341736,0.7077372145739503
1457,0.130177515,0.4290216565132141,0.43955904245376587,0.4355761326782786
1458,0.7010989009999999,0.5475829839706421,0.5567543506622314,0.5750468213958149
1459,0.796195652,0.6040815114974976,0.5018713474273682,0.5093725063172981
1460,0.149350649,0.3789328634738922,0.5613216161727905,0.5354239454094147
1461,0.37012987,0.34995192289352417,0.46974122524261475,0.4686601891490659
1462,0.745670996,0.36789143085479736,0.31819948554039,0.3171721176205018
1463,0.7175324679999999,0.36789143085479736,0.31819948554039,0.3196930688886407
1464,0.3484848479999999,0.6526824235916138,0.6287815570831299,0.6420994481367333
1465,0.3073593069999999,0.6526824235916138,0.6287815570831299,0.6420994481367333
1466,0.7056277059999999,0.4359744191169739,0.7948449850082397,0.7801426414831859
1467,0.808441558,0.4359744191169739,0.7948449850082397,0.7720067917617707
1468,0.0334728029999999,0.4721550941467285,0.41859036684036255,0.43875821664123804
1469,0.806451613,0.6498990654945374,0.7543839812278748,0.7334623870382952
1470,0.498194946,0.4834657907485962,0.5510149598121643,0.5477795129525548
1471,0.686390533,0.5410011410713196,0.6098015308380127,0.6378553222477664
1472,0.920995671,0.6426711082458496,0.8222463130950928,0.8391156718667163
1473,0.837662338,0.6426711082458496,0.8222463130950928,0.8363204758227394
1474,0.298901099,0.5201497077941895,0.6352511048316956,0.6214306475576983
1475,0.278106509,0.43758425116539,0.4947696030139923,0.4793121963574116
1476,0.351648352,0.46083319187164307,0.3654748797416687,0.3789819884020278
1477,0.162337662,0.5132790803909302,0.46975982189178467,0.4689344139016128
1478,0.206709957,0.5132790803909302,0.46975982189178467,0.4580254318211483
1479,0.040540541,0.1577775478363037,-0.0034407377243041992,0.07351522258780568
1480,0.913419913,0.7594468593597412,0.5648728609085083,0.5439214993658361
1481,0.873376623,0.7594468593597412,0.5648728609085083,0.536024654756023
1482,0.8702928870000001,0.4399718642234802,0.5680050849914551,0.5793135328313508
1483,0.023809524,0.3596041202545166,0.3460921347141266,0.372385099401387
1484,0.011904762,0.3596041202545166,0.3460921347141266,0.37146296567932136
1485,0.681818182,0.6525896787643433,0.5841696262359619,0.5589920171086891
1486,0.082251082,0.20844492316246033,0.3049291968345642,0.2753346545047039
1487,0.1589958159999999,0.44497421383857727,0.39176586270332336,0.38591544275446044
1488,0.179916318,0.4468090236186981,0.38377371430397034,0.36872532395518476
1489,0.7540760870000001,0.5506225228309631,0.7442708015441895,0.7768339054855906
1490,0.375824176,0.34390202164649963,0.4244859516620636,0.40280208928019196
1491,0.084415584,0.42508143186569214,0.29753029346466064,0.3045959684071808
1492,0.093073593,0.42508143186569214,0.29753029346466064,0.3205030081254184
1493,0.605978261,0.4462728202342987,0.43363064527511597,0.4574340887591515
1494,0.438311688,0.5382410287857056,0.5189222097396851,0.5426839820125204
1495,0.331168831,0.5382410287857056,0.5189222097396851,0.5448527184545524
1496,0.582251082,0.4491780996322632,0.2278405725955963,0.25707824815581526
1497,0.21875,0.6740760803222656,0.6576483249664307,0.6649116655930951
1498,0.7039711190000001,0.6081584692001343,0.6539254188537598,0.6412553033493896
1499,0.772527473,0.41469407081604004,0.7223912477493286,0.7150458922744081
1500,0.637228261,0.2854744493961334,0.2795296907424927,0.2716933448674245
1501,0.187919463,0.5388170480728149,0.3862801194190979,0.3627734812483697
1502,0.074675325,0.3816360533237457,0.14559751749038696,0.17556885548719836
1503,0.113636364,0.3816360533237457,0.14559751749038696,0.18228990115812133
1504,0.053030303,0.2449093759059906,0.3018993139266968,0.2851953296939477
1505,0.055194805,0.2449093759059906,0.3018993139266968,0.28645910009782205
1506,0.415789474,0.36051109433174133,0.4597358703613281,0.46557325935437244
1507,0.946153846,0.6574687957763672,0.6558666825294495,0.6595795018391382
1508,0.903296703,0.6403735876083374,0.9325892925262451,0.8986553055582963
1509,0.44966443,0.48239654302597046,0.3656284809112549,0.38447873432704194
1510,0.239130435,0.41766661405563354,0.5408515334129333,0.5224559953162315
1511,0.527056277,0.16702428460121155,0.18640077114105225,0.19522854437640114
1512,0.558441558,0.16702428460121155,0.18640077114105225,0.19522854437640114
1513,0.636842105,0.5376913547515869,0.5406901836395264,0.546399901190862
1514,0.32967033,0.6234432458877563,0.3989243507385254,0.4208329935547961
1515,0.5992779779999999,0.42619118094444275,0.505702018737793,0.5212700749393964
1516,0.608225108,0.6744856238365173,0.6638491153717041,0.6820308288831555
1517,0.5865800870000001,0.6744856238365173,0.6638491153717041,0.6775860681315924
1518,0.973154362,0.5062007308006287,0.5616218447685242,0.5729758965263638
1519,0.003610108,0.40728867053985596,0.33844858407974243,0.3581986257623092
1520,0.880952381,0.6014991998672485,0.685843825340271,0.6794547580284344
1521,0.8441558440000001,0.6014991998672485,0.685843825340271,0.6794547580284344
1522,0.276150628,0.32084065675735474,0.2404414415359497,0.2611278680851625
1523,0.041841004,0.386444628238678,0.216086745262146,0.1926102236905159
1524,0.7294372290000001,0.5081131458282471,0.3405711352825165,0.35777828395551886
1525,0.662337662,0.5081131458282471,0.3405711352825165,0.35777828395551886
1526,0.833333333,0.5982173085212708,0.5721858739852905,0.5901767350124744
1527,0.803030303,0.5982173085212708,0.5721858739852905,0.5841188418359395
1528,0.6894736840000001,0.44343018531799316,0.6850071549415588,0.6681852934810133
1529,0.374458874,0.5401743054389954,0.5358582735061646,0.5514635398885896
1530,0.467532468,0.5401743054389954,0.5358582735061646,0.5380628090109671
1531,0.772727273,0.5961381793022156,0.6337883472442627,0.6208892105211248
1532,0.081521739,0.4668678641319275,0.1146346926689148,0.14002923611191265
1533,0.118343195,0.28220921754837036,0.15870240330696106,0.1704613682453454
1534,0.8311688309999999,0.759274959564209,0.8410107493400574,0.8370548251759831
1535,0.804112554,0.759274959564209,0.8410107493400574,0.8400766744027517
1536,0.8206278029999999,0.7627079486846924,0.9634301662445068,0.9089151173735808
1537,0.076923077,0.4254677891731262,0.1952282190322876,0.1998395958866238
1538,0.246636771,0.6203892827033997,0.6479134559631348,0.640094457589895
1539,0.164502165,0.44859957695007324,0.3384667634963989,0.3182007165412628
1540,0.1937229439999999,0.44859957695007324,0.3384667634963989,0.33536106449781583
1541,0.305194805,0.4210955500602722,0.17928889393806458,0.18372371916465524
1542,0.915789474,0.7145112752914429,0.6568921804428101,0.6533605048732243
1543,0.46969697,0.38700318336486816,0.46702897548675537,0.4877590279352694
1544,0.5995670999999999,0.38700318336486816,0.46702897548675537,0.48928803066202897
1545,0.154761905,0.47727543115615845,0.6312011480331421,0.6524264964735729
1546,0.151515152,0.47727543115615845,0.6312011480331421,0.6528291014372072
1547,0.554347826,0.5412073135375977,0.6616725921630859,0.6461069082645305
1548,0.705494505,0.37808293104171753,0.5779144763946533,0.5631060076270256
1549,0.324175824,0.3668119013309479,0.4710063934326172,0.4823175841640497
1550,0.585798817,0.6079457998275757,0.8488977551460266,0.8397849969979337
1551,0.170403587,0.6543813943862915,0.7958402633666992,0.764133173160023
1552,0.753246753,0.5734755992889404,0.6043650507926941,0.5909196674641037
1553,0.7987012990000001,0.5734755992889404,0.6043650507926941,0.6072808469138966
1554,0.47826087,0.542434811592102,0.5548781156539917,0.5411292801892507
1555,0.461038961,0.575322687625885,0.6196601390838623,0.6371459019757908
1556,0.8014440429999999,0.5061365365982056,0.7051697373390198,0.6878172924945312
1557,0.872483221,0.7327617406845093,0.6348580121994019,0.6586956873101911
1558,0.379076087,0.6198760271072388,0.47052913904190063,0.45594075812639234
1559,0.035502959,0.18587547540664673,0.05324822664260864,0.1041954444095422
1560,0.951612903,0.5973125100135803,0.46755361557006836,0.4732979920057324
1561,0.79004329,0.5473869442939758,0.7533087134361267,0.7641708200078967
1562,0.847402597,0.5473869442939758,0.7533087134361267,0.7637525681115266
1563,0.4134199129999999,0.3529517948627472,0.2685260772705078,0.29098922664166893
1564,0.67965368,0.550152599811554,0.6114686727523804,0.6111923137028195
1565,0.529147982,0.4118124842643738,0.4415627419948578,0.47007659573637695
1566,0.6105263160000001,0.3173375129699707,0.6384209990501404,0.6354810462216897
1567,0.457792208,0.5061681270599365,0.5894155502319336,0.5715995296020191
1568,0.507575758,0.5061681270599365,0.5894155502319336,0.5762094304431387
1569,0.687229437,0.6297011971473694,0.6006695628166199,0.5958958797396762
1570,0.7824675320000001,0.6297011971473694,0.6006695628166199,0.5897571633964094
1571,0.304029304,0.3863472640514374,0.6487178802490234,0.6327387266023052
1572,0.942934783,0.5335983037948608,0.5376590490341187,0.5159003885508338
1573,0.7,0.5861662030220032,0.5480799674987793,0.5230818092774304
1574,0.949458484,0.5399362444877625,0.8381033539772034,0.823236994863762
1575,0.79076087,0.5709331035614014,0.6710514426231384,0.6598445546340945
1576,0.641304348,0.7551088333129883,0.6719790697097778,0.6620650177335924
1577,0.7230769229999999,0.524704098701477,0.8072068095207214,0.7766938800468365
1578,0.746753247,0.6501063704490662,0.6225244998931885,0.6397469786980856
1579,0.731601732,0.6501063704490662,0.6225244998931885,0.6397469786980856
1580,0.527027027,0.34498369693756104,0.4957526624202728,0.477458863066236
1581,0.496703297,0.6456339359283447,0.5907579660415649,0.5814124311568432
1582,0.6028880870000001,0.46738070249557495,0.6583223938941956,0.6443482260678659
1583,0.642857143,0.7728557586669922,0.7581906318664551,0.7400341216486653
1584,0.039711191,0.45101433992385864,0.242889404296875,0.2643370948515173
1585,0.6367713,0.5592362880706787,0.43875211477279663,0.4205352610388301
1586,0.244565217,0.6525684595108032,0.5099848508834839,0.48476328490695075
1587,0.83982684,0.5478102564811707,0.5691151022911072,0.5409145719871057
1588,0.738095238,0.5478102564811707,0.5691151022911072,0.5465103455460127
1589,0.120923913,0.5519452095031738,0.27285251021385193,0.2594633249682254
1590,0.824675325,0.638263463973999,0.7322759032249451,0.7331251816227193
1591,0.80952381,0.638263463973999,0.7322759032249451,0.7331251816227193
1592,0.7179487179999999,0.6314306259155273,0.4541876018047333,0.4614938678890261
1593,0.506793478,0.5821406245231628,0.6955118179321289,0.7093072816434094
1594,0.016304348,0.40992826223373413,0.32773131132125854,0.3508001697360605
1595,0.85326087,0.4659828543663025,0.3476935029029846,0.36996700960603435
1596,0.923160173,0.37107694149017334,0.4964240789413452,0.5102741066200697
1597,0.991341991,0.37107694149017334,0.4964240789413452,0.5076404068590851
1598,0.842490842,0.5074295997619629,0.681824803352356,0.6955276740531253
1599,0.312770563,0.4283333420753479,0.38988468050956726,0.39187405154171456
1600,0.288961039,0.4283333420753479,0.38988468050956726,0.39187405154171456
1601,0.917582418,0.5226638317108154,0.38009223341941833,0.376282040433301
1602,0.192934783,0.23695063591003418,0.1633867621421814,0.18425091446331127
1603,0.7629870129999999,0.3038569688796997,0.3235244154930115,0.32000677647327813
1604,0.7943722940000001,0.3038569688796997,0.3235244154930115,0.32000677647327813
1605,0.8578947370000001,0.6612544655799866,0.7743574380874634,0.7796235312797843
1606,0.936147186,0.4944796562194824,0.6692441701889038,0.6761366113149434
1607,0.928571429,0.4944796562194824,0.6692441701889038,0.6761366113149434
1608,0.985347985,0.5436414480209351,0.5646517276763916,0.56804051565909
1609,0.260869565,0.5842395424842834,0.4618958830833435,0.46235601618668176
1610,0.446153846,0.7047301530838013,0.6204216480255127,0.602433978967122
1611,0.512228261,0.6460521221160889,0.7061038017272949,0.6903799936061643
1612,0.368131868,0.602224588394165,0.6276983022689819,0.6397640453384683
1613,0.366883117,0.44226452708244324,0.49375051259994507,0.4945101480219559
1614,0.37012987,0.44226452708244324,0.49375051259994507,0.4945101480219559
1615,0.32201087,0.559752881526947,0.5061799883842468,0.517596675673259
1616,0.334415584,0.5647637248039246,0.3178625702857971,0.32529099855579824
1617,0.514069264,0.5647637248039246,0.3178625702857971,0.32529099855579824
1618,0.81884058,0.6009247303009033,0.6161686182022095,0.6248752447814019
1619,0.197309417,0.4556815028190613,0.3222077488899231,0.3164509439377584
1620,0.476987448,0.36914709210395813,0.4060726463794708,0.4232937101601831
1621,0.112426036,0.2740529477596283,0.21655774116516113,0.22367772658925061
1622,0.838827839,0.472441703081131,0.6538496613502502,0.673187433631707
1623,0.84375,0.6446539759635925,0.8618648052215576,0.8501168844200968
1624,0.585774059,0.37800246477127075,0.49315330386161804,0.4888771500057907
1625,0.929347826,0.6049191951751709,0.8188953399658203,0.8044509918475591
1626,0.399350649,0.47546613216400146,0.3504171073436737,0.37635342578089653
1627,0.49025974,0.47546613216400146,0.3504171073436737,0.3724152698781432
1628,0.0606060609999999,0.5350085496902466,0.5532810091972351,0.5553485533977625
1629,0.051948052,0.5350085496902466,0.5532810091972351,0.5473113893189105
1630,0.420879121,0.400030255317688,0.2890986204147339,0.31482752944326775
1631,0.619246862,0.529512882232666,0.6021520495414734,0.598944640492566
1632,0.257575758,0.30700594186782837,0.33864572644233704,0.318231651416929
1633,0.2640692639999999,0.30700594186782837,0.33864572644233704,0.3268489212055537
1634,0.357142857,0.47578004002571106,0.5015726685523987,0.50712077628033
1635,0.357142857,0.5087504982948303,0.40702104568481445,0.3974519778994102
1636,0.923766816,0.7391918897628784,0.8341364860534668,0.7994703870267277
1637,0.624161074,0.6013145446777344,0.7467046976089478,0.7310708771722005
1638,0.828804348,0.35035479068756104,0.21783137321472168,0.22082069475815175
1639,0.956043956,0.660102128982544,0.46716004610061646,0.4403939329865709
1640,0.1732851989999999,0.3535623252391815,0.2536464333534241,0.2805108616500943
1641,0.8138528140000001,0.6196088194847107,0.5398370027542114,0.5258055134658062
1642,0.146788991,0.4246829152107239,0.3697006106376648,0.3577965337957694
1643,0.020562771,0.2656952738761902,0.14827463030815125,0.16290170353600075
1644,0.046536797,0.2656952738761902,0.14827463030815125,0.1661190590964574
1645,0.7315436240000001,0.48194313049316406,0.40114983916282654,0.4103124564699694
1646,0.032490975,0.3810722827911377,0.13397234678268433,0.1532415970663577
1647,0.711297071,0.5804911851882935,0.5321688055992126,0.5324003763647942
1648,0.207880435,0.49027496576309204,0.6644200086593628,0.6348234459149649
1649,0.556043956,0.5751192569732666,0.4996870458126068,0.47874959413297596
1650,0.838926174,0.49430084228515625,0.6253994107246399,0.6210294106668269
1651,0.1212121209999999,0.6652077436447144,0.6101547479629517,0.6020190802186471
1652,0.102813853,0.6652077436447144,0.6101547479629517,0.6003489278988701
1653,0.443786982,0.5524880290031433,0.7964348196983337,0.7889235891262918
1654,0.008152174,0.44592249393463135,0.6161394715309143,0.615225839241425
1655,0.952380952,0.5329782366752625,0.5523737072944641,0.5439466093370415
1656,0.95021645,0.5329782366752625,0.5523737072944641,0.5401529578816759
1657,0.192640693,0.3547864556312561,0.396390825510025,0.3889003486693403
1658,0.238461538,0.40733009576797485,0.3851028084754944,0.40193219625180887
1659,0.460597826,0.42076006531715393,0.5146320462226868,0.5368426551000234
1660,0.045454545,0.41780394315719604,0.4249193072319031,0.4313831497612679
1661,0.053030303,0.41780394315719604,0.4249193072319031,0.4219181256649037
1662,0.717582418,0.5375170707702637,0.6084803938865662,0.6268407960893156
1663,0.251121076,0.36134791374206543,0.3650713264942169,0.37321063254946407
1664,0.073825503,0.33800262212753296,0.4610096216201782,0.44145465926717253
1665,0.015151515,0.49949169158935547,0.22845444083213806,0.23048318914573
1666,0.0995671,0.49949169158935547,0.22845444083213806,0.21915720468947994
1667,0.122294372,0.5722505450248718,0.5785232782363892,0.5752868803681226
1668,0.0865800869999999,0.5722505450248718,0.5785232782363892,0.5876349347648744
1669,0.341991342,0.4446732997894287,0.4508129954338074,0.4454076752644365
1670,0.480519481,0.4446732997894287,0.4508129954338074,0.439947238852124
1671,0.676406926,0.6716054677963257,0.9873419404029846,0.9333024855753842
1672,0.557359307,0.6716054677963257,0.9873419404029846,0.9382264477845369
1673,0.811594203,0.7075504660606384,0.8065906167030334,0.7773399868793837
1674,0.938311688,0.5891597270965576,0.4197780191898346,0.4345076102241899
1675,0.924242424,0.5891597270965576,0.4197780191898346,0.4345076102241898
1676,0.4794372289999999,0.49202433228492737,0.4648587703704834,0.4460217723659059
1677,0.431818182,0.49202433228492737,0.4648587703704834,0.440088168938896
1678,0.014652015,0.20805329084396362,-0.1590820550918579,0.06547919156507777
1679,0.0091743119999999,0.5495896935462952,0.4847581386566162,0.47074445093184775
1680,0.357894737,0.5468059778213501,0.5531806945800781,0.5497280942667113
1681,0.469798658,0.5012431740760803,0.5412207245826721,0.5696323292749135
1682,0.316017316,0.47290903329849243,0.4185107946395874,0.4253503359598343
1683,0.327922078,0.47290903329849243,0.4185107946395874,0.43168000491391983
1684,0.588315217,0.6365024447441101,0.7907768487930298,0.7935153324371123
1685,0.934065934,0.6244574785232544,0.7107946276664734,0.6938061646747342
1686,0.213203463,0.409321665763855,0.6434177160263062,0.6484802919738668
1687,0.1655844159999999,0.409321665763855,0.6434177160263062,0.6474333564387642
1688,0.076923077,0.33060699701309204,0.05448943376541138,0.1089531263124778
1689,0.305439331,0.4537462592124939,0.221774160861969,0.2309132451136303
1690,0.641025641,0.6091966032981873,0.4460945129394531,0.46140752722182166
1691,0.8255033559999999,0.7228145003318787,0.8731402158737183,0.8656429805574606
1692,0.452380952,0.6677761673927307,0.6124320030212402,0.6178858427381455
1693,0.632034632,0.6677761673927307,0.6124320030212402,0.6158076071816025
1694,0.275974026,0.3909626007080078,0.4651908278465271,0.4704494840369362
1695,0.261904762,0.3909626007080078,0.4651908278465271,0.4704494840369362
1696,0.627218935,0.43646466732025146,0.4163737893104553,0.44079683282072457
1697,0.4175824179999999,0.5440081357955933,0.4975228011608124,0.5036700562386149
1698,0.534632035,0.5488496422767639,0.5569416284561157,0.551246249973544
1699,0.456709957,0.5488496422767639,0.5569416284561157,0.551246249973544
1700,0.556277056,0.3664579391479492,0.05227780342102051,0.09112530258744055
1701,0.484848485,0.3664579391479492,0.05227780342102051,0.08940339965074284
1702,0.565217391,0.6408405303955078,0.5383163690567017,0.5522717043599068
1703,0.428571429,0.5295740365982056,0.4966922402381897,0.47165340070847495
1704,0.380952381,0.5295740365982056,0.4966922402381897,0.47165340070847495
1705,0.838709677,0.6447887420654297,0.6822493076324463,0.6549072941826275
1706,0.1793721969999999,0.587186336517334,0.4823973774909973,0.4902800065371449
1707,0.837545126,0.7036502957344055,0.817984938621521,0.8033621631850185
1708,0.3811659189999999,0.5408778786659241,0.5465489029884338,0.5780700961587796
1709,0.498641304,0.34163418412208557,0.18644455075263977,0.20775896611602618
1710,0.451298701,0.45235422253608704,0.501340389251709,0.499159860832726
1711,0.350649351,0.45235422253608704,0.501340389251709,0.499159860832726
1712,0.7769230770000001,0.37432244420051575,0.4447629451751709,0.47189893302563146
1713,0.417119565,0.25902479887008667,0.21951180696487427,0.2235211517269475
1714,0.578947368,0.26090484857559204,0.13555219769477844,0.12930025295412076
1715,0.636363636,0.5896877646446228,0.5034255981445312,0.49617874070273216
1716,0.144927536,0.2951541543006897,0.24718749523162842,0.2588123640261615
1717,0.09623431,0.36449354887008667,0.08211028575897217,0.10110205657243906
1718,0.967532468,0.5435130596160889,0.6494271755218506,0.6661628803313795
1719,0.980519481,0.5435130596160889,0.6494271755218506,0.6302508752232323
1720,0.8097826090000001,0.47149962186813354,0.7385393381118774,0.7163388782650761
1721,0.852071006,0.6920918822288513,0.6664502620697021,0.6866145813890676
1722,0.706521739,0.5786193013191223,0.3338000178337097,0.31989390356083247
1723,0.347280335,0.6106241941452026,0.41021260619163513,0.4353311186433358
1724,0.7164502159999999,0.6181901693344116,0.46137699484825134,0.4660711982078716
1725,0.777056277,0.6181901693344116,0.46137699484825134,0.4660711982078716
1726,0.8768115940000001,0.5606521964073181,0.644244909286499,0.6553279889710181
1727,0.94047619,0.3063206374645233,0.6701388359069824,0.6583083174902294
1728,0.882034632,0.3063206374645233,0.6701388359069824,0.6583083174902294
1729,0.080536913,0.48623034358024597,0.3579266369342804,0.3665150091547732
1730,0.11038961,0.5989078879356384,0.529473066329956,0.5483165540195056
1731,0.773626374,0.545031726360321,0.5241794586181641,0.5096640798973029
1732,0.380952381,0.4238673150539398,0.44805198907852173,0.4274885697616207
1733,0.391774892,0.4238673150539398,0.44805198907852173,0.42748856976162064
1734,0.461538462,0.37973135709762573,0.4399109482765198,0.4549592554073269
1735,0.973684211,0.6117738485336304,0.6558424830436707,0.6669975337399305
1736,0.073394495,0.41334715485572815,0.4069482088088989,0.4128187938426654
1737,0.247835498,0.4952901601791382,0.4293644428253174,0.43337558358963035
1738,0.310606061,0.4952901601791382,0.4293644428253174,0.43846469895091833
1739,0.029288703,0.4166189432144165,0.37602245807647705,0.36437528864309665
1740,0.4375,0.5189099907875061,0.5808010697364807,0.567656823146806
1741,0.855072464,0.6074105501174927,0.6441030502319336,0.655048031321724
1742,0.545454545,0.47826606035232544,0.5264226794242859,0.5257260867619203
1743,0.642857143,0.47826606035232544,0.5264226794242859,0.5200549606284242
1744,0.454545455,0.3576136827468872,0.3690030574798584,0.3756113148488578
1745,0.668161435,0.44244176149368286,0.3357839584350586,0.3256085126025249
1746,0.128571429,0.41532763838768005,0.33797574043273926,0.3443553214644288
1747,0.622710623,0.4078080952167511,0.41470906138420105,0.42263682546461084
1748,0.7753623190000001,0.4297725558280945,0.3842644989490509,0.39191562058236495
1749,0.04004329,0.4410637319087982,0.565691351890564,0.5779393726097846
1750,0.057359307,0.4410637319087982,0.565691351890564,0.5779393726097846
1751,0.152173913,0.45321187376976013,0.3398405611515045,0.34689564676089085
1752,0.8780219779999999,0.563149094581604,0.638287365436554,0.6472577424756829
1753,0.657718121,0.618175208568573,0.715178370475769,0.7083230685111672
1754,0.123076923,0.4249551594257355,0.17977586388587952,0.21089604599711648
1755,0.337278107,0.47000375390052795,0.46875351667404175,0.46221350476993606
1756,0.613718412,0.5383634567260742,0.5505446195602417,0.5321542910341257
1757,0.511904762,0.8378041982650757,0.7254321575164795,0.7382840286192831
1758,0.397186147,0.8378041982650757,0.7254321575164795,0.7382840286192831
1759,0.0389610389999999,0.36872318387031555,0.008516371250152588,0.0684515528758274
1760,0.014069264,0.36872318387031555,0.008516371250152588,0.0684515528758274
1761,0.2424242419999999,0.463854044675827,0.37452593445777893,0.35077601704891603
1762,0.215367965,0.463854044675827,0.37452593445777893,0.3472506676112754
1763,0.560606061,0.4134102463722229,0.2884342670440674,0.27756740017164716
1764,0.511904762,0.4134102463722229,0.2884342670440674,0.29264994334069294
1765,0.788961039,0.5331541299819946,0.509948194026947,0.529232157288135
1766,0.726190476,0.5331541299819946,0.509948194026947,0.5286538914907692
1767,0.101449275,0.5321357846260071,0.4637860059738159,0.4493622950045369
1768,0.305194805,0.3001345992088318,0.06560027599334717,0.07626054157591788
1769,0.586956522,0.5042227506637573,0.4153635799884796,0.44012318914672566
1770,0.300865801,0.34157460927963257,0.38703539967536926,0.38073546488803356
1771,0.269480519,0.34157460927963257,0.38703539967536926,0.3721211522615714
1772,0.792207792,0.5639705657958984,0.5557287931442261,0.547357975626716
1773,0.125274725,0.2882668375968933,0.28432461619377136,0.303317323042104
1774,0.49704142,0.5773870348930359,0.45371174812316895,0.45133559162748926
1775,0.66367713,0.3473484516143799,0.36085739731788635,0.3307043814476832
1776,0.047619048,0.17907029390335083,0.08779847621917725,0.12471742249292633
1777,0.4740259739999999,0.33052298426628113,0.4336562752723694,0.4216859661437701
1778,0.505411255,0.33052298426628113,0.4336562752723694,0.4216859661437701
1779,0.2013422819999999,0.41527071595191956,0.4499017000198364,0.4186129631129759
1780,0.195266272,0.244044691324234,0.20226800441741943,0.2213230787469723
1781,0.4891774889999999,0.66228187084198,0.46541520953178406,0.4703730168241201
1782,0.476190476,0.66228187084198,0.46541520953178406,0.47037301682412
1783,0.7264573990000001,0.6098186373710632,0.5583500266075134,0.5365399644443729
1784,0.1991341989999999,0.2982518672943115,0.11264538764953613,0.1527675396589756
1785,0.411255411,0.3607803285121918,0.21386069059371948,0.218494610644776
1786,0.359307359,0.3607803285121918,0.21386069059371948,0.2220353034656567
1787,0.544372294,0.4429556727409363,0.4649641215801239,0.45045766207150495
1788,0.5,0.4429556727409363,0.4649641215801239,0.45045766207150495
1789,0.3186813189999999,0.3052389621734619,0.17824918031692505,0.1698508447655016
1790,0.243243243,0.6019347310066223,0.6394695043563843,0.6377872230368077
1791,0.202898551,0.16677901148796082,0.09051981568336487,0.13311404142818362
1792,0.164835165,0.24644261598587036,0.2749972343444824,0.27295072990673985
1793,0.131868132,0.4301782548427582,0.22640067338943481,0.25273567212347625
1794,0.496644295,0.49126410484313965,0.597082257270813,0.60129117207588
1795,0.813186813,0.26496413350105286,0.021014094352722168,0.07759710718658742
1796,0.552301255,0.4174553155899048,0.5037210583686829,0.48809799676657306
1797,0.8170995670000001,0.4837343692779541,0.697826623916626,0.6842983414793992
1798,0.796536797,0.4837343692779541,0.697826623916626,0.6937852241232969
1799,0.405844156,0.5702412724494934,0.7897029519081116,0.779307332851316
1800,0.375541126,0.5702412724494934,0.7897029519081116,0.7817147363984418
1801,0.07032967,0.3516522943973541,0.12459614872932434,0.10674557596759458
1802,0.040268456,0.11271435022354126,0.13765457272529602,0.13824751852293404
1803,0.416666667,0.43376290798187256,0.30435192584991455,0.2922502878650394
1804,0.296536797,0.43376290798187256,0.30435192584991455,0.29685295900766884
1805,0.7010989009999999,0.7315059900283813,0.6892654299736023,0.7217138732641474
1806,0.246376812,0.5278515815734863,0.4364546239376068,0.4409445158359947
1807,0.006711409,0.43622028827667236,0.6063610911369324,0.596085350220778
1808,0.342960289,0.3954615294933319,0.42342883348464966,0.41024560881874284
1809,0.361413043,0.4947671592235565,0.7322453856468201,0.7214536706653287
1810,0.604395604,0.5521717071533203,0.7009096145629883,0.7064740290743788
1811,0.4201183429999999,0.3982040286064148,0.34340307116508484,0.3502438658361562
1812,0.736263736,0.2854157090187073,0.45262202620506287,0.4636073055991239
1813,0.761904762,0.26027190685272217,0.2545185089111328,0.2685355410320903
1814,0.996753247,0.4897168278694153,0.9582095742225647,0.915469894332134
1815,0.992424242,0.4897168278694153,0.9582095742225647,0.915469894332134
1816,0.674556213,0.5513089299201965,0.8833599090576172,0.8572826685247397
1817,0.571428571,0.5507975220680237,0.5091152191162109,0.5093906021102599
1818,0.593073593,0.5507975220680237,0.5091152191162109,0.50939060211026
1819,0.46043956,0.48605799674987793,0.4221825897693634,0.4050583526557797
1820,0.342281879,0.4048978090286255,0.47469234466552734,0.46246819078751444
1821,0.1891891889999999,0.5283119678497314,0.49461227655410767,0.4993080598784311
1822,0.248322148,0.3822197914123535,0.4728817939758301,0.4544500174395474
1823,0.308441558,0.4249125123023987,0.6442122459411621,0.6526655665756401
1824,0.322510823,0.4249125123023987,0.6442122459411621,0.6453023757392549
1825,0.124175824,0.41244542598724365,0.25639480352401733,0.2319253648787376
1826,0.400722022,0.44070643186569214,0.4193227291107178,0.4437073502792793
1827,0.566017316,0.6078234910964966,0.5681981444358826,0.5616580161854783
1828,0.57034632,0.6078234910964966,0.5681981444358826,0.5616580161854783
1829,0.076923077,0.23170673847198486,-0.09510105848312378,0.07609020453494901
1830,0.651515152,0.5505514144897461,0.6324172616004944,0.6230074563936594
1831,0.792207792,0.5505514144897461,0.6324172616004944,0.6230074563936594
1832,0.020134228,0.26954028010368347,0.30052462220191956,0.3096495256090984
1833,0.328519856,0.38743895292282104,0.46256163716316223,0.4573852596686975
1834,0.415584416,0.3689078688621521,0.25406351685523987,0.27697393455528774
1835,0.477272727,0.3689078688621521,0.25406351685523987,0.27779821363339363
1836,0.110054348,0.14259350299835205,0.21258985996246338,0.1997705716389006
1837,0.25443787,0.23016437888145447,0.21967902779579163,0.2382931279496307
1838,0.359307359,0.4816909432411194,0.5010672807693481,0.5201752172076765
1839,0.067114094,0.5290548801422119,0.46135586500167847,0.48464593143066487
1840,0.256880734,0.37430840730667114,0.42804986238479614,0.39688137256660416
1841,0.483221477,0.5394290089607239,0.3591998219490051,0.33674593682145393
1842,0.402930403,0.4734210669994354,0.5446083545684814,0.528947104048471
1843,0.8608058609999999,0.44576844573020935,0.4489901065826416,0.4686035703361514
1844,0.925324675,0.4232400953769684,0.7002549171447754,0.6908572346417321
1845,0.872294372,0.4232400953769684,0.7002549171447754,0.6908572346417321
1846,0.4220183489999999,0.44655394554138184,0.42292502522468567,0.44631245525684193
1847,0.648648649,0.5382998585700989,0.14254537224769592,0.14817717498573268
1848,0.573369565,0.4083672761917114,0.4641591012477875,0.47418847985179013
1849,0.689393939,0.5421289801597595,0.4400324821472168,0.44033645871318094
1850,0.6504329000000001,0.5421289801597595,0.4400324821472168,0.4486774957223238
1851,0.75147929,0.5729547142982483,0.5674260258674622,0.5351635013710961
1852,0.263598326,0.545504093170166,0.5544666051864624,0.5433497555433549
1853,0.7813852809999999,0.6210623383522034,0.7220070958137512,0.7203500088129565
1854,0.69010989,0.45495110750198364,0.38703542947769165,0.36246138500965674
1855,0.878947368,0.6284618973731995,0.9188539385795593,0.894577657689531
1856,0.40989011,0.336699903011322,0.3736613988876343,0.36559756258948756
1857,0.897435897,0.3471255898475647,0.43143895268440247,0.4213200445289465
1858,0.0183486239999999,0.46104687452316284,0.39163362979888916,0.37259703907731445
1859,0.7419354840000001,0.7196187973022461,0.8386022448539734,0.8106136397054935
1860,0.48021978,0.5063875317573547,0.38289308547973633,0.40165579053071226
1861,0.5067264570000001,0.4074932038784027,0.5311614274978638,0.5483512867275029
1862,0.434782609,0.32780125737190247,0.40105849504470825,0.40965277612609535
1863,0.750915751,0.5771791934967041,0.5877096056938171,0.5950805833859857
1864,0.763157895,0.5533984899520874,0.5510626435279846,0.5796357923449232
1865,0.16043956,0.49386388063430786,0.23574936389923096,0.24144939620162956
1866,0.874476987,0.4894970953464508,0.4986620545387268,0.4923767493816754
1867,0.057894737,0.2674740254878998,0.25023308396339417,0.24225579828210836
1868,0.3376623379999999,0.4906200170516968,0.590255856513977,0.5751141336267357
1869,0.946308725,0.6815006136894226,0.6362276077270508,0.6659018131143899
1870,0.563157895,0.42822912335395813,0.5521124601364136,0.540975808400028
1871,0.796703297,0.6370083093643188,0.30862003564834595,0.3107920139217634
1872,0.076839827,0.3701891303062439,0.3390531837940216,0.34378856656035545
1873,0.015151515,0.3701891303062439,0.3390531837940216,0.3374030168390988
1874,0.5865800870000001,0.5630955100059509,0.37587249279022217,0.39856486007256764
1875,0.681818182,0.5630955100059509,0.37587249279022217,0.3990511025957564
1876,0.275167785,0.2241792380809784,0.2519735097885132,0.2489610660673111
1877,0.428571429,0.4624127149581909,0.31403088569641113,0.3429717303002992
1878,0.344155844,0.5000404715538025,0.49765363335609436,0.5221093685549677
1879,0.369047619,0.5000404715538025,0.49765363335609436,0.5221093685549677
1880,0.124542125,0.37515634298324585,0.17159587144851685,0.159883264370479
1881,0.014069264,0.2326907217502594,0.3016669452190399,0.28710703979924174
1882,0.043290043,0.2326907217502594,0.3016669452190399,0.28508059194895424
1883,0.771812081,0.47948890924453735,0.5340076088905334,0.5224271969591574
1884,0.4755434779999999,0.4878349006175995,0.6032469868659973,0.6091767877895866
1885,0.413186813,0.4974779188632965,0.597362220287323,0.5955364634333149
1886,0.435064935,0.6204971075057983,0.6269429922103882,0.6413401267007179
1887,0.41991342,0.6204971075057983,0.6269429922103882,0.6237871576996852
1888,0.476510067,0.5228180885314941,0.39723366498947144,0.4126992384300544
1889,0.071005917,0.2051602005958557,0.4111688733100891,0.38329364604359334
1890,0.135281385,0.3205054700374603,0.24849307537078857,0.2494710915706237
1891,0.152597403,0.3205054700374603,0.24849307537078857,0.2494710915706237
1892,0.819293478,0.6953796148300171,0.852301836013794,0.8478211712476577
1893,0.919354839,0.7180237174034119,0.6740589141845703,0.6669025591458546
1894,0.962343096,0.6284253597259521,0.8724874258041382,0.8426321619145773
1895,0.148268398,0.47101545333862305,0.5505734086036682,0.5463429699958864
1896,0.271645022,0.47101545333862305,0.5505734086036682,0.5465673175771698
1897,0.628158845,0.6327937245368958,0.6896083354949951,0.6651658819890623
1898,0.055706522,0.41546085476875305,0.34588393568992615,0.3539490861779052
1899,0.204545455,0.4151666760444641,0.4104946255683899,0.41366326827847566
1900,0.2467532469999999,0.4151666760444641,0.4104946255683899,0.43345851987751804
1901,0.901098901,0.43488815426826477,0.5636808276176453,0.5851576720817597
1902,0.742424242,0.5638295412063599,0.6757784485816956,0.702574509225016
1903,0.618681319,0.7214624285697937,0.6047891974449158,0.6217458155520963
1904,0.083333333,0.2611164450645447,0.12402597069740295,0.1458404157088004
1905,0.04004329,0.2611164450645447,0.12402597069740295,0.14122790001618374
1906,0.5606694560000001,0.6724047660827637,0.8369491100311279,0.8169325223611915
1907,0.4835164839999999,0.6772966384887695,0.42707720398902893,0.44783223802178884
1908,0.267399267,0.3831191062927246,0.260184645652771,0.2836389230591166
1909,0.043478261,0.4392341375350952,0.4047534763813019,0.40807394544616016
1910,0.089010989,0.4949474334716797,0.46717017889022827,0.44324274007819464
1911,0.032967033,0.44041508436203003,0.28590983152389526,0.28321136136686986
1912,0.0366972479999999,0.4784640967845917,0.2524780333042145,0.23332869998348899
1913,0.370967742,0.45212608575820923,0.42301374673843384,0.430391221456126
1914,0.5739644970000001,0.4154587984085083,0.6037048101425171,0.6119952717201707
1915,0.356060606,0.401417076587677,0.469203382730484,0.475863234604583
1916,0.433982684,0.401417076587677,0.469203382730484,0.4648484872661992
1917,0.640692641,0.6377674341201782,0.5416970252990723,0.5455623266906753
1918,0.812770563,0.6377674341201782,0.5416970252990723,0.5514902954466667
1919,0.644021739,0.42858922481536865,0.28602302074432373,0.2655615766177126
1920,0.630872483,0.6866257786750793,0.6163873672485352,0.5879112239703306
1921,0.621212121,0.5293046236038208,0.3511488139629364,0.3524099127914311
1922,0.544372294,0.5293046236038208,0.3511488139629364,0.3524099127914311
1923,0.023097826,0.30482837557792664,0.19779908657073975,0.19664131672098836
1924,0.922077922,0.7411565184593201,0.6348013281822205,0.6316648359620238
1925,0.949134199,0.7411565184593201,0.6348013281822205,0.6278539624475796
1926,0.360946746,0.643862247467041,0.5133874416351318,0.49785736287719884
1927,0.758658009,0.5734630823135376,0.6006952524185181,0.6219050498164778
1928,0.793290043,0.5734630823135376,0.6006952524185181,0.6251733664761419
1929,0.543478261,0.5576518177986145,0.4429921507835388,0.44190658964517193
1930,0.8870292890000001,0.560675859451294,0.7067952752113342,0.689689560390786
1931,0.248917749,0.4011955261230469,0.46743953227996826,0.47530808912461536
1932,0.414201183,0.5256203413009644,0.66526198387146,0.6505978103011807
1933,0.112107623,0.43222931027412415,0.3947944939136505,0.39541569050453723
1934,0.99025974,0.4012296497821808,0.7186930179595947,0.7148952389261993
1935,0.978354978,0.4012296497821808,0.7186930179595947,0.723514514659627
1936,0.589010989,0.3899332284927368,0.3502293825149536,0.375687065340479
1937,0.757322176,0.5614757537841797,0.639443039894104,0.6438408329361383
1938,0.69955157,0.4069076478481293,0.5242507457733154,0.5128527156851101
1939,0.064981949,0.4442104399204254,0.20476680994033813,0.22663406159771693
1940,0.856502242,0.7231733798980713,0.8705147504806519,0.8340147199422012
1941,0.243506494,0.5442276000976562,0.4345279335975647,0.43454898851388113
1942,0.294372294,0.5442276000976562,0.4345279335975647,0.44600834065288525
1943,0.885281385,0.4605938196182251,0.4714610278606415,0.47026615944413996
1944,0.807359307,0.4605938196182251,0.4714610278606415,0.4788019806371044
1945,0.538961039,0.6257674694061279,0.5970765352249146,0.5971955126019184
1946,0.494588745,0.6257674694061279,0.5970765352249146,0.5971955126019184
1947,0.633116883,0.6385498046875,0.7771282196044922,0.7513724442897045
1948,0.594155844,0.6385498046875,0.7771282196044922,0.7540926327184145
1949,0.058441558,0.4333154559135437,0.43769925832748413,0.43071669062980256
1950,0.017316017,0.4333154559135437,0.43769925832748413,0.43071669062980256
1951,0.674725275,0.5532140135765076,0.6044185757637024,0.6265945626713079
1952,0.3944954129999999,0.511924684047699,0.6261997222900391,0.631179271964974
1953,0.384615385,0.4216594099998474,0.25369346141815186,0.2656972790237515
1954,0.2087912089999999,0.17736762762069702,0.15357914566993713,0.18475811214372614
1955,0.254076087,0.29962724447250366,0.11950647830963135,0.1322219699650141
1956,0.80866426,0.6324417591094971,0.6758639216423035,0.6734413983679636
1957,0.757847534,0.506119966506958,0.5452274084091187,0.5562470932534271
1958,0.08008658,0.3669370412826538,0.28437530994415283,0.27304490732963493
1959,0.045454545,0.3669370412826538,0.28437530994415283,0.27304490732963493
1960,0.274456522,0.5649219751358032,0.5702086687088013,0.5716655582048098
1961,0.322175732,0.4278106689453125,0.26942816376686096,0.24922874959949176
1962,0.8939393940000001,0.4894663691520691,0.7027943134307861,0.6927162041561572
1963,0.393939394,0.5099629759788513,0.49909642338752747,0.48666758510751257
1964,0.49025974,0.4281001389026642,0.4917943775653839,0.5115462954530169
1965,0.510822511,0.4281001389026642,0.4917943775653839,0.5115462954530169
1966,0.556053812,0.3763526678085327,0.346969872713089,0.3527003942119475
1967,0.146443515,0.3528079390525818,0.2761445641517639,0.2641270734044464
1968,0.564853556,0.7243901491165161,0.962136447429657,0.9101576776638969
1969,0.05952381,0.5598167181015015,0.5982841849327087,0.6044155908209716
1970,0.088744589,0.5598167181015015,0.5982841849327087,0.6044155908209716
1971,0.058241758,0.5426378846168518,0.4641863703727722,0.45472174767594165
1972,0.25974026,0.6614218354225159,0.49653360247612,0.512590560144125
1973,0.93040293,0.6162047982215881,0.43158942461013794,0.4254608127612818
1974,0.909747292,0.5818480849266052,0.7009603977203369,0.6745407668617169
1975,0.3528138529999999,0.3873956799507141,0.3308010697364807,0.3063139462247125
1976,0.324675325,0.3873956799507141,0.3308010697364807,0.30401585617678784
1977,0.3913043479999999,0.39320164918899536,0.39757239818573,0.42190600353066576
1978,0.29004329,0.43320703506469727,0.3554467558860779,0.3686688903742935
1979,0.224025974,0.43320703506469727,0.3554467558860779,0.3658311704388719
1980,0.7218614720000001,0.4862612783908844,0.6214637756347656,0.6301393651384019
1981,0.742424242,0.4862612783908844,0.6214637756347656,0.6209634808425346
1982,0.735164835,0.7249699234962463,0.7547812461853027,0.7782951965689675
1983,0.7012987009999999,0.8801723122596741,0.9397907853126526,0.9246578932684795
1984,0.930735931,0.5421379208564758,0.6670972108840942,0.6478786644431881
1985,0.927489177,0.5421379208564758,0.6670972108840942,0.6478786644431881
1986,0.08982684,0.33951467275619507,0.2055116891860962,0.2210777794991402
1987,0.1320346319999999,0.33951467275619507,0.2055116891860962,0.22043439257375935
1988,0.450549451,0.4020056426525116,0.4921010136604309,0.511244020891664
1989,0.429530201,0.5356546640396118,0.594150185585022,0.5997311739281184
1990,0.096467391,0.44224730134010315,0.36234205961227417,0.3475457857621626
1991,0.171597633,0.43352022767066956,0.33138519525527954,0.3005957897702001
1992,0.6980519479999999,0.5533984899520874,0.5335676670074463,0.5513715483883993
1993,0.9004329,0.5533984899520874,0.5335676670074463,0.5616235768753234
1994,0.734848485,0.570462167263031,0.7502676844596863,0.7549973644659379
1995,0.707792208,0.570462167263031,0.7502676844596863,0.7570084464943427
1996,0.4954128439999999,0.518502950668335,0.5489264130592346,0.5750801271428885
1997,0.3495670999999999,0.3825775384902954,0.20519182085990906,0.2003422600550021
1998,0.336580087,0.3825775384902954,0.20519182085990906,0.19444052018847752
1999,0.4780219779999999,0.48236972093582153,0.4992666244506836,0.48683891380351707
2000,0.7838827840000001,0.39680182933807373,0.6440858840942383,0.6223205614700607
2001,0.2186147189999999,0.26389312744140625,0.18506324291229248,0.20189630666417777
2002,0.225108225,0.26389312744140625,0.18506324291229248,0.20189630666417777
2003,0.22972973,0.5058626532554626,0.484952449798584,0.48755594306786987
2004,0.597315436,0.6647371649742126,0.6337205171585083,0.6216301518025913
2005,0.445887446,0.5910022854804993,0.6615326404571533,0.6527695898760226
2006,0.415584416,0.5910022854804993,0.6615326404571533,0.6475330171854057
2007,0.8780219779999999,0.7561862468719482,0.793925940990448,0.8076515756381473
2008,0.62987013,0.5574376583099365,0.6472058892250061,0.6569254208712605
2009,0.6158008660000001,0.5574376583099365,0.6472058892250061,0.6689454756974949
2010,0.183486239,0.5890463590621948,0.5543791651725769,0.5241124377340103
2011,0.144404332,0.3811107873916626,0.3955945372581482,0.398900073513493
2012,0.661290323,0.37304162979125977,0.3953792452812195,0.3796339862120471
2013,0.8870967740000001,0.7477632761001587,0.7877643704414368,0.7684028652185836
2014,0.864718615,0.5251020789146423,0.5266820192337036,0.522683835142966
2015,0.7781385279999999,0.5251020789146423,0.5266820192337036,0.5268904242655204
2016,0.073369565,0.503032922744751,0.359066903591156,0.33997121301025435
2017,0.834319527,0.4780898988246918,0.7175357341766357,0.6936527529413695
2018,0.492307692,0.46469253301620483,0.402554988861084,0.38525444251176955
2019,0.087662338,0.2973915934562683,0.36738044023513794,0.3511032198917623
2020,0.081168831,0.2973915934562683,0.36738044023513794,0.36262764942399706
2021,0.7472826090000001,0.5180837512016296,0.5484784841537476,0.5453511200548442
2022,0.761904762,0.40595465898513794,0.5507694482803345,0.546353424665267
2023,0.905325444,0.5474143624305725,0.6524195075035095,0.6232667560344978
2024,0.3692307689999999,0.2988145351409912,0.3266013562679291,0.31178764104153406
2025,0.674725275,0.4382830262184143,0.45166605710983276,0.4398126665541997
2026,0.798913043,0.5499706268310547,0.45988768339157104,0.44478978944837216
2027,0.333333333,0.4274599552154541,0.47947192192077637,0.47825898035805936
2028,0.415162455,0.4071226716041565,0.5137782692909241,0.4931170946882232
2029,0.255434783,0.629235029220581,0.6074318885803223,0.6139031616178905
2030,0.618681319,0.5499573349952698,0.6950588226318359,0.678901598399187
2031,0.7533632290000001,0.43137574195861816,0.507557213306427,0.515007361108115
2032,0.901098901,0.570986270904541,0.8473039865493774,0.8392345462613724
2033,0.828451883,0.638670802116394,0.7815476059913635,0.7629864638877109
2034,0.010989011,0.5869073271751404,0.37107977271080017,0.3647800585932651
2035,0.593406593,0.42577722668647766,0.23159259557724,0.23037896002135966
2036,0.376623377,0.4691213369369507,0.5180965662002563,0.5274816336856372
2037,0.3484848479999999,0.4691213369369507,0.5180965662002563,0.5422659487220577
2038,0.6521739129999999,0.473974347114563,0.526483416557312,0.5476345901498038
2039,0.532544379,0.6306212544441223,0.743918240070343,0.7099417526097076
2040,0.175324675,0.3691267967224121,0.3011990785598755,0.3182092872563877
2041,0.928251121,0.6652249693870544,0.5365341901779175,0.5486893818206726
2042,0.6373626370000001,0.5429890155792236,0.5259913206100464,0.5034428722395927
2043,0.484375,0.5100203156471252,0.4629967212677002,0.4371359321235295
2044,0.384199134,0.5266662836074829,0.6130256056785583,0.6335450253643415
2045,0.3679653679999999,0.5266662836074829,0.6130256056785583,0.630681562210745
2046,0.268456376,0.6357964277267456,0.6266464591026306,0.6435344090867243
2047,0.702898551,0.6833839416503906,0.7293466925621033,0.7280796139118157
2048,0.424908425,0.5404077768325806,0.4950065016746521,0.4830030294517931
2049,0.351351351,0.4317806363105774,0.4814009368419647,0.4689655856875108
2050,0.657894737,0.5446308851242065,0.4140409827232361,0.3894865403460837
2051,0.993506494,0.5479147434234619,0.4804127812385559,0.4951538557606542
2052,0.282511211,0.3681356906890869,0.0977931022644043,0.13077079864147706
2053,0.089473684,0.38789352774620056,0.41085898876190186,0.42936338722719053
2054,0.831501832,0.4708288609981537,0.44629526138305664,0.44726509913278256
2055,0.291479821,0.5715185403823853,0.744188666343689,0.7210883259531402
2056,0.832967033,0.5001663565635681,0.49770450592041016,0.5251571326783242
2057,0.743506494,0.3134227991104126,0.38444483280181885,0.3935898785087073
2058,0.824675325,0.3134227991104126,0.38444483280181885,0.39358987850870736
2059,0.567032967,0.5140225291252136,0.5000150799751282,0.4858614572929688
2060,0.286995516,0.46205827593803406,0.3807300329208374,0.3957256107893018
2061,0.3589743589999999,0.43919822573661804,0.4044991433620453,0.41598711328984295
2062,0.689189189,0.6364139914512634,0.6307401657104492,0.633536943824691
2063,0.4945848379999999,0.3751940429210663,0.4630407691001892,0.45281511315463063
2064,0.6521739129999999,0.6646131277084351,0.7264252305030823,0.7360883513509089
2065,0.172554348,0.5881981253623962,0.32422760128974915,0.3040948997003666
2066,0.194805195,0.5600835680961609,0.4775354564189911,0.48549308033669103
2067,0.196969697,0.5600835680961609,0.4775354564189911,0.485493080336691
2068,0.931818182,0.7435532808303833,0.9254806041717529,0.8946502887194501
2069,0.8993506490000001,0.7435532808303833,0.9254806041717529,0.8849235770852776
2070,0.527075812,0.35273584723472595,0.4993879795074463,0.49227242045522157
2071,0.024175824,0.578866720199585,0.7930427193641663,0.7612733760277264
2072,0.652597403,0.6446723341941833,0.650647759437561,0.6393665417507846
2073,0.647186147,0.6446723341941833,0.650647759437561,0.6422018875672082
2074,0.497835498,0.35484009981155396,0.07609319686889648,0.1013395713364086
2075,0.497835498,0.35484009981155396,0.07609319686889648,0.1013395713364086
2076,0.318181818,0.6038551926612854,0.6139625310897827,0.6263702332199491
2077,0.2370129869999999,0.6038551926612854,0.6139625310897827,0.6247221144217143
2078,0.166064982,0.4913570284843445,0.526583194732666,0.5301173330675053
2079,0.80952381,0.5282126069068909,0.34096667170524597,0.3430697314503004
2080,0.4578754579999999,0.5692890882492065,0.4439920485019684,0.452538143292438
2081,0.147651007,0.30740100145339966,0.1551935076713562,0.17314503880938698
2082,0.088757396,0.28818774223327637,0.03842267394065857,0.08774566834544448
2083,0.296195652,0.42528751492500305,0.38653549551963806,0.3786820775837457
2084,0.941391941,0.6217082738876343,0.7651189565658569,0.7488168166902485
2085,0.263736264,0.4503176808357239,0.4363788664340973,0.4422677119074839
2086,0.344322344,0.382326602935791,0.5835782885551453,0.5961286592841355
2087,0.094594595,0.4268574118614197,0.47792816162109375,0.47495124455532617
2088,0.179487179,0.3902197778224945,-0.01655745506286621,0.05826235528000579
2089,0.046153846,0.31633979082107544,0.03479564189910889,0.08332609666096959
2090,0.478947368,0.552695631980896,0.4993433356285095,0.4953301585912069
2091,0.1769230769999999,0.26469093561172485,0.08496510982513428,0.12195739463078062
2092,0.117582418,0.4289959669113159,0.41326504945755005,0.43966998722370326
2093,0.663003663,0.7160959839820862,0.7498511075973511,0.7298697747580887
2094,0.733944954,0.5751788020133972,0.7735444903373718,0.7703292963174719
2095,0.104395604,0.2201971411705017,0.33724141120910645,0.34940884988510856
2096,0.697802198,0.698829174041748,0.6733570098876953,0.6775587972775499
2097,0.084249084,0.4681381583213806,0.35339149832725525,0.3420656963716217
2098,0.77027027,0.5329932570457458,0.6188533306121826,0.6118551657829181
2099,0.858695652,0.2680060565471649,0.17335963249206543,0.1969727807209524
2100,0.542124542,0.597833514213562,0.43100646138191223,0.43789927683200913
2101,0.319526627,0.3395528197288513,0.3187018632888794,0.2907589248009771
2102,0.161073826,0.44236424565315247,0.4819786846637726,0.4613742904152071
2103,0.4421052629999999,0.5522271990776062,0.4691084027290344,0.4782871133311528
2104,0.1893491119999999,0.3241739273071289,0.30557525157928467,0.307471049126005
2105,0.161172161,0.4665812849998474,0.130591481924057,0.14314613786100214
2106,0.0268456379999999,0.2231636345386505,0.1829024851322174,0.2140540009103999
2107,0.479289941,0.5189818739891052,0.40649744868278503,0.40946183251789386
2108,0.289473684,0.43110424280166626,0.48048415780067444,0.4559169921556889
2109,1.0,0.3118072748184204,0.282760351896286,0.26310689765348716
2110,0.139194139,0.4221010208129883,0.34736764430999756,0.3422973173024455
2111,0.198901099,0.5244354605674744,0.3028559684753418,0.3188013802068017
2112,0.4260089689999999,0.5711880326271057,0.5223699808120728,0.5269806738943273
2113,0.116883117,0.3340960443019867,0.16143381595611572,0.16117131078409347
2114,0.096320346,0.3340960443019867,0.16143381595611572,0.15726920376640435
2115,0.06959707,0.266762912273407,0.5146505832672119,0.4998763237130322
2116,0.128571429,0.3858751952648163,0.5579710006713867,0.5380596848931712
2117,0.99408284,0.5178508758544922,0.5165481567382812,0.5101746290764151
2118,0.285714286,0.24065470695495605,0.10673028230667114,0.12147183632771777
2119,0.78030303,0.5856297016143799,0.7663068771362305,0.7523416246202779
2120,0.7337662340000001,0.5856297016143799,0.7663068771362305,0.7523416246202779
2121,0.19047619,0.42378348112106323,0.3364795446395874,0.334266700840987
2122,0.391891892,0.4688829481601715,0.2864069938659668,0.2818575426000398
2123,0.392307692,0.5196041464805603,0.38257622718811035,0.4082290652718947
2124,0.054112554,0.3980953097343445,0.4901047646999359,0.4910310760642934
2125,0.221861472,0.4417469799518585,0.2756214737892151,0.3032998564130316
2126,0.17965368,0.4417469799518585,0.2756214737892151,0.3032998564130316
2127,0.162162162,0.23309111595153809,0.24504223465919495,0.24495753933377337
2128,0.096320346,0.3743922710418701,0.2532355785369873,0.23721039772045258
2129,0.001082251,0.3743922710418701,0.2532355785369873,0.2611190113501618
2130,0.067934783,0.23406654596328735,-0.020505666732788086,0.07545220995592426
2131,0.254945055,0.6174914240837097,0.5886093378067017,0.5965133871178018
2132,0.1688311689999999,0.36824285984039307,0.06858387589454651,0.09798449048011504
2133,0.357142857,0.36824285984039307,0.06858387589454651,0.09798449048011504
2134,0.53030303,0.30674898624420166,0.5006468296051025,0.500517341706734
2135,0.454545455,0.3619675636291504,0.4749218225479126,0.48077988115348996
2136,0.150627615,0.4541721045970917,0.6399551630020142,0.6096800562202646
2137,0.726315789,0.6747690439224243,0.7107967138290405,0.7301399811661706
2138,0.841991342,0.39886802434921265,0.4961082339286804,0.5035104982659753
2139,0.7478354979999999,0.39886802434921265,0.4961082339286804,0.51269932908474
2140,0.021978022,0.31902340054512024,0.10384157299995422,0.10866463267195861
2141,0.271645022,0.3169916272163391,0.10197290778160095,0.11694597219347713
2142,0.33982684,0.3169916272163391,0.10197290778160095,0.12462197358346239
2143,0.4026845639999999,0.5015861988067627,0.35464245080947876,0.36953392353212106
2144,0.09010989,0.511419415473938,0.2777337431907654,0.29305027961794744
2145,0.952662722,0.6874644160270691,0.7731158137321472,0.7813623739355815
2146,0.382550336,0.4808523654937744,0.5697636604309082,0.5698216681851189
2147,0.153846154,0.33944523334503174,0.30894291400909424,0.3080088582029521
2148,0.205128205,0.3781120181083679,-0.0008748173713684082,0.07191239689462244
2149,0.026315789,0.26096847653388977,0.2526194155216217,0.270931796865623
2150,0.098901099,0.39203429222106934,0.22182121872901917,0.23352736526176118
2151,0.902173913,0.4386855959892273,0.44749584794044495,0.4239213560207201
2152,0.82967033,0.5694937705993652,0.6258779168128967,0.6037378901840551
2153,0.75739645,0.553566575050354,0.6397525072097778,0.6517132333074689
2154,0.167785235,0.30612438917160034,0.3331890404224396,0.30545404712275226
2155,0.8120879120000001,0.5586032271385193,0.6293383836746216,0.6176111075028415
2156,0.4894736839999999,0.6427809000015259,0.7587146759033203,0.7619583419274261
2157,0.67032967,0.6413909196853638,0.536223828792572,0.5516950416974038
2158,0.141304348,0.49208569526672363,0.4419398307800293,0.42928476381943725
2159,0.3804347829999999,0.3927135765552521,0.29756754636764526,0.2965948846853089
2160,0.538461538,0.6324743032455444,0.7504562139511108,0.7385486505809471
2161,0.4516129029999999,0.3695777654647827,0.431008517742157,0.4262934388407487
2162,0.060402685,0.3721597194671631,0.26667559146881104,0.25483435103237123
2163,0.8125,0.694908857345581,0.7382347583770752,0.741185927646995
2164,0.105263158,0.48684191703796387,0.6629652380943298,0.642986650526082
2165,0.573684211,0.27060866355895996,0.4570521116256714,0.43698370783198837
2166,0.668421053,0.35562700033187866,0.39702486991882324,0.3812573839208747
2167,0.786610879,0.3452276885509491,0.5795508027076721,0.575243425046071
2168,0.021645022,0.444439172744751,0.40801867842674255,0.4165786369458988
2169,0.100917431,0.35658764839172363,0.4610310196876526,0.4492610418603339
2170,0.78021978,0.3367457091808319,0.1575087308883667,0.19065069798636078
2171,0.4329670329999999,0.6439570784568787,0.5070962309837341,0.523263705050921
2172,0.163419913,0.4769856333732605,0.7639330625534058,0.7778555689982944
2173,0.154761905,0.4769856333732605,0.7639330625534058,0.7778555689982944
2174,0.3003663,0.09662586450576782,-0.11799317598342896,0.06381485036907422
2175,0.3831168829999999,0.48702555894851685,0.5240312218666077,0.5191229802702837
2176,0.329004329,0.48702555894851685,0.5240312218666077,0.5296302516337669
2177,0.7164835159999999,0.5262576341629028,0.4731501638889313,0.496445581311264
2178,0.979865772,0.5412535071372986,0.7105156183242798,0.7158820190813857
2179,0.633699634,0.2816750705242157,0.4246296286582947,0.4000463684992848
2180,0.636263736,0.4687134623527527,0.7921526432037354,0.7891263421655859
2181,0.787545788,0.43851980566978455,0.5458393692970276,0.5411485597774011
2182,0.684210526,0.3262826204299927,0.2986689507961273,0.30133249388972616
2183,0.837662338,0.7660143971443176,0.7023515701293945,0.7318614813620699
2184,0.31838565,0.20481348037719727,0.1939869523048401,0.20825129695054662
2185,0.671428571,0.5050715208053589,0.5748961567878723,0.5745157654782949
2186,0.7582417579999999,0.3637777268886566,0.5169689655303955,0.5327469409502561
2187,0.494565217,0.5106858611106873,0.5704087615013123,0.592268842355965
2188,0.078947368,0.3366304039955139,0.4535403847694397,0.4276353494713959
2189,0.527472527,0.41529420018196106,0.4938557744026184,0.4928069642343161
2190,0.48021978,0.3877761662006378,0.6073997020721436,0.5799234516053215
2191,0.744588745,0.45721152424812317,0.6969336271286011,0.699974651021948
2192,0.6385281389999999,0.45721152424812317,0.6969336271286011,0.699974651021948
2193,0.946745562,0.6388185024261475,0.5203900337219238,0.49647231821066096
2194,0.8165680470000001,0.3239991068840027,0.46478188037872314,0.46869944161213084
2195,0.10738255,0.4912429749965668,0.7123568058013916,0.7220758101895779
2196,0.8472527470000001,0.6563456654548645,0.5756568312644958,0.5458274195720445
2197,0.127472527,0.2075672447681427,0.23757532238960266,0.2475475470661201
2198,0.68161435,0.4201325476169586,0.3539009392261505,0.3835122028808443
2199,0.409090909,0.5973382592201233,0.5255064368247986,0.5202172518551552
2200,0.37987013,0.5973382592201233,0.5255064368247986,0.5147740615329655
2201,0.29707113,0.3629361391067505,0.2912951111793518,0.2803392305818543
2202,0.217532468,0.42125460505485535,0.4353484809398651,0.4493782087197661
2203,0.181818182,0.42125460505485535,0.4353484809398651,0.4493782087197661
2204,0.468421053,0.5976561903953552,0.4611624777317047,0.4777246568297313
2205,0.6776556779999999,0.47105932235717773,0.6192834377288818,0.6107239047636719
2206,0.874725275,0.7494486570358276,0.6314712762832642,0.6429793642352588
2207,0.906593407,0.3851594030857086,0.5693469047546387,0.5627815661387816
2208,0.125,0.5854926705360413,0.2441979944705963,0.25629994183650895
2209,0.760869565,0.4899080693721771,0.49611330032348633,0.5208053037059868
2210,0.199728261,0.3496863543987274,0.5818849205970764,0.5624654433150178
2211,0.325443787,0.7413141131401062,0.5728507041931152,0.5733072450829257
2212,0.769480519,0.39483991265296936,0.5434600710868835,0.5367526329933553
2213,0.806277056,0.39483991265296936,0.5434600710868835,0.5495762629472069
2214,0.590604027,0.43654292821884155,0.636285662651062,0.6154898044997898
2215,0.520710059,0.5471694469451904,0.7750918865203857,0.7703843311473949
2216,0.876623377,0.6843439340591431,0.7638272643089294,0.762604916476286
2217,0.897186147,0.6843439340591431,0.7638272643089294,0.762604916476286
2218,0.967741935,0.5891659259796143,0.9063376784324646,0.9000288101612521
2219,0.421245421,0.4140614867210388,0.3018292784690857,0.2881755791153403
2220,0.6603260870000001,0.5536031126976013,0.6232382655143738,0.6093532367268653
2221,0.795604396,0.7082797288894653,0.6412984728813171,0.651725048376602
2222,0.364864865,0.4885297417640686,0.4118853211402893,0.42193036989750987
2223,0.959459459,0.59381103515625,0.7276594638824463,0.7078526764740823
2224,0.650815217,0.5814500451087952,0.6245633959770203,0.6399848592811763
2225,0.058423913,0.33215370774269104,0.22510209679603577,0.216703135858076
2226,0.2119565219999999,0.31094440817832947,0.33335718512535095,0.3359383434458237
2227,0.198555957,0.3088780641555786,0.3928683400154114,0.412472243294533
2228,0.457894737,0.5501217246055603,0.8874835968017578,0.8543827248577797
2229,0.212121212,0.6985324621200562,0.67377769947052,0.6879459721707744
2230,0.20021645,0.6985324621200562,0.67377769947052,0.6879459721707744
2231,0.73956044,0.6724007725715637,0.8584076762199402,0.8460322056072159
2232,0.798816568,0.49116674065589905,0.6623563170433044,0.675663098865381
2233,0.311355311,0.6478544473648071,0.6155757904052734,0.5974942204477908
2234,0.681818182,0.5804113745689392,0.5053349137306213,0.5076883232759823
2235,0.543290043,0.5804113745689392,0.5053349137306213,0.5076883232759823
2236,0.265151515,0.5101804137229919,0.7665770053863525,0.7406208942347765
2237,0.2272727269999999,0.5101804137229919,0.7665770053863525,0.7391201734108916
2238,0.835597826,0.7560186386108398,0.770237922668457,0.7922200772013258
2239,0.8967032970000001,0.5574588775634766,0.4338645339012146,0.46218884522210013
2240,0.595238095,0.4984094798564911,0.43185731768608093,0.41191125796181677
2241,0.598484848,0.4984094798564911,0.43185731768608093,0.4119112579618167
2242,0.491847826,0.35872697830200195,0.2345423698425293,0.24366847505118303
2243,0.601731602,0.5140377879142761,0.5040562152862549,0.5064772363272099
2244,0.635281385,0.5140377879142761,0.5040562152862549,0.49907502687280125
2245,0.984375,0.7835198640823364,0.976069986820221,0.9153607970591975
2246,0.972972973,0.5272539854049683,0.5672565698623657,0.5970167715364003
2247,0.486486486,0.48530539870262146,0.3539910912513733,0.3730932341628214
2248,0.142857143,0.5982454419136047,0.5824231505393982,0.5896274953893403
2249,0.3073593069999999,0.21627873182296753,0.342287540435791,0.3269717866088217
2250,0.314935065,0.21627873182296753,0.342287540435791,0.3269717866088217
2251,0.309782609,0.4122588634490967,0.5773218870162964,0.5630914714376242
2252,0.3733766229999999,0.4924760162830353,0.5228271484375,0.49981619261654703
2253,0.3528138529999999,0.4924760162830353,0.5228271484375,0.49981619261654703
2254,0.649350649,0.6348873376846313,0.66498863697052,0.639540640888508
2255,0.596330275,0.5297868251800537,0.47037315368652344,0.44208747885272554
2256,0.321428571,0.30560654401779175,0.29805445671081543,0.2761675854416751
2257,0.293290043,0.30560654401779175,0.29805445671081543,0.2774340955123932
2258,0.7949790790000001,0.5087238550186157,0.4546761214733124,0.46339058218199003
2259,0.939597315,0.5509078502655029,0.6740284562110901,0.6890711722743295
2260,0.614678899,0.5604438781738281,0.5177878141403198,0.5139777341797298
2261,0.7716450220000001,0.6130395531654358,0.5535955429077148,0.5455668323361503
2262,0.818181818,0.6130395531654358,0.5535955429077148,0.5592855491472856
2263,0.711191336,0.3712078928947449,0.5800672769546509,0.6104361123979245
2264,0.273542601,0.412757933139801,0.34043216705322266,0.33365642137326046
2265,0.8160173159999999,0.5082228183746338,0.6142900586128235,0.6371054650344032
2266,0.704545455,0.5082228183746338,0.6142900586128235,0.6373256116967689
2267,0.5813186810000001,0.5245583653450012,0.5788719654083252,0.5990079049183568
2268,0.043290043,0.35302790999412537,0.4247964322566986,0.39869818290395453
2269,0.075757576,0.35302790999412537,0.4247964322566986,0.39869818290395453
2270,0.465367965,0.45544004440307617,0.4416622519493103,0.4265975613208898
2271,0.463203463,0.45544004440307617,0.4416622519493103,0.43110051620352585
2272,0.547554348,0.6736016273498535,0.6397380232810974,0.6519891918714238
2273,0.7023809520000001,0.3327134847640991,0.43988633155822754,0.4459751749996779
2274,0.655844156,0.3327134847640991,0.43988633155822754,0.4582607723549492
2275,0.731601732,0.5991954207420349,0.9099792838096619,0.891497457113918
2276,0.833333333,0.5991954207420349,0.9099792838096619,0.891497457113918
2277,0.531385281,0.38348641991615295,0.8134417533874512,0.830116920933553
2278,0.516233766,0.38348641991615295,0.8134417533874512,0.830116920933553
2279,0.24025974,0.5157080292701721,0.6776526570320129,0.6639407328136808
2280,0.935164835,0.4305754601955414,0.6544755697250366,0.6364162594148798
2281,0.111413043,0.2652397155761719,0.211308091878891,0.243116987875938
2282,0.6813186809999999,0.4590812027454376,0.5055044293403625,0.4938548412909297
2283,0.099184783,0.4037300944328308,0.331188440322876,0.31501023608501466
2284,0.006493506,0.27834776043891907,0.10147178173065186,0.11136021890561185
2285,0.008658009,0.27834776043891907,0.10147178173065186,0.1017170626929646
2286,0.693406593,0.4458881616592407,0.560099184513092,0.5438888862560628
2287,0.457142857,0.6822000741958618,0.5733139514923096,0.5562020526915437
2288,0.45021645,0.32996422052383423,0.3413884937763214,0.3198677471520498
2289,0.5216450220000001,0.32996422052383423,0.3413884937763214,0.32214474340237625
2290,0.140939597,0.35986408591270447,0.3622173070907593,0.3389052446104941
2291,0.00896861,0.30844005942344666,0.09168219566345215,0.1331651291894736
2292,0.987012987,0.6247621774673462,0.9663219451904297,0.9371919076682111
2293,0.983766234,0.6247621774673462,0.9663219451904297,0.932714590898327
2294,0.302752294,0.43250614404678345,0.26861289143562317,0.24934580030808057
2295,0.230769231,0.31221961975097656,0.19566106796264648,0.19273118429624783
2296,0.213186813,0.478676438331604,0.34296220541000366,0.3210249369361275
2297,0.5162454870000001,0.5343992710113525,0.5666375756263733,0.5472312156438579
2298,0.322580645,0.34428268671035767,0.41624200344085693,0.4291148421385448
2299,0.78125,0.5992355346679688,0.5607181787490845,0.5793912189804715
2300,0.550271739,0.5636569857597351,0.49268561601638794,0.49846634976761395
2301,0.182065217,0.5513187050819397,0.5547741055488586,0.5607213409128897
2302,0.760822511,0.5053649544715881,0.468148410320282,0.46783910894049585
2303,0.775974026,0.5053649544715881,0.468148410320282,0.45544807939256376
2304,0.274193548,0.5014833211898804,0.5745091438293457,0.6053910981736883
2305,0.892857143,0.546955943107605,0.6878026723861694,0.6692285274346761
2306,0.869047619,0.546955943107605,0.6878026723861694,0.6693833971548963
2307,0.5144927539999999,0.5413159132003784,0.6074904799461365,0.5979124959745948
2308,0.50209205,0.3900499939918518,0.4508436322212219,0.453104042576549
2309,0.1046931409999999,0.216999351978302,0.18504619598388672,0.1866640682657391
2310,0.07201087,0.29008427262306213,0.2951088547706604,0.3013644003374293
2311,0.39010989,0.5743994116783142,0.4969971776008606,0.5101306972224608
2312,0.161255411,0.07043212652206421,0.16971901059150696,0.16900417231727033
2313,0.12987013,0.07043212652206421,0.16971901059150696,0.19067684945376573
2314,0.680706522,0.31529974937438965,0.3335314393043518,0.3368894159408424
2315,0.105494505,0.32028549909591675,0.28308236598968506,0.2976247193626783
2316,0.062271062,0.36479440331459045,0.2188737392425537,0.24615618981800214
2317,0.7792207790000001,0.32222169637680054,0.4679848551750183,0.4867355723722785
2318,0.725108225,0.32222169637680054,0.4679848551750183,0.48673557237227844
2319,0.067264574,0.406490683555603,0.1585676372051239,0.16961130632513333
2320,0.53125,0.4864845275878906,0.3271659314632416,0.3381293121297401
2321,0.080717489,0.20304816961288452,0.0033575892448425293,0.06161258063955298
2322,0.603550296,0.6042404174804688,0.5257987380027771,0.5426648804063662
2323,0.167364017,0.3828386664390564,0.6029268503189087,0.5979957877060769
2324,0.503355705,0.45001691579818726,0.3821726143360138,0.39138664205620144
2325,0.623376623,0.5003970861434937,0.7219955325126648,0.7037100915674372
2326,0.5670995670000001,0.5003970861434937,0.7219955325126648,0.7007991163896707
2327,0.224852071,0.47011029720306396,0.17210102081298828,0.19334353871696347
2328,0.408071749,0.5124080777168274,0.4759451746940613,0.5012098780731281
2329,0.783783784,0.36638885736465454,0.3830801844596863,0.4135368515642557
2330,0.6190476189999999,0.4939316213130951,0.5232665538787842,0.5033448946007775
2331,0.6190476189999999,0.4939316213130951,0.5232665538787842,0.5033448946007775
2332,0.8906926409999999,0.6185755133628845,0.7384936213493347,0.7263667024514449
2333,0.8214285709999999,0.6185755133628845,0.7384936213493347,0.7508784225359952
2334,0.539748954,0.4106392562389374,0.6207323670387268,0.6514928007239974
2335,0.565217391,0.5132928490638733,0.4056742191314697,0.3883403482599157
2336,0.4989010989999999,0.6571544408798218,0.7895275950431824,0.7882790364350662
2337,0.364718615,0.3406037390232086,0.4725551903247833,0.4689919997643486
2338,0.553030303,0.3406037390232086,0.4725551903247833,0.4933767805579007
2339,0.097802198,0.492362916469574,0.3792034089565277,0.37207204760084
2340,0.147368421,0.40954703092575073,0.37785279750823975,0.4088425536682303
2341,0.773809524,0.6788779497146606,0.5322590470314026,0.5346745097916592
2342,0.734848485,0.6788779497146606,0.5322590470314026,0.5304809109422617
2343,0.2272727269999999,0.6543739438056946,0.6134021282196045,0.6361683281206388
2344,0.20995671,0.6543739438056946,0.6134021282196045,0.6404182789335029
2345,0.7085201790000001,0.5235613584518433,0.4922870397567749,0.46180499943851117
2346,0.610878661,0.5217674970626831,0.5121686458587646,0.5163670327632897
2347,0.582880435,0.6227664947509766,0.8164314031600952,0.8138905129147174
2348,0.027027027,0.43583181500434875,0.46824774146080017,0.4732316715427449
2349,0.930706522,0.5751402378082275,0.4876783490180969,0.5014989118184814
2350,0.837662338,0.45331594347953796,0.4595451354980469,0.4664854633725105
2351,0.483695652,0.5181378722190857,0.39508235454559326,0.41303141685994793
2352,0.794871795,0.5723849534988403,0.5638208389282227,0.5720611297507556
2353,0.935064935,0.591695249080658,0.6360241174697876,0.6336906581967214
2354,0.912337662,0.591695249080658,0.6360241174697876,0.6336906581967214
2355,0.097472924,0.5370583534240723,0.5137603878974915,0.4961177487698607
2356,0.1461038959999999,0.34946584701538086,0.5268300771713257,0.5288059840720291
2357,0.143939394,0.34946584701538086,0.5268300771713257,0.5288059840720291
2358,0.108225108,0.42341238260269165,0.38772717118263245,0.379702564795275
2359,0.203463203,0.42341238260269165,0.38772717118263245,0.3795186929969933
2360,0.912087912,0.491953045129776,0.720617413520813,0.715323148362697
2361,0.8918918920000001,0.5454307794570923,0.6186338663101196,0.5991750961208984
2362,0.649819495,0.32029569149017334,0.398922324180603,0.42427499675632013
2363,0.7651006709999999,0.5719239711761475,0.4388982057571411,0.41515320337503836
2364,0.143497758,0.26639723777770996,0.18731603026390076,0.21444679927267177
2365,0.880434783,0.2104301154613495,0.0010801851749420166,0.07051418071332849
2366,0.626358696,0.3838285803794861,0.27554088830947876,0.28448912738327437
2367,0.107336957,0.31884288787841797,0.06657809019088745,0.11162410390933065
2368,0.168421053,0.389592707157135,0.43353015184402466,0.4127249771394562
2369,0.774725275,0.36275115609169006,0.323176771402359,0.33699464503985194
2370,0.554054054,0.39619165658950806,0.143746018409729,0.12708796159742655
2371,0.7488789240000001,0.4312031865119934,0.4855388104915619,0.5036116339390224
2372,0.494736842,0.5788551568984985,0.45177894830703735,0.4503890650315635
2373,0.1006711409999999,0.44485631585121155,0.4126726984977722,0.3915505066368067
2374,0.029220779,0.3670257329940796,0.42299190163612366,0.44682989584304633
2375,0.035714286,0.3670257329940796,0.42299190163612366,0.4429513956083373
2376,0.147982063,0.5075587630271912,0.5879290103912354,0.5723341861376923
2377,0.07034632,0.3145984411239624,-0.008211314678192139,0.0640270686568224
2378,0.041125541,0.3145984411239624,-0.008211314678192139,0.06369397953599103
2379,0.699728261,0.4958021640777588,0.4608038663864136,0.48490837674753884
2380,0.045454545,0.5676645040512085,0.32481467723846436,0.31057564997186216
2381,0.320652174,0.5315110683441162,0.5395353436470032,0.5446289001249
2382,0.8916967509999999,0.6690109968185425,0.5611423254013062,0.5760789688426106
2383,0.98816568,0.7340964078903198,0.6551497578620911,0.6708632561289073
2384,0.911684783,0.6996511816978455,0.5445544719696045,0.5479637785088557
2385,0.5670995670000001,0.27462276816368103,0.380588173866272,0.36888206573783755
2386,0.869565217,0.5650469064712524,0.42205631732940674,0.4368007509061187
2387,0.055045872,0.4736102819442749,0.1698663830757141,0.16261015057061845
2388,0.347252747,0.36069735884666443,0.422298401594162,0.44346343654650566
2389,0.476902174,0.5335544347763062,0.649754524230957,0.6579153654353366
2390,0.89261745,0.578174352645874,0.44312411546707153,0.47279822013180156
2391,0.161434978,0.3479461073875427,0.36457788944244385,0.3359827497074457
2392,0.136094675,0.38367027044296265,0.5461698174476624,0.532905116475084
2393,0.8619246859999999,0.44933831691741943,0.48627007007598877,0.4676817258301363
2394,0.545787546,0.5107608437538147,0.37939414381980896,0.3772791789193157
2395,0.09375,0.3993215560913086,0.29976582527160645,0.29064521725142123
2396,0.549450549,0.45876383781433105,0.5469169616699219,0.5256045707148981
2397,0.220779221,0.36082977056503296,0.4530702829360962,0.46134327608182724
2398,0.163419913,0.36082977056503296,0.4530702829360962,0.46134327608182724
2399,0.525815217,0.49277815222740173,0.4748484194278717,0.48233877098996575
2400,0.345054945,0.4166823625564575,0.4131236672401428,0.4130565534973536
2401,0.772727273,0.3823680877685547,0.5868706703186035,0.5623045128687403
2402,0.581589958,0.49932366609573364,0.6362380981445312,0.6236232920198534
2403,0.757575758,0.5775697231292725,0.6602975130081177,0.6434889406704751
2404,0.745670996,0.5775697231292725,0.6602975130081177,0.6434889406704751
2405,0.510460251,0.509925901889801,0.3965565860271454,0.4256091099033411
2406,0.364130435,0.5243650674819946,0.5574754476547241,0.5307342606913146
2407,0.021052632,0.3720008134841919,0.2836698889732361,0.27913523178307953
2408,0.081168831,0.09359106421470642,0.09035423398017883,0.09452299670682554
2409,0.0681818179999999,0.09359106421470642,0.09035423398017883,0.09452299670682554
2410,0.228187919,0.39724090695381165,0.40701600909233093,0.4100970788678273
2411,0.192640693,0.47883135080337524,0.25557175278663635,0.25218017613305654
2412,0.1839826839999999,0.47883135080337524,0.25557175278663635,0.2589802469973258
2413,0.134199134,0.4561130702495575,0.4198080599308014,0.4465422743244297
2414,0.1461038959999999,0.4561130702495575,0.4198080599308014,0.4465422743244297
2415,0.0473684209999999,0.40380921959877014,0.37534844875335693,0.37858873715643643
2416,0.267782427,0.4759727120399475,0.6320450305938721,0.6457897961806727
2417,0.416107383,0.5264571309089661,0.33013734221458435,0.33770059398523294
2418,0.831578947,0.5612188577651978,0.6744412779808044,0.6778535614009877
2419,0.125560538,0.5529730916023254,0.5284682512283325,0.5365282548077517
2420,0.640659341,0.7245558500289917,0.6634686589241028,0.6663677112946802
2421,0.158241758,0.5384380221366882,0.4085485339164734,0.3869586235272773
2422,0.474725275,0.4517250657081604,0.6597732305526733,0.655369677687024
2423,0.412556054,0.49687159061431885,0.38894811272621155,0.4059543373851837
2424,0.435064935,0.4505752921104431,0.1398215889930725,0.1617392787856391
2425,0.486238532,0.5570120811462402,0.7338630557060242,0.7070381006396017
2426,0.123376623,0.47568967938423157,0.4236048460006714,0.4297017644743151
2427,0.090909091,0.47568967938423157,0.4236048460006714,0.4356148916354966
2428,0.2543290039999999,0.3894021809101105,0.48036131262779236,0.4985204812540416
2429,0.194805195,0.3894021809101105,0.48036131262779236,0.4938350211908718
2430,0.496703297,0.4380582571029663,0.44973358511924744,0.4585594289166006
2431,0.011904762,0.23776814341545105,0.016073286533355713,0.06010478785599112
2432,0.010822511,0.23776814341545105,0.016073286533355713,0.05987632199697541
2433,0.252747253,0.37820857763290405,0.233578622341156,0.21449005097181467
2434,0.4741847829999999,0.5569124221801758,0.4658943712711334,0.48206676600376575
2435,0.115384615,0.33112648129463196,0.3700594902038574,0.3921473627165954
2436,0.7757847529999999,0.34947967529296875,0.368569016456604,0.373770792240018
2437,0.512635379,0.5922862887382507,0.6491152048110962,0.6328406236272803
2438,0.947368421,0.4721037745475769,0.4611547291278839,0.4829931919317616
2439,0.655677656,0.7547503709793091,0.866358757019043,0.8531911445975511
2440,0.295302013,0.4121304154396057,0.41581812500953674,0.44504314431967334
2441,0.431192661,0.39526844024658203,0.21830272674560547,0.21861076620466374
2442,0.605263158,0.44378557801246643,0.5666669607162476,0.5628704829620709
2443,0.324175824,0.36348503828048706,0.5011070370674133,0.5116010331007617
2444,0.8441558440000001,0.3529759645462036,0.7000685930252075,0.6851019360489967
2445,0.854978355,0.3529759645462036,0.7000685930252075,0.6851019360489967
2446,0.128205128,0.3514561355113983,0.04256236553192139,0.07328747313255504
2447,0.838315217,0.5584244728088379,0.5864143967628479,0.5745839122225429
2448,0.7214673909999999,0.588009238243103,0.22300180792808533,0.2312267738215946
2449,0.2753623189999999,0.23495495319366455,0.23599785566329956,0.2367304730153356
2450,0.98206278,0.7151657938957214,0.5881921648979187,0.5972941781073066
2451,0.907949791,0.525242030620575,0.4182054400444031,0.39409774479766746
2452,0.16991342,0.4527599811553955,0.3260290026664734,0.31608547427175177
2453,0.153679654,0.4527599811553955,0.3260290026664734,0.3092563863230987
2454,0.564835165,0.61888587474823,0.6336463689804077,0.6535458951381166
2455,0.251358696,0.3884158730506897,0.2873583734035492,0.25839035969689994
2456,0.3582417579999999,0.2855783700942993,0.46800705790519714,0.4808487411187331
2457,0.378787879,0.5490640997886658,0.6451607942581177,0.6476195698978577
2458,0.334415584,0.5490640997886658,0.6451607942581177,0.6476195698978575
2459,0.816849817,0.45424917340278625,0.43751370906829834,0.4167499304147279
2460,0.106060606,0.31746184825897217,0.27345699071884155,0.2518817145762601
2461,0.083333333,0.31746184825897217,0.27345699071884155,0.2638409486938903
2462,0.90376569,0.8488831520080566,0.8817942142486572,0.8671654461063445
2463,0.253246753,0.35971125960350037,0.40389156341552734,0.4051829028801128
2464,0.244588745,0.35971125960350037,0.40389156341552734,0.4051829028801128
2465,0.25,0.5530094504356384,0.39757388830184937,0.41559891446858216
2466,0.508791209,0.376530259847641,0.5837802290916443,0.5863405590334452
2467,0.505494505,0.48991525173187256,0.4850679636001587,0.48431266436228315
2468,0.087866109,0.28434473276138306,0.2837885022163391,0.2663223342033098
2469,0.21299639,0.2054213285446167,0.15080109238624573,0.18764078226377237
2470,0.326373626,0.4324784576892853,0.4928322434425354,0.4667166890222325
2471,0.6425992779999999,0.7095743417739868,0.7164678573608398,0.7053216642383244
2472,0.812770563,0.7781449556350708,1.0532994270324707,0.9336360988616201
2473,0.791125541,0.7781449556350708,1.0532994270324707,0.9362588236458254
2474,0.832251082,0.5837486386299133,0.442989706993103,0.4402887859181033
2475,0.8787878790000001,0.5837486386299133,0.442989706993103,0.4402887859181033
2476,0.644970414,0.36554989218711853,0.5041925311088562,0.48217531000215086
2477,0.325757576,0.3943789601325989,0.4057462215423584,0.42146212221780355
2478,0.346320346,0.3943789601325989,0.4057462215423584,0.42499598045478093
2479,0.406926407,0.49228647351264954,0.6359268426895142,0.6183004690503667
2480,0.395021645,0.49228647351264954,0.6359268426895142,0.6183004690503667
2481,0.85483871,0.5256447196006775,0.6894412636756897,0.6668596987984446
2482,0.8875739640000001,0.5908803939819336,0.7398359775543213,0.7426316982207934
2483,0.1195652169999999,0.4293769896030426,0.4440157413482666,0.43781566449752163
2484,0.666666667,0.5964184999465942,0.7004414200782776,0.6961606237676106
2485,0.67965368,0.5964184999465942,0.7004414200782776,0.7100680736995586
2486,0.422077922,0.36535167694091797,0.35189229249954224,0.3466060496789799
2487,0.667119565,0.6097699999809265,0.34528648853302,0.34671666840996473
2488,0.420879121,0.4079412817955017,0.378627747297287,0.3776724555376487
2489,0.6758241759999999,0.6671202182769775,0.7108635306358337,0.7044367313910022
2490,0.362637363,0.28631389141082764,0.35843273997306824,0.37460994701617806
2491,0.546875,0.5208408832550049,0.6369707584381104,0.6294627133638456
2492,0.066945607,0.42639514803886414,0.3951150178909302,0.42590005442934553
2493,0.353790614,0.3344177007675171,0.4075061082839966,0.4176180521927127
2494,0.6861471859999999,0.5332037806510925,0.48350822925567627,0.4975089105084124
2495,0.814935065,0.5332037806510925,0.48350822925567627,0.481702601821845
2496,0.322869955,0.2938195765018463,0.2864640951156616,0.28880888473555577
2497,0.888528139,0.42774027585983276,0.4685894846916199,0.455924528408811
2498,0.922077922,0.42774027585983276,0.4685894846916199,0.4450138506855114
2499,0.32885906,0.5033303499221802,0.5929273366928101,0.6077462900525653
2500,0.12012987,0.33260631561279297,0.24457544088363647,0.25587068916556027
2501,0.04978355,0.33260631561279297,0.24457544088363647,0.24645791681585136
2502,0.079422383,0.3359438180923462,0.1896773874759674,0.18366869949913212
2503,0.859060403,0.4708571434020996,0.5643056631088257,0.5609017274359744
2504,0.7987012990000001,0.6433389186859131,0.6652233600616455,0.6577805741333675
2505,0.732600733,0.5498909950256348,0.42609599232673645,0.4196821182844249
2506,0.792207792,0.3818395733833313,0.46805036067962646,0.4697677075580391
2507,0.8506493509999999,0.3818395733833313,0.46805036067962646,0.47061142282240526
2508,0.025815217,0.2921510338783264,0.47653433680534363,0.48160852424983325
2509,0.234309623,0.42687034606933594,0.4444240629673004,0.4613381125859414
2510,0.062770563,0.4675145149230957,0.5147905945777893,0.4888795806031304
2511,0.074675325,0.4675145149230957,0.5147905945777893,0.4888795806031304
2512,0.972943723,0.5785083770751953,0.7123734951019287,0.6864923475597908
2513,0.945887446,0.5785083770751953,0.7123734951019287,0.6878905289292225
2514,0.1744966439999999,0.45187515020370483,0.621791422367096,0.6029847887079894
2515,0.8440366970000001,0.5908340215682983,0.5481388568878174,0.530167521096339
2516,0.993206522,0.5140655636787415,0.709165632724762,0.6860536844851286
2517,0.970695971,0.6902554035186768,0.6630349159240723,0.680449467386967
2518,0.21875,0.46618005633354187,0.26227322220802307,0.27341146278362477
2519,0.532110092,0.6807224154472351,0.23113524913787842,0.2053299704895521
2520,0.633152174,0.4213958978652954,0.4292409420013428,0.42291274449136756
2521,0.142011834,0.4388227164745331,0.4497929811477661,0.4468972220097255
2522,0.805194805,0.49760061502456665,0.4431510865688324,0.4408149480914142
2523,0.334728033,0.6881190538406372,0.6383910179138184,0.6240197226438938
2524,0.898550725,0.5975100994110107,0.5024840831756592,0.5013682706613232
2525,0.3249097469999999,0.4262154996395111,0.6594496369361877,0.6450114722689388
2526,0.966032609,0.6461669206619263,0.6160683035850525,0.6243106457586287
2527,0.591991342,0.5967668890953064,0.6928068995475769,0.6707742751502352
2528,0.691558442,0.5967668890953064,0.6928068995475769,0.6707742751502352
2529,0.535714286,0.5247210264205933,0.7148776054382324,0.7354628381520932
2530,0.3430735929999999,0.5247210264205933,0.7148776054382324,0.7354628381520933
2531,0.5,0.7023080587387085,0.6658971309661865,0.6502852831086763
2532,0.206278027,0.5049832463264465,0.5002028346061707,0.5038603671300643
2533,0.355978261,0.4848202168941498,0.7038450837135315,0.674111792178518
2534,0.295454545,0.3921986222267151,0.3720637559890747,0.37781915579935044
2535,0.300865801,0.3921986222267151,0.3720637559890747,0.37781915579935044
2536,0.554112554,0.5573285818099976,0.6655186414718628,0.6473474418800355
2537,0.926315789,0.5553860068321228,0.576939582824707,0.5982346018030202
2538,0.005434783,0.5844710469245911,0.3893986940383911,0.40518899574162626
2539,0.057359307,0.4323195219039917,0.46466773748397827,0.4402391405406812
2540,0.044372294,0.4323195219039917,0.46466773748397827,0.4402391405406812
2541,0.031390135,0.33803269267082214,0.18930017948150635,0.2141934910349924
2542,0.696703297,0.47801637649536133,0.5777378678321838,0.5867635758546814
2543,0.8790760870000001,0.7245238423347473,0.6248196959495544,0.6386410111933738
2544,0.958579882,0.6140484809875488,0.5327100157737732,0.5082440492377385
2545,0.456066946,0.533993661403656,0.2830618917942047,0.2856819058192868
2546,0.2721893489999999,0.4134732782840729,0.5982487201690674,0.5763448098361434
2547,0.196969697,0.5581552386283875,0.5198640823364258,0.5157796032266526
2548,0.29004329,0.5581552386283875,0.5198640823364258,0.5157796032266526
2549,0.476534296,0.36100512742996216,0.35856014490127563,0.36587835488870063
2550,0.879120879,0.45486730337142944,0.3037222623825073,0.3143527971828566
2551,0.31978022,0.4834297299385071,0.4312734603881836,0.42793106842347284
2552,0.677852349,0.6685230135917664,0.6322640180587769,0.653878197750575
2553,0.3157894739999999,0.4319663345813751,0.3024410903453827,0.3049267336752875
2554,0.331578947,0.6195120215415955,0.6334287524223328,0.6212327581304891
2555,0.550865801,0.550689697265625,0.43949076533317566,0.4587620698696242
2556,0.524891775,0.550689697265625,0.43949076533317566,0.4587620698696242
2557,0.567032967,0.47088319063186646,0.5123245120048523,0.5238409254681857
2558,0.765151515,0.6360030174255371,0.5590664744377136,0.5615946890705634
2559,0.703463203,0.6360030174255371,0.5590664744377136,0.5613366975979972
2560,0.516483516,0.39615902304649353,0.5046632289886475,0.5011311792959102
2561,0.59375,0.5203636884689331,0.4247114360332489,0.4032179586681388
2562,0.378021978,0.37209171056747437,0.29562869668006897,0.2989676513519481
2563,0.4296028879999999,0.38509413599967957,0.38738954067230225,0.3672994561360729
2564,0.142857143,0.26907041668891907,0.25292670726776123,0.24685510410353337
2565,0.135281385,0.26907041668891907,0.25292670726776123,0.24685510410353334
2566,0.526315789,0.600123941898346,0.5382671356201172,0.5435016109925832
2567,0.91576087,0.2895534634590149,0.445240318775177,0.44195190632112735
2568,0.536684783,0.6191492676734924,0.5191211104393005,0.5241110639284237
2569,0.02690583,0.6043158173561096,0.6490035653114319,0.6736874409460041
2570,0.466032609,0.5668906569480896,0.4831746220588684,0.4543224418573809
2571,0.5100671139999999,0.5591312050819397,0.6032110452651978,0.6275623903133698
2572,0.91017316,0.6028570532798767,0.5903823375701904,0.5746151175293726
2573,0.936147186,0.6028570532798767,0.5903823375701904,0.5746151175293726
2574,0.341032609,0.4279666244983673,0.2157544493675232,0.21764658670803866
2575,0.73992674,0.38902974128723145,0.34954994916915894,0.3208576388608493
2576,0.596774194,0.5062714219093323,0.5212783217430115,0.5305613981255006
2577,0.554112554,0.6171940565109253,0.41503411531448364,0.4401613834842109
2578,0.5476190479999999,0.6171940565109253,0.41503411531448364,0.4249555420597789
2579,0.0625,0.2959294021129608,0.20064157247543335,0.21679355843097228
2580,0.089686099,0.4535393714904785,0.33383363485336304,0.31411614444805114
2581,0.971014493,0.6759965419769287,0.7284402847290039,0.7318473536371042
2582,0.68021978,0.5377402901649475,0.6657724976539612,0.6384613977520173
2583,0.4082840239999999,0.3937394320964813,0.5408402681350708,0.5290745308647712
2584,0.410041841,0.19888615608215332,0.22728824615478516,0.25460056130959063
2585,0.805194805,0.4806026518344879,0.782964289188385,0.777218484493122
2586,0.876623377,0.4806026518344879,0.782964289188385,0.777218484493122
2587,0.5281385279999999,0.5945562720298767,0.6050155162811279,0.6114895363246606
2588,0.616883117,0.5945562720298767,0.6050155162811279,0.6071037666226926
2589,0.42798913,0.7234548330307007,0.7638668417930603,0.7745006724073186
2590,0.269058296,0.5006917715072632,0.5246915817260742,0.5285217081420297
2591,0.1086956519999999,0.3160042464733124,0.2590312361717224,0.25401816920295
2592,0.983870968,0.5535304546356201,0.5509710311889648,0.5415949976517845
2593,0.730978261,0.4222889542579651,0.7449324727058411,0.720593009189681
2594,0.124175824,0.36454877257347107,0.10724657773971558,0.13435634482709313
2595,0.207100592,0.3645148277282715,0.5373167395591736,0.556016984210852
2596,0.95923913,0.6105285286903381,0.3809293806552887,0.3641197771413013
2597,0.463768116,0.6894363164901733,0.6298494338989258,0.6511812223430189
2598,0.162337662,0.6136997938156128,0.547170877456665,0.5679696200525961
2599,0.470108696,0.44360512495040894,0.48622626066207886,0.4777240852051649
2600,0.064935065,0.479418009519577,0.1924854815006256,0.20626777710225014
2601,0.789237668,0.6338318586349487,0.5525339245796204,0.5332579079442634
2602,0.4753363229999999,0.4746292233467102,0.4398341774940491,0.45217092272698206
2603,0.514644351,0.5122836828231812,0.6475077867507935,0.65578578197156
2604,0.852813853,0.5152613520622253,0.6483861207962036,0.6237248797614015
2605,0.852813853,0.5152613520622253,0.6483861207962036,0.6260255510344159
2606,0.248917749,0.5176591873168945,0.4030933380126953,0.39078405694623963
2607,0.222943723,0.5176591873168945,0.4030933380126953,0.3988523793394315
2608,0.103296703,0.31243544816970825,0.357089638710022,0.35517375056097833
2609,0.15942029,0.3990289866924286,0.3958660960197449,0.39452067380309297
2610,0.677489177,0.648611843585968,0.5752006769180298,0.5575840264551325
2611,0.688311688,0.648611843585968,0.5752006769180298,0.5575840264551325
2612,0.987012987,0.3993740379810333,0.49441397190093994,0.49678330819244787
2613,0.373684211,0.5179492235183716,0.3563767075538635,0.385956139254099
2614,0.577981651,0.6517629623413086,0.6819566488265991,0.6641419900459345
2615,0.471467391,0.37393710017204285,0.37735515832901,0.4055198233012749
2616,0.031385281,0.42252781987190247,0.43581271171569824,0.43894502833867605
2617,0.05952381,0.42252781987190247,0.43581271171569824,0.4423135758276202
2618,0.933982684,0.48727911710739136,0.5512930154800415,0.5306045716096199
2619,0.996753247,0.48727911710739136,0.5512930154800415,0.532388944916643
2620,0.6209239129999999,0.6832189559936523,0.6338317394256592,0.6493151155289063
2621,0.315018315,0.6166785359382629,0.5580229163169861,0.5658319227220265
2622,0.615384615,0.42429035902023315,0.28990596532821655,0.294696956367414
2623,0.740072202,0.5298670530319214,0.6132064461708069,0.6003447543042431
2624,0.86548913,0.4493418037891388,0.4212297201156616,0.3944054871026646
2625,0.928994083,0.49460089206695557,0.4042472839355469,0.41566337235581907
2626,0.426406926,0.5602226853370667,0.49755704402923584,0.4993061033763453
2627,0.420995671,0.5602226853370667,0.49755704402923584,0.5014205631659929
2628,0.8840579709999999,0.5014940500259399,0.8138561844825745,0.7939234503156114
2629,0.152466368,0.4852401912212372,0.5032525062561035,0.5040340138079382
2630,0.186147186,0.58650141954422,0.6148168444633484,0.6037488935883863
2631,0.88590604,0.7511684894561768,0.8206512928009033,0.8043290597203521
2632,0.84375,0.5677907466888428,0.3983694016933441,0.3772265595869799
2633,0.57032967,0.7154163122177124,0.4258861541748047,0.4174124443498006
2634,0.456521739,0.39281120896339417,0.47722360491752625,0.45680453718053105
2635,0.3212996389999999,0.5054035186767578,0.40093496441841125,0.41340853334307254
2636,0.201298701,0.7153580188751221,0.6287459135055542,0.6527960975045666
2637,0.8214285709999999,0.6843505501747131,0.7332786321640015,0.7392268438099434
2638,0.832251082,0.6843505501747131,0.7332786321640015,0.7459982102701397
2639,0.456709957,0.510625422000885,0.4656383693218231,0.46511311778500963
2640,0.317934783,0.5346588492393494,0.3779309093952179,0.4011828042834582
2641,0.891774892,0.7303662300109863,1.0350619554519653,0.9437251986834181
2642,0.033967391,0.48413026332855225,0.548007607460022,0.5727542632847726
2643,0.516483516,0.4356183707714081,0.43921130895614624,0.43400459657284923
2644,0.597402597,0.5171127915382385,0.506642758846283,0.5087099829528607
2645,0.5367965370000001,0.5171127915382385,0.506642758846283,0.5221042632312919
2646,0.506593407,0.5344114899635315,0.5103064179420471,0.5305452916850135
2647,0.8763586959999999,0.6029274463653564,0.5246599316596985,0.4987187662896962
2648,0.12987013,0.2708350419998169,0.18567252159118652,0.19171029533629735
2649,0.1363636359999999,0.2708350419998169,0.18567252159118652,0.1817895996005583
2650,0.496703297,0.7801511883735657,0.5784903168678284,0.6055079921597659
2651,0.704035874,0.42698895931243896,0.3619152009487152,0.39124959825917394
2652,0.028985507,0.3791816830635071,0.24125930666923523,0.2631603849389991
2653,0.95412844,0.674348771572113,0.6854846477508545,0.6622189443762729
2654,0.75974026,0.668915867805481,0.630150318145752,0.614320473747756
2655,0.858225108,0.668915867805481,0.630150318145752,0.614320473747756
2656,0.580163043,0.3258558511734009,0.32730841636657715,0.32641728217308796
2657,0.825688073,0.4113833010196686,0.17585375905036926,0.2061397353326746
2658,0.6385281389999999,0.6715795993804932,0.7127530574798584,0.6874412872129798
2659,0.546536797,0.6715795993804932,0.7127530574798584,0.7016265410572522
2660,0.358695652,0.48031550645828247,0.3838041424751282,0.4089150970753651
2661,0.369127517,0.550651490688324,0.7030503153800964,0.7204647686692564
2662,0.3679653679999999,0.49271780252456665,0.3779526948928833,0.3950040685247217
2663,0.396103896,0.49271780252456665,0.3779526948928833,0.3964524384375011
2664,0.768421053,0.48191019892692566,0.5233836770057678,0.5400051227195
2665,0.726902174,0.593194305896759,0.35459792613983154,0.3848472488954345
2666,0.832880435,0.5502145290374756,0.44146010279655457,0.4399728361533778
2667,0.655844156,0.6646175980567932,0.5854164958000183,0.6037936443199916
2668,0.715367965,0.6646175980567932,0.5854164958000183,0.6037936443199916
2669,0.158241758,0.49743592739105225,0.6963948607444763,0.6903882239338728
2670,0.748953975,0.781312108039856,0.6773648858070374,0.7014652820105067
2671,0.442640693,0.719292402267456,0.5782815217971802,0.5782318756186986
2672,0.4891774889999999,0.719292402267456,0.5782815217971802,0.5904515257392544
2673,0.834415584,0.7430344820022583,0.864047646522522,0.8554403851317387
2674,0.75974026,0.7430344820022583,0.864047646522522,0.8500072409155542
2675,0.036796537,0.2981577217578888,0.02418634295463562,0.08354170110373726
2676,0.056277056,0.2981577217578888,0.02418634295463562,0.08060740476000068
2677,0.536842105,0.6606272459030151,0.6065248250961304,0.6306925325581725
2678,0.363157895,0.8000801801681519,0.6873292326927185,0.6686309628976655
2679,0.754578755,0.5877485275268555,0.5936279892921448,0.6020057947625106
2680,0.8052631579999999,0.6358027458190918,0.6174682974815369,0.6158328752254083
2681,0.8520179370000001,0.5650013089179993,0.4162334203720093,0.4408487373378499
2682,0.349775785,0.5560827851295471,0.5928716659545898,0.6091445668407356
2683,0.963736264,0.6406503915786743,0.8256798386573792,0.8434473821366086
2684,0.427536232,0.592402458190918,0.5231184959411621,0.5131632411824646
2685,0.7771739129999999,0.4566171169281006,0.43673276901245117,0.4500758561421826
2686,0.040358744,0.4863697588443756,0.5075564980506897,0.48801191147577594
2687,0.54004329,0.5257630944252014,0.45149335265159607,0.461661331947391
2688,0.600649351,0.5257630944252014,0.45149335265159607,0.4648495249361482
2689,0.283967391,0.49361860752105713,0.5283109545707703,0.49985782142895485
2690,0.147186147,0.45250335335731506,0.27779361605644226,0.27821790249393996
2691,0.079004329,0.45250335335731506,0.27779361605644226,0.27821790249393996
2692,0.545454545,0.6323755979537964,0.7492985129356384,0.7284049055107777
2693,0.515789474,0.5582550764083862,0.5026065111160278,0.48379358070079437
2694,0.586080586,0.6714450120925903,0.6462383270263672,0.655354084325361
2695,0.7989010990000001,0.6051851511001587,0.4696383476257324,0.4678701881728671
2696,0.640625,0.6440607905387878,0.7054111957550049,0.7057898001089747
2697,0.227106227,0.6239900588989258,0.5783933401107788,0.6021123127052626
2698,0.7617328520000001,0.6989840269088745,0.7421976327896118,0.7296378915549446
2699,0.045054945,0.5797255635261536,0.42300835251808167,0.4064891519926956
2700,0.646209386,0.5887193083763123,0.7688275575637817,0.7780340294068144
2701,0.6038961039999999,0.5735342502593994,0.7012089490890503,0.7004451991141842
2702,0.7012987009999999,0.5735342502593994,0.7012089490890503,0.6985375470993973
2703,0.650887574,0.6104695796966553,0.8341450095176697,0.8293697631625359
2704,0.688311688,0.6196290254592896,0.4746195673942566,0.48564736265682773
2705,0.198901099,0.24100980162620544,0.45005449652671814,0.43789495404519346
2706,0.704545455,0.49026140570640564,0.7612109184265137,0.7537120865181008
2707,0.727272727,0.49026140570640564,0.7612109184265137,0.7675247675914417
2708,0.300271739,0.27232593297958374,0.31637972593307495,0.346341845210799
2709,0.554945055,0.43554720282554626,0.5112490057945251,0.5322057022851834
2710,0.7337662340000001,0.6013492941856384,0.5767579078674316,0.5524436642451706
2711,0.721978022,0.5553688406944275,1.05818772315979,0.921972673461111
2712,0.5502958579999999,0.5244408249855042,0.553824782371521,0.5529004139567348
2713,0.573221757,0.6274880170822144,0.7025719881057739,0.6985912066162041
2714,0.5,0.6553688645362854,0.6816692352294922,0.6651120923343895
2715,0.8441558440000001,0.7167184352874756,0.7109643816947937,0.7000268139312573
2716,0.7798165140000001,0.5605979561805725,0.6888914704322815,0.6935275340123714
2717,0.640692641,0.39230504631996155,0.43773141503334045,0.43547385933047467
2718,0.903225806,0.6260954141616821,0.7117763757705688,0.7244193220785897
2719,0.335597826,0.3261120021343231,0.33217668533325195,0.32294531910682267
2720,0.983695652,0.5217400193214417,0.4134570360183716,0.412488695795443
2721,0.920289855,0.5562853813171387,0.5936667919158936,0.5936363814810712
2722,0.411552347,0.4629267156124115,0.3430476486682892,0.3442448977680863
2723,0.451882845,0.5615918040275574,0.8392503261566162,0.8285062826491338
2724,0.071428571,0.2753264605998993,-0.03362482786178589,0.07256938887416076
2725,0.810810811,0.2361983358860016,0.03107208013534546,0.07922925595551575
2726,0.158844765,0.4922296106815338,0.2618352174758911,0.25684417098717627
2727,0.3982683979999999,0.4842776656150818,0.4274958372116089,0.40561510183441396
2728,0.36038961,0.4842776656150818,0.4274958372116089,0.40699673451038315
2729,0.6835164840000001,0.3312207758426666,0.2870263457298279,0.3082012105309595
2730,0.304395604,0.2715332508087158,0.2312414050102234,0.24361018758830255
2731,0.0144927539999999,0.35379350185394287,0.31279101967811584,0.3324145611952647
2732,0.612554113,0.5747621059417725,0.6005526781082153,0.60487191923065
2733,0.8684210529999999,0.6785882115364075,0.7753689289093018,0.7787540894324203
2734,0.7857142859999999,0.6512165069580078,0.9042671918869019,0.8852764621952649
2735,0.741341991,0.6512165069580078,0.9042671918869019,0.8901420810107612
2736,0.5963203460000001,0.5057522058486938,0.4618806540966034,0.45647139856848146
2737,0.628787879,0.5057522058486938,0.4618806540966034,0.45762929170163846
2738,0.7175324679999999,0.5396050810813904,0.9111183285713196,0.8883891925057361
2739,0.7294372290000001,0.5396050810813904,0.9111183285713196,0.8883891925057361
2740,0.58423913,0.5002896785736084,0.7495537400245667,0.7293035316961214
2741,0.621052632,0.6092802286148071,0.6781727075576782,0.6842387818807298
2742,0.452631579,0.6082248687744141,0.6108233332633972,0.5923764445751137
2743,0.675324675,0.5036156177520752,0.23653239011764526,0.25591234243105443
2744,0.790322581,0.4044037163257599,0.327144593000412,0.32577487334380767
2745,0.460251046,0.3724517524242401,0.4811277389526367,0.5035168246317072
2746,0.475108225,0.6438436508178711,0.7143884301185608,0.7048117332352184
2747,0.561688312,0.6438436508178711,0.7143884301185608,0.7196062830136601
2748,0.502717391,0.3933161497116089,0.6589182615280151,0.6491377765579565
2749,0.185064935,0.38756251335144043,0.4819160997867584,0.5012720301993703
2750,0.176406926,0.38756251335144043,0.4819160997867584,0.5012720301993703
2751,0.31884058,0.30531877279281616,0.40790241956710815,0.39327046414298983
2752,0.717488789,0.6517856121063232,0.5098702907562256,0.5204643587997846
2753,0.063736264,0.21059799194335938,0.19541603326797485,0.20124986867636807
2754,0.890625,0.4823252558708191,0.7267635464668274,0.6949863144352423
2755,0.037362637,0.4275335967540741,0.6153672933578491,0.6057846656484902
2756,0.93956044,0.6624315977096558,0.6622301340103149,0.6473446265732551
2757,0.63003663,0.3745633661746979,0.39747127890586853,0.38389065079485085
2758,0.553113553,0.503061830997467,0.4419097304344177,0.4272964719464455
2759,0.415584416,0.49946296215057373,0.3480212986469269,0.36583778420182245
2760,0.293040293,0.48135533928871155,0.5759050846099854,0.5604052330845151
2761,0.258064516,0.4145684242248535,0.556786060333252,0.5619489254183413
2762,0.6785714290000001,0.40614140033721924,0.3656601309776306,0.38094922010653887
2763,0.6785714290000001,0.40614140033721924,0.3656601309776306,0.3804778053530087
2764,0.678899083,0.5142589807510376,0.6705697774887085,0.6420818099607037
2765,0.428571429,0.4198659062385559,0.30718502402305603,0.3215380001819279
2766,0.097402597,0.45848435163497925,0.38960152864456177,0.4066445760008569
2767,0.033549784,0.45848435163497925,0.38960152864456177,0.4066445760008569
2768,0.112903226,0.295175164937973,0.2713962197303772,0.25340913981332636
2769,0.389010989,0.3088012933731079,0.2542066276073456,0.2514539779182421
2770,0.468864469,0.6098297834396362,0.583372950553894,0.5530055342392112
2771,0.582251082,0.6507624983787537,0.8200111389160156,0.8083954860975732
2772,0.591991342,0.6507624983787537,0.8200111389160156,0.8011299095504132
2773,0.49790795,0.4173165559768677,0.5489674210548401,0.5606390244846682
2774,0.593406593,0.4507702887058258,0.0872841477394104,0.10874422165154406
2775,0.7289377290000001,0.48418891429901123,0.7039844393730164,0.6860764364060012
2776,0.330163043,0.3857232332229614,0.4092402160167694,0.4390077712549624
2777,0.393939394,0.506635308265686,0.5561414361000061,0.5517008184365322
2778,0.428571429,0.506635308265686,0.5561414361000061,0.5573828328791472
2779,0.458715596,0.562122106552124,0.57245272397995,0.5849588718455407
2780,0.533549784,0.6532934904098511,0.743181586265564,0.7192428196783726
2781,0.6461038960000001,0.6532934904098511,0.743181586265564,0.7192428196783726
2782,0.434782609,0.3581482172012329,0.4055972397327423,0.40069695433177144
2783,0.664259928,0.6020237803459167,0.768929123878479,0.7818203319670645
2784,0.570397112,0.3879553973674774,0.4244888424873352,0.43131314278521127
2785,0.724184783,0.5956317186355591,0.6399025321006775,0.617500715592133
2786,0.5,0.4073016345500946,0.44853106141090393,0.4536256141384548
2787,0.492424242,0.39443713426589966,0.41043105721473694,0.3922928366469144
2788,0.579004329,0.39443713426589966,0.41043105721473694,0.3922928366469144
2789,0.044843049,0.41796377301216125,0.3937681317329407,0.3852784701884946
2790,0.810606061,0.4018131196498871,0.47468245029449463,0.45142129791681035
2791,0.7673160170000001,0.4018131196498871,0.47468245029449463,0.4531188592402311
2792,0.385869565,0.41382068395614624,0.416666179895401,0.40062956239760084
2793,0.971428571,0.7854920029640198,0.6762059926986694,0.6646593233255667
2794,0.461038961,0.3828445374965668,0.30747535824775696,0.3293616045883248
2795,0.61038961,0.3828445374965668,0.30747535824775696,0.32936160458832486
2796,0.183431953,0.5504506826400757,0.4459444582462311,0.45132020981455645
2797,0.430769231,0.41828352212905884,0.5667551755905151,0.5830707843741711
2798,0.964497041,0.6409361362457275,0.7177355289459229,0.7369474192908123
2799,0.741847826,0.8583864569664001,0.634009838104248,0.6584913620739892
2800,0.560538117,0.5953798294067383,0.8334130644798279,0.8283184293347634
2801,0.656926407,0.43029123544692993,0.3667739927768707,0.35568251686098845
2802,0.677489177,0.43029123544692993,0.3667739927768707,0.3461347932726073
2803,0.65942029,0.6119226217269897,0.6251155138015747,0.6362190272077832
2804,0.120805369,0.325204074382782,0.2068832516670227,0.20377173334617832
2805,0.233695652,0.5851073265075684,0.5892269611358643,0.6195842386674798
2806,0.2272727269999999,0.3508198857307434,0.291840136051178,0.2808009430710801
2807,0.832635983,0.4285569489002228,0.5676281452178955,0.5355581981806264
2808,0.554945055,0.6047465205192566,0.5490646362304688,0.5524645886095662
2809,0.974729242,0.5411995649337769,0.7114039063453674,0.7257636535293732
2810,0.6593406589999999,0.5728945732116699,0.5081554055213928,0.4963018524482811
2811,0.152631579,0.49302950501441956,0.3695105314254761,0.38638585955700244
2812,0.887228261,0.5595272183418274,0.6718590259552002,0.6485272731691156
2813,0.69047619,0.6855985522270203,0.7633722424507141,0.7535813520247969
2814,0.711038961,0.6855985522270203,0.7633722424507141,0.7467420103480302
2815,0.35483871,0.5494290590286255,0.6257213950157166,0.6160391109247023
2816,0.688073394,0.49029237031936646,0.7922687530517578,0.7614924638754937
2817,0.980519481,0.6972271800041199,0.6511152386665344,0.6400893692531603
2818,0.793478261,0.5020620226860046,0.549235463142395,0.5587477033653507
2819,0.303030303,0.4043429493904114,0.6254857182502747,0.6039264649169914
2820,0.340909091,0.4043429493904114,0.6254857182502747,0.6039264649169914
2821,0.102564103,0.46701329946517944,0.201116681098938,0.21941521995236468
2822,0.781065089,0.5627439022064209,0.8004573583602905,0.8002794755024355
2823,0.266272189,0.5758368372917175,0.6181182265281677,0.6324317291177735
2824,0.942105263,0.5308488607406616,0.8268380761146545,0.8086504679133464
2825,0.937728938,0.6559320688247681,0.7749996781349182,0.7611697224348948
2826,0.129707113,0.4904162585735321,0.26317667961120605,0.28294585415014517
2827,0.8777173909999999,0.5964523553848267,0.7984452843666077,0.7902177759388611
2828,0.635379061,0.6417970061302185,0.6833075284957886,0.6867466588894764
2829,0.453125,0.3868544101715088,0.19986289739608765,0.21099208737602282
2830,0.7046979870000001,0.4855996370315552,0.5524764657020569,0.5501847513692133
2831,0.577922078,0.3296045660972595,0.4156110882759094,0.43399608035305004
2832,0.072463768,0.3337668180465698,0.3534785211086273,0.34909004458941273
2833,0.407608696,0.5114757418632507,0.8312201499938965,0.8136734147364868
2834,0.6219780220000001,0.5119999051094055,0.4806079864501953,0.5038074443802882
2835,0.173160173,0.6700453162193298,0.6155557036399841,0.6129006597486226
2836,0.158008658,0.6700453162193298,0.6155557036399841,0.6126916623727967
2837,0.939393939,0.42585551738739014,0.6622140407562256,0.6439791456718491
2838,0.909090909,0.42585551738739014,0.6622140407562256,0.6439791456718491
2839,0.520879121,0.6105384230613708,0.5479610562324524,0.5545540827506342
2840,0.776173285,0.4686223864555359,0.14120560884475708,0.16725752535336227
2841,0.8506493509999999,0.4675811529159546,0.4272148311138153,0.4436795962075314
2842,0.901515152,0.4675811529159546,0.4272148311138153,0.4436795962075314
2843,0.605381166,0.35397642850875854,0.20168328285217285,0.17850226015563986
2844,0.287878788,0.6291424632072449,0.7390126585960388,0.737873473408465
2845,0.202380952,0.6291424632072449,0.7390126585960388,0.737873473408465
2846,0.37012987,0.6374872922897339,0.5618841648101807,0.5558173348050608
2847,0.446969697,0.6374872922897339,0.5618841648101807,0.5589872412071419
2848,0.18115942,0.27599331736564636,0.49496424198150635,0.48399103925809933
2849,0.2417582419999999,0.3086331784725189,0.2581084370613098,0.2589997829619718
2850,0.906040268,0.37209099531173706,0.4332066774368286,0.42156370060467074
2851,0.4801444039999999,0.41423746943473816,0.5390303730964661,0.5134410068990023
2852,0.5072463770000001,0.7919151782989502,0.7438050508499146,0.7521204295274412
2853,0.131578947,0.35550519824028015,0.35341325402259827,0.34486417196881813
2854,0.855595668,0.6783909201622009,0.6479862928390503,0.6609168168227932
2855,0.87987013,0.6006840467453003,0.7585639953613281,0.7801314836049309
2856,0.902597403,0.6006840467453003,0.7585639953613281,0.7729774444223414
2857,0.3817934779999999,0.5633578896522522,0.5082039833068848,0.49838567121571187
2858,0.476923077,0.5276567339897156,0.5444865226745605,0.5578031973750213
2859,0.588744589,0.6228603720664978,0.6577178239822388,0.6608814870126951
2860,0.666666667,0.6228603720664978,0.6577178239822388,0.6592389602954323
2861,0.985054348,0.555466890335083,0.7626107931137085,0.7744779404450997
2862,0.815884477,0.5004009008407593,0.5664039850234985,0.5756232792121762
2863,0.538043478,0.5524260997772217,0.4761256277561188,0.4620576885173109
2864,0.098484848,0.6695799827575684,0.6153498888015747,0.6127707851351288
2865,0.147186147,0.6695799827575684,0.6153498888015747,0.5994525042363635
2866,0.935064935,0.7428629398345947,0.8068159818649292,0.8154327958770016
2867,0.899456522,0.6809820532798767,0.7231267690658569,0.754326008644998
2868,0.260869565,0.38879358768463135,0.2444327473640442,0.2698986190443315
2869,0.471014493,0.6263709664344788,0.6871106624603271,0.7012076157892773
2870,0.773684211,0.6906076669692993,0.7225764989852905,0.7360799160083511
2871,0.666666667,0.5214650630950928,0.3719104528427124,0.3802394732671798
2872,0.963898917,0.7005245685577393,0.6647303104400635,0.6434475592946878
2873,0.455627706,0.4501889944076538,0.5555031299591064,0.5747394244212624
2874,0.3777056279999999,0.4501889944076538,0.5555031299591064,0.576757906300642
2875,0.862385321,0.4799700081348419,0.6240735054016113,0.6512097634216122
2876,0.040659341,0.3108478784561157,0.5489226579666138,0.5534740220610604
2877,0.078804348,0.6501078009605408,0.8561087846755981,0.8440906717980384
2878,0.486813187,0.6367915272712708,0.7820097208023071,0.7552629072448547
2879,0.7065934070000001,0.5067384243011475,0.5033847689628601,0.519620029468184
2880,0.72826087,0.6065105199813843,0.37346673011779785,0.3598900756917973
2881,0.520380435,0.6621159911155701,0.8379949331283569,0.8127290617395754
2882,0.043478261,0.50074303150177,0.19529369473457336,0.19072080479371328
2883,0.274891775,0.5823488831520081,0.7138462066650391,0.7330935039567018
2884,0.262987013,0.5823488831520081,0.7138462066650391,0.7330935039567018
2885,0.779120879,0.7391908168792725,0.5762141942977905,0.5581355835657222
2886,1.0,0.6132525205612183,0.5459356307983398,0.5628500971364052
2887,0.122282609,0.3824769854545593,0.053597867488861084,0.10705864774989234
2888,0.966527197,0.5807358622550964,0.6384094953536987,0.6196726108369909
2889,0.351731602,0.5462757349014282,0.45877891778945923,0.4628244062808052
2890,0.356060606,0.5462757349014282,0.45877891778945923,0.4651111783538455
2891,1.0,0.7193872928619385,0.6661173105239868,0.6945095709975541
2892,0.4,0.636218249797821,0.8957542181015015,0.8796889109194843
2893,0.966442953,0.4999508261680603,0.4571534991264343,0.48923828919308254
2894,0.20021645,0.5004663467407227,0.4670259952545166,0.45118572754370667
2895,0.191558442,0.5004663467407227,0.4670259952545166,0.45302849634717934
2896,0.926406926,0.6005167365074158,0.500478208065033,0.5039606710930836
2897,0.957792208,0.6005167365074158,0.500478208065033,0.5039606715939259
2898,0.154362416,0.4246464967727661,0.36927372217178345,0.3983803725443762
2899,0.307692308,0.46391111612319946,0.5906215906143188,0.581428715391247
2900,0.530201342,0.546301543712616,0.5952925682067871,0.5705953537592701
2901,0.968609865,0.2896234095096588,0.4717676639556885,0.44775788454792076
2902,0.027522936,0.45108622312545776,0.06992214918136597,0.10698931103770426
2903,0.3582251079999999,0.5592134594917297,0.5298184156417847,0.5439636106450116
2904,0.3582251079999999,0.5592134594917297,0.5298184156417847,0.5439636106450116
2905,0.324728261,0.4392508268356323,0.5092035531997681,0.5079640361296816
2906,0.4035874439999999,0.6586300134658813,0.7018622159957886,0.6852891424911498
2907,0.627802691,0.706293523311615,0.6652204990386963,0.6502931228460684
2908,0.542119565,0.7314534783363342,0.4866533875465393,0.46855272526013536
2909,0.724832215,0.4497416317462921,0.5036221742630005,0.4992202840298056
2910,0.777056277,0.39783918857574463,0.44046705961227417,0.4551638026106012
2911,0.744588745,0.39783918857574463,0.44046705961227417,0.4551638026106012
2912,0.523489933,0.5451000928878784,0.5265499949455261,0.5338452458792609
2913,0.713004484,0.674120306968689,0.6869673132896423,0.6689928134868766
2914,0.889908257,0.639181911945343,0.7018491625785828,0.7247571098668999
2915,0.493723849,0.6188331842422485,0.5627403855323792,0.5567089950905189
2916,0.8939393940000001,0.5911006927490234,0.5553960204124451,0.5442736274456264
2917,0.823593074,0.5911006927490234,0.5553960204124451,0.5592580846493183
2918,0.03125,0.37877628207206726,0.2680479884147644,0.25555464136950334
2919,0.229437229,0.4484916925430298,0.5325291752815247,0.5139683154271413
2920,0.228354978,0.4484916925430298,0.5325291752815247,0.5139683154271413
2921,0.194805195,0.3532935380935669,0.09313035011291504,0.11084985415762559
2922,0.4351464439999999,0.5718237161636353,0.4680553674697876,0.4753025484122534
2923,0.335497835,0.3826994299888611,0.49527260661125183,0.49937528746984333
2924,0.445887446,0.3826994299888611,0.49527260661125183,0.5080276602386541
2925,0.761506276,0.6222625970840454,0.518681526184082,0.5033776662553592
2926,0.912337662,0.5726616978645325,0.8565380573272705,0.8517307312183465
2927,0.942640693,0.5726616978645325,0.8565380573272705,0.8517307312183465
2928,0.967032967,0.7528442144393921,0.9081716537475586,0.8957057587038912
2929,0.344155844,0.40833020210266113,0.7148269414901733,0.7047446968801474
2930,0.0134228189999999,0.5952965021133423,0.40543287992477417,0.42454918654206375
2931,0.7615384620000001,0.5713379383087158,0.742485761642456,0.7098516179374101
2932,0.361538462,0.4434942901134491,0.44415712356567383,0.4347748399845105
2933,0.177514793,0.4362989664077759,0.2127256691455841,0.22594194369309356
2934,0.3692307689999999,0.5259088277816772,0.48447680473327637,0.501111232026487
2935,0.662721893,0.42060261964797974,0.7162623405456543,0.6902343131788835
2936,0.368231047,0.6807515025138855,0.6604155898094177,0.6638656440210249
2937,0.7,0.7445774078369141,0.6384161710739136,0.6290336457862838
2938,0.4375,0.8452973961830139,0.9231269359588623,0.9154999105112636
2939,0.446153846,0.47328150272369385,0.32334408164024353,0.3013120786970348
2940,0.712087912,0.4583984613418579,0.653271496295929,0.6403295760716075
2941,0.433982684,0.41563498973846436,0.5282903909683228,0.5361673991432665
2942,0.485930736,0.41563498973846436,0.5282903909683228,0.5361673991432665
2943,0.855978261,0.681167721748352,0.7083739042282104,0.708213826089666
2944,0.7521645020000001,0.5732167959213257,0.6127676367759705,0.5900652772977728
2945,0.784632035,0.5732167959213257,0.6127676367759705,0.5900652772977728
2946,0.927536232,0.7485544681549072,0.7184069156646729,0.706632637090483
2947,0.843073593,0.5850847959518433,0.657761812210083,0.6554547265796415
2948,0.8593073590000001,0.5850847959518433,0.657761812210083,0.6554547265796415
2949,0.144021739,0.538395881652832,0.29934805631637573,0.29017122216422353
2950,0.445652174,0.5771958827972412,0.5988619923591614,0.6209995044718858
2951,0.910313901,0.3892250657081604,0.3733122944831848,0.34985389078313334
2952,0.510869565,0.44654881954193115,0.2959006130695343,0.2837945078772899
2953,0.513761468,0.7587071657180786,0.5894450545310974,0.5931293703853071
2954,0.982683983,0.5389995574951172,0.6034359931945801,0.5972153383398366
2955,0.958874459,0.5389995574951172,0.6034359931945801,0.6106621814311881
2956,0.441576087,0.7071197032928467,0.6590656042098999,0.639069319296985
2957,0.327922078,0.511053204536438,0.5053211450576782,0.5139147271503981
2958,0.332251082,0.511053204536438,0.5053211450576782,0.5102904572824103
2959,0.412844037,0.5593183040618896,0.5307826995849609,0.5196271675606638
2960,0.612771739,0.6051029562950134,0.42816221714019775,0.4218099846239959
2961,0.4442934779999999,0.6495518088340759,0.6284763813018799,0.6119288136454264
2962,0.191576087,0.7135993242263794,0.661895215511322,0.6534902935551459
2963,0.813186813,0.5241347551345825,0.3795047402381897,0.38309466435371986
2964,0.126358696,0.6629875898361206,0.5789608359336853,0.6060689528289938
2965,0.786684783,0.6809645295143127,0.6610801219940186,0.6455225775516984
2966,0.58008658,0.5276614427566528,0.665159285068512,0.6607711090085047
2967,0.54978355,0.5276614427566528,0.665159285068512,0.659614889738346
2968,0.978354978,0.6106519103050232,0.5625219941139221,0.5800829868313742
2969,0.995670996,0.6106519103050232,0.5625219941139221,0.5800829868313742
2970,0.898268398,0.6208086609840393,0.6147805452346802,0.5862258760762
2971,0.305194805,0.5497265458106995,0.5730294585227966,0.5785262720098787
2972,0.335497835,0.5497265458106995,0.5730294585227966,0.5785262720098787
2973,0.92965368,0.6073852181434631,0.5138567686080933,0.5274653114982182
2974,0.932900433,0.6073852181434631,0.5138567686080933,0.5278904980677563
2975,0.877705628,0.8246172666549683,0.6291477680206299,0.6532113246684068
2976,0.865800866,0.8246172666549683,0.6291477680206299,0.6494289481642761
2977,0.784210526,0.6346879005432129,0.40079885721206665,0.40392488591453257
2978,0.076233184,0.6631413698196411,0.887876033782959,0.873682313639151
2979,0.454545455,0.6725851893424988,0.7874660491943359,0.7558466356164701
2980,0.75,0.5329501628875732,0.658939003944397,0.6372338716163064
2981,0.8410041840000001,0.5096132755279541,0.4853990375995636,0.49974136079170717
2982,0.04587156,0.5599648952484131,0.45142561197280884,0.4672810132469096
2983,0.366972477,0.5780274868011475,0.5000160932540894,0.5177810310908544
2984,0.463203463,0.47362929582595825,0.36796966195106506,0.3642140219638883
2985,0.454545455,0.47362929582595825,0.36796966195106506,0.38961193002097905
2986,0.648268398,0.6583310961723328,0.6225789785385132,0.6017391607688937
2987,0.617965368,0.6583310961723328,0.6225789785385132,0.6047161228180186
2988,0.262987013,0.5071190595626831,0.36134737730026245,0.34788785471009326
2989,0.232683983,0.5071190595626831,0.36134737730026245,0.3619573452724185
2990,0.833333333,0.5603736639022827,0.45005372166633606,0.46271526864128887
2991,0.421524664,0.5235691666603088,0.707673192024231,0.7039628532525135
2992,0.366300366,0.40938687324523926,0.5087195634841919,0.49956868781783137
2993,0.032258065,0.34505051374435425,0.3461536467075348,0.33127333842831286
2994,0.543290043,0.42280203104019165,0.43010199069976807,0.43242181747535446
2995,0.437229437,0.42280203104019165,0.43010199069976807,0.4323073846479902
2996,0.669724771,0.41784465312957764,0.5250943899154663,0.5244131033109813
2997,0.811688312,0.7197670936584473,0.498661071062088,0.5217093526948378
2998,0.858225108,0.5310174822807312,0.6099244356155396,0.6321282273701554
2999,0.935064935,0.5310174822807312,0.6099244356155396,0.6321282273701554
3000,0.0638586959999999,0.42968130111694336,0.2501179873943329,0.24233181133144066
3001,0.04076087,0.5668162107467651,0.6084294319152832,0.5967374366406324
3002,0.0543478259999999,0.5032044053077698,0.34009841084480286,0.34061022096979987
3003,0.237668161,0.6350903511047363,0.5458489656448364,0.5129566158314574
3004,0.6879120879999999,0.387748122215271,0.4306529462337494,0.45375395935988844
3005,0.393501805,0.44483721256256104,0.6591191291809082,0.6369009876805456
3006,0.164402174,0.580793023109436,0.33153533935546875,0.3623292773010961
3007,0.573593074,0.6514774560928345,0.6344259977340698,0.6178257038691131
3008,0.261904762,0.3432506024837494,0.20267441868782043,0.21933721984936105
3009,0.2824675319999999,0.3432506024837494,0.20267441868782043,0.2165470429069905
3010,0.7853260870000001,0.5869845151901245,0.5750799179077148,0.5561058684708406
3011,0.116591928,0.729338526725769,0.7436915636062622,0.7290985463930008
3012,0.523809524,0.4326794147491455,0.38302081823349,0.391867397553302
3013,0.525974026,0.4326794147491455,0.38302081823349,0.391867397553302
3014,0.5650224220000001,0.704224705696106,0.6147766709327698,0.601083483272819
3015,0.4439461879999999,0.6883074641227722,0.6819441318511963,0.6797098087285374
3016,0.008658009,0.4492475390434265,0.40272819995880127,0.42688978828880286
3017,0.022727273,0.4492475390434265,0.40272819995880127,0.42688978828880286
3018,0.034632035,0.8534765243530273,0.6653169989585876,0.6617924235247443
3019,0.112554113,0.8534765243530273,0.6653169989585876,0.6617924235247443
3020,0.694805195,0.6075698733329773,0.673267662525177,0.6878162538381722
3021,0.740585774,0.40037965774536133,0.47887080907821655,0.4763216563903907
3022,0.0919913419999999,0.6683058738708496,0.6274685263633728,0.6236615150937261
3023,0.170995671,0.6683058738708496,0.6274685263633728,0.6148432914926316
3024,0.5596330279999999,0.5096709132194519,0.3941943347454071,0.415483366812527
3025,1.0,0.6541138887405396,0.5714985132217407,0.576680424201496
3026,1.0,0.6541138887405396,0.5714985132217407,0.5787815174618123
3027,1.0,0.6541138887405396,0.5714985132217407,0.5720789476427325
3028,1.0,0.6541138887405396,0.5714985132217407,0.5719470646817488
3029,1.0,0.6541138887405396,0.5714985132217407,0.5719470646817488
3030,1.0,0.6541138887405396,0.5714985132217407,0.5719287105654762
3031,1.0,0.6541138887405396,0.5714985132217407,0.5719287105654762
3032,1.0,0.6541138887405396,0.5714985132217407,0.5719287105654762
3033,0.80298913,0.5912258625030518,0.673502504825592,0.6535288610224717
3034,0.95021645,0.8308067321777344,0.7262048721313477,0.7113718527420534
3035,0.904761905,0.8308067321777344,0.7262048721313477,0.7127702993207258
3036,0.7159763309999999,0.5213741064071655,0.5826398134231567,0.5703150468322533
3037,0.436241611,0.7070982456207275,0.5262272357940674,0.5095223887884164
3038,0.936842105,0.6377705931663513,0.5786049365997314,0.5614704084948512
3039,0.513513514,0.595920205116272,0.6903667449951172,0.6644666938514621
3040,0.52014652,0.44211268424987793,0.39675647020339966,0.4030315939752336
3041,0.945848375,0.5741373300552368,0.5089666843414307,0.5145161969819789
3042,0.256793478,0.36435192823410034,0.5886539220809937,0.608026804537338
3043,0.744394619,0.6034558415412903,0.6217836141586304,0.6194475468223475
3044,0.963203463,0.49439066648483276,0.6760069131851196,0.6773001438002487
3045,0.914502165,0.49439066648483276,0.6760069131851196,0.6720447477706328
3046,0.47032967,0.4360349178314209,0.45700278878211975,0.45541703737757183
3047,0.24260355,0.24283427000045776,0.04368773102760315,0.10071707178559378
3048,0.269021739,0.5050575137138367,0.4641513526439667,0.4408836401021748
3049,0.8636363640000001,0.3283070921897888,0.2988889217376709,0.27725673817954827
3050,0.432900433,0.6555098295211792,0.5585853457450867,0.5690495779737992
3051,0.424242424,0.6555098295211792,0.5585853457450867,0.5663140786785761
3052,0.347252747,0.36429741978645325,0.5898644328117371,0.6131843104275683
3053,0.037878788,0.2241809070110321,0.09028095006942749,0.10622671440998459
3054,0.021645022,0.2241809070110321,0.09028095006942749,0.10385938671526179
3055,0.456375839,0.7273645401000977,0.6230199337005615,0.6197578781507935
3056,0.418918919,0.4209150969982147,0.3160160183906555,0.30012659234900013
3057,0.8402366859999999,0.563469648361206,0.5529369115829468,0.539955257524031
3058,0.8657718120000001,0.47110259532928467,0.5921345353126526,0.5886298060667895
3059,0.028138528,0.4325768053531647,0.5063273310661316,0.49663106512636224
3060,0.003246753,0.4325768053531647,0.5063273310661316,0.48621833825867466
3061,0.140659341,0.40320563316345215,0.5450872778892517,0.5193617356183211
3062,0.172527473,0.32272517681121826,0.31087619066238403,0.32603877111989776
3063,0.693548387,0.4762154221534729,0.513990581035614,0.5382296753846028
3064,0.323369565,0.5329205989837646,0.5943014621734619,0.600653184757888
3065,0.531135531,0.5602866411209106,0.3483768701553345,0.37748185350720553
3066,0.916317992,0.7916277647018433,0.7212069034576416,0.6967169482247133
3067,0.8187919459999999,0.6409677863121033,0.6021500825881958,0.5730532890274807
3068,0.064935065,0.521238386631012,0.4965641498565674,0.506602110738744
3069,0.007575758,0.521238386631012,0.4965641498565674,0.5066021107387441
3070,0.989473684,0.49121183156967163,0.46716269850730896,0.4811198256638603
3071,0.921052632,0.5329144597053528,0.62080979347229,0.6287656857866599
3072,0.8736413040000001,0.3631748855113983,0.40394800901412964,0.37906065126262745
3073,0.5315789470000001,0.6654553413391113,0.624276340007782,0.6213839306976074
3074,0.033557047,0.349958598613739,0.31729796528816223,0.33284996563781205
3075,0.8339350179999999,0.6263880133628845,0.880120575428009,0.8377545754982823
3076,0.887445887,0.5723090171813965,0.586827278137207,0.5814888373338859
3077,0.637681159,0.53422611951828,0.5105145573616028,0.5429630009871422
3078,0.0236686389999999,0.3568583130836487,0.39855897426605225,0.3724816778549543
3079,0.264835165,0.3933996856212616,0.3725108504295349,0.3732605448983084
3080,0.966450216,0.8364806175231934,0.8436529636383057,0.8177709940539784
3081,0.994588745,0.8364806175231934,0.8436529636383057,0.8177709940539784
3082,0.077445652,0.3934999406337738,0.10543042421340942,0.14167832584040208
3083,0.495923913,0.49708864092826843,0.5077468156814575,0.5310559355860296
3084,0.802197802,0.5446090698242188,0.5548154711723328,0.5502818686350499
3085,0.771300448,0.4035678505897522,0.5680826306343079,0.5639750122635215
3086,0.994736842,0.7257019281387329,0.7038732767105103,0.7041829235330879
3087,0.203804348,0.5076112747192383,0.5448142886161804,0.5269010817331836
3088,0.57201087,0.532000720500946,0.4493423402309418,0.4309210664560622
3089,0.5704697989999999,0.38093632459640503,0.4392353296279907,0.4393559114962715
3090,0.597402597,0.3496885895729065,0.21402215957641602,0.21750156228104855
3091,0.354978355,0.44647300243377686,0.4526352286338806,0.46101478479618696
3092,0.295454545,0.44647300243377686,0.4526352286338806,0.4438241075226238
3093,0.452445652,0.3625752329826355,0.5051933526992798,0.475252919472567
3094,0.284632035,0.44817420840263367,0.31061434745788574,0.321386200345886
3095,0.274891775,0.44817420840263367,0.31061434745788574,0.30397607838664925
3096,0.692307692,0.4869992733001709,0.6423335075378418,0.6490343391205045
3097,0.036231884,0.439155638217926,0.4689832329750061,0.4376994850626848
3098,0.847533632,0.42317813634872437,0.4389750063419342,0.4608544945628506
3099,0.7987012990000001,0.4463234543800354,0.5274714231491089,0.5253926473304887
3100,0.7835497840000001,0.4463234543800354,0.5274714231491089,0.5152476262268176
3101,0.3,0.42835530638694763,0.5054545998573303,0.5231233461804626
3102,0.7494505490000001,0.36956870555877686,0.6109730005264282,0.590830443537652
3103,0.501831502,0.4186308979988098,0.5573887825012207,0.5619501238300646
3104,0.372781065,0.48721325397491455,0.49498045444488525,0.5083453060392399
3105,0.19047619,0.45162728428840637,0.19478467106819153,0.1968724685426498
3106,0.1266233769999999,0.45162728428840637,0.19478467106819153,0.1969020659802802
3107,0.5978260870000001,0.4926038980484009,0.4681451916694641,0.44564340018084214
3108,0.945606695,0.5417079329490662,0.6675812005996704,0.6655981911554907
3109,0.656804734,0.5729250907897949,0.558653712272644,0.5855711437992739
3110,0.210144928,0.4990224540233612,0.27303099632263184,0.2955890229941974
3111,0.350649351,0.35251080989837646,0.31177017092704773,0.294371470675418
3112,0.3170995669999999,0.35251080989837646,0.31177017092704773,0.2946955582187848
3113,0.022727273,0.03845521807670593,0.005486845970153809,0.07054728071350425
3114,0.027056277,0.03845521807670593,0.005486845970153809,0.06954681474298532
3115,0.0805860809999999,0.35524579882621765,0.2547965943813324,0.24597905958073243
3116,0.1812080539999999,0.5077179670333862,0.6434406042098999,0.621797551005218
3117,0.133116883,0.5085979104042053,0.1451236605644226,0.1456428768795202
3118,0.149350649,0.5085979104042053,0.1451236605644226,0.1456428768795202
3119,0.96875,0.5892536640167236,0.5435876250267029,0.5565584737154778
3120,0.278388278,0.37521857023239136,0.43452316522598267,0.4495110815087525
3121,0.678947368,0.6140180230140686,0.715840756893158,0.7153852010759689
3122,0.989010989,0.6190816164016724,0.6705789566040039,0.6795196309609843
3123,0.191558442,0.2787356972694397,0.246626615524292,0.24664002503254465
3124,0.117965368,0.2787356972694397,0.246626615524292,0.22673586008123603
3125,0.992673993,0.6798619627952576,0.635657012462616,0.6240754223654525
3126,0.197802198,0.48516687750816345,0.38939520716667175,0.4007074810841298
3127,0.288590604,0.36756712198257446,0.5582407712936401,0.5414315764956207
3128,0.948051948,0.48638832569122314,0.5337737798690796,0.5173381983760534
3129,1.0,0.6722487807273865,0.6616544723510742,0.6479451693342708
3130,0.752747253,0.5324145555496216,0.634019672870636,0.6307792420504541
3131,0.883152174,0.3746758699417114,0.3973042964935303,0.3919727120882206
3132,0.862554113,0.37381601333618164,0.6650099754333496,0.6548107251024279
3133,0.8636363640000001,0.37381601333618164,0.6650099754333496,0.6548107251024279
3134,0.2217573219999999,0.6456589698791504,0.4836011230945587,0.46995997590410754
3135,0.125541126,0.5485802292823792,0.48896336555480957,0.46144164762138823
3136,0.107142857,0.5485802292823792,0.48896336555480957,0.4649602141093996
3137,0.827445652,0.5160847902297974,0.5831952095031738,0.586725815028086
3138,0.56043956,0.4314531683921814,0.2238788604736328,0.25134116719959115
3139,0.2157894739999999,0.41483408212661743,0.4263235926628113,0.45569054936858566
3140,0.263736264,0.6973728537559509,0.8536219596862793,0.8476010463065397
3141,0.481601732,0.4459112584590912,0.4358600378036499,0.42894473168711883
3142,0.427489177,0.4459112584590912,0.4358600378036499,0.4296863744238864
3143,0.886446886,0.47634685039520264,0.42531126737594604,0.40358530753311755
3144,0.707880435,0.3210623562335968,0.5020414590835571,0.5247906292484662
3145,0.409090909,0.5674309730529785,0.8278943300247192,0.8401091590759653
3146,0.831868132,0.6538797616958618,0.6370276212692261,0.6295153366924265
3147,0.74025974,0.40641146898269653,0.7282953262329102,0.7484883513972223
3148,0.7326839829999999,0.40641146898269653,0.7282953262329102,0.7455125504905625
3149,0.1839826839999999,0.333890825510025,0.08590304851531982,0.11830039139388146
3150,0.164502165,0.333890825510025,0.08590304851531982,0.11938171183729103
3151,0.073684211,0.3546721637248993,0.3044787347316742,0.2909251108305547
3152,0.939393939,0.5619251132011414,0.7848974466323853,0.7822966829571643
3153,0.00591716,0.3661351203918457,0.32918602228164673,0.344879704548204
3154,0.2835497839999999,0.4758916199207306,0.7084528207778931,0.6872560761378778
3155,0.323593074,0.4758916199207306,0.7084528207778931,0.6872560761378778
3156,0.654945055,0.5278828740119934,0.6198776364326477,0.6257167946988668
3157,0.094155844,0.359134316444397,0.3309635519981384,0.3031376662404065
3158,0.062770563,0.359134316444397,0.3309635519981384,0.30632890215033937
3159,0.3849372379999999,0.661689281463623,0.45747649669647217,0.4319550528040651
3160,0.574675325,0.5217881202697754,0.5245069861412048,0.537765635167313
3161,0.7142857140000001,0.5217881202697754,0.5245069861412048,0.537765635167313
3162,0.428571429,0.5382447242736816,0.6347724199295044,0.6091478181939858
3163,0.41991342,0.5166382789611816,0.5833665132522583,0.582402332354468
3164,0.6861413040000001,0.48424941301345825,0.5428914427757263,0.5390668728396502
3165,0.307065217,0.3353551924228668,0.17387190461158752,0.21005482248616342
3166,0.604619565,0.46594318747520447,0.45748987793922424,0.4838162394268451
3167,0.768953069,0.5104442834854126,0.6215773224830627,0.624333145671345
3168,0.137614679,0.30820930004119873,0.19443583488464355,0.17095196105271332
3169,0.463157895,0.6693759560585022,0.6930496692657471,0.7097341150504038
3170,0.340659341,0.7080597281455994,0.6446478962898254,0.6259524358958128
3171,0.443223443,0.33311089873313904,0.2539958953857422,0.280968608772977
3172,0.636363636,0.5114647746086121,0.4984062910079956,0.4848914352014445
3173,0.633116883,0.5114647746086121,0.4984062910079956,0.48454680673085304
3174,0.326007326,0.28609371185302734,0.13352075219154358,0.13147608265792463
3175,0.589958159,0.46647611260414124,0.4414350688457489,0.42209129218134644
3176,0.032467532,0.46204429864883423,0.3238891363143921,0.2938330398564773
3177,0.214285714,0.5875037908554077,0.5924946069717407,0.581193419540118
3178,0.6,0.6022911071777344,0.5563205480575562,0.57176513727765
3179,0.445945946,0.3922724723815918,0.6023297309875488,0.6162480282933367
3180,0.715789474,0.5242941379547119,0.6626889109611511,0.6348724363163704
3181,0.764945652,0.3396657109260559,0.4333513379096985,0.4488265152336949
3182,0.713315217,0.390087366104126,0.555439829826355,0.5731958920536685
3183,0.168498168,0.5462028384208679,0.4398106038570404,0.4299594297832126
3184,0.867965368,0.6335963606834412,0.6677640676498413,0.6548908889753715
3185,0.78030303,0.6335963606834412,0.6677640676498413,0.6548908889753715
3186,0.194736842,0.4950023293495178,0.38592132925987244,0.39625944877668967
3187,0.0660173159999999,0.4583011865615845,0.44931548833847046,0.4262245553190368
3188,0.042207792,0.4583011865615845,0.44931548833847046,0.4262245553190367
3189,0.3179916319999999,0.6783892512321472,0.45246028900146484,0.4430384784207062
3190,0.426315789,0.5167293548583984,0.5510140061378479,0.550643020182562
3191,0.5567765570000001,0.4666019082069397,0.34006252884864807,0.3336673350857008
3192,0.232683983,0.38938242197036743,0.22213706374168396,0.2448245970782571
3193,0.241341991,0.38938242197036743,0.22213706374168396,0.2448245970782571
3194,0.043956044,0.32874250411987305,0.076316237449646,0.09319178866311795
3195,0.970414201,0.6079402565956116,0.7418901920318604,0.7131698432134017
3196,0.6593406589999999,0.7346898913383484,0.7674933671951294,0.7450354919153537
3197,0.194139194,0.6301696300506592,0.485054612159729,0.4592640875627335
3198,0.414225941,0.34695354104042053,0.34270796179771423,0.3510417934780098
3199,0.558441558,0.5574648976325989,0.5056859254837036,0.4961071968839642
3200,0.522727273,0.5574648976325989,0.5056859254837036,0.5124706592569477
3201,0.8755411259999999,0.5741583704948425,0.5276175737380981,0.5366955364157096
3202,0.888528139,0.5741583704948425,0.5276175737380981,0.5366955364157096
3203,0.007575758,0.4320532977581024,0.21777406334877014,0.1982638945300849
3204,0.032467532,0.4320532977581024,0.21777406334877014,0.19806422937382034
3205,0.007326007,0.5873238444328308,0.23827829957008362,0.21395243240547535
3206,0.905263158,0.3348170220851898,0.3044697642326355,0.3076915516992775
3207,0.241610738,0.6691811084747314,0.9462814927101135,0.8946028044846093
3208,0.0806451609999999,0.31412583589553833,0.41654664278030396,0.3852121952865225
3209,0.721052632,0.5561531782150269,0.49363449215888977,0.4946272024707802
3210,0.8644688640000001,0.6128011345863342,0.4193114638328552,0.43134716383239
3211,0.510526316,0.22747018933296204,0.1276671588420868,0.17031262205214065
3212,0.184210526,0.4628508985042572,0.37514665722846985,0.3912666093041216
3213,0.36996337,0.6860017776489258,0.5061290860176086,0.5162068555046948
3214,0.256756757,0.41489648818969727,0.5573875308036804,0.5356860701265365
3215,0.315436242,0.3640799820423126,0.29785487055778503,0.2833678103787935
3216,0.979437229,0.5712478160858154,0.654662549495697,0.6291072360514525
3217,0.975108225,0.5712478160858154,0.654662549495697,0.6283809918078618
3218,0.969230769,0.6952772736549377,0.842644214630127,0.8117237734153031
3219,0.838744589,0.42727020382881165,0.5907410979270935,0.5899972454990433
3220,0.761904762,0.42727020382881165,0.5907410979270935,0.5651037589930746
3221,0.181818182,0.3516240417957306,0.19096159934997559,0.2008188435909344
3222,0.16017316,0.3516240417957306,0.19096159934997559,0.2039761512495001
3223,0.153846154,0.28391531109809875,0.34086304903030396,0.35046462294018166
3224,0.75,0.6634716987609863,0.5576409697532654,0.5762177582113599
3225,0.743506494,0.6634716987609863,0.5576409697532654,0.583527394756838
3226,0.769021739,0.6723760962486267,0.5870142579078674,0.6052523494058795
3227,0.815789474,0.5125647783279419,0.649131178855896,0.6569516957878652
3228,0.033549784,0.5573285818099976,0.5958595275878906,0.5883429614551487
3229,0.082251082,0.5573285818099976,0.5958595275878906,0.5883429614551487
3230,0.5865800870000001,0.45446890592575073,0.5584874749183655,0.5609613643846628
3231,0.7207792209999999,0.7476040124893188,0.8205130696296692,0.8038669885410619
3232,0.224175824,0.5457255840301514,0.5060752034187317,0.5144457828730722
3233,0.80952381,0.6536717414855957,0.777540385723114,0.783490257270766
3234,0.7640692640000001,0.6536717414855957,0.777540385723114,0.7785557223928424
3235,0.4025974029999999,0.4074745774269104,0.6570048332214355,0.6559278164327066
3236,0.385281385,0.4074745774269104,0.6570048332214355,0.6559278164327066
3237,0.6504329000000001,0.464374303817749,0.8371913433074951,0.821198621412041
3238,0.753246753,0.464374303817749,0.8371913433074951,0.8211986214120413
3239,0.623376623,0.37223708629608154,0.42729616165161133,0.427232034643905
3240,0.004484305,0.3959636092185974,0.21268323063850403,0.24384334550045736
3241,0.504587156,0.5786604285240173,0.4464745819568634,0.4242769664019539
3242,0.035874439,0.23313692212104797,0.013805150985717773,0.054918424832023444
3243,0.242152466,0.4860914945602417,0.6994431614875793,0.716366914986007
3244,0.441758242,0.5822380185127258,0.5314896106719971,0.5006912370591297
3245,0.457880435,0.3108896017074585,0.26796597242355347,0.2710778098719487
3246,0.925274725,0.6773730516433716,0.5890862345695496,0.5956970017680354
3247,0.786982249,0.6590405702590942,0.5159691572189331,0.5221984768599295
3248,0.901098901,0.688523530960083,0.8668384552001953,0.8262417951019404
3249,0.330543933,0.43682390451431274,0.5451482534408569,0.5142360080613038
3250,0.552631579,0.6671435236930847,0.7014262080192566,0.7319608771904946
3251,0.230769231,0.5561776161193848,0.3684696853160858,0.34752591851117665
3252,0.454212454,0.40303122997283936,0.7385187149047852,0.7197519807351471
3253,0.0389610389999999,0.3331737518310547,0.2442130446434021,0.24180558855563972
3254,0.874725275,0.5773847103118896,0.6115660071372986,0.6263819026085552
3255,0.776556777,0.38026440143585205,0.450735867023468,0.4312192187135696
3256,0.142105263,0.5219110250473022,0.27587834000587463,0.28211944318233184
3257,0.071748879,0.5684140920639038,0.5671764016151428,0.5712441133079195
3258,0.7207792209999999,0.715550422668457,0.47498971223831177,0.49633167749397733
3259,0.6835164840000001,0.5772963762283325,0.8141475915908813,0.7805435431469202
3260,0.731578947,0.7987518906593323,0.7562518119812012,0.7532975137340202
3261,0.422077922,0.5223077535629272,0.4618542194366455,0.46914765330835184
3262,0.845188285,0.5194389820098877,0.36005014181137085,0.36506500423708027
3263,0.863905325,0.6916608810424805,0.7076550722122192,0.7172408346390379
3264,0.684981685,0.3592073619365692,0.31121766567230225,0.32557489784959115
3265,0.944805195,0.50560462474823,0.5822068452835083,0.5925249984850669
3266,0.923160173,0.50560462474823,0.5822068452835083,0.5955605079880342
3267,0.942028986,0.3969889283180237,0.5882627367973328,0.5761848195173291
3268,0.913043478,0.40922054648399353,0.5265644192695618,0.546050949637731
3269,0.458874459,0.3994911313056946,0.26636216044425964,0.2656679547590555
3270,0.627705628,0.3994911313056946,0.26636216044425964,0.2656679547590555
3271,0.6520146520000001,0.7081530094146729,0.7001202702522278,0.7077913440225709
3272,0.391941392,0.6335532665252686,0.5310365557670593,0.5527130155327844
3273,0.017316017,0.6299760341644287,0.4689705967903137,0.4930150290425518
3274,0.061688312,0.6299760341644287,0.4689705967903137,0.4930150290425518
3275,0.348623853,0.6369613409042358,0.560940146446228,0.5517019885093951
3276,0.288961039,0.5622435808181763,0.3548941910266876,0.3727910041644561
3277,0.253246753,0.5622435808181763,0.3548941910266876,0.367103526266894
3278,0.014285714,0.3453185260295868,0.2739616930484772,0.3080740275708823
3279,0.079004329,0.39299654960632324,0.4148401618003845,0.41388480398539207
3280,0.109307359,0.39299654960632324,0.4148401618003845,0.4030315802684938
3281,0.103896104,0.5920981764793396,0.6811445355415344,0.6750533974159003
3282,0.048701299,0.5920981764793396,0.6811445355415344,0.6710892894216245
3283,0.569506726,0.3778834939002991,0.49003031849861145,0.5101991268835413
3284,0.405797101,0.517586886882782,0.6380050182342529,0.6399216872060278
3285,0.7328519859999999,0.5347412824630737,0.468474417924881,0.4386268870839085
3286,0.7889908259999999,0.7423278093338013,0.799584686756134,0.7854298898214773
3287,0.59375,0.6659559607505798,0.4671779274940491,0.4795342279014183
3288,0.229357798,0.41361403465270996,0.23349547386169434,0.2284876344648269
3289,0.697247706,0.5559471249580383,0.9268248081207275,0.892934449702026
3290,0.358744395,0.5665931105613708,0.6255966424942017,0.6282809262106492
3291,0.8478260870000001,0.5170395374298096,0.3978922665119171,0.3893649492408162
3292,0.543933054,0.3338927626609802,0.4301123023033142,0.42449598423443113
3293,0.104978355,0.32060182094573975,-0.07169497013092041,0.06489894825611253
3294,0.106060606,0.32060182094573975,-0.07169497013092041,0.06489894825611255
3295,0.17798913,0.7783194780349731,0.6347911357879639,0.6466123641776751
3296,0.882845188,0.46172648668289185,0.3366639316082001,0.3191210903153869
3297,0.273684211,0.46645408868789673,0.5235886573791504,0.5115696166939191
3298,0.903679654,0.7098472714424133,0.5524653196334839,0.545794000292615
3299,0.87987013,0.7098472714424133,0.5524653196334839,0.5443223064201355
3300,0.001082251,0.49183231592178345,0.4943774342536926,0.49494613261879594
3301,0.029220779,0.49183231592178345,0.4943774342536926,0.4998080989523497
3302,0.0794979079999999,0.4070972502231598,0.3331727683544159,0.32759209468926564
3303,0.484210526,0.7210960388183594,0.2506783902645111,0.25903598414518514
3304,0.516129032,0.479290246963501,0.47882747650146484,0.48172526252778614
3305,0.866883117,0.6674379110336304,0.6734352111816406,0.6580782233247637
3306,0.835497835,0.6674379110336304,0.6734352111816406,0.6580782233247637
3307,0.662337662,0.501045823097229,0.21259698271751404,0.22418721180611428
3308,0.14516129,0.6134319305419922,0.659578800201416,0.6479966422311456
3309,0.104619565,0.2641145884990692,0.1273479461669922,0.1462705190620469
3310,0.172077922,0.43283510208129883,0.41100209951400757,0.41105301641663006
3311,0.207792208,0.43283510208129883,0.41100209951400757,0.41105301641663006
3312,0.791125541,0.3777003586292267,0.543261706829071,0.5577039548541536
3313,0.810606061,0.3777003586292267,0.543261706829071,0.5689944755366494
3314,0.5367965370000001,0.5783464312553406,0.7035465836524963,0.6846502944475262
3315,0.465367965,0.5783464312553406,0.7035465836524963,0.7007567892818036
3316,0.869822485,0.5212358236312866,0.5850603580474854,0.5670075916131208
3317,0.84057971,0.48998284339904785,0.4885568618774414,0.4912664597203526
3318,0.063157895,0.6217870712280273,0.4275846481323242,0.4337786350614895
3319,0.2550335569999999,0.28891798853874207,0.18804526329040527,0.18963045921131105
3320,0.835164835,0.5439132452011108,0.4459695518016815,0.4283774074831841
3321,0.7972972970000001,0.5148746371269226,0.8088679909706116,0.7756216772159165
3322,0.695652174,0.6047452092170715,0.7317633628845215,0.720428613423553
3323,0.6915760870000001,0.6120707392692566,0.45618605613708496,0.4793526817633236
3324,0.328125,0.5804728269577026,0.5417841076850891,0.5580201096367237
3325,0.525974026,0.508338451385498,0.6177108883857727,0.633794283763697
3326,0.322147651,0.4049612879753113,0.2633416950702667,0.2777875035999878
3327,0.580645161,0.38043755292892456,0.38118818402290344,0.40152298328497454
3328,0.568181818,0.3500717282295227,0.21582356095314026,0.21920933263128897
3329,0.555194805,0.3500717282295227,0.21582356095314026,0.21907091559420938
3330,0.6959706959999999,0.556410014629364,0.6591963768005371,0.630970427441637
3331,0.971861472,0.5218729376792908,0.6039451956748962,0.6122711397156393
3332,0.96969697,0.5218729376792908,0.6039451956748962,0.6136979148770177
3333,0.803296703,0.5362117290496826,0.6695979833602905,0.6763027151048097
3334,0.7283549779999999,0.43723899126052856,0.3907850384712219,0.38000324100879157
3335,0.482683983,0.43723899126052856,0.3907850384712219,0.3730927907324235
3336,0.780269058,0.7751870155334473,0.9709656238555908,0.9249116562249504
3337,0.086956522,0.22776874899864197,0.22243106365203857,0.22649016125057786
3338,0.918918919,0.7846438884735107,0.8544692993164062,0.831999630981612
3339,0.282608696,0.5058009028434753,0.33956754207611084,0.3173131987630584
3340,0.99048913,0.6488229036331177,0.6667295098304749,0.656324750988033
3341,0.8560606059999999,0.5524070262908936,0.5562689304351807,0.5347379351905978
3342,0.772727273,0.5524070262908936,0.5562689304351807,0.5347379351905978
3343,0.058577406,0.4521421790122986,0.4032263159751892,0.3992298024318357
3344,0.600543478,0.49810120463371277,0.6359666585922241,0.6400049440926778
3345,0.766816143,0.5403162240982056,0.4708578586578369,0.49299523471042056
3346,0.201465201,0.44820672273635864,0.4191986918449402,0.4207567002755577
3347,0.380952381,0.3781760036945343,0.20080095529556274,0.22589632738291854
3348,0.5625,0.6950275301933289,0.6777486205101013,0.6828546527382872
3349,0.920577617,0.6783382296562195,0.6622341871261597,0.690405265415807
3350,0.9958159,0.7172235250473022,0.8022159337997437,0.7767286887680084
3351,0.467532468,0.5305836200714111,0.5518258213996887,0.5814023703169834
3352,0.6888586959999999,0.512349545955658,0.26953253149986267,0.27055764599070836
3353,0.922077922,0.5975238680839539,0.7467453479766846,0.7414856490608347
3354,0.901345291,0.5253725647926331,0.7151658535003662,0.7348534938937477
3355,0.6593406589999999,0.7093459367752075,0.8237400054931641,0.7882919203750561
3356,0.310810811,0.6054226160049438,0.34360045194625854,0.35390174921340845
3357,0.91991342,0.5077189207077026,0.6532658934593201,0.6288566986357694
3358,0.538961039,0.7074609994888306,0.8010507822036743,0.7841597160187506
3359,0.389473684,0.48975613713264465,0.5978586077690125,0.6022102456833665
3360,0.133152174,0.5062059164047241,0.4401956796646118,0.4396375206277266
3361,0.938858696,0.559550940990448,0.7455767393112183,0.7446246715737637
3362,0.210762332,0.47781217098236084,0.5078665614128113,0.4869804305007377
3363,0.821052632,0.7952127456665039,0.8797016143798828,0.8819514805772278
3364,0.2417582419999999,0.6358349323272705,0.7348620891571045,0.7276257971213574
3365,0.3376623379999999,0.6972989439964294,0.49681970477104187,0.46715554859941
3366,0.388586957,0.46304622292518616,0.5825701951980591,0.6116411710755996
3367,0.997835498,0.5640474557876587,0.6032336950302124,0.58173629987471
3368,0.956709957,0.5640474557876587,0.6032336950302124,0.5858321543047953
3369,0.357400722,0.32087457180023193,0.4097455143928528,0.39766825214924695
3370,0.264835165,0.323214590549469,0.14768338203430176,0.14196898201683938
3371,0.001358696,0.40602052211761475,0.49445292353630066,0.5018201510251611
3372,0.7919463090000001,0.5358945727348328,0.5269908308982849,0.5416786877252895
3373,0.964125561,0.518971860408783,0.5452753901481628,0.5676883838859663
3374,0.32967033,0.37299036979675293,0.5355856418609619,0.5468648054737779
3375,0.286796537,0.7069305181503296,0.61878502368927,0.6433802127057724
3376,0.275974026,0.7069305181503296,0.61878502368927,0.637227504777615
3377,0.089673913,0.7258089780807495,0.786064088344574,0.7680509475270126
3378,0.6903765690000001,0.6162342429161072,0.6577920913696289,0.6670893475139543
3379,0.758122744,0.6191742420196533,0.6580451726913452,0.6438369314460999
3380,0.257894737,0.5160666704177856,0.3320951759815216,0.3522356158962858
3381,0.8722826090000001,0.371265172958374,0.476249098777771,0.4533979429814505
3382,0.201298701,0.4068456292152405,0.5623801946640015,0.5358714477042742
3383,0.78125,0.5533596873283386,0.5536741018295288,0.5715105781622289
3384,0.107692308,0.32719504833221436,0.4318050146102905,0.43379081401893393
3385,0.618681319,0.6770793199539185,0.5665659308433533,0.5642415603912583
3386,0.578804348,0.6473108530044556,0.5158475637435913,0.5383039357627373
3387,0.066576087,0.3562552332878113,0.29002124071121216,0.2941624252459331
3388,0.241341991,0.33368152379989624,0.2440844476222992,0.23361286526748146
3389,0.211038961,0.33368152379989624,0.2440844476222992,0.2391671956069968
3390,0.967391304,0.5532758235931396,0.5971719026565552,0.6016383663636069
3391,0.891304348,0.6246435046195984,0.5641850233078003,0.5893303251680693
3392,0.659192825,0.6651545763015747,0.7212498188018799,0.6963334488906237
3393,0.016233766,0.34204789996147156,0.2083226442337036,0.19616668457952643
3394,0.006493506,0.34204789996147156,0.2083226442337036,0.1961666845795264
3395,0.124175824,0.47171032428741455,0.2689928412437439,0.27516416857780845
3396,0.401515152,0.5076470971107483,0.7380350828170776,0.7107895270812518
3397,0.372294372,0.5076470971107483,0.7380350828170776,0.7107895270812518
3398,0.510989011,0.4839586019515991,0.254895955324173,0.28629942899545935
3399,0.472527473,0.7129250764846802,0.6190659999847412,0.6166674596352506
3400,0.606694561,0.42807698249816895,0.3221142292022705,0.3259951246967645
3401,0.4935064939999999,0.4806421399116516,0.6293461322784424,0.6455659011141544
3402,0.441558442,0.4806421399116516,0.6293461322784424,0.6455659011141544
3403,0.210597826,0.5024656653404236,0.6459871530532837,0.6244961240744566
3404,0.697986577,0.33462223410606384,0.5371664762496948,0.5167505558231016
3405,0.763586957,0.5551146864891052,0.5397958159446716,0.5286223281386501
3406,0.108791209,0.5772976875305176,0.7237812876701355,0.7217037696986877
3407,0.532258065,0.5351558923721313,0.3385392129421234,0.36870526800528314
3408,0.153679654,0.2771179974079132,0.28993406891822815,0.3060006079563188
3409,0.1785714289999999,0.2771179974079132,0.28993406891822815,0.32006112436618595
3410,0.1736263739999999,0.6450965404510498,0.638205885887146,0.6516597977245264
3411,0.371212121,0.46108752489089966,0.5918073654174805,0.6053138194112679
3412,0.4080086579999999,0.46108752489089966,0.5918073654174805,0.6221313327565359
3413,0.946188341,0.7337741851806641,0.9436943531036377,0.8975624810103728
3414,0.984615385,0.7469539642333984,0.7260140776634216,0.7140793053088194
3415,0.3625541129999999,0.43793556094169617,0.37226855754852295,0.37690304009232467
3416,0.312770563,0.43793556094169617,0.37226855754852295,0.36675836660306377
3417,0.220183486,0.4752458333969116,0.3329733908176422,0.3338884016475604
3418,0.42967033,0.34993109107017517,0.1698727011680603,0.20450165430082445
3419,0.4663677129999999,0.5415886640548706,0.5197544097900391,0.49912368237332577
3420,0.3632287,0.548471212387085,0.5678921341896057,0.5577479617272142
3421,0.959641256,0.7067025899887085,0.8782494068145752,0.8650246368229717
3422,0.454945055,0.39796972274780273,0.375378280878067,0.39308389481461115
3423,0.901515152,0.3623711168766022,0.3605617582798004,0.33904405260094395
3424,0.864718615,0.3623711168766022,0.3605617582798004,0.33904405260094395
3425,0.260089686,0.1787421703338623,0.09010696411132812,0.11170388648419084
3426,0.4004329,0.3921929895877838,0.3804296851158142,0.37567718186882926
3427,0.344155844,0.3921929895877838,0.3804296851158142,0.37433593979348256
3428,0.465934066,0.29853522777557373,0.3932696580886841,0.3996394752551512
3429,0.8495671,0.48540741205215454,0.4467761516571045,0.42665497430042815
3430,0.7705627709999999,0.48540741205215454,0.4467761516571045,0.434046688500197
3431,0.711409396,0.43008068203926086,0.1060897707939148,0.15069550755529598
3432,0.390692641,0.48622989654541016,0.34466373920440674,0.3695741588898733
3433,0.406926407,0.48622989654541016,0.34466373920440674,0.3695741588898733
3434,0.100649351,0.5612138509750366,0.6009106636047363,0.6058864068507801
3435,0.08982684,0.5612138509750366,0.6009106636047363,0.6100892444345415
3436,0.322344322,0.3864107131958008,0.5040112137794495,0.4927191784473196
3437,0.137445887,0.590808629989624,0.43470945954322815,0.45077366744865544
3438,0.148268398,0.590808629989624,0.43470945954322815,0.4387585677495375
3439,0.139945652,0.7246548533439636,0.4699937701225281,0.48571927956632965
3440,0.904761905,0.5534502267837524,0.47148096561431885,0.49408080884160893
3441,0.182900433,0.6281940937042236,0.6553948521614075,0.6459281823028946
3442,0.128787879,0.6281940937042236,0.6553948521614075,0.6459281823028946
3443,0.270380435,0.5917335748672485,0.25303030014038086,0.2788427616655241
3444,0.553030303,0.5024859309196472,0.509154736995697,0.49562783085217355
3445,0.588744589,0.5024859309196472,0.509154736995697,0.5041090659761068
3446,0.5995670999999999,0.4136570692062378,0.26790541410446167,0.268788761039953
3447,0.917748918,0.6149538159370422,0.5431388020515442,0.537408899400214
3448,0.884199134,0.6149538159370422,0.5431388020515442,0.537408899400214
3449,0.5043956039999999,0.6918150782585144,0.8060315847396851,0.8027939088559453
3450,0.449728261,0.681649923324585,0.8757064342498779,0.8854361206210446
3451,0.707792208,0.7448153495788574,0.5080729126930237,0.5098865115353949
3452,0.8160173159999999,0.7448153495788574,0.5080729126930237,0.5099518938196123
3453,0.916967509,0.5583759546279907,0.371283620595932,0.3868901713062538
3454,0.373641304,0.6245723962783813,0.49147289991378784,0.5102422145252311
3455,0.288043478,0.44648417830467224,0.14366701245307922,0.17584309523856298
3456,0.480519481,0.47836264967918396,0.4412339925765991,0.44500563870420706
3457,0.741341991,0.5895112752914429,0.7305197715759277,0.7339581366967777
3458,0.773809524,0.5895112752914429,0.7305197715759277,0.7339581366967776
3459,0.633027523,0.6554058194160461,0.5515667200088501,0.5636286273392619
3460,0.705163043,0.30716949701309204,0.3559856712818146,0.3273195499236487
3461,0.812080537,0.1882781684398651,0.18066096305847168,0.17025012880665857
3462,0.275229358,0.2287369966506958,0.4322466254234314,0.42991574331953764
3463,0.216606498,0.4827803671360016,0.3492596447467804,0.34167142611898427
3464,0.187912088,0.30906593799591064,0.27256858348846436,0.29117534035714987
3465,0.018398268,0.22130626440048218,0.051460325717926025,0.09379502343255099
3466,0.036796537,0.22130626440048218,0.051460325717926025,0.09898106377736522
3467,0.213315217,0.46584445238113403,0.6790714859962463,0.6623238281399292
3468,0.7894736840000001,0.574209988117218,0.35020431876182556,0.36162817780784956
3469,0.427489177,0.5483571290969849,0.6146144270896912,0.6047405003519986
3470,0.45021645,0.5483571290969849,0.6146144270896912,0.5985274972199002
3471,0.572463768,0.6210375428199768,0.5534919500350952,0.5305651083633751
3472,0.693722944,0.5440228581428528,0.7000893354415894,0.6852129879938624
3473,0.74025974,0.5440228581428528,0.7000893354415894,0.6794732418233516
3474,0.3768115939999999,0.7286678552627563,0.6035858392715454,0.629787273139267
3475,0.198369565,0.33567649126052856,0.18093419075012207,0.15641764862715618
3476,0.192825112,0.5241009593009949,0.3864392042160034,0.3708054126745582
3477,0.131793478,0.21343886852264404,0.2553170621395111,0.23392017726724643
3478,0.205163043,0.49939072132110596,0.46196800470352173,0.4594132099754694
3479,0.7459239129999999,0.4324309825897217,0.47659677267074585,0.4883794028790446
3480,0.309623431,0.6221475601196289,0.7162019610404968,0.6932838938996262
3481,0.89539749,0.6637228727340698,0.5487565994262695,0.5364615162018989
3482,0.3479853479999999,0.6342536211013794,0.6669061779975891,0.6595295321595261
3483,0.787878788,0.5567687153816223,0.49475884437561035,0.4902577835574119
3484,0.861471861,0.5567687153816223,0.49475884437561035,0.5058825653013282
3485,0.727272727,0.4428164064884186,0.6569555997848511,0.6611214176031941
3486,0.597402597,0.4428164064884186,0.6569555997848511,0.6565335085540926
3487,0.310606061,0.340710312128067,0.15320712327957153,0.15889409569112908
3488,0.30952381,0.340710312128067,0.15320712327957153,0.15889409569112908
3489,0.519480519,0.4977032542228699,0.4896789491176605,0.4730307630178525
3490,0.289402174,0.28722429275512695,0.3414187729358673,0.3504270346842431
3491,0.987447699,0.5114685297012329,0.6902252435684204,0.6763806644562023
3492,0.569264069,0.46808192133903503,0.4110754728317261,0.42492830285497607
3493,0.7359307359999999,0.46808192133903503,0.4110754728317261,0.424928302854976
3494,0.7071129709999999,0.5031293034553528,0.49382326006889343,0.4703211692454751
3495,0.1208791209999999,0.36653321981430054,0.3533574938774109,0.3481818882098656
3496,0.978947368,0.4518645405769348,0.29841312766075134,0.32829684827444183
3497,0.04029304,0.31618332862854004,0.3397373557090759,0.3379731039633801
3498,0.7132034629999999,0.5532597303390503,0.5275349020957947,0.5157189933360522
3499,0.7857142859999999,0.5532597303390503,0.5275349020957947,0.5203161608463576
3500,0.916666667,0.4199965000152588,0.6749938130378723,0.651344739755138
3501,0.917748918,0.4199965000152588,0.6749938130378723,0.6518736624584172
3502,0.261744966,0.4952808916568756,0.49232345819473267,0.4960302910479263
3503,0.22967033,0.3977792263031006,0.18682235479354858,0.213489254244845
3504,0.835497835,0.2906855642795563,0.31571799516677856,0.30948115191442904
3505,0.8409090909999999,0.2906855642795563,0.31571799516677856,0.30948115191442904
3506,0.5507246379999999,0.5516396760940552,0.6240156888961792,0.6042478907399893
3507,0.402173913,0.32417023181915283,0.24402815103530884,0.25444489141577564
3508,0.131868132,0.2223697304725647,0.13239672780036926,0.159998919974774
3509,0.177419355,0.240989089012146,0.37829017639160156,0.3914582798864485
3510,0.484848485,0.5001245737075806,0.460360586643219,0.45994585020301304
3511,0.5281385279999999,0.5001245737075806,0.460360586643219,0.45131010066751676
3512,0.7146739129999999,0.5374311804771423,0.7594089508056641,0.7327036421351829
3513,0.263736264,0.4900229871273041,0.5186834335327148,0.5053627187470497
3514,0.981684982,0.5805917382240295,0.5960509777069092,0.6005848349177739
3515,1.0,0.7591501474380493,0.6261351704597473,0.6220210068835681
3516,0.531380753,0.5721518993377686,0.5374128818511963,0.5638883769190917
3517,0.591928251,0.6259216666221619,0.8347170352935791,0.8057319414932578
3518,0.352631579,0.5416244268417358,0.6552509665489197,0.6366267934514145
3519,0.67798913,0.3383602499961853,0.5404480695724487,0.5142262218616817
3520,0.6290760870000001,0.31365564465522766,0.1558646559715271,0.1797430953321208
3521,0.691275168,0.6392316222190857,0.7612884044647217,0.7524073433745082
3522,0.695887446,0.3384472727775574,0.2970283031463623,0.29768937067005874
3523,0.680735931,0.3384472727775574,0.2970283031463623,0.29768937067005874
3524,0.539402174,0.40755191445350647,0.5705505609512329,0.5661423122155863
3525,0.110989011,0.43538326025009155,0.4926508069038391,0.5050925635980335
3526,0.4134199129999999,0.37974199652671814,0.3814657926559448,0.3601637091438219
3527,0.566017316,0.37974199652671814,0.3814657926559448,0.3601637091438219
3528,0.313901345,0.5591028928756714,0.49057263135910034,0.4748911485366496
3529,0.065934066,0.4184427261352539,0.22561860084533691,0.23319751943553832
3530,0.589473684,0.33318692445755005,0.13855049014091492,0.15161536073437093
3531,0.465201465,0.5171669125556946,0.7366358637809753,0.7341495071037516
3532,0.037656904,0.22024601697921753,0.024316728115081787,0.08521784583704402
3533,0.523076923,0.5095415115356445,0.37731868028640747,0.35134755416546026
3534,0.727810651,0.5981890559196472,0.6345334053039551,0.6482958998001456
3535,0.7228260870000001,0.2916593551635742,0.4363066852092743,0.41963793104134883
3536,0.307692308,0.4673001170158386,0.4756418466567993,0.4495463986761751
3537,0.289377289,0.3718847334384918,0.5661273002624512,0.5633548276409681
3538,0.8120879120000001,0.5909436941146851,0.5782136917114258,0.5450816071322333
3539,0.896103896,0.5959392786026001,0.6852594614028931,0.6946575116462114
3540,0.049327354,0.4689238369464874,0.45961275696754456,0.4675033937802212
3541,0.112970711,0.47391965985298157,0.40437746047973633,0.43284152902511797
3542,0.6947368420000001,0.4754618704319,0.6302719712257385,0.6042130969311461
3543,0.311926606,0.48432403802871704,0.3922475278377533,0.4059225002829847
3544,0.15018315,0.661088228225708,0.4559888243675232,0.46831776542040204
3545,0.808791209,0.6274915337562561,0.5948536992073059,0.5834886458798172
3546,0.130044843,0.6562320590019226,0.7721372246742249,0.7445313228839281
3547,0.14801444,0.27146458625793457,-0.07492196559906006,0.03972491316027431
3548,0.6678700360000001,0.4918628931045532,0.4228071868419647,0.4415899873236782
3549,0.899082569,0.42332571744918823,0.4695492088794708,0.4920024745139623
3550,0.307692308,0.676546573638916,0.5106130242347717,0.515969351714019
3551,0.608058608,0.41121384501457214,0.46004801988601685,0.4768553930867544
3552,0.026373626,0.48435723781585693,0.4122944474220276,0.41782194974166825
3553,0.091575092,0.3574177920818329,0.18811583518981934,0.19066063046701576
3554,0.238095238,0.448761522769928,0.45329904556274414,0.4413435703810239
3555,0.362318841,0.7529729604721069,0.4093557298183441,0.3998643234447212
3556,0.447368421,0.42447227239608765,0.3467712700366974,0.33720623406373473
3557,0.135531136,0.36624544858932495,0.09806761145591736,0.12154241621300266
3558,0.036630037,0.4701269268989563,0.3747573792934418,0.3678419082682921
3559,0.571428571,0.6344482898712158,0.5553852319717407,0.5608859094233867
3560,0.38961039,0.5942851305007935,0.6536675095558167,0.6549618143619673
3561,0.481601732,0.5942851305007935,0.6536675095558167,0.6561339628532531
3562,0.288702929,0.47419115900993347,0.35404545068740845,0.35784590953087847
3563,0.8,0.4142114520072937,0.3398797810077667,0.3114833611861838
3564,0.413919414,0.6130141019821167,0.3716772198677063,0.36108850258468955
3565,0.158241758,0.4061242938041687,0.25549110770225525,0.27881275851695764
3566,0.503296703,0.6350570917129517,0.6161965727806091,0.6182995480052582
3567,0.8890109890000001,0.5480921268463135,0.48175734281539917,0.4811736904190318
3568,0.768131868,0.45665308833122253,0.6695598363876343,0.661637398586526
3569,0.301098901,0.4948420822620392,0.30844131112098694,0.29180456655555714
3570,0.1227436819999999,0.26224422454833984,-0.040575504302978516,0.0612346227509272
3571,0.6421052629999999,0.6389108300209045,0.6981339454650879,0.6996071831884185
3572,0.213017751,0.6520304679870605,0.8389067649841309,0.8120371010771479
3573,0.7207792209999999,0.4499703049659729,0.671926736831665,0.6658187077172524
3574,0.7521645020000001,0.4499703049659729,0.671926736831665,0.6564617113361187
3575,0.432234432,0.5231567621231079,0.49554315209388733,0.5134019788780201
3576,0.375,0.38844993710517883,0.44875195622444153,0.43598680194615724
3577,0.953974895,0.5805434584617615,0.5977218151092529,0.5932865303631589
3578,0.510822511,0.7693841457366943,0.5637134909629822,0.567534659713757
3579,0.443722944,0.7693841457366943,0.5637134909629822,0.567534659713757
3580,0.6461038960000001,0.6340082287788391,0.7200981974601746,0.728459601750616
3581,0.58982684,0.6340082287788391,0.7200981974601746,0.728459601750616
3582,0.982248521,0.6683876514434814,0.7926367521286011,0.785478062086326
3583,0.527196653,0.44587862491607666,0.517500638961792,0.48678708759870093
3584,0.042119565,0.533208429813385,0.38083773851394653,0.36652125811871444
3585,0.183150183,0.5020530223846436,0.3365020155906677,0.35402305449943483
3586,0.425324675,0.43210551142692566,0.36895573139190674,0.36639495944365064
3587,0.354978355,0.43210551142692566,0.36895573139190674,0.36769103122492763
3588,0.170995671,0.40120404958724976,0.36256805062294006,0.37891946827294937
3589,0.440217391,0.4298661947250366,0.47408291697502136,0.4594338809767852
3590,0.20989011,0.43751102685928345,0.3446962237358093,0.3447888562827207
3591,0.012228261,0.2765043377876282,0.4485304355621338,0.4796000463653902
3592,0.7196652720000001,0.6479477882385254,0.6010293364524841,0.6089525996092644
3593,0.4630872479999999,0.5804945230484009,0.3966371417045593,0.3638616724737713
3594,0.440659341,0.4919682443141937,0.5830066204071045,0.5839207643912223
3595,0.564935065,0.6267791390419006,0.45889919996261597,0.47727320995895384
3596,0.462121212,0.6267791390419006,0.45889919996261597,0.47727320995895384
3597,1.0,0.5367452502250671,0.5793972015380859,0.5721820701607034
3598,0.1785714289999999,0.6497520208358765,0.4659333825111389,0.48610393934407786
3599,0.161255411,0.6497520208358765,0.4659333825111389,0.4824771493937461
3600,0.064516129,0.4177367091178894,0.32043391466140747,0.31758747241493557
3601,0.343195266,0.511120617389679,0.47599101066589355,0.4750226273292387
3602,0.418478261,0.4719444215297699,0.48927566409111023,0.5004330223771182
3603,0.15625,0.4634016752243042,0.14235860109329224,0.1686021734328003
3604,0.403679654,0.40277209877967834,0.6014024615287781,0.607631874349525
3605,0.38961039,0.40277209877967834,0.6014024615287781,0.592539048133351
3606,0.451086957,0.5061026811599731,0.38427937030792236,0.3765898504791456
3607,0.123641304,0.41247719526290894,0.37008705735206604,0.3617922921945046
3608,0.911255411,0.4532516598701477,0.6951614618301392,0.6751460551629919
3609,0.933982684,0.4532516598701477,0.6951614618301392,0.6751460551629919
3610,0.269480519,0.5048416256904602,0.5019774436950684,0.4838611001455865
3611,0.2922077919999999,0.5048416256904602,0.5019774436950684,0.4838611001455865
3612,0.703804348,0.7885507345199585,0.476388156414032,0.45939724314502495
3613,0.77173913,0.6335176229476929,0.6759167909622192,0.6724090584416964
3614,0.068592058,0.4157141149044037,0.47735828161239624,0.475669723215841
3615,0.222826087,0.5235702991485596,0.6109057068824768,0.6337403196903499
3616,0.5844155839999999,0.3821960389614105,0.5156094431877136,0.5380390676225627
3617,0.983263598,0.4808156490325928,0.44086939096450806,0.4308849426554108
3618,0.1385869569999999,0.5536076426506042,0.4220026433467865,0.39542212356163253
3619,0.229437229,0.48229479789733887,0.42861121892929077,0.4250616158627155
3620,0.645021645,0.2861868143081665,0.16361117362976074,0.15266309751844426
3621,0.602813853,0.2861868143081665,0.16361117362976074,0.15266309751844426
3622,0.439330544,0.6070838570594788,0.8388461470603943,0.8555598469710356
3623,0.036796537,0.22783750295639038,0.17106014490127563,0.17323115365338634
3624,0.598484848,0.4306081235408783,0.1381092667579651,0.15975951982065248
3625,0.563852814,0.4306081235408783,0.1381092667579651,0.1541563050746786
3626,0.395021645,0.670677661895752,0.6550686955451965,0.6492905482529752
3627,0.386363636,0.670677661895752,0.6550686955451965,0.6563494251045465
3628,0.674725275,0.6230602264404297,0.4488379657268524,0.42748282647217106
3629,0.548913043,0.5505175590515137,0.5588008761405945,0.5561211163127866
3630,0.547085202,0.6439115405082703,0.5369701981544495,0.5569990737445192
3631,0.493273543,0.4813394546508789,0.5605385899543762,0.5457204488832714
3632,0.529220779,0.674402117729187,0.7026211619377136,0.7164772212721529
3633,0.826839827,0.674402117729187,0.7026211619377136,0.7164772212721529
3634,0.103896104,0.5278156399726868,0.5244775414466858,0.514534454108816
3635,0.485507246,0.5145029425621033,0.2609092593193054,0.26328879721625453
3636,0.0469798659999999,0.5990878939628601,0.3915821611881256,0.4030974125908368
3637,0.130434783,0.4486616551876068,0.3360607326030731,0.3261620868906613
3638,0.710622711,0.3604104220867157,0.6186119318008423,0.5886561102160426
3639,0.472527473,0.5212725400924683,0.5762211084365845,0.5764347181292953
3640,0.6861471859999999,0.5269213914871216,0.6145871877670288,0.6218909769643366
3641,0.0512820509999999,0.14108633995056152,0.08587965369224548,0.09915832686220358
3642,0.031578947,0.31509652733802795,0.13165467977523804,0.15565762231023017
3643,0.7489177490000001,0.7471452355384827,0.7101000547409058,0.7088097422776252
3644,0.694805195,0.7471452355384827,0.7101000547409058,0.7088097422776252
3645,0.775974026,0.8189166188240051,0.8013838529586792,0.7779310293057049
3646,0.695887446,0.8189166188240051,0.8013838529586792,0.7779310293057049
3647,0.02967033,0.3392294943332672,0.3635861873626709,0.3733175308641685
3648,0.967509025,0.6846920251846313,0.5477091073989868,0.5653841246683105
3649,0.96875,0.29334568977355957,0.36245158314704895,0.35256837551614195
3650,0.163179916,0.2837422490119934,0.06122410297393799,0.07776549030305233
3651,0.953068592,0.6553708910942078,0.6789206862449646,0.6637579677069626
3652,0.956521739,0.5158130526542664,0.6265063285827637,0.6505877690507191
3653,0.244588745,0.5217785239219666,0.34484249353408813,0.35352782509261294
3654,0.3495670999999999,0.5217785239219666,0.34484249353408813,0.35414903221150495
3655,0.271966527,0.3024476170539856,0.33375126123428345,0.32775749659913844
3656,0.8577405859999999,0.4947153329849243,0.6760556697845459,0.6621755368074764
3657,0.857142857,0.5401097536087036,0.5515069961547852,0.567567492541396
3658,0.33982684,0.5148314237594604,0.2116089165210724,0.22452911768500236
3659,0.3116883119999999,0.5148314237594604,0.2116089165210724,0.22452911768500233
3660,0.073260073,0.5917900800704956,0.4553828239440918,0.4506051315445494
3661,0.794736842,0.5984758138656616,0.5894685983657837,0.5684013761747373
3662,0.254945055,0.3611098527908325,0.4318654537200928,0.45329676003714137
3663,0.797833935,0.35341376066207886,0.4540552496910095,0.4511217618830759
3664,0.053254438,0.4090402126312256,0.2845308184623718,0.2641220934301076
3665,0.491341991,0.5582007169723511,0.46160629391670227,0.47396591750786243
3666,0.444805195,0.5582007169723511,0.46160629391670227,0.4794520047426794
3667,0.146520147,0.5288445353507996,0.3760073482990265,0.3785932126195518
3668,0.795604396,0.5949364304542542,0.5490198135375977,0.5650917705813764
3669,0.945652174,0.6257582902908325,0.6178162097930908,0.6157956273780505
3670,0.8472527470000001,0.6917355060577393,0.7881977558135986,0.802194228524362
3671,0.922554348,0.4715346395969391,0.5336511135101318,0.5489711730822022
3672,0.1589673909999999,0.6066030263900757,0.4453413486480713,0.4546926634879499
3673,0.0577617329999999,0.33088743686676025,0.14495491981506348,0.1738432017864781
3674,0.143939394,0.4933964014053345,0.5724576711654663,0.5625808673586449
3675,0.12012987,0.4933964014053345,0.5724576711654663,0.5625808673586449
3676,0.625,0.7179548740386963,0.6387921571731567,0.6085786614581467
3677,0.1212121209999999,0.3637259602546692,0.6012019515037537,0.5775562760518662
3678,0.67965368,0.48048463463783264,0.5033517479896545,0.4743205886839498
3679,0.042105263,0.27808982133865356,0.30384236574172974,0.29435679809843096
3680,0.293290043,0.6296056509017944,0.6637527942657471,0.6406490337654751
3681,0.538961039,0.6296056509017944,0.6637527942657471,0.6406490337654751
3682,0.202380952,0.42472684383392334,0.39269423484802246,0.38495678477078066
3683,0.2835497839999999,0.42472684383392334,0.39269423484802246,0.379984564192245
3684,0.10460251,0.20501384139060974,-0.013125002384185791,0.0719467463841418
3685,0.904761905,0.6357091665267944,0.6914123892784119,0.6684595152513797
3686,0.818181818,0.41135215759277344,0.27964526414871216,0.29914565885789096
3687,0.7510822509999999,0.41135215759277344,0.27964526414871216,0.29814739657852346
3688,0.4093959729999999,0.7081158757209778,0.7515552043914795,0.7793755001760077
3689,0.310989011,0.4648912847042084,0.5601234436035156,0.5366547758348504
3690,0.282051282,0.46578484773635864,0.4719650149345398,0.47178244997216723
3691,0.01183432,0.49845343828201294,0.5760347247123718,0.6074749100946146
3692,0.412337662,0.4290838837623596,0.4538097083568573,0.47430493294849607
3693,0.432900433,0.4290838837623596,0.4538097083568573,0.47430493294849607
3694,0.5210526320000001,0.5116790533065796,0.5046226978302002,0.5074753016089483
3695,0.416483516,0.3119400143623352,0.3541719913482666,0.3617159557721382
3696,0.3430735929999999,0.4297369718551636,0.421111524105072,0.3968979338814676
3697,0.33008658,0.4297369718551636,0.421111524105072,0.3949552650719484
3698,0.548117155,0.5300049781799316,0.793314516544342,0.7747144187156216
3699,0.003663004,0.7552452683448792,0.7756805419921875,0.7679294503765304
3700,0.319264069,0.32651621103286743,0.4856700599193573,0.5077315213578488
3701,0.277056277,0.32651621103286743,0.4856700599193573,0.5077315213578488
3702,0.449541284,0.41709721088409424,0.28985655307769775,0.3095809161013564
3703,0.722943723,0.5556877851486206,0.5982509255409241,0.5908335310092256
3704,0.66991342,0.5556877851486206,0.5982509255409241,0.5908335310092256
3705,0.0505494509999999,0.4076589345932007,0.38425928354263306,0.3727535468174587
3706,0.362637363,0.5441296100616455,0.741680920124054,0.7649514678632248
3707,0.979079498,0.6414550542831421,0.5318700075149536,0.534703587509458
3708,0.7246376809999999,0.40034765005111694,0.3356585204601288,0.33782747819910963
3709,0.822580645,0.5458067655563354,0.49765804409980774,0.500560427885294
3710,0.5271739129999999,0.4098304510116577,0.46567830443382263,0.4560306652302135
3711,0.8138528140000001,0.44971489906311035,0.4714799225330353,0.47946587591698114
3712,0.6839826840000001,0.44971489906311035,0.4714799225330353,0.47900514929469934
3713,0.373626374,0.25171372294425964,0.1024930477142334,0.12742102829328572
3714,0.178947368,0.34182947874069214,0.18201184272766113,0.18014381548484198
3715,0.954545455,0.42988845705986023,0.43002623319625854,0.45179566458006537
3716,0.138075314,0.3423551917076111,0.19380107522010803,0.22062812247047875
3717,0.652719665,0.4980412721633911,0.6680035591125488,0.672884127998071
3718,0.772727273,0.5731241703033447,0.49249351024627686,0.4750442572128547
3719,0.769480519,0.5731241703033447,0.49249351024627686,0.46726290680567395
3720,0.342105263,0.3391193747520447,0.39746299386024475,0.40803449406579984
3721,0.6655844160000001,0.6672646999359131,0.6675763130187988,0.6870901274585537
3722,0.422077922,0.6672646999359131,0.6675763130187988,0.6755575899712196
3723,0.51978022,0.558529794216156,0.5311110019683838,0.5170449090638921
3724,0.187725632,0.33942651748657227,0.0894496738910675,0.13521859340101022
3725,0.234899329,0.4984204173088074,0.6716259717941284,0.6711101000265837
3726,0.482683983,0.4269710183143616,0.3261652886867523,0.3429363882699032
3727,0.541125541,0.4269710183143616,0.3261652886867523,0.3350414345006322
3728,0.160326087,0.3589014708995819,0.30619344115257263,0.3111881178518083
3729,0.8505494509999999,0.5622839331626892,0.6134175658226013,0.5999060712815287
3730,0.236842105,0.30141526460647583,0.2619963586330414,0.23688513961450197
3731,0.823076923,0.614173173904419,1.0287342071533203,0.9249438612100244
3732,0.807065217,0.5659820437431335,0.8250386714935303,0.8114226436399913
3733,0.647368421,0.5484684705734253,0.29277220368385315,0.2908851684993803
3734,0.106227106,0.39752480387687683,0.3488900661468506,0.3269872575500275
3735,0.731884058,0.4764184057712555,0.4268215298652649,0.42069024739480565
3736,0.274725275,0.3497651517391205,0.4054984152317047,0.4013162559693889
3737,0.0271739129999999,0.5471691489219666,0.4192931056022644,0.43434884286248476
3738,0.353896104,0.5091415643692017,0.555173933506012,0.5561310992903987
3739,0.281385281,0.5091415643692017,0.555173933506012,0.5561310992903987
3740,0.8789237670000001,0.49667662382125854,0.634991466999054,0.6325568187822102
3741,0.692640693,0.3653135299682617,0.4006531834602356,0.39995100896800717
3742,0.746753247,0.3653135299682617,0.4006531834602356,0.39995100896800717
3743,0.519480519,0.39631548523902893,0.5055593848228455,0.5345876840971844
3744,0.1578947369999999,0.37971487641334534,0.4475107491016388,0.44780097410756686
3745,0.701086957,0.6055188179016113,0.6697199940681458,0.6537901306283163
3746,0.385281385,0.5300243496894836,0.5393884778022766,0.5256544999696122
3747,0.365800866,0.5300243496894836,0.5393884778022766,0.5209512903097842
3748,0.162454874,0.5395346283912659,0.4030035138130188,0.4016049371742165
3749,0.685920578,0.5699859261512756,0.5941119194030762,0.6127160097003701
3750,0.295857988,0.5204600691795349,0.5318893790245056,0.5012457459907679
3751,0.6190476189999999,0.43449586629867554,0.25148850679397583,0.2481326512182342
3752,0.917159763,0.7717357873916626,0.6625275015830994,0.6845694465845398
3753,0.985507246,0.47473734617233276,0.2549019455909729,0.2695080586377487
3754,0.397111913,0.34987756609916687,0.37956491112709045,0.36588979756959916
3755,0.30298913,0.419536828994751,0.611208975315094,0.5838525827072418
3756,0.974895397,0.5930454730987549,0.5418185591697693,0.5633604004306172
3757,0.161290323,0.59165358543396,0.6961566209793091,0.7242333049821706
3758,0.5,0.5878642201423645,0.5552360415458679,0.5871611930689216
3759,0.6982248520000001,0.44193845987319946,0.6341700553894043,0.6425667615648263
3760,0.214285714,0.5530147552490234,0.5662257671356201,0.5618290960115704
3761,0.7105263159999999,0.5497279167175293,0.49015283584594727,0.4815117505000851
3762,0.304347826,0.5221250653266907,0.3137105703353882,0.31144686805198135
3763,0.012987013,0.3676967918872833,0.332313597202301,0.34049983133244444
3764,0.0779220779999999,0.3676967918872833,0.332313597202301,0.3286829451708672
3765,0.138528139,0.5432990789413452,0.3834224343299866,0.40780797720687345
3766,0.085497835,0.5432990789413452,0.3834224343299866,0.4037828488678007
3767,0.224215247,0.44932126998901367,0.6070195436477661,0.587348204805324
3768,0.30941704,0.47770190238952637,0.5854001641273499,0.5848382961116847
3769,0.970108696,0.3905336260795593,0.6117842793464661,0.6012853918947285
3770,0.54076087,0.5750170946121216,0.6715911626815796,0.669051437713429
3771,0.479120879,0.3642367422580719,0.4896632730960846,0.481997772653041
3772,0.422594142,0.6081063151359558,0.6164988875389099,0.6469713307317
3773,0.954945055,0.6990095973014832,0.6464959383010864,0.6183573774195823
3774,0.47032967,0.48059508204460144,0.5376914143562317,0.5193337804203354
3775,0.142857143,0.4615536630153656,0.4054228663444519,0.39580722414301295
3776,0.715367965,0.5894769430160522,0.6099170446395874,0.593758969766558
3777,0.755411255,0.5894769430160522,0.6099170446395874,0.6021515791047856
3778,0.3384615379999999,0.6728174090385437,0.42872270941734314,0.42343541286809094
3779,0.914502165,0.4665776789188385,0.5077952742576599,0.4860893758116548
3780,0.79978355,0.4665776789188385,0.5077952742576599,0.48695880570149863
3781,0.84981685,0.329924613237381,0.4704863429069519,0.46126706448553695
3782,0.382034632,0.4345383942127228,0.1684132218360901,0.19209231580240063
3783,0.399350649,0.4345383942127228,0.1684132218360901,0.19209231580240063
3784,0.696969697,0.45996803045272827,0.4634804129600525,0.48261345541542994
3785,0.45995671,0.5855862498283386,0.6698646545410156,0.6710937757243812
3786,0.637445887,0.5855862498283386,0.6698646545410156,0.6724098548406376
3787,0.266233766,0.49199753999710083,0.38235485553741455,0.3896256425153654
3788,0.2186147189999999,0.49199753999710083,0.38235485553741455,0.3870689513227208
3789,0.221052632,0.3581092059612274,0.48846155405044556,0.5195751814396496
3790,0.256043956,0.38993576169013977,0.17444035410881042,0.18371838231734375
3791,0.313186813,0.5248547196388245,0.4315214455127716,0.4178363787881677
3792,0.050209205,0.23313406109809875,0.11844006180763245,0.15916255960818448
3793,0.941558442,0.5964745283126831,0.6789095401763916,0.6706640869416024
3794,0.70021645,0.4932202100753784,0.59852534532547,0.5996259097536485
3795,0.654761905,0.4932202100753784,0.59852534532547,0.5937143582088964
3796,0.757894737,0.37069135904312134,0.789574384689331,0.7720837284877466
3797,0.928870293,0.6592620611190796,0.8351146578788757,0.8438973344773648
3798,0.758152174,0.5484669804573059,0.7676523923873901,0.7357743612143853
3799,0.370923913,0.5167361497879028,0.594194233417511,0.5982983028495639
3800,0.988095238,0.570213794708252,0.6144194602966309,0.6344560302007125
3801,0.984848485,0.570213794708252,0.6144194602966309,0.6344560302007125
3802,0.096774194,0.4110856056213379,0.6430519819259644,0.6381988075039884
3803,0.485355649,0.5350843667984009,0.6714699268341064,0.64567236926809
3804,0.363636364,0.34511128067970276,0.6218069791793823,0.6002994790377254
3805,0.3019480519999999,0.34511128067970276,0.6218069791793823,0.6002994790377254
3806,0.282417582,0.31984350085258484,0.5840273499488831,0.5967911011571246
3807,0.944293478,0.4616900086402893,0.6208732724189758,0.5948785458934939
3808,0.041420118,0.38792312145233154,0.316564679145813,0.3189153643900631
3809,0.884199134,0.6255486011505127,0.6625986099243164,0.6371682371691753
3810,0.866883117,0.6255486011505127,0.6625986099243164,0.6422133910441136
3811,0.8205128209999999,0.5757898688316345,0.677038311958313,0.6459351953600141
3812,0.635869565,0.5304785966873169,0.5140817165374756,0.5053151756933579
3813,0.375838926,0.45634493231773376,0.5850627422332764,0.5667517650162733
3814,0.60326087,0.4572179913520813,0.5900516510009766,0.5739097167924719
3815,0.949728261,0.49287304282188416,0.5887614488601685,0.5747692005829759
3816,0.123188406,0.3986166715621948,0.4355040490627289,0.4318690315840893
3817,0.7478354979999999,0.3695981204509735,0.33684664964675903,0.348503362503288
3818,0.843073593,0.3695981204509735,0.33684664964675903,0.3440561542932003
3819,0.5324675320000001,0.46005958318710327,0.6258329749107361,0.6517004587824602
3820,0.506493506,0.46005958318710327,0.6258329749107361,0.6517004587824602
3821,0.027056277,0.2584080994129181,0.09301877021789551,0.12585911697930086
3822,0.024891775,0.2584080994129181,0.09301877021789551,0.12780557939227913
3823,0.068421053,0.5263837575912476,0.3886212706565857,0.39932841408206876
3824,0.235054348,0.6623055338859558,0.5760679841041565,0.5558733768568975
3825,0.977578475,0.7510117292404175,0.9547836780548096,0.9028112272484516
3826,0.449134199,0.5956984162330627,0.6906528472900391,0.6984475003321544
3827,0.366883117,0.5956984162330627,0.6906528472900391,0.6925585955597777
3828,0.980978261,0.6548269987106323,0.5260304808616638,0.5160699765336558
3829,0.759340659,0.6026415228843689,0.6614398956298828,0.6639614121827339
3830,0.14673913,0.4445226788520813,0.5113692879676819,0.4833052906714483
3831,0.934911243,0.6033180356025696,0.8442540764808655,0.8354681399467857
3832,0.390532544,0.476421982049942,0.39605486392974854,0.4176631489319358
3833,0.4043956039999999,0.4985964596271515,0.8198695778846741,0.8094549098626262
3834,0.558241758,0.5522928237915039,0.48577284812927246,0.502488413315483
3835,0.537362637,0.45481160283088684,0.3973125219345093,0.40080643655256376
3836,0.843956044,0.6267087459564209,0.6232176423072815,0.6287217811871233
3837,0.36548913,0.500978946685791,0.6496502757072449,0.6198366784622689
3838,0.484304933,0.5272926688194275,0.7021411657333374,0.6878379933835566
3839,0.388528139,0.5990306735038757,0.6879810094833374,0.6773427710343574
3840,0.364718615,0.5990306735038757,0.6879810094833374,0.6773427710343575
3841,0.812274368,0.4031621813774109,0.731905996799469,0.6998661449500749
3842,0.97826087,0.3539256453514099,0.6475585699081421,0.6178065767138202
3843,0.849372385,0.5755385756492615,0.8774265646934509,0.8475713500521851
3844,0.8736263740000001,0.43955305218696594,0.7293429374694824,0.745410585399371
3845,0.44295302,0.6240767240524292,0.6082908511161804,0.6263604609189128
3846,0.49048913,0.7124109268188477,0.6513029932975769,0.6647474041397778
3847,0.97833935,0.8443256616592407,0.5810403823852539,0.5736915645425552
3848,0.671875,0.5602297186851501,0.5899624824523926,0.5961161996387503
3849,0.8934911240000001,0.40775346755981445,0.5762771964073181,0.6019034788992236
3850,0.1894736839999999,0.2668777108192444,0.26262664794921875,0.24558518649079636
3851,0.931868132,0.7264624834060669,0.6197406053543091,0.6477010243782082
3852,0.7186147190000001,0.7739365696907043,0.5088703036308289,0.5056985944680994
3853,0.75,0.7739365696907043,0.5088703036308289,0.5056985944680994
3854,0.7184115520000001,0.6133816838264465,0.6180001497268677,0.6314305584634508
3855,0.612087912,0.538007378578186,0.5868208408355713,0.5989722402488453
3856,0.941558442,0.5546451807022095,0.5814974308013916,0.5954270059174367
3857,1.0,0.5546451807022095,0.5814974308013916,0.5915092149441563
3858,0.548387097,0.5608859062194824,0.7419618368148804,0.7255523195228174
3859,0.395973154,0.5862556099891663,0.7856428027153015,0.7857725836065473
3860,0.627717391,0.4177992641925812,0.5711100697517395,0.5718316884838486
3861,0.9375,0.6095862984657288,0.5363069176673889,0.5669559245629008
3862,0.739177489,0.7279988527297974,0.8911106586456299,0.8799094482487055
3863,0.689393939,0.7279988527297974,0.8911106586456299,0.8799094482487055
3864,0.610738255,0.4944930672645569,0.6931647062301636,0.6944901921977744
3865,0.913357401,0.5870932340621948,0.6632285118103027,0.6346158089661909
3866,0.396103896,0.6686405539512634,0.5739638209342957,0.5844469016608199
3867,0.55234657,0.6201960444450378,0.6186657547950745,0.6485775030355304
3868,0.479120879,0.4366167187690735,0.41512030363082886,0.41887112289045725
3869,0.524175824,0.6386900544166565,0.5175300240516663,0.5292320991071859
3870,0.467391304,0.40243253111839294,0.5769854187965393,0.5662140351016709
3871,0.915584416,0.63279789686203,0.7330262064933777,0.7605475144845139
3872,0.50295858,0.46823927760124207,0.634756863117218,0.6543754568852214
3873,0.7510822509999999,0.5203390121459961,0.5721064209938049,0.5512721247296493
3874,0.6655844160000001,0.5203390121459961,0.5721064209938049,0.551272124729649
3875,0.230125523,0.4976467490196228,0.5728509426116943,0.5517346671970058
3876,0.080163043,0.5073489546775818,0.266879141330719,0.2668381069706392
3877,0.106508876,0.6574327945709229,0.4733431339263916,0.4672904682411132
3878,0.20083682,0.5017735362052917,0.6062928438186646,0.5941853894976434
3879,0.186147186,0.3413039445877075,0.12735870480537415,0.1496328697741953
3880,0.688405797,0.6124834418296814,0.515228271484375,0.5311861543917029
3881,0.1937229439999999,0.5939265489578247,0.7153079509735107,0.7094238821940462
3882,0.198051948,0.5939265489578247,0.7153079509735107,0.7106516222005318
3883,0.323593074,0.4199724495410919,0.35416552424430847,0.33198894606709767
3884,0.230519481,0.4199724495410919,0.35416552424430847,0.3294974056192449
3885,0.17965368,0.37871477007865906,0.3131259083747864,0.3190346396895717
3886,0.142857143,0.37871477007865906,0.3131259083747864,0.3190346396895717
3887,0.67264574,0.6450299024581909,0.4487355649471283,0.4453989436328164
3888,0.660649819,0.46599075198173523,0.6026893258094788,0.6220933203096854
3889,0.8593073590000001,0.6141555309295654,1.0066535472869873,0.9565043662914976
3890,0.896103896,0.6141555309295654,1.0066535472869873,0.9611417422551414
3891,0.541125541,0.5279014110565186,0.7076295614242554,0.6819989251621394
3892,0.4989177489999999,0.5279014110565186,0.7076295614242554,0.6819989251621394
3893,0.331838565,0.3713158965110779,0.37216445803642273,0.3716879654349472
3894,0.826839827,0.4724283814430237,0.4315071403980255,0.4505032678325467
3895,0.838744589,0.4724283814430237,0.4315071403980255,0.45050326783254663
3896,0.304395604,0.4534277021884918,0.452091246843338,0.44546911195947314
3897,0.678700361,0.5968771576881409,0.5035327076911926,0.49644273651264675
3898,0.1114718609999999,0.40817564725875854,0.3601997494697571,0.36862519124180027
3899,0.067099567,0.40817564725875854,0.3601997494697571,0.3686251912418002
3900,0.705263158,0.36316347122192383,0.4373253583908081,0.41293807416906836
3901,0.772893773,0.5582032799720764,0.5956414341926575,0.5897345144802402
3902,0.09375,0.3463355302810669,0.22552543878555298,0.24406697878302835
3903,0.128787879,0.33307820558547974,0.2681746482849121,0.2809654681457641
3904,0.071428571,0.33307820558547974,0.2681746482849121,0.27350292521437186
3905,0.8071748879999999,0.6136687397956848,0.90788733959198,0.8694092057719844
3906,0.0692934779999999,0.31860971450805664,0.34653279185295105,0.3390350178758434
3907,0.1752717389999999,0.4344789385795593,0.5394021272659302,0.567401745360748
3908,0.20989011,0.3479534387588501,0.4268547296524048,0.4156616156303157
3909,0.523465704,0.3623805642127991,0.37297672033309937,0.38492773308681805
3910,0.0779220779999999,0.40318939089775085,0.32546329498291016,0.3450409242179905
3911,0.076839827,0.40318939089775085,0.32546329498291016,0.3450409242179905
3912,0.618206522,0.6524548530578613,0.8618643283843994,0.8361081160687672
3913,0.159090909,0.5093144178390503,0.32741478085517883,0.32008785623944846
3914,0.175324675,0.5093144178390503,0.32741478085517883,0.32008785623944846
3915,0.18021978,0.5335111021995544,0.49391674995422363,0.5184910032107506
3916,0.682310469,0.5967977046966553,0.5368718504905701,0.5223881341424328
3917,0.423076923,0.6075141429901123,0.5111664533615112,0.5204770123140918
3918,0.642663043,0.668678879737854,0.691042423248291,0.6961481927034149
3919,0.677824268,0.4520050287246704,0.3794141709804535,0.38566971690931606
3920,0.244588745,0.35346174240112305,0.2769368886947632,0.29052921789066655
3921,0.845238095,0.4872707724571228,0.5459078550338745,0.5428024956213301
3922,0.7813852809999999,0.4872707724571228,0.5459078550338745,0.54280249562133
3923,0.8117154809999999,0.509225070476532,0.5416832566261292,0.5654237293342196
3924,0.821978022,0.5725347399711609,0.4276942014694214,0.4166765553267897
3925,0.37012987,0.5756331086158752,0.5284674167633057,0.5227674828883528
3926,0.871794872,0.6722137331962585,0.4097764194011688,0.4293601833436609
3927,0.073593074,0.36772799491882324,0.3671574294567108,0.3692129379186698
3928,0.0660173159999999,0.36772799491882324,0.3671574294567108,0.37362160501521535
3929,0.336996337,0.47346311807632446,0.644472062587738,0.6357377126554082
3930,0.974358974,0.6336191892623901,0.6707523465156555,0.6670869282389265
3931,0.079710145,0.24038806557655334,0.35353466868400574,0.35088357780146395
3932,0.53030303,0.3554912209510803,0.2834671139717102,0.29828155841038645
3933,0.491341991,0.3554912209510803,0.2834671139717102,0.29828155841038645
3934,0.7781385279999999,0.7221740484237671,0.5244702696800232,0.5147749791435496
3935,0.760822511,0.7221740484237671,0.5244702696800232,0.5147749791435497
3936,0.25951087,0.4317668676376343,0.44131553173065186,0.42581790109010376
3937,0.7065934070000001,0.5604049563407898,0.5252413749694824,0.5320222788288518
3938,0.112771739,0.4336477518081665,0.22897768020629883,0.24616965376265443
3939,0.2486413039999999,0.4420831799507141,0.6379430294036865,0.6116891249269407
3940,0.467455621,0.3657933473587036,0.5587137341499329,0.5665036409360222
3941,0.006793478,0.4090564548969269,0.23165732622146606,0.2603090765834024
3942,0.268421053,0.4366523027420044,0.5361719131469727,0.5413312923545157
3943,0.676630435,0.46960073709487915,0.3745008409023285,0.3861342955650494
3944,0.6739926740000001,0.412088543176651,0.419301837682724,0.4334269415047276
3945,0.172527473,0.27414438128471375,0.15721848607063293,0.19094037516198528
3946,0.869047619,0.5961738228797913,0.7088572382926941,0.6968462753497593
3947,0.857142857,0.5961738228797913,0.7088572382926941,0.6959174824423745
3948,0.88961039,0.5601778030395508,0.564176082611084,0.5399266810416574
3949,0.905844156,0.5601778030395508,0.564176082611084,0.5399266810416574
3950,0.987771739,0.31218868494033813,0.34365350008010864,0.3651139418301434
3951,0.326359833,0.27292197942733765,0.5546908378601074,0.5240756483096745
3952,0.2467532469999999,0.4160699248313904,0.5809979438781738,0.5756485390206924
3953,0.188311688,0.4160699248313904,0.5809979438781738,0.5756485390206924
3954,0.0027173909999999,0.6082502007484436,0.7172880172729492,0.6904693022317284
3955,0.7662337659999999,0.5149800777435303,0.5398379564285278,0.5139650588003842
3956,0.440433213,0.5401058197021484,0.6066859364509583,0.6043625381723754
3957,0.05298913,0.5302824378013611,0.41167721152305603,0.42592302475999533
3958,0.590909091,0.6389384865760803,0.6981956362724304,0.7041104981723512
3959,0.6634199129999999,0.6389384865760803,0.6981956362724304,0.7035046876964954
3960,0.7218934909999999,0.32785290479660034,0.4197959899902344,0.3885790335788725
3961,0.369047619,0.4483727216720581,0.34654712677001953,0.3245603025028555
3962,0.325757576,0.4483727216720581,0.34654712677001953,0.3245603025028555
3963,0.68021978,0.5853095054626465,0.6035357713699341,0.5945511060344739
3964,0.5670995670000001,0.6566673517227173,0.5852905511856079,0.5767952965515439
3965,0.554112554,0.6566673517227173,0.5852905511856079,0.5767954777797515
3966,0.680473373,0.3040950298309326,0.4196760654449463,0.4190670725445499
3967,0.038043478,0.6050376296043396,0.4843868017196655,0.48245416126173923
3968,0.958241758,0.6511988639831543,0.7681390643119812,0.7666715920777278
3969,0.643939394,0.37836942076683044,0.4420454204082489,0.432346847776392
3970,0.614718615,0.37836942076683044,0.4420454204082489,0.4329235752708396
3971,0.113636364,0.48333939909935,0.3214269280433655,0.32976359035491476
3972,0.137445887,0.48333939909935,0.3214269280433655,0.32976359035491476
3973,0.090909091,0.3712031841278076,0.23686641454696655,0.25072667395926995
3974,0.5129870129999999,0.577700674533844,0.644660472869873,0.6186962584553978
3975,0.284632035,0.577700674533844,0.644660472869873,0.6258315037239445
3976,0.075313808,0.3210143446922302,0.2551988959312439,0.26579400189481867
3977,0.537878788,0.4284329414367676,0.3020535409450531,0.30427496622348904
3978,0.503246753,0.4284329414367676,0.3020535409450531,0.30834447756293176
3979,0.25,0.4355625808238983,0.46641790866851807,0.4520860447279608
3980,0.2088744589999999,0.4355625808238983,0.46641790866851807,0.4520860447279609
3981,0.578125,0.6357445120811462,0.5578168034553528,0.5821208563696612
3982,0.036101083,0.4871847331523895,0.3515802025794983,0.3228050896249748
3983,0.831521739,0.4407617151737213,0.5454187393188477,0.5189516828599721
3984,0.735054348,0.6487540006637573,0.6697443723678589,0.7015932429540342
3985,0.718120805,0.5827876925468445,0.5851941108703613,0.5609506738020602
3986,0.081081081,0.36932680010795593,0.5236536264419556,0.526549683300473
3987,0.423160173,0.5641475915908813,0.6417673230171204,0.6419349862309163
3988,0.4025974029999999,0.5641475915908813,0.6417673230171204,0.6419349862309163
3989,0.7633136090000001,0.5286687612533569,0.5481473207473755,0.5643414397373003
3990,0.6686390529999999,0.6449909210205078,0.7156853675842285,0.7114703213507176
3991,0.6996336999999999,0.5332130789756775,0.20970892906188965,0.20327717045862587
3992,0.428571429,0.3561893105506897,0.2226337492465973,0.2533789754048831
3993,0.8890109890000001,0.5452249050140381,0.6614819169044495,0.6836663870093551
3994,0.784615385,0.5345808863639832,0.5264531970024109,0.5123712157329597
3995,0.3285714289999999,0.3855273127555847,0.4233281910419464,0.40524818912966176
3996,0.95995671,0.532754123210907,0.6813796758651733,0.6803693647150991
3997,0.913419913,0.532754123210907,0.6813796758651733,0.6803693647150992
3998,0.372294372,0.6187463998794556,0.47570961713790894,0.4952422319704388
3999,0.409090909,0.6187463998794556,0.47570961713790894,0.4952422319704388
4000,0.8842105259999999,0.6583259105682373,0.5546761155128479,0.561286638153688
4001,0.3268398269999999,0.2395247220993042,0.3595680892467499,0.3649037982668275
4002,0.297619048,0.2395247220993042,0.3595680892467499,0.3649037982668275
4003,0.313852814,0.44395625591278076,0.4204198718070984,0.4402126048781667
4004,0.306277056,0.44395625591278076,0.4204198718070984,0.4444982219182294
4005,0.420995671,0.6390978097915649,0.5417095422744751,0.5492974327481183
4006,0.308441558,0.6390978097915649,0.5417095422744751,0.5492974327481182
4007,0.928571429,0.5207200050354004,0.6399791836738586,0.62329966332599
4008,0.988095238,0.5207200050354004,0.6399791836738586,0.616332810822247
4009,0.447698745,0.38869768381118774,0.3800048828125,0.3793887338712234
4010,0.439393939,0.5518865585327148,0.4985046088695526,0.49991487035433146
4011,0.542207792,0.5518865585327148,0.4985046088695526,0.5014297425934066
4012,0.21978022,0.6444718837738037,0.4430569112300873,0.45804538383598314
4013,0.794223827,0.6852895617485046,0.6869512796401978,0.6888819722939059
4014,0.225941423,0.4547278881072998,0.15086573362350464,0.1819135025494814
4015,0.584615385,0.5820433497428894,0.5392698645591736,0.5429704850120032
4016,0.384210526,0.5232587456703186,0.49470674991607666,0.5171020821920665
4017,0.648535565,0.4723989963531494,0.5095473527908325,0.49552645165291914
4018,0.652631579,0.5815111994743347,0.527224600315094,0.5315619872443913
4019,0.19665272,0.4060210585594177,0.25652116537094116,0.285778733649828
4020,0.668831169,0.5620250701904297,0.6046169996261597,0.5844727113566727
4021,0.662337662,0.48350903391838074,0.4316178560256958,0.4497454872797964
4022,0.954545455,0.6179564595222473,0.8070238828659058,0.7836407738052961
4023,0.930735931,0.6179564595222473,0.8070238828659058,0.7836407738052961
4024,0.207792208,0.38627657294273376,0.5798197388648987,0.5702382195856437
4025,0.891774892,0.6218100786209106,0.6952424049377441,0.6779825443710209
4026,0.834415584,0.6218100786209106,0.6952424049377441,0.677982544371021
4027,0.38961039,0.5185573101043701,0.7293597459793091,0.7423277559237585
4028,0.738255034,0.5789222717285156,0.4935252368450165,0.5121217269360732
4029,0.597402597,0.5043927431106567,0.4839634895324707,0.49997520900496684
4030,0.880866426,0.6022825837135315,0.6597508788108826,0.6623102315556705
4031,0.989177489,0.7558347582817078,0.7926568984985352,0.7964236858325046
4032,0.971861472,0.7558347582817078,0.7926568984985352,0.7850691533471912
4033,0.385650224,0.4574451446533203,0.41760334372520447,0.4022807585021889
4034,0.280334728,0.4513898491859436,0.5732361674308777,0.5648112622363034
4035,0.937238494,0.5840595364570618,0.6287381649017334,0.6143594075001583
4036,0.186813187,0.4432738721370697,0.41837888956069946,0.4076433515864911
4037,0.853479853,0.634980320930481,0.6197108626365662,0.6241182428084542
4038,0.4838709679999999,0.49394863843917847,0.5931850075721741,0.6056732454479103
4039,0.252631579,0.2573271691799164,0.36308103799819946,0.37487619054979304
4040,0.963315217,0.5348332524299622,0.8099695444107056,0.7846409303119213
4041,0.8451086959999999,0.41956275701522827,0.48408639430999756,0.5033241504162441
4042,0.239177489,0.4609309434890747,0.4638195037841797,0.4579551992290164
4043,0.220779221,0.4609309434890747,0.4638195037841797,0.4579551992290164
4044,0.157509158,0.2740181088447571,0.21165171265602112,0.21863500480512582
4045,0.435064935,0.684523344039917,0.6819783449172974,0.6533038737017092
4046,0.013586957,0.47922319173812866,0.3973194658756256,0.37567169983042303
4047,0.480978261,0.597303032875061,0.6367976665496826,0.6580485431745275
4048,0.623188406,0.6321550011634827,0.734525740146637,0.72873283375156
4049,0.583333333,0.7420693635940552,0.5864500403404236,0.6096858139436021
4050,0.562770563,0.7420693635940552,0.5864500403404236,0.6068940589739668
4051,0.1086956519999999,0.6275554299354553,0.2182280719280243,0.2448748847435984
4052,0.546536797,0.46964842081069946,0.4682016670703888,0.46763557038301473
4053,0.5324675320000001,0.46964842081069946,0.4682016670703888,0.46763557038301484
4054,0.875,0.43888694047927856,0.6330762505531311,0.6091378725421246
4055,0.753246753,0.6395102143287659,0.44664353132247925,0.4307193702258263
4056,0.656903766,0.7351975440979004,0.6958849430084229,0.7036955406726562
4057,0.978021978,0.7051674127578735,0.90312260389328,0.8893008470048656
4058,0.891304348,0.6730552315711975,0.952873170375824,0.8955454885044061
4059,0.714801444,0.35198527574539185,0.459484338760376,0.45615730561836654
4060,0.432432432,0.37728163599967957,0.4203419089317322,0.40820116330721123
4061,0.702197802,0.47380369901657104,0.31354013085365295,0.3211048255220667
4062,0.357798165,0.6151334047317505,0.5856179594993591,0.5988590966372851
4063,0.5,0.4750794470310211,0.5193086266517639,0.5302761524137745
4064,0.149350649,0.3494592308998108,0.3076139986515045,0.28370107587416915
4065,0.108225108,0.3494592308998108,0.3076139986515045,0.28370107587416915
4066,0.524891775,0.46446698904037476,0.5030155181884766,0.49458419947437693
4067,0.519480519,0.46446698904037476,0.5030155181884766,0.49740076787942844
4068,0.616883117,0.522297203540802,0.4517401456832886,0.47122839078524226
4069,0.885281385,0.3318130373954773,0.2349451184272766,0.24794902728579318
4070,0.8712121209999999,0.6885219812393188,0.5443766117095947,0.5671117333812667
4071,0.862554113,0.6885219812393188,0.5443766117095947,0.5587825526081638
4072,0.184782609,0.4510507881641388,0.630321741104126,0.6332843708110044
4073,0.275815217,0.4650227129459381,0.36093026399612427,0.3729029281809888
4074,0.640659341,0.4179477095603943,0.3361508548259735,0.3256446491771617
4075,0.794836957,0.5214699506759644,0.3582664132118225,0.37218502046166624
4076,0.221467391,0.41838395595550537,0.37487804889678955,0.37654794334806135
4077,0.430735931,0.5051785111427307,0.5199260711669922,0.5398709528297039
4078,0.384199134,0.5051785111427307,0.5199260711669922,0.5398709528297039
4079,1.0,0.6323418021202087,0.8961637020111084,0.8658287365597906
4080,0.706959707,0.3726615905761719,0.427153617143631,0.4023515018945302
4081,0.6725274729999999,0.4048534631729126,0.4668750762939453,0.43603396478580847
4082,0.615384615,0.41217178106307983,0.37904757261276245,0.37177226853845696
4083,0.4835164839999999,0.6907743811607361,0.7123838663101196,0.69227313088818
4084,0.881318681,0.4273722171783447,0.4784081280231476,0.49617386249611545
4085,0.487012987,0.3913186192512512,0.45094728469848633,0.44559933663105494
4086,0.187229437,0.2894304394721985,0.30671951174736023,0.3008725413418247
4087,0.1688311689999999,0.2894304394721985,0.30671951174736023,0.30087254134182473
4088,0.3992673989999999,0.6800770163536072,0.5422874689102173,0.545025984413843
4089,0.615384615,0.5824462175369263,0.6919302940368652,0.7188809325949513
4090,0.205627706,0.48969948291778564,0.47551336884498596,0.46582368232868465
4091,0.166666667,0.48969948291778564,0.47551336884498596,0.46582368232868465
4092,0.664502165,0.5668888688087463,0.569841206073761,0.5632140758114624
4093,0.572510823,0.5668888688087463,0.569841206073761,0.5632140758114624
4094,0.8241758240000001,0.3422563076019287,0.48314255475997925,0.4904162527404402
4095,0.798165138,0.48671379685401917,0.5247470140457153,0.5411521309002177
4096,0.862771739,0.47093665599823,0.6102539896965027,0.623981782347234
4097,0.784632035,0.5486515760421753,0.5905670523643494,0.5820900798999187
4098,0.892857143,0.5486515760421753,0.5905670523643494,0.5820900798999187
4099,0.182417582,0.5028111338615417,0.24412938952445984,0.27660405795760856
4100,0.155963303,0.43540483713150024,0.4340381920337677,0.43927292851968835
4101,0.661538462,0.6415332555770874,0.6314051747322083,0.6251306637102241
4102,0.330275229,0.27597570419311523,0.23678946495056152,0.22122313757661838
4103,0.673913043,0.34628039598464966,0.41149866580963135,0.4216181941831156
4104,0.396103896,0.5368530750274658,0.6049101948738098,0.6291467023610747
4105,0.371212121,0.5368530750274658,0.6049101948738098,0.6291467023610747
4106,0.9375,0.6501463651657104,0.7933105826377869,0.7833990815906586
4107,0.631793478,0.5256611108779907,0.6651300191879272,0.6373086110924872
4108,0.046875,0.3529123067855835,0.4717695415019989,0.4581492492879142
4109,0.609865471,0.4725680947303772,0.31768855452537537,0.33454736832161214
4110,0.327445652,0.5364275574684143,0.5352029204368591,0.5384804734804438
4111,0.542207792,0.4994087815284729,0.5423669815063477,0.5157710813436518
4112,0.508658009,0.4994087815284729,0.5423669815063477,0.5157710813436518
4113,0.8993506490000001,0.4667763113975525,0.4031917154788971,0.38604618626809734
4114,0.887445887,0.4667763113975525,0.4031917154788971,0.4063826598991469
4115,0.953804348,0.48690247535705566,0.7313569784164429,0.7540243097310525
4116,0.762228261,0.5464794039726257,0.5165287256240845,0.5226291167726866
4117,0.252707581,0.47213631868362427,0.3745577335357666,0.4051588899035553
4118,0.621301775,0.48134446144104004,0.49165821075439453,0.4919320514552027
4119,0.371841155,0.6872178316116333,0.6781190633773804,0.6983753436163929
4120,0.519021739,0.49798282980918884,0.6032842993736267,0.5825351899919265
4121,0.873646209,0.6080315709114075,0.5416337251663208,0.5646329591268919
4122,0.387228261,0.5118919610977173,0.5837305784225464,0.5790110667469436
4123,0.015625,0.4360796809196472,0.21367555856704712,0.19979792682991238
4124,0.7201086959999999,0.7249621152877808,0.526405930519104,0.5209015876832599
4125,0.051630435,0.5925829410552979,0.14119654893875122,0.16373484372576275
4126,0.8744588740000001,0.6652532815933228,0.8432325124740601,0.8419559981048244
4127,0.8755411259999999,0.6652532815933228,0.8432325124740601,0.8479126008744335
4128,0.495670996,0.4155084490776062,0.7557768821716309,0.7809135532824458
4129,0.488095238,0.4155084490776062,0.7557768821716309,0.7776840700757526
4130,0.576839827,0.5687350630760193,0.41486483812332153,0.4152892665442304
4131,0.556277056,0.5687350630760193,0.41486483812332153,0.4152892665442304
4132,0.189010989,0.4360576868057251,0.5999190807342529,0.5733888636355254
4133,0.607142857,0.5706377029418945,0.5598506331443787,0.5737160828733346
4134,0.58008658,0.5706377029418945,0.5598506331443787,0.5700735920853205
4135,0.9566787,0.5625852942466736,0.6063335537910461,0.6220214769968158
4136,0.743206522,0.3466520607471466,0.4643236994743347,0.4723289238256846
4137,0.190217391,0.6516005396842957,0.35577279329299927,0.36706440698917664
4138,0.2779783389999999,0.3899049758911133,0.44000062346458435,0.4569021090759142
4139,0.766304348,0.6153246760368347,0.31321293115615845,0.3259261851861033
4140,0.7359307359999999,0.4561075270175934,0.5209022164344788,0.5166702502679759
4141,0.70995671,0.4561075270175934,0.5209022164344788,0.5128870674767995
4142,0.860054348,0.5477685928344727,0.714089572429657,0.7138237281739959
4143,0.410326087,0.5221796035766602,0.6385893821716309,0.6508364902244838
4144,0.902597403,0.7093578577041626,0.6584198474884033,0.6843123171140544
4145,0.906926407,0.7093578577041626,0.6584198474884033,0.6843123171140544
4146,0.5,0.6068576574325562,0.6956051588058472,0.6711573020143164
4147,0.529891304,0.4803032875061035,0.40682679414749146,0.4116021285164905
4148,0.180735931,0.5177682638168335,0.2691218852996826,0.2715112809931476
4149,0.186147186,0.5177682638168335,0.2691218852996826,0.2723064993897768
4150,0.4594594589999999,0.6481153964996338,0.5620607733726501,0.5591650899271898
4151,0.573593074,0.7565435171127319,0.8666136264801025,0.8403627272071887
4152,0.55952381,0.7565435171127319,0.8666136264801025,0.8403627272071887
4153,0.570652174,0.5007495284080505,0.6638465523719788,0.6522392314064718
4154,0.441558442,0.6052688360214233,0.7968597412109375,0.7933925781330178
4155,0.140625,0.2863271236419678,0.050045013427734375,0.1073523599841244
4156,0.894736842,0.47720789909362793,0.3919374942779541,0.3997683094051111
4157,0.342391304,0.46355339884757996,0.4330901503562927,0.46076079684515847
4158,0.5519480520000001,0.6946983337402344,0.4184056520462036,0.400886225962234
4159,0.354619565,0.4866800308227539,0.5339217185974121,0.546374488769465
4160,0.202166065,0.427874892950058,0.4522661566734314,0.4611384714415001
4161,0.161684783,0.4935041069984436,0.2106638252735138,0.20793581502684863
4162,0.976190476,0.7126820087432861,0.5541026592254639,0.5742961215872868
4163,0.939393939,0.7126820087432861,0.5541026592254639,0.5742961215872868
4164,0.808441558,0.4495946764945984,0.38103920221328735,0.3914989691451049
4165,0.7489177490000001,0.4495946764945984,0.38103920221328735,0.3914989691451049
4166,0.671195652,0.39864441752433777,0.0811997652053833,0.13118500825151988
4167,0.536231884,0.5772236585617065,0.6273711919784546,0.6413865521789794
4168,0.4935064939999999,0.3036729097366333,0.6558670997619629,0.6284347158543291
4169,0.138528139,0.43021050095558167,0.43645018339157104,0.4313159143650812
4170,0.846153846,0.6785233020782471,0.6826637983322144,0.6723895965747682
4171,0.47826087,0.5501178503036499,0.6350815296173096,0.6333743930218061
4172,0.176895307,0.441175639629364,0.5971173644065857,0.5694730501793429
4173,0.3116883119999999,0.5648239254951477,0.39974579215049744,0.38656126064564367
4174,0.618681319,0.6075670719146729,0.8452104330062866,0.8197039321999138
4175,0.100591716,0.4892720580101013,0.437355101108551,0.431812854714794
4176,0.8111413040000001,0.5280768871307373,0.5396542549133301,0.5543570880688296
4177,0.705494505,0.6809252500534058,0.564284086227417,0.581762744157631
4178,0.082840237,0.18259233236312866,0.07842212915420532,0.09460451436142987
4179,0.3505434779999999,0.3948632776737213,0.3474099636077881,0.35823118848336194
4180,0.482336957,0.24339714646339417,0.2864854633808136,0.28826350086971597
4181,0.729241877,0.4475981295108795,0.3111764192581177,0.3032173706196617
4182,0.10326087,0.3553849756717682,0.24944138526916504,0.259221218935068
4183,0.361471861,0.4286964535713196,0.14940479397773743,0.17450744023248163
4184,0.455627706,0.4286964535713196,0.14940479397773743,0.1768452866533285
4185,0.317582418,0.5911243557929993,0.5451090931892395,0.5542110226838031
4186,0.826086957,0.6162042021751404,0.7731665372848511,0.7620696352689778
4187,0.597402597,0.4475100636482239,0.4346218705177307,0.4136054024265107
4188,0.285326087,0.6344870924949646,0.34686005115509033,0.3603494154161755
4189,0.95970696,0.6977717876434326,0.42120587825775146,0.39050175505865514
4190,0.919282511,0.555505633354187,0.6793091297149658,0.6675730632842347
4191,0.216216216,0.49032625555992126,0.41895002126693726,0.39160961297756447
4192,0.107692308,0.4645000696182251,0.547505259513855,0.5296156054741701
4193,0.8526315790000001,0.5875736474990845,0.8189080953598022,0.7884546362368897
4194,0.854619565,0.6567452549934387,0.5831421613693237,0.5935598360650565
4195,0.548701299,0.4538535177707672,0.42940080165863037,0.4125968088852944
4196,0.425324675,0.4538535177707672,0.42940080165863037,0.4125968088852944
4197,0.11038961,0.38963398337364197,0.3224836587905884,0.31984320014329565
4198,0.642857143,0.43295207619667053,0.3705170452594757,0.38970373828216676
4199,0.7186147190000001,0.43295207619667053,0.3705170452594757,0.38577989129829315
4200,0.075757576,0.41404998302459717,0.2047397494316101,0.22285028574189025
4201,0.028138528,0.41404998302459717,0.2047397494316101,0.20580845256671762
4202,0.13961039,0.4095790982246399,0.5580393671989441,0.5611918086660503
4203,0.167748918,0.4095790982246399,0.5580393671989441,0.5611918086660503
4204,0.084615385,0.5521973371505737,0.6085096597671509,0.6326119517994602
4205,0.398550725,0.49011924862861633,0.4454907774925232,0.43381752637936544
4206,0.610108303,0.5911747217178345,0.6666765213012695,0.6363559846446709
4207,0.725543478,0.5611910820007324,0.5442432761192322,0.5331810450604214
4208,0.4736263739999999,0.563579797744751,0.575143575668335,0.6004603435681088
4209,0.463203463,0.6607898473739624,0.5474648475646973,0.5243177864938123
4210,0.1059782609999999,0.5345669984817505,0.6299507021903992,0.6142393148216811
4211,0.8772563179999999,0.4376169443130493,0.6371830105781555,0.6209331489295864
4212,0.612554113,0.6623722314834595,0.7039642930030823,0.7054058694703854
4213,0.673913043,0.41191354393959045,0.5749974250793457,0.5528424450712032
4214,0.267663043,0.3745904266834259,0.40276092290878296,0.41817615854526435
4215,0.310469314,0.5638577938079834,0.3621178865432739,0.3545508451557544
4216,0.619565217,0.5663284063339233,0.4867834150791168,0.5143028242864268
4217,0.449450549,0.2903464138507843,0.4978761672973633,0.48390092620699476
4218,0.376623377,0.594115674495697,0.456407755613327,0.45926232242750487
4219,0.902597403,0.5181903839111328,0.7734160423278809,0.768060921121591
4220,0.972826087,0.48565155267715454,0.5789312720298767,0.5493026246827857
4221,0.614718615,0.4780735373497009,0.43431806564331055,0.41620632319180784
4222,0.62012987,0.4780735373497009,0.43431806564331055,0.41620632319180784
4223,0.978021978,0.5993692278862,0.7058918476104736,0.6997520837808029
4224,0.5844155839999999,0.4089444577693939,0.3339059352874756,0.3240334161949766
4225,0.442640693,0.4089444577693939,0.3339059352874756,0.3240334161949766
4226,0.992779783,0.7342368960380554,0.7371134757995605,0.7476957683059866
4227,0.1991341989999999,0.4788781404495239,0.44000130891799927,0.46026524121823886
4228,0.205627706,0.4788781404495239,0.44000130891799927,0.46026524121823886
4229,0.703125,0.4195884168148041,0.38779979944229126,0.4010482640005215
4230,0.940828402,0.7517737150192261,0.7376070618629456,0.7552266496796289
4231,0.957792208,0.5849491357803345,0.66893470287323,0.6842067057875731
4232,0.938311688,0.5849491357803345,0.66893470287323,0.6920963821578784
4233,0.156950673,0.3135184645652771,0.13065192103385925,0.1300720803760802
4234,0.129076087,0.615321159362793,0.49440789222717285,0.49443097211013387
4235,0.804112554,0.5102251768112183,0.6912400722503662,0.702513272217995
4236,0.83982684,0.5102251768112183,0.6912400722503662,0.702513272217995
4237,0.564516129,0.2970162332057953,0.6085683107376099,0.5780054973028047
4238,0.46875,0.7492972016334534,0.7241675853729248,0.7464592616096182
4239,0.58982684,0.5724884867668152,0.6342900991439819,0.654273357645323
4240,0.564935065,0.5724884867668152,0.6342900991439819,0.654273357645323
4241,0.476190476,0.24934980273246765,0.4885562062263489,0.4679061825616335
4242,0.471861472,0.24934980273246765,0.4885562062263489,0.4978938806383901
4243,0.5,0.463151216506958,0.6893643140792847,0.6691637216375783
4244,0.904891304,0.5353000164031982,0.5604407787322998,0.5465846931526273
4245,0.7142857140000001,0.48373478651046753,0.4064692556858063,0.3798073890352516
4246,0.663157895,0.6110801100730896,0.666785717010498,0.6861483271579436
4247,0.981651376,0.521277904510498,0.8127892017364502,0.8267903827023191
4248,0.093073593,0.5119103193283081,0.8180402517318726,0.821154892739197
4249,0.125541126,0.5119103193283081,0.8180402517318726,0.8111061533875702
4250,0.861413043,0.4775790572166443,0.8576297760009766,0.8173932928882264
4251,0.16017316,0.48902517557144165,0.5615522861480713,0.5478382459955684
4252,0.1114718609999999,0.48902517557144165,0.5615522861480713,0.5478382459955684
4253,0.71875,0.627275824546814,0.8782137632369995,0.8954783881212001
4254,0.796536797,0.5099048018455505,0.5852933526039124,0.5985735572689721
4255,0.8170995670000001,0.5099048018455505,0.5852933526039124,0.5941080789359126
4256,0.083032491,0.3175455927848816,0.26784804463386536,0.26192768049294674
4257,0.155234657,0.4830440580844879,0.41032496094703674,0.3795943395167628
4258,1.0,0.6691281795501709,0.4355263411998749,0.4226228153131637
4259,0.004076087,0.25256621837615967,0.377920538187027,0.3853148201602934
4260,0.902597403,0.6988025307655334,0.8054424524307251,0.8302839773707766
4261,0.955627706,0.6604924201965332,0.7119507789611816,0.7123097456869041
4262,0.920995671,0.6604924201965332,0.7119507789611816,0.7123097456869041
4263,0.935064935,0.7536554932594299,0.5607889890670776,0.5947552686363194
4264,0.336956522,0.48224443197250366,0.44344550371170044,0.4205716970703983
4265,0.1875,0.4254824221134186,0.3487793207168579,0.32612432980326145
4266,0.435483871,0.5160959362983704,0.34465381503105164,0.3272257465076649
4267,0.201098901,0.48380059003829956,0.30439475178718567,0.3218778107384318
4268,0.903532609,0.6934577226638794,0.6901801228523254,0.6859753609447043
4269,0.134228188,0.656545877456665,0.7826027870178223,0.8038521566273502
4270,0.188858696,0.670763373374939,0.7510517835617065,0.7180112880542908
4271,0.331360947,0.2739811837673187,0.5078830718994141,0.4925260499787365
4272,0.8483754509999999,0.6724740862846375,0.7450011968612671,0.7136148777322546
4273,0.784753363,0.5772830247879028,0.33667653799057007,0.34441162335932785
4274,0.372282609,0.4590718746185303,0.7164618968963623,0.6951870058455254
4275,0.8311688309999999,0.5497201681137085,0.6736605763435364,0.6656276555948231
4276,0.87012987,0.4666650891304016,0.5656697750091553,0.5738950108424037
4277,0.91017316,0.4666650891304016,0.5656697750091553,0.5623834847508782
4278,0.151624549,0.5571812391281128,0.5216500163078308,0.5377278912239889
4279,0.6442953020000001,0.7287082672119141,0.630935788154602,0.6032862901703514
4280,0.555956679,0.5304441452026367,0.407331645488739,0.41954448592643556
4281,0.28125,0.44729119539260864,0.36515724658966064,0.3729576115155606
4282,0.28125,0.5304886698722839,0.3358417749404907,0.30925681203938366
4283,0.056277056,0.3930026888847351,0.22276034951210022,0.22582125412907683
4284,0.072510823,0.3930026888847351,0.22276034951210022,0.22582125412907683
4285,0.403225806,0.3608233332633972,0.4104040265083313,0.43381350357846493
4286,0.090252708,0.2664070725440979,0.08526173233985901,0.1041280726693825
4287,0.4678899079999999,0.4085352420806885,0.3416755497455597,0.33038234919652776
4288,0.012987013,0.5422650575637817,0.43744245171546936,0.43218378725958506
4289,0.372197309,0.6109732389450073,0.4986096918582916,0.49409278038642773
4290,0.0507246379999999,0.19117337465286255,0.04886442422866821,0.09239425184425418
4291,0.682417582,0.6113543510437012,0.6491382718086243,0.6259421807737159
4292,0.02166065,0.27966514229774475,-0.10070353746414185,0.052936452054436756
4293,0.2922077919999999,0.47098153829574585,0.38147422671318054,0.35316152997671013
4294,0.2370129869999999,0.5698851943016052,0.5113492012023926,0.5080410817144544
4295,0.24025974,0.5698851943016052,0.5113492012023926,0.5080410817144544
4296,0.121076233,0.7020216584205627,0.7208640575408936,0.7044449288762298
4297,0.2824675319999999,0.7598389983177185,0.6754469275474548,0.6815924885858553
4298,0.353896104,0.7598389983177185,0.6754469275474548,0.6815924885858553
4299,0.607336957,0.4184483587741852,0.5896657705307007,0.5744192503146797
4300,0.8428571429999999,0.7194304466247559,0.895627498626709,0.8987726391996032
4301,0.978021978,0.5145561695098877,0.5779476761817932,0.5872942794664997
4302,0.348993289,0.5457029938697815,0.5889064073562622,0.6183398295170925
4303,0.36038961,0.6092289090156555,0.5269213914871216,0.539927139417198
4304,0.405844156,0.6092289090156555,0.5269213914871216,0.539927139417198
4305,0.732217573,0.6486417055130005,0.7308811545372009,0.7430141398419176
4306,0.7472924190000001,0.7649538516998291,0.8526350259780884,0.8401145330200508
4307,0.3285714289999999,0.45172232389450073,0.25239065289497375,0.23384899997615813
4308,0.914402174,0.6169613003730774,0.6593382954597473,0.6482230605834809
4309,0.675271739,0.6260402202606201,0.7269179224967957,0.6965913728660114
4310,0.057065217,0.491763710975647,0.2949523627758026,0.2954173072946417
4311,0.202445652,0.5483638644218445,0.4857307970523834,0.4822133907354481
4312,0.339350181,0.5855469107627869,0.7098385095596313,0.6996652177778598
4313,0.945054945,0.5251349210739136,0.6127874255180359,0.606062458757242
4314,0.797101449,0.7067325711250305,0.6590279936790466,0.6763522251182381
4315,0.8340807170000001,0.48384782671928406,0.6437018513679504,0.6303575148545599
4316,0.75,0.6208104491233826,0.4386448860168457,0.4680954981916809
4317,0.904761905,0.47031503915786743,0.49910521507263184,0.5068076756179223
4318,0.954545455,0.47031503915786743,0.49910521507263184,0.5068076756179223
4319,0.6931407940000001,0.4507092237472534,0.4101325273513794,0.44244668304647145
4320,0.49112426,0.5027680993080139,0.8796813488006592,0.8670817774258472
4321,0.76534296,0.5645128488540649,0.6804118156433105,0.6783781909937714
4322,0.93956044,0.6708949208259583,1.0784724950790405,0.9381545705622087
4323,0.208053691,0.49463292956352234,0.48641154170036316,0.48218839204582153
4324,0.351902174,0.6313099265098572,0.7192899584770203,0.7323087977574887
4325,1.0,0.5175207853317261,0.6052584648132324,0.6018110717445238
4326,0.981601732,0.5175207853317261,0.6052584648132324,0.6002910435395423
4327,0.501358696,0.49944183230400085,0.4909164309501648,0.47655562105802407
4328,0.527472527,0.5607552528381348,0.40612345933914185,0.41470381729693306
4329,0.438858696,0.646721601486206,0.9349895119667053,0.8916678642100073
4330,0.381318681,0.5875481367111206,0.42751437425613403,0.40872199834568035
4331,0.897186147,0.6863737106323242,0.6518530249595642,0.6498510562742212
4332,0.911255411,0.6863737106323242,0.6518530249595642,0.6498510562742212
4333,0.97309417,0.4882671535015106,0.6888077855110168,0.6829216083269333
4334,0.908791209,0.5517491102218628,0.6699859499931335,0.6590592930992984
4335,0.563852814,0.35124945640563965,0.033947765827178955,0.06908878150170923
4336,0.50974026,0.35124945640563965,0.033947765827178955,0.06908878150170923
4337,0.742105263,0.7168636918067932,0.7172264456748962,0.7139080668411837
4338,0.725806452,0.6612489223480225,0.7104212641716003,0.6891554310180921
4339,0.35426009,0.5800117254257202,0.5793037414550781,0.5789941839683437
4340,0.832214765,0.7284783124923706,0.6649901866912842,0.6718652654922515
4341,0.965367965,0.6271777749061584,0.5319908857345581,0.5321212606212342
4342,0.931818182,0.6271777749061584,0.5319908857345581,0.5276041837130256
4343,0.938461538,0.592009961605072,0.6801339387893677,0.6875560928949358
4344,0.341991342,0.5438424348831177,0.2050778865814209,0.2267853391150987
4345,0.561141304,0.6415506601333618,0.6245558261871338,0.6305342157381713
4346,0.0947368419999999,0.4967501163482666,0.674536943435669,0.6639977068779785
4347,0.600649351,0.7286726236343384,0.5993818640708923,0.6018716051901821
4348,0.583333333,0.7286726236343384,0.5993818640708923,0.571699081040373
4349,0.866108787,0.46605026721954346,0.5128342509269714,0.5321411075340263
4350,0.7824675320000001,0.6931442022323608,0.6516217589378357,0.6546922076581172
4351,0.6309523810000001,0.6931442022323608,0.6516217589378357,0.6599602518494986
4352,0.329004329,0.26630035042762756,0.35994818806648254,0.35751965185597073
4353,0.32034632,0.26630035042762756,0.35994818806648254,0.3512506429615234
4354,0.495670996,0.2244257926940918,0.22469407320022583,0.20934981335713537
4355,0.469314079,0.4355360269546509,0.6209336519241333,0.605919451514662
4356,0.628787879,0.4253707528114319,0.4897206425666809,0.47579747741868816
4357,0.515151515,0.4253707528114319,0.4897206425666809,0.47589900811889185
4358,0.1558441559999999,0.5914105772972107,0.598414957523346,0.5962417812527449
4359,0.084415584,0.5914105772972107,0.598414957523346,0.5962417812527449
4360,0.306277056,0.5697328448295593,0.4994516372680664,0.5101303942580666
4361,0.304112554,0.5697328448295593,0.4994516372680664,0.5101303942580666
4362,0.886813187,0.8883136510848999,0.7094272375106812,0.6853480968552599
4363,0.830163043,0.5325881242752075,0.9182257056236267,0.8873140098983288
4364,0.029891304,0.4615323543548584,0.29152923822402954,0.28462907887376176
4365,0.8050541520000001,0.6838478446006775,0.6663092374801636,0.6787235382163366
4366,0.986486486,0.6139389872550964,0.49534550309181213,0.5095131156778028
4367,0.662337662,0.6443999409675598,0.5600390434265137,0.5768469565622996
4368,0.827922078,0.6443999409675598,0.5600390434265137,0.5768469565622995
4369,0.116883117,0.3845648765563965,0.34653282165527344,0.3567924582367794
4370,0.616847826,0.680962085723877,0.671416699886322,0.7038852860423213
4371,0.400815217,0.5500580668449402,0.6178143620491028,0.6184133873941715
4372,0.6143497760000001,0.6456358432769775,0.580805242061615,0.5612725664285347
4373,0.167119565,0.5154963135719299,0.6108211874961853,0.6007006151217422
4374,0.053691275,0.385256290435791,0.39007288217544556,0.37729519424393354
4375,0.347826087,0.47137904167175293,0.6287698745727539,0.6229563957977688
4376,0.836956522,0.5394973158836365,0.6651596426963806,0.6393420812340735
4377,0.63961039,0.5541689991950989,0.5420631170272827,0.5663329606267883
4378,0.601731602,0.5541689991950989,0.5420631170272827,0.5663329606267883
4379,0.538461538,0.38511037826538086,0.21164894104003906,0.21216595970060279
4380,0.584210526,0.6632183194160461,0.6407909989356995,0.6227029040091139
4381,0.1266233769999999,0.5760473012924194,0.4342561960220337,0.45661848299611163
4382,0.204545455,0.5760473012924194,0.4342561960220337,0.45661848299611163
4383,0.82034632,0.500250518321991,0.50885009765625,0.48734569195592614
4384,0.8495671,0.500250518321991,0.50885009765625,0.48734569195592614
4385,0.561688312,0.643151044845581,0.7326908111572266,0.7137070819766635
4386,0.622294372,0.643151044845581,0.7326908111572266,0.7137070819766635
4387,0.854978355,0.6547795534133911,0.7027031183242798,0.6809578447785217
4388,0.915584416,0.6547795534133911,0.7027031183242798,0.6809578447785217
4389,0.942857143,0.6066653728485107,0.46776920557022095,0.49829995489430506
4390,0.02173913,0.3488374352455139,0.18250107765197754,0.21618542053630813
4391,0.107692308,0.35677313804626465,0.2646614909172058,0.2528359905575834
4392,0.047252747,0.3564216196537018,0.4015137255191803,0.3778329844000673
4393,0.2432065219999999,0.3668923079967499,0.3635317087173462,0.36683632717446546
4394,0.0041841,0.4914921522140503,0.411802738904953,0.44075696857183433
4395,0.63956044,0.4752856194972992,0.6633318066596985,0.6550061772287352
4396,0.054112554,0.604909360408783,0.5368868708610535,0.5149593909009802
4397,0.0508658009999999,0.604909360408783,0.5368868708610535,0.5151395971670967
4398,0.896860987,0.4798646569252014,0.44131746888160706,0.471826495096509
4399,0.183423913,0.6994884014129639,0.6960774660110474,0.7039367011353908
4400,0.285198556,0.3849806785583496,0.38329899311065674,0.37993972473727566
4401,0.041125541,0.4683786928653717,0.33248430490493774,0.35535993904779467
4402,0.025974026,0.4683786928653717,0.33248430490493774,0.35535993904779467
4403,0.5865800870000001,0.49914824962615967,0.5683584213256836,0.5407730298161373
4404,0.708874459,0.4068618416786194,0.563115656375885,0.5498362135966501
4405,0.674242424,0.4068618416786194,0.563115656375885,0.5498362135966501
4406,0.1417748919999999,0.45119670033454895,0.6132971048355103,0.6015356742407176
4407,0.098484848,0.45119670033454895,0.6132971048355103,0.6015356742407176
4408,0.6839826840000001,0.5461786389350891,0.6304919719696045,0.6533165198432214
4409,0.5963203460000001,0.5461786389350891,0.6304919719696045,0.6533165198432214
4410,0.486413043,0.37084659934043884,0.40344542264938354,0.3940058475425389
4411,0.462121212,0.48449063301086426,0.2795023024082184,0.27167927889255167
4412,0.458874459,0.48449063301086426,0.2795023024082184,0.27167927889255167
4413,0.658008658,0.34773582220077515,0.44184818863868713,0.43528607428523813
4414,0.675324675,0.34773582220077515,0.44184818863868713,0.43528607428523813
4415,0.301775148,0.5510056018829346,0.6569803953170776,0.6759592466988851
4416,0.357336957,0.460741251707077,0.311540812253952,0.341989557139346
4417,0.948369565,0.6378272771835327,0.7368015050888062,0.7473764385676436
4418,0.087912088,0.49539485573768616,0.4291979670524597,0.42920756688412265
4419,0.866425993,0.3578145205974579,0.33101433515548706,0.3108514577001806
4420,0.639945652,0.44066140055656433,0.4198446273803711,0.40988616649201925
4421,0.154891304,0.42131325602531433,0.36400824785232544,0.38999915859643197
4422,0.7513586959999999,0.6624554991722107,0.7844828367233276,0.7698274059787165
4423,0.827922078,0.4440128803253174,0.669549286365509,0.6511514306895809
4424,0.895021645,0.4440128803253174,0.669549286365509,0.6511514306895809
4425,0.783393502,0.46780556440353394,0.6400152444839478,0.6340021414435175
4426,0.7943722940000001,0.5227508544921875,0.634627103805542,0.6274643824618624
4427,0.8138528140000001,0.5227508544921875,0.634627103805542,0.6274643824618624
4428,0.771428571,0.5384065508842468,0.3671836853027344,0.38318725665160364
4429,0.423913043,0.4965178966522217,0.31203263998031616,0.30649610232135693
4430,0.758389262,0.48475033044815063,0.4115292429924011,0.3842062462011485
4431,0.691558442,0.40468645095825195,0.7064676284790039,0.7076852719906908
4432,0.71969697,0.40468645095825195,0.7064676284790039,0.7076852719906908
4433,0.485930736,0.4600602686405182,0.707722544670105,0.7044928765550578
4434,0.388528139,0.4600602686405182,0.707722544670105,0.6982432163088625
4435,0.035714286,0.37590283155441284,0.33126145601272583,0.3497079721789704
4436,0.114718615,0.37590283155441284,0.33126145601272583,0.3497079721789705
4437,0.002164502,0.3231263756752014,0.3135867118835449,0.3077730052202361
4438,0.00974026,0.3231263756752014,0.3135867118835449,0.3077730052202361
4439,0.7751479290000001,0.52711421251297,0.5412939786911011,0.5352823174849977
4440,0.2996389889999999,0.2811809182167053,0.1814371943473816,0.20222505310381728
4441,0.209205021,0.30569279193878174,0.3230782747268677,0.3372315430154362
4442,0.755434783,0.36439430713653564,0.4957103729248047,0.5027847521757762
4443,0.3376623379999999,0.3652051091194153,0.3625510334968567,0.3596530832180545
4444,0.318181818,0.3652051091194153,0.3625510334968567,0.35965308321805445
4445,1.0,0.609268307685852,0.6487798094749451,0.6259956924015562
4446,1.0,0.4944954812526703,0.6445728540420532,0.6293281584885921
4447,0.633136095,0.6593480110168457,0.6221374869346619,0.6366083816102382
4448,0.321052632,0.30180105566978455,0.382024347782135,0.3971850573915115
4449,0.293406593,0.6773647665977478,0.6659882068634033,0.6782003714868102
4450,0.895604396,0.5352353453636169,0.4021342396736145,0.42497939670488394
4451,0.826315789,0.574264645576477,0.849320113658905,0.8624590164572217
4452,0.3964497039999999,0.48599177598953247,0.50503009557724,0.48549086598121205
4453,0.331168831,0.3663318157196045,0.5544945597648621,0.5307149108822455
4454,0.955163043,0.46362319588661194,0.5595126748085022,0.554769269906506
4455,0.8654708520000001,0.7668530941009521,0.6165373921394348,0.6017422254453428
4456,0.952380952,0.6016519069671631,0.42609328031539917,0.4364361024429859
4457,0.993288591,0.6157212257385254,0.5275911688804626,0.5589740535076313
4458,0.44765343,0.36001089215278625,0.2554268538951874,0.24520654859795482
4459,0.1698369569999999,0.37090981006622314,0.47520095109939575,0.4622690146223596
4460,0.681818182,0.658981442451477,0.641631543636322,0.6375975172327971
4461,0.324675325,0.4845413267612457,0.47130054235458374,0.4666276111460693
4462,0.278138528,0.4845413267612457,0.47130054235458374,0.4666276111460693
4463,0.38451087,0.7369604110717773,0.7910423278808594,0.7622347113579114
4464,0.420289855,0.32216039299964905,0.2518274188041687,0.284083903610602
4465,0.668831169,0.5092494487762451,0.5407975912094116,0.5309321711518272
4466,0.708874459,0.5092494487762451,0.5407975912094116,0.5526352294790939
4467,0.3928571429999999,0.47310560941696167,0.6830604672431946,0.6904634025970384
4468,0.347402597,0.47310560941696167,0.6830604672431946,0.6904634025970384
4469,0.351464435,0.566734790802002,0.6968957185745239,0.6832168867423292
4470,0.398097826,0.5914391279220581,0.5295406579971313,0.5564744611132615
4471,0.535564854,0.4897143244743347,0.6046038866043091,0.6315336029507223
4472,0.2173913039999999,0.46063441038131714,0.47471702098846436,0.49214481806116744
4473,0.864835165,0.2913687825202942,0.28690075874328613,0.3175805803323819
4474,0.134529148,0.21725201606750488,0.33319270610809326,0.3482079383975221
4475,0.6158008660000001,0.7221746444702148,0.4343333840370178,0.41467850604270473
4476,0.495670996,0.7221746444702148,0.4343333840370178,0.41467850604270473
4477,0.659090909,0.5083423256874084,0.5452774167060852,0.5654992320345973
4478,0.585497835,0.5083423256874084,0.5452774167060852,0.5601511884563668
4479,0.37987013,0.42517420649528503,0.4460224509239197,0.42664775083305223
4480,0.401515152,0.42517420649528503,0.4460224509239197,0.42782469819971003
4481,0.058608059,0.3668310344219208,0.1247415542602539,0.13910392769500693
4482,0.5665760870000001,0.5018614530563354,0.5251147747039795,0.5441686734875555
4483,0.1924686189999999,0.3447015881538391,0.25285810232162476,0.2631251821897302
4484,0.846320346,0.3355172276496887,0.4839175343513489,0.463967447839296
4485,0.153532609,0.2363002896308899,0.41129153966903687,0.41855696855371416
4486,0.296536797,0.3448271155357361,0.25144296884536743,0.24355349425445288
4487,0.4309623429999999,0.5432766079902649,0.7024484276771545,0.705223128826731
4488,0.238095238,0.4921800196170807,0.5137372016906738,0.5409563123684069
4489,0.679347826,0.569027841091156,0.631929874420166,0.622535006958184
4490,0.64673913,0.611495852470398,0.3475939631462097,0.36070523101344487
4491,0.67114094,0.43154609203338623,0.4667961001396179,0.4662351741278905
4492,0.414502165,0.41125938296318054,0.5077204704284668,0.5195313397150088
4493,0.387445887,0.41125938296318054,0.5077204704284668,0.5174013690517412
4494,0.7337662340000001,0.6457297801971436,0.657921552658081,0.6531853797920466
4495,0.641774892,0.6457297801971436,0.657921552658081,0.6516351479534508
4496,0.181818182,0.5812678337097168,0.6741650700569153,0.6496791977465028
4497,0.4529147979999999,0.7343413829803467,0.6319763660430908,0.6355786310021738
4498,0.953125,0.4713905453681946,0.5417478680610657,0.5486690882972682
4499,0.4686147189999999,0.6625754833221436,0.5156838893890381,0.5340548582872193
4500,0.5129870129999999,0.6625754833221436,0.5156838893890381,0.5360801428709905
4501,0.095238095,0.23819229006767273,0.19142767786979675,0.2158900892159729
4502,0.138528139,0.23819229006767273,0.19142767786979675,0.21592087448007052
4503,0.594594595,0.3379790484905243,0.4458116590976715,0.45301409551249827
4504,0.846153846,0.4394295811653137,0.2345021367073059,0.20363118343512338
4505,0.018315018,0.5432561039924622,0.23892050981521606,0.23349353370966283
4506,0.778947368,0.3930395841598511,0.34856128692626953,0.3561079989134495
4507,0.47985348,0.40059325098991394,0.27191033959388733,0.2915536441228044
4508,0.233183857,0.4551370143890381,0.6441203951835632,0.6296554816511285
4509,0.234432234,0.36971256136894226,0.2177181839942932,0.207427616490392
4510,0.69058296,0.639468252658844,0.5835763812065125,0.6086677544232347
4511,0.8513513509999999,0.6590874195098877,0.9156664609909058,0.8852733867097191
4512,0.103139013,0.4640327990055084,0.45656904578208923,0.4377395555588236
4513,0.963157895,0.613234281539917,0.5551408529281616,0.565681595865638
4514,0.511210762,0.5428018569946289,0.761145293712616,0.7466630402344021
4515,0.594202899,0.45854997634887695,0.6603548526763916,0.6712498797121839
4516,0.448369565,0.4925307333469391,0.5890470743179321,0.5975312005248551
4517,0.5216450220000001,0.4029371738433838,0.5347051024436951,0.5190433018971914
4518,0.659090909,0.4029371738433838,0.5347051024436951,0.5241922087242674
4519,0.26007326,0.40425950288772583,0.34072527289390564,0.35501093716084825
4520,0.528985507,0.3415645360946655,0.4476587772369385,0.42995654010377016
4521,0.195887446,0.4088744521141052,0.4743627905845642,0.48489565102186055
4522,0.252164502,0.4088744521141052,0.4743627905845642,0.4752187023249017
4523,0.889945652,0.6363080739974976,0.821334719657898,0.8104221050942739
4524,0.756756757,0.6673622131347656,0.8108293414115906,0.7813954909194847
4525,0.34375,0.47650161385536194,0.2758798599243164,0.29864914326540243
4526,0.8464673909999999,0.6044607758522034,0.4172512888908386,0.41484914209794865
4527,0.516304348,0.6309734582901001,0.7958276271820068,0.7819293506975922
4528,0.389945652,0.471457302570343,0.3729526102542877,0.372006262416376
4529,0.47706422,0.5137094259262085,0.5090093016624451,0.5218898189156653
4530,0.696750903,0.6810387969017029,0.5679287314414978,0.5504231308143558
4531,0.562770563,0.6396679282188416,0.5173813700675964,0.5054089684730612
4532,0.448051948,0.6396679282188416,0.5173813700675964,0.4975482674253784
4533,0.554112554,0.4403563141822815,0.4473794400691986,0.45084541945120304
4534,0.293478261,0.5442164540290833,0.7429665327072144,0.7338143152154628
4535,0.7798913040000001,0.4849352240562439,0.5771805047988892,0.5906964575170273
4536,0.626373626,0.44884592294692993,0.6629209518432617,0.6607364667867184
4537,0.385321101,0.596038818359375,0.5207535624504089,0.5002410935013117
4538,0.994565217,0.6729795336723328,0.45511820912361145,0.47446916564966024
4539,0.201183432,0.4269278645515442,0.5388624668121338,0.5298270886098599
4540,0.181318681,0.5353463292121887,0.3591826558113098,0.3701935618617115
4541,0.404761905,0.4249192178249359,0.44670727849006653,0.4325545729726945
4542,0.272727273,0.4249192178249359,0.44670727849006653,0.4353306036826703
4543,0.444043321,0.4897850751876831,0.36773672699928284,0.3771069206398169
4544,0.421875,0.5819162130355835,0.5695372819900513,0.5991031482794766
4545,0.82967033,0.6709768772125244,0.6592154502868652,0.6872954964305088
4546,0.623641304,0.6445173025131226,0.8900155425071716,0.8578614823185271
4547,0.876923077,0.5665362477302551,0.7896301746368408,0.7842472808796056
4548,0.534296029,0.4812418818473816,0.30497294664382935,0.32095907534232565
4549,0.086642599,0.36113452911376953,0.3099781274795532,0.31297372003494534
4550,0.163157895,0.5677239894866943,0.6269048452377319,0.6524210933011332
4551,0.014440433,0.5865906476974487,0.4615124762058258,0.4671400187397674
4552,0.899328859,0.5896131992340088,0.42113572359085083,0.41685177426517217
4553,0.051948052,0.5244483947753906,0.2660679817199707,0.24787302494695682
4554,0.63451087,0.41292160749435425,0.36346474289894104,0.3389365751568815
4555,0.723849372,0.4986463785171509,0.6430929899215698,0.6635595601063329
4556,0.214765101,0.5518761873245239,0.3507058620452881,0.3429791514531675
4557,0.355311355,0.5656001567840576,0.544363796710968,0.5518641581279117
4558,0.334065934,0.5364940166473389,0.5942121744155884,0.5739625119699798
4559,0.025974026,0.522243857383728,0.3316916525363922,0.34779762697587435
4560,0.162337662,0.522243857383728,0.3316916525363922,0.34779762697587435
4561,0.804733728,0.5711637735366821,0.7561401724815369,0.762401556784446
4562,0.770642202,0.39780598878860474,0.3771790862083435,0.36590131037644935
4563,0.263736264,0.31464654207229614,0.3637968897819519,0.3804818875042606
4564,0.964285714,0.39528530836105347,0.4132041335105896,0.4371606386038822
4565,0.963203463,0.39528530836105347,0.4132041335105896,0.4371606386038822
4566,0.879194631,0.6007078886032104,0.662364661693573,0.6493491984776318
4567,0.4798206279999999,0.6653639078140259,0.713729739189148,0.7249567959107783
4568,0.017663043,0.33678188920021057,0.12239864468574524,0.13473987830663708
4569,0.958158996,0.605789065361023,0.6604275703430176,0.6541296103348271
4570,0.764835165,0.6434820294380188,0.7358376979827881,0.7442993148918603
4571,0.441558442,0.4136752784252167,0.47998809814453125,0.46725989947613245
4572,0.423160173,0.4136752784252167,0.47998809814453125,0.46725989947613245
4573,0.556213018,0.3965274691581726,0.4690681993961334,0.48782110086591624
4574,0.2971014489999999,0.4704541265964508,0.4546080231666565,0.43911574864207736
4575,0.883116883,0.4969409108161926,0.49067223072052,0.490688921077812
4576,0.91991342,0.4969409108161926,0.49067223072052,0.47736213531018834
4577,0.592391304,0.48739269375801086,0.6498633623123169,0.655260175486528
4578,0.904395604,0.5545825362205505,0.9181936979293823,0.8857790774159111
4579,0.711956522,0.4872269332408905,0.8012977838516235,0.7718469642373202
4580,0.7640692640000001,0.465705543756485,0.5943070650100708,0.5831322729380166
4581,0.841991342,0.465705543756485,0.5943070650100708,0.5831322729380166
4582,0.4512635379999999,0.5032334923744202,0.6708415746688843,0.656967212018757
4583,0.5021645020000001,0.5226905941963196,0.2452712059020996,0.27040494407214183
4584,0.4177489179999999,0.5226905941963196,0.2452712059020996,0.27040494407214183
4585,0.949790795,0.7882128953933716,0.7127302289009094,0.7316282348620857
4586,0.275824176,0.5026594400405884,0.5438412427902222,0.5354054026484711
4587,0.224025974,0.5181236267089844,0.2903105616569519,0.26767031773116545
4588,0.239177489,0.5181236267089844,0.2903105616569519,0.2687326951005821
4589,0.3491847829999999,0.5768036842346191,0.5124563574790955,0.49976928193060227
4590,0.760869565,0.45298081636428833,0.36809614300727844,0.35638386809213973
4591,0.71875,0.5224393606185913,0.6694890260696411,0.6592267855395342
4592,0.615789474,0.6090924143791199,0.7985676527023315,0.7739619630329635
4593,0.054945055,0.351299524307251,0.10149019956588745,0.14557287505048647
4594,0.959731544,0.6920631527900696,0.7517151236534119,0.7420919683957515
4595,0.079120879,0.5664269924163818,0.5645776391029358,0.5724101463074853
4596,0.653532609,0.5270181894302368,0.572460412979126,0.5932344476532628
4597,0.464673913,0.8184036612510681,0.7457911968231201,0.7373836414243649
4598,0.389121339,0.5538973808288574,0.6128893494606018,0.606537126804386
4599,0.843049327,0.5909713506698608,0.5551230907440186,0.5744941047199248
4600,0.577617329,0.47216367721557617,0.6407144665718079,0.6448183832767806
4601,0.64573991,0.810142457485199,0.7157126069068909,0.7093960785317516
4602,0.995670996,0.5418946743011475,0.6785960793495178,0.6685059743714158
4603,0.970779221,0.5418946743011475,0.6785960793495178,0.6685059743714158
4604,0.039402174,0.5109776258468628,0.3817123770713806,0.3891866705544369
4605,0.296875,0.6590400338172913,0.6362518072128296,0.6335564205517042
4606,0.984848485,0.6506117582321167,0.7398104071617126,0.7608262473832925
4607,0.951298701,0.6506117582321167,0.7398104071617126,0.7608262473832925
4608,0.711038961,0.5171028971672058,0.5834063291549683,0.6150106875453795
4609,0.7370129870000001,0.5171028971672058,0.5834063291549683,0.6138540885032491
4610,0.792207792,0.5038279294967651,0.6101738214492798,0.6376243796585301
4611,0.5443786979999999,0.6516568660736084,0.8770465850830078,0.8430258787314556
4612,0.686098655,0.4411836266517639,0.7917213439941406,0.7783382356310278
4613,0.7934065929999999,0.4603056013584137,0.45256370306015015,0.4278616251610059
4614,0.295964126,0.6244988441467285,0.6517552733421326,0.6477109619119742
4615,0.392663043,0.6926009058952332,0.6624763011932373,0.6456304086304839
4616,0.986413043,0.5349938869476318,0.7898678779602051,0.8010770747532723
4617,0.171548117,0.3972177505493164,0.38158929347991943,0.36283424556876753
4618,0.076086957,0.3307234048843384,0.2332102358341217,0.2445884450302372
4619,0.600732601,0.4038175940513611,0.41715043783187866,0.4470423407192031
4620,0.907608696,0.44931772351264954,0.5144738554954529,0.5235646661532861
4621,0.66017316,0.5609686374664307,0.44073250889778137,0.43535696825394443
4622,0.608225108,0.5609686374664307,0.44073250889778137,0.43535696825394443
4623,0.548351648,0.28180545568466187,0.3549751341342926,0.3569166014784677
4624,0.25,0.468442440032959,0.4041556715965271,0.4177090757285943
4625,0.182417582,0.3491806983947754,0.20661661028862,0.23720656939724566
4626,0.24048913,0.7041046619415283,0.7842835187911987,0.763060155040511
4627,0.7839673909999999,0.680317759513855,0.7740950584411621,0.786654125574061
4628,0.7219730940000001,0.4797816574573517,0.3160966634750366,0.3307598223630766
4629,0.61038961,0.41974306106567383,0.3245023488998413,0.2926656526138103
4630,0.52173913,0.4443846344947815,0.19216996431350708,0.21553396885625425
4631,0.818181818,0.6213130950927734,0.7288374900817871,0.7576068083605753
4632,0.94701087,0.6819751262664795,0.5552719831466675,0.5470101179200735
4633,0.5201793720000001,0.44393742084503174,0.46156391501426697,0.47358719254483955
4634,0.604026846,0.2404148280620575,0.11121681332588196,0.12704531845831632
4635,0.8714285709999999,0.48228582739830017,0.49163582921028137,0.4816329467042404
4636,0.523809524,0.4993177056312561,0.42355209589004517,0.395071989998583
4637,0.720879121,0.7024093866348267,0.7478700280189514,0.7575095053891547
4638,0.165137615,0.5353492498397827,0.26207977533340454,0.2671794936081715
4639,0.905405405,0.5605847239494324,0.47908127307891846,0.4759698447023649
4640,0.265625,0.6274158954620361,0.5857551693916321,0.6033460118070892
4641,0.624548736,0.6262698769569397,0.4847969710826874,0.4662093992995605
4642,0.258152174,0.5937130451202393,0.6537160873413086,0.6523173887426488
4643,0.754512635,0.41947004199028015,0.519001305103302,0.4929417572362166
4644,0.70995671,0.5688373446464539,0.47765064239501953,0.49633850053927636
4645,0.7164502159999999,0.5688373446464539,0.47765064239501953,0.4963385005392762
4646,0.41991342,0.6608911752700806,0.5711535215377808,0.5984526851587202
4647,0.44047619,0.6608911752700806,0.5711535215377808,0.592954697595507
4648,0.28440367,0.5991776585578918,0.5360699892044067,0.5262483246742838
4649,0.4977578479999999,0.4425215423107147,0.44487619400024414,0.4474937800463721
4650,0.418410042,0.48916932940483093,0.6064250469207764,0.6330980237810897
4651,0.470852018,0.5164462327957153,0.48167678713798523,0.4809509047173768
4652,0.909090909,0.38495486974716187,0.5721776485443115,0.5673488815226289
4653,0.38021978,0.4460277259349823,0.4896541237831116,0.502267468655462
4654,0.590909091,0.4696883261203766,0.5751253962516785,0.5817651580006433
4655,0.054151625,0.41258057951927185,0.25003403425216675,0.24702034204926887
4656,0.971861472,0.7122936844825745,0.7701223492622375,0.741027365703889
4657,0.165919283,0.7284477949142456,0.6960431337356567,0.7014358622858744
4658,0.147928994,0.45416060090065,0.5729826092720032,0.5996509575901572
4659,0.74556213,0.38230764865875244,0.4886215031147003,0.46275764277797393
4660,0.811659193,0.5610095858573914,0.597744345664978,0.6257986336842736
4661,0.891213389,0.5934028029441833,0.7098061442375183,0.6833206489276343
4662,0.142259414,0.29973435401916504,0.07799071073532104,0.0995847831398046
4663,0.627705628,0.4078470468521118,0.7159000039100647,0.7223829609817534
4664,0.574675325,0.4078470468521118,0.7159000039100647,0.7061608660564413
4665,0.887445887,0.37016335129737854,0.4704758822917938,0.469185368461311
4666,0.7792207790000001,0.37016335129737854,0.4704758822917938,0.469185368461311
4667,0.807359307,0.6514651775360107,0.5627055168151855,0.5600332691586951
4668,0.8365800870000001,0.6514651775360107,0.5627055168151855,0.5600332691586951
4669,0.457399103,0.6383404731750488,0.7452329993247986,0.7156558389566869
4670,0.4170403589999999,0.4357479214668274,0.529015064239502,0.5516969586363076
4671,0.456709957,0.7302759885787964,0.5979301929473877,0.6069298817955623
4672,0.520562771,0.7302759885787964,0.5979301929473877,0.6069298817955623
4673,0.231868132,0.5930360555648804,0.5945014953613281,0.5794694673589781
4674,0.34057971,0.439944326877594,0.45504623651504517,0.43566981554705864
4675,0.35326087,0.5189397931098938,0.49748796224594116,0.4788542704857353
4676,0.64516129,0.41885530948638916,0.41332361102104187,0.42763298390250637
4677,0.7142857140000001,0.6815609931945801,0.5940918326377869,0.5865798662682182
4678,0.651006711,0.6878604888916016,0.41290175914764404,0.3981310741721642
4679,0.895380435,0.6592260599136353,0.7354903221130371,0.7542983973093277
4680,0.402366864,0.6762807369232178,0.6891070008277893,0.6871501778229001
4681,0.119047619,0.48948466777801514,0.5520073175430298,0.546482290097272
4682,0.130952381,0.48948466777801514,0.5520073175430298,0.546482290097272
4683,0.19701087,0.6377884149551392,0.3755451440811157,0.3718137859472559
4684,0.346570397,0.37270575761795044,0.6049669981002808,0.5973195936073391
4685,0.0433213,0.4020876884460449,0.3637102246284485,0.3486354803971111
4686,0.544836957,0.6043587327003479,0.6763303279876709,0.6642494694704747
4687,0.092050209,0.5072671175003052,0.4492819905281067,0.4574587473671643
4688,0.017751479,0.24507048726081848,0.24871832132339478,0.26002865738169034
4689,0.401098901,0.4685119390487671,0.6521136164665222,0.6585032886702011
4690,0.915750916,0.503633439540863,0.38372933864593506,0.38509967064248135
4691,0.326086957,0.33789950609207153,0.544924795627594,0.5286972979836209
4692,0.279891304,0.47854307293891907,0.6637205481529236,0.6558046237644446
4693,0.30044843,0.23310208320617676,0.3834007978439331,0.3962430210239374
4694,0.33008658,0.5069997310638428,0.5668247938156128,0.546820977423274
4695,0.25974026,0.5069997310638428,0.5668247938156128,0.5459363786238274
4696,0.6725274729999999,0.6547857522964478,0.5683190822601318,0.5472803061847111
4697,0.0681818179999999,0.3798690736293793,0.25030311942100525,0.2530303079908989
4698,0.018398268,0.3798690736293793,0.25030311942100525,0.2577937867824631
4699,0.461538462,0.46606409549713135,0.49670082330703735,0.520617494738765
4700,0.2,0.5803816318511963,0.6298659443855286,0.6254530498208042
4701,0.013452915,0.49017366766929626,0.7100609540939331,0.7309157430503919
4702,0.664835165,0.520500898361206,0.5921397805213928,0.6273662342433364
4703,0.10041841,0.34115731716156006,0.4004659950733185,0.37240289489390055
4704,0.930769231,0.5313163995742798,0.6958140134811401,0.6881804489474251
4705,0.8428571429999999,0.5434621572494507,0.7241592407226562,0.7217308332803503
4706,0.115942029,0.20069384574890137,0.23577269911766052,0.21386982445221508
4707,0.04978355,0.38068896532058716,0.09294679760932922,0.10963696741241999
4708,0.979619565,0.38844776153564453,0.48839426040649414,0.5246288189666457
4709,0.7527173909999999,0.7980258464813232,0.7471777200698853,0.7547801368990641
4710,0.555194805,0.5146802663803101,0.635626494884491,0.6376381333813086
4711,0.577922078,0.5146802663803101,0.635626494884491,0.6479872238169313
4712,0.771428571,0.5185826420783997,0.5443882942199707,0.5620466811808154
4713,0.210526316,0.3453923463821411,0.4628121852874756,0.4507375106517495
4714,0.3378378379999999,0.3546638488769531,0.49026060104370117,0.5116591720300526
4715,0.163043478,0.31965240836143494,0.2825968563556671,0.2958618143712596
4716,0.270562771,0.3376109004020691,0.24735480546951294,0.22603442994772682
4717,0.3376623379999999,0.3376109004020691,0.24735480546951294,0.22603442994772682
4718,0.1320346319999999,0.4921133518218994,0.598980724811554,0.6000222706620406
4719,0.260822511,0.4921133518218994,0.598980724811554,0.6000222706620406
4720,0.7813186809999999,0.5208286046981812,0.5114826560020447,0.4844450486896571
4721,0.311594203,0.36006030440330505,0.4415780305862427,0.40983493449995223
4722,0.805706522,0.4311816394329071,0.5623396039009094,0.5316714067873708
4723,0.433423913,0.650743842124939,0.919945240020752,0.8730607913196129
4724,0.508658009,0.7002854347229004,0.7263351678848267,0.7125135734796296
4725,0.531385281,0.7002854347229004,0.7263351678848267,0.7113075787665415
4726,0.434977578,0.42284446954727173,0.7285220623016357,0.7108820596766983
4727,0.446886447,0.30688387155532837,0.3380521535873413,0.34800478512035016
4728,0.479619565,0.5708702206611633,0.405198335647583,0.39108339618596344
4729,0.449275362,0.32551801204681396,0.35950756072998047,0.3627414545809688
4730,0.665271967,0.5685535669326782,0.6860078573226929,0.6567749919392063
4731,0.926739927,0.7237643599510193,0.7445530295372009,0.7353737764351449
4732,0.444805195,0.6977288722991943,0.7724622488021851,0.7829917631264718
4733,0.5021645020000001,0.6977288722991943,0.7724622488021851,0.7829917631264718
4734,0.385281385,0.7315476536750793,0.43829041719436646,0.4540065049728498
4735,0.473684211,0.5148627758026123,0.32223400473594666,0.30304638502874887
4736,0.751648352,0.5266823768615723,0.5103551745414734,0.5178086282059668
4737,0.278026906,0.4017210006713867,0.6787952184677124,0.6704428104504269
4738,0.547252747,0.651085615158081,0.5548722743988037,0.5643434291198239
4739,0.278138528,0.3235776722431183,0.467281699180603,0.4752477815604171
4740,0.286796537,0.3235776722431183,0.467281699180603,0.4752477815604171
4741,0.6081081079999999,0.6676639318466187,0.5913453102111816,0.6070618150392526
4742,0.470779221,0.3788110613822937,0.6022347807884216,0.5984172529578171
4743,0.656926407,0.3788110613822937,0.6022347807884216,0.5984172529578171
4744,0.6634199129999999,0.38617759943008423,0.36525431275367737,0.3892531280437509
4745,0.582251082,0.38617759943008423,0.36525431275367737,0.38920875523381193
4746,0.798206278,0.4205934405326843,0.6691906452178955,0.6844693795181216
4747,0.355704698,0.518759548664093,0.8939507007598877,0.8709685740503428
4748,0.545454545,0.342048704624176,0.4997765123844147,0.5072594776673898
4749,0.822510823,0.6375869512557983,0.8752100467681885,0.8471190456094972
4750,0.8744588740000001,0.6375869512557983,0.8752100467681885,0.8471190456094972
4751,0.905829596,0.3042101263999939,0.423621267080307,0.39356477490267305
4752,0.6359832639999999,0.5814922451972961,0.6345415115356445,0.6392152751873298
4753,0.768398268,0.5269272327423096,0.5892925262451172,0.5973387260784133
4754,0.7132034629999999,0.5269272327423096,0.5892925262451172,0.5973387260784134
4755,0.284518828,0.4646914005279541,0.3982436954975128,0.3824001414404802
4756,0.11038961,0.42080554366111755,0.4238579571247101,0.4034865566211434
4757,0.187229437,0.42080554366111755,0.4238579571247101,0.4034865566211434
4758,0.596467391,0.4158097505569458,0.5754432082176208,0.559771394320628
4759,0.006493506,0.25218603014945984,0.028381317853927612,0.09036763985936627
4760,0.216117216,0.6353555917739868,0.3708900213241577,0.38400258597412606
4761,0.0194805189999999,0.37364694476127625,0.1419113576412201,0.16323036519807238
4762,0.002164502,0.37364694476127625,0.1419113576412201,0.16323036519807238
4763,0.651648352,0.4203326404094696,0.3541721701622009,0.37719337160481753
4764,0.2173913039999999,0.47710129618644714,0.2777194380760193,0.28153675579769727
4765,0.33557047,0.5274632573127747,0.5609070658683777,0.5327107993688308
4766,0.585714286,0.5417747497558594,0.35223710536956787,0.3615976748902179
4767,0.8267148009999999,0.49726784229278564,0.363871306180954,0.3924705523689709
4768,0.628571429,0.5844075679779053,0.7257101535797119,0.7037996172119615
4769,0.406926407,0.4060197174549103,0.3934011459350586,0.37794523923112633
4770,0.8138586959999999,0.45946773886680603,0.4503183960914612,0.4476380173035289
4771,0.267316017,0.36452746391296387,0.3932693898677826,0.3962545739752952
4772,0.268398268,0.36452746391296387,0.3932693898677826,0.3962545739752952
4773,0.403669725,0.5700324773788452,0.5270803570747375,0.5545477533008463
4774,0.724025974,0.5324554443359375,0.4877590537071228,0.5000354371164828
4775,0.687229437,0.5324554443359375,0.4877590537071228,0.5040651985507818
4776,0.310989011,0.3931772708892822,0.48394936323165894,0.49431133276636813
4777,0.73964497,0.6425549387931824,0.2861139476299286,0.3051388613855355
4778,0.814935065,0.706358790397644,0.7120598554611206,0.7021028751122391
4779,0.765151515,0.706358790397644,0.7120598554611206,0.7041234820712705
4780,0.582959641,0.21023434400558472,0.07866716384887695,0.08686872716375116
4781,0.158008658,0.3920908570289612,0.46057701110839844,0.4652209567951955
4782,0.134199134,0.3920908570289612,0.46057701110839844,0.46522095679519543
4783,0.974025974,0.6620686650276184,0.7378207445144653,0.7262599000438599
4784,0.979437229,0.6620686650276184,0.7378207445144653,0.7262599000438599
4785,0.174311927,0.2147952914237976,0.08920973539352417,0.11489058257890282
4786,0.1946308719999999,0.44421809911727905,0.29845350980758667,0.3293746891914144
4787,0.339449541,0.6786888837814331,0.6677772998809814,0.659183871493329
4788,0.0508658009999999,0.3449719548225403,0.15617257356643677,0.1766493649208069
4789,0.097402597,0.3449719548225403,0.15617257356643677,0.17111074119409939
4790,0.6989010990000001,0.695641040802002,0.6169566512107849,0.6160198465457283
4791,0.094202899,0.5004040598869324,0.5432212352752686,0.5391926620533989
4792,0.722021661,0.6062259674072266,0.6263576149940491,0.6489503735215731
4793,0.7813852809999999,0.546825110912323,0.3704271912574768,0.3813665297530498
4794,0.712121212,0.546825110912323,0.3704271912574768,0.38663053193000013
4795,0.898268398,0.8291623592376709,0.7315315008163452,0.7379728353396653
4796,0.941558442,0.8291623592376709,0.7315315008163452,0.7379728353396653
4797,0.228354978,0.5478401184082031,0.4590104818344116,0.4476488525897391
4798,0.251082251,0.5478401184082031,0.4590104818344116,0.4693957698492002
4799,0.1277173909999999,0.14403536915779114,-0.003106236457824707,0.07384441775532843
4800,0.010822511,0.47870755195617676,0.154028058052063,0.16353925404341732
4801,0.005411255,0.47870755195617676,0.154028058052063,0.1630044369604577
4802,0.172161172,0.1466681957244873,-0.023845374584197998,0.05450891156544716
4803,0.576086957,0.508121132850647,0.5840062499046326,0.5846710684349654
4804,0.503246753,0.4960241913795471,0.4573787748813629,0.46217951805580315
4805,0.693722944,0.4960241913795471,0.4573787748813629,0.47354724703532336
4806,0.737771739,0.5391551852226257,0.8241366147994995,0.8027451530974226
4807,0.6750902529999999,0.5454692840576172,0.41482672095298767,0.39535570982090795
4808,0.984210526,0.5754847526550293,0.5572357177734375,0.5429794378691472
4809,0.514945652,0.6513051390647888,0.58894944190979,0.594615269529408
4810,0.542600897,0.6460896730422974,0.7882159352302551,0.7730926724873575
4811,0.648097826,0.560960590839386,0.6682220101356506,0.6965866822745775
4812,0.395380435,0.4244433641433716,0.27152466773986816,0.290630566747765
4813,0.8615384620000001,0.5928432941436768,0.5726637244224548,0.5625060667241875
4814,0.0946745559999999,0.5036230683326721,0.45491406321525574,0.47071626913902326
4815,0.148648649,0.33108648657798767,0.21923333406448364,0.2156189298802103
4816,0.020920502,0.36269688606262207,0.4764028787612915,0.48100042509173874
4817,0.121052632,0.5212262272834778,0.431820273399353,0.4489199505155671
4818,0.356043956,0.4662766754627228,0.5658593773841858,0.5921727375229369
4819,0.263586957,0.29573166370391846,0.33689644932746887,0.3374949491375869
4820,0.115800866,0.40410733222961426,0.3137747645378113,0.3112999676856926
4821,0.047619048,0.40410733222961426,0.3137747645378113,0.3112999676856926
4822,0.712121212,0.6627365946769714,0.7266074419021606,0.7460296972516192
4823,0.706709957,0.6627365946769714,0.7266074419021606,0.7460296972516192
4824,0.806277056,0.498615562915802,0.3802606165409088,0.3729693635828494
4825,0.756493506,0.498615562915802,0.3802606165409088,0.3729693635828494
4826,0.212454212,0.4351462721824646,0.3031884431838989,0.28248469189469405
4827,0.932735426,0.5960935354232788,0.807607889175415,0.7991113026437808
4828,0.422077922,0.3592018485069275,0.45921796560287476,0.4538808406134597
4829,0.382034632,0.3592018485069275,0.45921796560287476,0.4538808406134597
4830,0.193548387,0.634074866771698,0.46006152033805847,0.44591027009574374
4831,0.192640693,0.3827126920223236,0.25964659452438354,0.27031837982874896
4832,0.2928870289999999,0.4023423492908478,0.5927350521087646,0.6035278551825998
4833,0.025274725,0.5301930904388428,0.48129802942276,0.46842646113304176
4834,0.496753247,0.27083805203437805,0.190557599067688,0.21274789939582023
4835,0.426406926,0.27083805203437805,0.190557599067688,0.21274789939582023
4836,0.597633136,0.5578980445861816,0.5962086319923401,0.5804254291620843
4837,0.140692641,0.3632636070251465,0.140142023563385,0.15145333018796903
4838,0.124458874,0.3632636070251465,0.140142023563385,0.15145333018796903
4839,0.283783784,0.5608528852462769,0.49388235807418823,0.5012763165867425
4840,0.712121212,0.5222588181495667,0.3744351863861084,0.36044789245298947
4841,0.357142857,0.7243791222572327,0.5154410600662231,0.5356581912790659
4842,0.305706522,0.4307074546813965,0.4858294725418091,0.46290565196206096
4843,0.440366972,0.5220165252685547,0.42981716990470886,0.44689322720687363
4844,0.796875,0.5706961750984192,0.7064527869224548,0.7221157291468991
4845,0.0951086959999999,0.404940664768219,0.17978805303573608,0.20151603465170995
4846,0.494505495,0.4329735040664673,0.4363243579864502,0.45065265416673256
4847,0.789402174,0.36093589663505554,0.36586713790893555,0.34194562604072076
4848,0.9,0.455074667930603,0.7237635850906372,0.7319259865274492
4849,0.505411255,0.4653918147087097,0.6527897119522095,0.6446544784210235
4850,0.492424242,0.4653918147087097,0.6527897119522095,0.6383169607153338
4851,0.69874477,0.5267370939254761,0.5807203650474548,0.5705164639852356
4852,0.924686192,0.4678518772125244,0.2784648537635803,0.28045253361021905
4853,0.934782609,0.6140186190605164,0.5582245588302612,0.572287554900379
4854,0.117965368,0.27153652906417847,0.316569983959198,0.31560456762968025
4855,0.115800866,0.27153652906417847,0.316569983959198,0.31560456762968025
4856,0.231601732,0.36311331391334534,0.2464744746685028,0.23564239989858526
4857,0.238095238,0.36311331391334534,0.2464744746685028,0.24894781658762433
4858,0.977272727,0.5889283418655396,0.7303158640861511,0.7248842406962928
4859,0.976190476,0.5889283418655396,0.7303158640861511,0.7248842406962928
4860,0.271062271,0.26330554485321045,0.4693293869495392,0.4543925878862157
4861,0.297554348,0.43794161081314087,0.4988142251968384,0.523668063685774
4862,0.085497835,0.26457667350769043,0.3156026601791382,0.2941162780864206
4863,0.069264069,0.26457667350769043,0.3156026601791382,0.2919282626447606
4864,0.321978022,0.4718973934650421,0.5493521690368652,0.523775766196388
4865,0.989130435,0.47382599115371704,0.45442748069763184,0.43961038271368846
4866,0.27173913,0.19619548320770264,0.24537983536720276,0.2545427225600376
4867,0.969230769,0.5823357105255127,0.42137134075164795,0.42970414452055056
4868,0.103896104,0.2752869725227356,0.46573466062545776,0.4737790738977372
4869,0.915584416,0.4450627565383911,0.6417850255966187,0.6335517710316261
4870,0.977272727,0.4450627565383911,0.6417850255966187,0.6335517710316262
4871,0.124175824,0.4676435887813568,0.45413216948509216,0.4605232912363354
4872,0.617449664,0.6907765865325928,0.517257809638977,0.5258674366389373
4873,0.5167785229999999,0.4237815737724304,0.16261497139930725,0.16276550631155157
4874,0.365800866,0.49085941910743713,0.3882547914981842,0.40894355756842404
4875,0.403679654,0.49085941910743713,0.3882547914981842,0.4054729695805861
4876,0.095238095,0.3548184335231781,0.15794548392295837,0.15802861879144386
4877,0.154945055,0.28954023122787476,0.16644203662872314,0.1971556784062914
4878,0.095238095,0.3468829393386841,0.17194047570228577,0.19627272340206203
4879,0.0072202169999999,0.3674585223197937,0.09068608283996582,0.1257659404869189
4880,0.338912134,0.3289974331855774,0.34222081303596497,0.33915869115030595
4881,0.431818182,0.3981271982192993,0.29379141330718994,0.28347455315035947
4882,0.470779221,0.3981271982192993,0.29379141330718994,0.28347455315035947
4883,0.347402597,0.4327954053878784,0.412139892578125,0.39078052361667265
4884,0.393939394,0.4327954053878784,0.412139892578125,0.39078052361667265
4885,0.145021645,0.576802134513855,0.46195873618125916,0.44856680988344216
4886,0.133116883,0.576802134513855,0.46195873618125916,0.4587194700088083
4887,0.744769874,0.44943538308143616,0.562008261680603,0.5640129149091448
4888,0.974725275,0.6320905089378357,0.6925125122070312,0.6784473709227858
4889,0.497282609,0.3408670425415039,0.279236376285553,0.2745775310691498
4890,0.085597826,0.3420397639274597,0.19285786151885986,0.2185820689230322
4891,0.0865800869999999,0.3403169512748718,0.21127885580062866,0.222081089347831
4892,0.122294372,0.3403169512748718,0.21127885580062866,0.2281784433399549
4893,0.857142857,0.47763606905937195,0.4265839457511902,0.44698985965932014
4894,0.925324675,0.47763606905937195,0.4265839457511902,0.4488217921592182
4895,0.3439560439999999,0.3329896330833435,0.3967668414115906,0.3707938183613564
4896,0.792207792,0.5683013796806335,0.39131221175193787,0.4110440241298451
4897,0.7536231879999999,0.4241035580635071,0.3140304982662201,0.31031410547895255
4898,0.206709957,0.3795315623283386,0.28708091378211975,0.2824718048253839
4899,0.2586580089999999,0.3795315623283386,0.28708091378211975,0.282471804825384
4900,0.4729729729999999,0.22423255443572998,0.1950221061706543,0.18447167410359577
4901,0.7705627709999999,0.6596607565879822,0.6715880036354065,0.6489879971509407
4902,0.724025974,0.6596607565879822,0.6715880036354065,0.6489879971509407
4903,0.238095238,0.5097570419311523,0.4536788761615753,0.45867582416174013
4904,0.16991342,0.5097570419311523,0.4536788761615753,0.45867582416174013
4905,0.990825688,0.7661202549934387,0.7694329023361206,0.746135848680665
4906,0.5381165920000001,0.422504723072052,0.30013981461524963,0.31096782321194943
4907,0.20923913,0.6104149222373962,0.34665659070014954,0.324313773096062
4908,0.389261745,0.43355369567871094,0.4931519627571106,0.5034143353471434
4909,0.435064935,0.2344619631767273,0.3230386972427368,0.29548617570318325
4910,0.252164502,0.5225911736488342,0.635611891746521,0.6239210497407692
4911,0.182900433,0.5225911736488342,0.635611891746521,0.6239210497407692
4912,0.992753623,0.5936970710754395,0.5764686465263367,0.5696557953603212
4913,0.8241758240000001,0.7752808332443237,0.809665322303772,0.7947163245642979
4914,0.245421245,0.205552339553833,0.2778438627719879,0.3013980748506655
4915,0.568421053,0.6052159070968628,0.4227977991104126,0.4029297113083087
4916,0.887892377,0.5060983896255493,0.39263057708740234,0.4071542255871598
4917,0.394618834,0.41540080308914185,0.5173071622848511,0.5191628205933341
4918,0.974025974,0.7111120223999023,0.6034384965896606,0.6214331915337317
4919,0.379061372,0.4282585680484772,0.6877233386039734,0.6862489553279595
4920,0.3831168829999999,0.32478225231170654,0.13458281755447388,0.1582985228633879
4921,0.008368201,0.19361820816993713,0.0944395363330841,0.1240827268081951
4922,0.101902174,0.4591054618358612,0.43114984035491943,0.45038505232263804
4923,0.3170995669999999,0.24376752972602844,0.40762364864349365,0.4161037119773508
4924,0.303030303,0.24376752972602844,0.40762364864349365,0.4151745904037737
4925,0.317689531,0.39748695492744446,0.25705796480178833,0.27280261012347756
4926,0.167748918,0.3090135157108307,0.2009798288345337,0.2031614955023992
4927,0.172077922,0.3090135157108307,0.2009798288345337,0.196958819576291
4928,0.83423913,0.40425431728363037,0.32644951343536377,0.3290243665459953
4929,0.8428571429999999,0.46860527992248535,0.8558821678161621,0.8710050140008134
4930,0.661684783,0.603945791721344,0.5248493552207947,0.5265532092285989
4931,0.985930736,0.5444830656051636,0.7602512836456299,0.7595103532800473
4932,0.961038961,0.5444830656051636,0.7602512836456299,0.7595103532800473
4933,0.923076923,0.6413342356681824,0.7710316181182861,0.7681978038708648
4934,0.935483871,0.4349818825721741,0.6667588949203491,0.6697108967302636
4935,0.5,0.578107476234436,0.44669878482818604,0.45488292918569423
4936,0.501082251,0.578107476234436,0.44669878482818604,0.45488292918569423
4937,0.482417582,0.4453067183494568,0.5808138847351074,0.5635548784332474
4938,0.104395604,0.3923138380050659,0.4825470745563507,0.4512457480101074
4939,0.563758389,0.5001940131187439,0.45286881923675537,0.4549388070468937
4940,0.109307359,0.26401641964912415,0.43889811635017395,0.4292220920764982
4941,0.180735931,0.26401641964912415,0.43889811635017395,0.4292220920764982
4942,0.318181818,0.4393962323665619,0.5516145825386047,0.5648160690587224
4943,0.1875,0.3973575234413147,0.361541748046875,0.3313811712933941
4944,0.445887446,0.6365295648574829,0.7463042736053467,0.7386135725848443
4945,0.7835497840000001,0.6354504823684692,0.5474861860275269,0.5249815008060807
4946,0.7976190479999999,0.6354504823684692,0.5474861860275269,0.5249815008060809
4947,0.7489177490000001,0.5584700703620911,0.6980451345443726,0.6858556217110833
4948,0.214285714,0.46719691157341003,0.37477895617485046,0.38026752742174186
4949,0.229437229,0.46719691157341003,0.37477895617485046,0.38026752742174186
4950,0.362416107,0.6451463103294373,0.7495561838150024,0.7338735695021267
4951,0.418831169,0.5066131353378296,0.6591567993164062,0.6357710161807821
4952,0.3831168829999999,0.5066131353378296,0.6591567993164062,0.6357710161807821
4953,0.490974729,0.4286719560623169,0.6514695882797241,0.6356908443276845
4954,0.129963899,0.6178292632102966,0.5704949498176575,0.570642603995339
4955,0.8736842109999999,0.6774820685386658,0.9400431513786316,0.922046882941117
4956,0.746753247,0.5656790733337402,0.3298323452472687,0.3245646608976971
4957,0.40167364,0.33254486322402954,0.2735591530799866,0.2643863576633977
4958,0.728571429,0.4418967068195343,0.5372828841209412,0.5671965704429042
4959,0.456521739,0.5241329073905945,0.5747410655021667,0.5642245732967166
4960,0.078125,0.31263279914855957,0.3296459913253784,0.35145581829112965
4961,0.805860806,0.475384920835495,0.5375529527664185,0.5640242827827797
4962,0.945945946,0.6059377789497375,0.627638041973114,0.636087179736827
4963,0.686813187,0.5284184813499451,0.5603906512260437,0.5768127976817848
4964,0.064220183,0.5422688126564026,0.5008666515350342,0.50195339378292
4965,0.928571429,0.4415556490421295,0.43182945251464844,0.46122379720889606
4966,0.618834081,0.3524492681026459,0.4877946674823761,0.5079686704106392
4967,0.537362637,0.5684502124786377,0.547146201133728,0.5240922563575361
4968,0.175324675,0.24486932158470154,0.6630317568778992,0.6388945708624114
4969,0.233766234,0.24486932158470154,0.6630317568778992,0.6401953069992614
4970,0.798534799,0.5017364025115967,0.3613612651824951,0.34785962924407876
4971,0.436842105,0.7326017618179321,0.8869361877441406,0.8701727187331582
4972,0.59832636,0.48548853397369385,0.5751062631607056,0.546084392933736
4973,0.778242678,0.7379328012466431,0.6382908821105957,0.6328146704858818
4974,0.6829004329999999,0.5298448204994202,0.5141709446907043,0.5396642106941724
4975,0.604978355,0.5298448204994202,0.5141709446907043,0.5396642106941724
4976,0.910526316,0.6706925630569458,0.7047752737998962,0.6990448219561287
4977,0.917748918,0.6202981472015381,0.6993160247802734,0.6870768471688697
4978,0.810650888,0.4049556255340576,0.4791209399700165,0.4688987102510164
4979,0.623853211,0.5304237604141235,0.6535658240318298,0.6464366842509348
4980,0.586956522,0.5531570315361023,0.7667431235313416,0.7488911922021864
4981,0.216032609,0.6020273566246033,0.5083061456680298,0.48063235160972617
4982,0.623318386,0.436509370803833,0.3988892436027527,0.38825739229396183
4983,0.736401674,0.6631531715393066,0.7660400867462158,0.7683524357234803
4984,0.935018051,0.678406834602356,0.8467282056808472,0.8106637688720716
4985,0.489932886,0.4584549069404602,0.48296913504600525,0.48412437518783047
4986,0.126353791,0.39080968499183655,0.5569226145744324,0.5401858417962968
4987,0.541516245,0.6212900876998901,0.6405051946640015,0.6562734258120866
4988,0.994588745,0.6240200400352478,0.750536322593689,0.753855924359474
4989,0.982683983,0.6240200400352478,0.750536322593689,0.753855924359474
4990,0.333333333,0.5109009742736816,0.6034980416297913,0.5914891890605692
4991,0.3625541129999999,0.5109009742736816,0.6034980416297913,0.5914891890605692
4992,0.63898917,0.5030285120010376,0.23090136051177979,0.23229244452893297
4993,0.678021978,0.45274341106414795,0.4814711809158325,0.4954828204956082
4994,0.471428571,0.6097515821456909,0.37335455417633057,0.40268756541901757
4995,0.058441558,0.4223366379737854,0.26278725266456604,0.25926183552961113
4996,0.8008658009999999,0.3627238869667053,0.3542366027832031,0.3323107834985133
4997,0.68115942,0.7090348601341248,0.5782936811447144,0.5675731819464116
4998,0.798657718,0.6686794757843018,0.7832586765289307,0.7877017932950556
4999,0.3684210529999999,0.3730561435222626,0.2542128562927246,0.2601784413207503
5000,0.154811715,0.44678929448127747,0.47578638792037964,0.4829080880892586
5001,0.22147651,0.4069303274154663,0.29348957538604736,0.3242933233699258
5002,0.421052632,0.38280659914016724,0.4994390308856964,0.48435275035037145
5003,0.253623188,0.4829809367656708,0.485110878944397,0.47036607706537914
5004,0.518828452,0.4406314194202423,0.30951988697052,0.3323053938929156
5005,0.6373626370000001,0.7284808158874512,0.7100845575332642,0.6854046424694112
5006,0.313609467,0.47869402170181274,0.421928733587265,0.43731082877881966
5007,0.824728261,0.49634695053100586,0.3964621424674988,0.381342978912657
5008,0.97032967,0.5821141004562378,0.9065297842025757,0.9082313867125709
5009,0.3831168829999999,0.3856618106365204,0.5029546022415161,0.5075006616419038
5010,0.246861925,0.5145927667617798,0.4804021120071411,0.4695476463038224
5011,0.817934783,0.5070979595184326,0.7859464883804321,0.7550043788221897
5012,0.2087912089999999,0.32786691188812256,0.34176671504974365,0.31387955861141986
5013,0.89673913,0.48622041940689087,0.5752864480018616,0.5887448388714017
5014,0.453463203,0.5198441743850708,0.8153783082962036,0.82230692679362
5015,0.550865801,0.5198441743850708,0.8153783082962036,0.82230692679362
5016,0.5173160170000001,0.29837730526924133,0.44507595896720886,0.4452052156106274
5017,0.6991341990000001,0.29837730526924133,0.44507595896720886,0.4452052156106275
5018,0.019021739,0.45242810249328613,0.3045698404312134,0.31397236638499015
5019,0.375541126,0.5334104299545288,0.4889165163040161,0.49152579199991975
5020,0.3982683979999999,0.5334104299545288,0.4889165163040161,0.49152579199991975
5021,0.387445887,0.4911250174045563,0.3840160369873047,0.4062055789298417
5022,0.374458874,0.4911250174045563,0.3840160369873047,0.40620557892984166
5023,0.86043956,0.6394951343536377,0.760311484336853,0.7826768106280952
5024,0.202702703,0.49531954526901245,0.5478785634040833,0.524301014847525
5025,0.7186147190000001,0.4748656749725342,0.27540653944015503,0.2694946704386555
5026,0.563176895,0.33275553584098816,0.534610390663147,0.5150029955701678
5027,0.848484848,0.6906023025512695,0.6979618668556213,0.6735909993860529
5028,0.142857143,0.6154599189758301,0.30840080976486206,0.28397375646624545
5029,0.245923913,0.3275766670703888,0.28333160281181335,0.2658895812262212
5030,0.51978022,0.6456961631774902,0.715728223323822,0.7359669017013508
5031,0.343096234,0.6998900175094604,0.8148883581161499,0.7965910789014288
5032,0.30952381,0.43267709016799927,0.40729379653930664,0.41745840661253675
5033,0.453463203,0.43267709016799927,0.40729379653930664,0.41745840661253675
5034,0.114285714,0.3365117013454437,0.24917000532150269,0.2645258568767582
5035,0.176406926,0.3488527238368988,0.4555017948150635,0.44012778832117966
5036,0.156926407,0.3488527238368988,0.4555017948150635,0.4401277883211797
5037,0.818181818,0.6203413009643555,0.5100922584533691,0.5162624654754271
5038,0.137228261,0.5111947655677795,0.4684775471687317,0.4593206735470279
5039,0.950672646,0.6408702731132507,0.685433030128479,0.7123835140045078
5040,0.7662337659999999,0.558025062084198,0.6219899654388428,0.6192678761743544
5041,0.4116847829999999,0.5371910333633423,0.4336003065109253,0.4565939758562668
5042,0.036684783,0.45535799860954285,0.26917189359664917,0.2808111856542171
5043,0.097402597,0.713092565536499,0.5719786882400513,0.5716734279034381
5044,0.547368421,0.6977535486221313,0.7076985836029053,0.686384705732537
5045,0.6847826090000001,0.44865065813064575,0.4485298991203308,0.43940801713555055
5046,0.0489130429999999,0.3436724543571472,0.012925028800964355,0.08321938379753788
5047,0.125,0.47436559200286865,0.3811170756816864,0.40111297970023047
5048,0.585497835,0.39429453015327454,0.40086856484413147,0.38301017675601234
5049,0.640692641,0.39429453015327454,0.40086856484413147,0.38301017675601234
5050,0.55952381,0.36229079961776733,0.6246291399002075,0.6028171383467416
5051,0.527056277,0.36229079961776733,0.6246291399002075,0.6028171383467416
5052,0.032608696,0.3508825898170471,0.19917044043540955,0.1942444391348577
5053,0.404891304,0.44628167152404785,0.5309737324714661,0.5579244604945346
5054,0.292119565,0.5158558487892151,0.5256743431091309,0.4973681406899978
5055,0.919836957,0.438773512840271,0.39839011430740356,0.4208602978155195
5056,0.921195652,0.46165260672569275,0.4942117929458618,0.4804768340734004
5057,0.26035503,0.5697948932647705,0.6782400012016296,0.7035532581660201
5058,0.536912752,0.4362561106681824,0.3576134443283081,0.3533384562961176
5059,0.332251082,0.6114756464958191,0.3371422290802002,0.3128524212909952
5060,0.435064935,0.6114756464958191,0.3371422290802002,0.3125152422284307
5061,0.844765343,0.5093504190444946,0.4289320707321167,0.3980450407062073
5062,0.608695652,0.5106971859931946,0.47267022728919983,0.4690807622202156
5063,0.347368421,0.5869846343994141,0.7948285341262817,0.7936151698083899
5064,0.050271739,0.5131473541259766,0.6359542608261108,0.6309827290965463
5065,0.2269021739999999,0.47918862104415894,0.608411431312561,0.6103713033195146
5066,0.501082251,0.5789238214492798,0.672544538974762,0.6883688509560868
5067,0.537878788,0.5789238214492798,0.672544538974762,0.6879092664379081
5068,0.982336957,0.5769312381744385,0.5428492426872253,0.5569470195836832
5069,0.898097826,0.5344089269638062,0.5975067615509033,0.6134994843598873
5070,0.625541126,0.3724581301212311,0.488882839679718,0.5067669384699754
5071,0.83008658,0.3724581301212311,0.488882839679718,0.5067669384699754
5072,0.364620939,0.5207890868186951,0.43444687128067017,0.4083970306389312
5073,0.967532468,0.4313841164112091,0.5431095957756042,0.5474617121460619
5074,0.588447653,0.5959244966506958,0.7966378331184387,0.7874017641334143
5075,0.694293478,0.7471312284469604,0.8738211989402771,0.830643683138097
5076,0.220216606,0.561508059501648,0.5866970419883728,0.5838715444466234
5077,0.602813853,0.6422630548477173,0.5600603222846985,0.5670691053781747
5078,0.606060606,0.6422630548477173,0.5600603222846985,0.5670691053781747
5079,0.838565022,0.6134780645370483,0.6430415511131287,0.6484345106483076
5080,0.632034632,0.5071060657501221,0.6035698652267456,0.5859772233415442
5081,0.649350649,0.5071060657501221,0.6035698652267456,0.5918332713525785
5082,0.770380435,0.8342468738555908,0.8228195905685425,0.7905679243911756
5083,0.948051948,0.6058275699615479,0.651727020740509,0.6302540705678823
5084,0.974025974,0.6058275699615479,0.651727020740509,0.6302540705678823
5085,0.350180505,0.5218182802200317,0.3185326159000397,0.3359696337645441
5086,0.359375,0.5926589965820312,0.489511102437973,0.5038909825711789
5087,0.743243243,0.5439329743385315,0.7942208051681519,0.7852112776500914
5088,0.504329004,0.43239322304725647,0.539013147354126,0.5417282694778248
5089,0.496753247,0.43239322304725647,0.539013147354126,0.5417282694778248
5090,0.5515695070000001,0.5163615345954895,0.5065084099769592,0.5045829874903204
5091,0.025974026,0.5858473777770996,0.5478245615959167,0.5238132104027409
5092,0.985559567,0.7978109121322632,0.8837975263595581,0.8696250116476045
5093,0.8152173909999999,0.496626079082489,0.3570251762866974,0.37462384388593284
5094,0.513586957,0.5401397943496704,0.2441282868385315,0.26296429570920815
5095,0.084415584,0.5652968883514404,0.39180129766464233,0.40721233018557595
5096,0.0252707579999999,0.29674771428108215,0.22089779376983643,0.2265989969265263
5097,0.152173913,0.3620772957801819,0.16614758968353271,0.18424062178208678
5098,0.082568807,0.5976331233978271,0.5774447321891785,0.6030972710204605
5099,0.114718615,0.46204110980033875,0.348101943731308,0.3341793953959156
5100,0.265151515,0.46204110980033875,0.348101943731308,0.3306591721056321
5101,0.74048913,0.5842941999435425,0.6074724793434143,0.5895617567338134
5102,0.091032609,0.5120058059692383,0.25491756200790405,0.2449534509302531
5103,0.298913043,0.5914012789726257,0.6123044490814209,0.6028585810591093
5104,0.866847826,0.5914406180381775,0.7100788950920105,0.7180663682202533
5105,0.889473684,0.49799519777297974,0.2219894528388977,0.21052699817211212
5106,0.951298701,0.6184550523757935,0.8520739674568176,0.8639734492058483
5107,0.987012987,0.6184550523757935,0.8520739674568176,0.863740148297322
5108,0.85198556,0.4172016680240631,0.6599446535110474,0.6380421897568924
5109,0.255605381,0.6692606210708618,0.6439042091369629,0.6369842500871314
5110,0.587155963,0.5070140361785889,0.5839787721633911,0.5707776233572666
5111,0.055194805,0.29092562198638916,0.18732532858848572,0.16593561333211665
5112,0.034632035,0.29092562198638916,0.18732532858848572,0.16593561333211665
5113,0.908256881,0.5825773477554321,0.7329122424125671,0.7372767939503457
5114,0.194293478,0.46471378207206726,0.2169022560119629,0.21892093914592656
5115,0.376358696,0.5494329929351807,0.5157716274261475,0.494328790766742
5116,0.0505415159999999,0.3393862247467041,0.3770182728767395,0.36166348613979576
5117,0.108791209,0.24586516618728638,0.542858898639679,0.530649424756833
5118,0.6317991629999999,0.4299006164073944,0.35318949818611145,0.3229744917553935
5119,0.069264069,0.3817819654941559,0.2950213551521301,0.28376901896873585
5120,0.1212121209999999,0.3817819654941559,0.2950213551521301,0.2705560382121449
5121,0.573991031,0.3838682770729065,0.6232271194458008,0.6333805569474333
5122,0.012552301,0.4090145230293274,0.48217660188674927,0.4880601031920936
5123,0.537906137,0.5928758978843689,0.5405511260032654,0.5499931853405954
5124,0.359832636,0.38013461232185364,0.33947405219078064,0.3404639683045365
5125,0.69701087,0.3535010814666748,0.49289530515670776,0.462125110895941
5126,0.410526316,0.408886194229126,0.5395904779434204,0.5163019756204348
5127,0.2640692639999999,0.3170606195926666,0.621383786201477,0.6147560582679383
5128,0.321428571,0.3170606195926666,0.621383786201477,0.6190309094045692
5129,0.864864865,0.5905227661132812,0.7848888635635376,0.7895787726936878
5130,0.5090252710000001,0.48677605390548706,0.46484068036079407,0.45143506508523235
5131,0.27027027,0.5298928022384644,0.5054372549057007,0.4945115447685007
5132,0.487012987,0.3291776180267334,0.39248910546302795,0.384561436915025
5133,0.4740259739999999,0.3291776180267334,0.39248910546302795,0.384561436915025
5134,0.257142857,0.4863112270832062,0.4131854772567749,0.4010890032259307
5135,0.433212996,0.4688515365123749,0.602270245552063,0.5757047645452185
5136,0.284210526,0.45446455478668213,0.4942212402820587,0.4942587854955653
5137,0.6756756759999999,0.26377779245376587,0.35053393244743347,0.33278112112601954
5138,0.297297297,0.38437339663505554,0.43845438957214355,0.4466597557137878
5139,0.405857741,0.40745919942855835,0.2993757724761963,0.27999303232052575
5140,0.644688645,0.5441698431968689,0.5182632803916931,0.5280935095326547
5141,0.8709239129999999,0.36925798654556274,0.20275545120239258,0.19577385561345534
5142,0.664402174,0.657886803150177,0.5153182148933411,0.5389855563573579
5143,0.364016736,0.40430253744125366,0.26484811305999756,0.2688010662962145
5144,0.359307359,0.7991005182266235,0.7446578145027161,0.7485942443402687
5145,0.319264069,0.7991005182266235,0.7446578145027161,0.7485942443402687
5146,0.594142259,0.47533589601516724,0.432840496301651,0.43364875151977633
5147,0.849184783,0.49800217151641846,0.5603175759315491,0.5624537798182314
5148,0.915584416,0.773412823677063,0.8970777988433838,0.8603763394380552
5149,0.50989011,0.5088913440704346,0.4846569895744324,0.505437827303749
5150,0.285714286,0.4745888411998749,0.5216206312179565,0.5365295622943359
5151,0.256493506,0.4745888411998749,0.5216206312179565,0.5365295622943359
5152,0.880733945,0.5715394020080566,0.5117065906524658,0.5023896389225918
5153,0.609307359,0.39493653178215027,0.472432404756546,0.46757482662814565
5154,0.560606061,0.39493653178215027,0.472432404756546,0.46757482662814565
5155,0.268398268,0.5702716112136841,0.47175103425979614,0.4645931812819254
5156,0.235930736,0.5702716112136841,0.47175103425979614,0.46912230281949063
5157,0.730941704,0.6514503955841064,0.3961290717124939,0.3789363185400011
5158,0.130952381,0.22115135192871094,-0.08869028091430664,0.06946277098680761
5159,0.25,0.22115135192871094,-0.08869028091430664,0.0660831055216237
5160,0.036842105,0.43413418531417847,0.24069571495056152,0.24500043014014822
5161,0.4850543479999999,0.4464383125305176,0.665607750415802,0.6427379194495608
5162,0.467741935,0.5487343072891235,0.5084288120269775,0.4826589984817482
5163,0.940217391,0.46520155668258667,0.6306324601173401,0.6574011173050791
5164,0.601902174,0.41396158933639526,0.4673387408256531,0.46437108234577956
5165,0.148351648,0.3463076949119568,0.14306136965751648,0.177489608676904
5166,0.472803347,0.5599390268325806,0.2919018864631653,0.29019071430396914
5167,0.557359307,0.526206910610199,0.4425641596317291,0.4477239118240909
5168,0.661255411,0.526206910610199,0.4425641596317291,0.4477239118240908
5169,0.070652174,0.22583216428756714,0.07607030868530273,0.07238095946751194
5170,0.52173913,0.30748793482780457,0.3366427719593048,0.3573146538061726
5171,0.506276151,0.46172288060188293,0.49883168935775757,0.5165329092151569
5172,0.937229437,0.38832199573516846,0.4208279252052307,0.42746132294396993
5173,0.944805195,0.38832199573516846,0.4208279252052307,0.42161781965481293
5174,0.266055046,0.27754443883895874,0.394876092672348,0.365704073368952
5175,0.739130435,0.5981587767601013,0.7097228169441223,0.7302452443240771
5176,0.173913043,0.44787293672561646,0.298636794090271,0.31996533497514223
5177,0.090909091,0.5055102705955505,0.26160842180252075,0.24841284213585824
5178,0.650224215,0.5687772631645203,0.38193610310554504,0.369745480327795
5179,0.599184783,0.5088545083999634,0.4141187369823456,0.40771235043031256
5180,0.878378378,0.3723950982093811,0.31294041872024536,0.3316870331204458
5181,0.058441558,0.42535918951034546,0.49230292439460754,0.49760768495214314
5182,0.297619048,0.430633544921875,0.4656628966331482,0.4845790132669905
5183,0.28030303,0.430633544921875,0.4656628966331482,0.48581602284393155
5184,0.934782609,0.6339374780654907,0.7920297980308533,0.7657758632460795
5185,0.792207792,0.34065917134284973,0.2589631974697113,0.28458169502753294
5186,0.0625,0.2741272449493408,0.09978702664375305,0.10783773784805471
5187,0.655844156,0.672495424747467,0.4268921911716461,0.43578176494147014
5188,0.745054945,0.48403650522232056,0.42052963376045227,0.4051845437885243
5189,0.41025641,0.3420761823654175,0.2885226011276245,0.29195559949793215
5190,0.578475336,0.6397204399108887,0.6582822203636169,0.6584911264903277
5191,0.0995671,0.5398476719856262,0.4482869803905487,0.44773270979406565
5192,0.217532468,0.5398476719856262,0.4482869803905487,0.44773270979406565
5193,0.137184116,0.5214558839797974,0.6280540823936462,0.6369785168600766
5194,0.1,0.6103201508522034,0.6014489531517029,0.5980735030805328
5195,0.4267782429999999,0.414317786693573,0.34840384125709534,0.33937428695518423
5196,0.109375,0.3422190546989441,0.2594902515411377,0.2409835808869577
5197,0.960597826,0.6257019639015198,0.5526588559150696,0.5597040967339324
5198,0.116847826,0.44822925329208374,0.40722236037254333,0.4206646486083415
5199,0.8478260870000001,0.3708176612854004,0.46603211760520935,0.43988112170295124
5200,0.137681159,0.24284636974334717,0.05992034077644348,0.10994849435507514
5201,0.91991342,0.7009639739990234,0.6025468111038208,0.623318352469922
5202,0.898268398,0.7009639739990234,0.6025468111038208,0.623318352469922
5203,0.508152174,0.5922225713729858,0.4811636805534363,0.4555161247203474
5204,1.0,0.6440455913543701,0.9120659828186035,0.9079178767150957
5205,0.016736402,0.42424726486206055,0.08968782424926758,0.12389426061124509
5206,0.765567766,0.42826399207115173,0.3783392906188965,0.386649966883442
5207,0.394021739,0.3948580026626587,0.08788600564002991,0.11862836805114538
5208,0.094170404,0.12762850522994995,0.2900829613208771,0.26862156995666997
5209,0.234848485,0.5628843903541565,0.3760058879852295,0.3690334101238365
5210,0.195887446,0.5628843903541565,0.3760058879852295,0.3690334101238365
5211,0.654761905,0.41620975732803345,0.7132293581962585,0.7230767902132752
5212,0.7023809520000001,0.41620975732803345,0.7132293581962585,0.7230767902132752
5213,0.800271739,0.1686839461326599,0.095238596200943,0.1341277184230722
5214,0.661255411,0.639243483543396,0.4746497571468353,0.48211205725008077
5215,0.523809524,0.639243483543396,0.4746497571468353,0.4810650195811057
5216,0.241847826,0.6776067018508911,0.5648207664489746,0.5933749645670533
5217,0.1655844159999999,0.47842904925346375,0.3203050196170807,0.3291699715014702
5218,0.2738095239999999,0.47842904925346375,0.3203050196170807,0.3265485523304096
5219,0.932432432,0.7115641832351685,0.515156626701355,0.524106227482023
5220,0.54978355,0.7640661597251892,0.7185702323913574,0.7182323408756643
5221,0.404761905,0.7640661597251892,0.7185702323913574,0.7182102089702023
5222,0.527472527,0.5587320923805237,0.4573865532875061,0.4577313706476981
5223,0.756793478,0.504317045211792,0.5364142656326294,0.5520597694099154
5224,0.114130435,0.5040410757064819,0.3821551501750946,0.3668274758122855
5225,0.65625,0.3997458517551422,0.4273938238620758,0.4305678508848923
5226,0.281385281,0.4925631880760193,0.7379810810089111,0.7534795904783014
5227,0.248917749,0.4925631880760193,0.7379810810089111,0.7534795904783014
5228,0.703463203,0.6686989068984985,0.6072855591773987,0.5993842887290302
5229,0.658008658,0.6686989068984985,0.6072855591773987,0.5993842887290302
5230,0.236686391,0.6250916719436646,0.7133057117462158,0.6799600894969651
5231,0.8636363640000001,0.6242022514343262,0.6932381987571716,0.6924518274616394
5232,0.461883408,0.7085409164428711,0.33940252661705017,0.3515613599483507
5233,0.4895397489999999,0.3702232837677002,0.3870092034339905,0.4027043977956325
5234,0.328804348,0.27467936277389526,0.5322485566139221,0.5288600726439668
5235,0.918478261,0.2875952422618866,0.43686443567276,0.46437997022115407
5236,0.77852349,0.5160101652145386,0.33530330657958984,0.3318012635021548
5237,0.124458874,0.3607805371284485,0.2729113698005676,0.2766384471102782
5238,0.104978355,0.3607805371284485,0.2729113698005676,0.2607757632993257
5239,0.448430493,0.32550957798957825,0.15210741758346558,0.14874676222125138
5240,0.649350649,0.5433752536773682,0.6132540106773376,0.613373957674949
5241,0.573593074,0.5433752536773682,0.6132540106773376,0.613373957674949
5242,0.118681319,0.5906335711479187,0.5465969443321228,0.5189538551326783
5243,0.725108225,0.5868844985961914,0.6322668194770813,0.6125862905575703
5244,0.652597403,0.5868844985961914,0.6322668194770813,0.6125862905575703
5245,0.648351648,0.5546166300773621,0.7047028541564941,0.7146317917717391
5246,0.304395604,0.5219382643699646,0.5016045570373535,0.5139977771611997
5247,0.8409090909999999,0.4335519075393677,0.5034281611442566,0.5117999153855023
5248,0.805194805,0.4335519075393677,0.5034281611442566,0.5117999153855023
5249,0.0194805189999999,0.1382579803466797,0.27615344524383545,0.2731505647416579
5250,0.8628158840000001,0.5896861553192139,0.5276945233345032,0.5554278507958298
5251,0.672077922,0.4608885943889618,0.44626906514167786,0.42627924291394764
5252,0.648268398,0.4608885943889618,0.44626906514167786,0.4263635404277815
5253,0.093862816,0.45865142345428467,0.18659865856170654,0.17794021201647353
5254,0.3789473679999999,0.49972665309906006,0.4955079257488251,0.505514947608378
5255,0.797554348,0.5820418000221252,0.7938564419746399,0.7868074963725264
5256,0.1010830319999999,0.2532215714454651,0.5162523984909058,0.5046311490938036
5257,0.581521739,0.4572000205516815,0.6471974849700928,0.6617630685173976
5258,0.072202166,0.34150564670562744,0.0311143696308136,0.09206588628760148
5259,0.32034632,0.48262640833854675,0.3311578035354614,0.3215062719829127
5260,0.41017316,0.48262640833854675,0.3311578035354614,0.3215062719829127
5261,0.694805195,0.5097631216049194,0.48940229415893555,0.4926455048230607
5262,0.636363636,0.5097631216049194,0.48940229415893555,0.4926455048230607
5263,0.24852071,0.49643173813819885,0.4419531524181366,0.46293070038811646
5264,0.6341991339999999,0.6179648637771606,0.48176658153533936,0.5035287700473141
5265,0.545454545,0.6179648637771606,0.48176658153533936,0.5035287700473141
5266,0.207692308,0.23996371030807495,0.2205004096031189,0.21951963844076625
5267,0.971467391,0.5036630034446716,0.3624630570411682,0.3460378224566487
5268,0.981601732,0.602208137512207,0.5544019937515259,0.5470873199727029
5269,0.989177489,0.602208137512207,0.5544019937515259,0.5593981701177673
5270,0.135869565,0.6232619285583496,0.4349307417869568,0.44476979707817565
5271,0.998641304,0.5982794165611267,0.3992537260055542,0.38620828757943115
5272,0.8311688309999999,0.5864116549491882,0.5325192213058472,0.5004996866268093
5273,0.569293478,0.48603129386901855,0.6036841869354248,0.5963868081971349
5274,0.8441558440000001,0.6190009117126465,0.795869767665863,0.8169245548815165
5275,0.4025974029999999,0.49635809659957886,0.37117481231689453,0.39902060545066753
5276,0.0475543479999999,0.3380323350429535,0.3994872570037842,0.4199393974242477
5277,0.389010989,0.604028582572937,0.6246633529663086,0.6094365824443082
5278,0.313858696,0.6209782361984253,0.5563441514968872,0.5580041104379567
5279,0.281588448,0.778663694858551,0.5990076661109924,0.6012852436556837
5280,0.211009174,0.31633901596069336,0.2951228618621826,0.28601140290223953
5281,0.7003610109999999,0.7571878433227539,0.8596203327178955,0.8376440204367246
5282,0.171195652,0.6081303358078003,0.307207316160202,0.2960668657456427
5283,0.140794224,0.6910375356674194,0.4121480882167816,0.38641103044115915
5284,0.668478261,0.5085391998291016,0.5533484220504761,0.5532822354182056
5285,0.896103896,0.5253137350082397,0.4198668599128723,0.4077542941592093
5286,0.567765568,0.8670561909675598,0.6391346454620361,0.6396833329321849
5287,0.175824176,0.432223916053772,0.3140541613101959,0.32707545785646885
5288,0.572510823,0.5560463666915894,0.42150211334228516,0.4163196967604591
5289,0.6038961039999999,0.5560463666915894,0.42150211334228516,0.4163196967604591
5290,0.088744589,0.3930777609348297,0.17110136151313782,0.16397714064357727
5291,0.1017316019999999,0.3930777609348297,0.17110136151313782,0.16479763565909156
5292,0.825112108,0.46986448764801025,0.44971856474876404,0.46176803562686175
5293,0.658241758,0.7947835922241211,0.7517955899238586,0.7378072484480717
5294,0.119266055,0.5320717096328735,0.35638806223869324,0.35156964800862534
5295,0.00951087,0.5196609497070312,0.5058247447013855,0.4784686677556347
5296,0.028532609,0.716589093208313,0.49151161313056946,0.48597577405996734
5297,0.103896104,0.6650007367134094,0.10679811239242554,0.14411983743533907
5298,0.326086957,0.5945720672607422,0.32920077443122864,0.3082065263830368
5299,0.1219780219999999,0.43237239122390747,0.49967485666275024,0.5132300981196799
5300,0.767663043,0.552176296710968,0.6162047386169434,0.5996231071652396
5301,0.168478261,0.47153663635253906,0.33099377155303955,0.33465105410497703
5302,0.724175824,0.6245133876800537,0.5771101713180542,0.5770151436996214
5303,0.454545455,0.38701289892196655,0.23559308052062988,0.22627293775428586
5304,0.45995671,0.38701289892196655,0.23559308052062988,0.22627293775428586
5305,0.8506493509999999,0.4341920018196106,0.4137346148490906,0.41526768274173786
5306,0.571428571,0.44063687324523926,0.611240804195404,0.6251485753037126
5307,0.863157895,0.40327832102775574,0.43005621433258057,0.43987143482895963
5308,0.032467532,0.4575885534286499,0.36856868863105774,0.3806692459527865
5309,0.054112554,0.4575885534286499,0.36856868863105774,0.3806692459527865
