time,input,primary_sensitive,primary_resistant,primary_immune,primary_resource,primary_reserve,secondary_sensitive,secondary_resistant,secondary_immune,secondary_resource,secondary_reserve,third_sensitive,third_resistant,third_immune,third_resource,third_reserve,exposure
0.0,0.7,0.28,0.012,0.12,0.8,1.0,0.025,0.002,0.12,0.8,1.0,0.005,0.001,0.12,0.8,1.0,0.0
0.05,0.7,0.28125012367093993,0.01205168186985421,0.12199528829548238,0.8009519582909231,0.9999049232158181,0.02528279034807476,0.002016901974674704,0.12014160881547585,0.8072002465627967,0.9999381990677636,0.005151808985063578,0.0010113202268640666,0.11959834206078337,0.807698223591354,0.9999619682076181,0.03439458330729167
0.1,0.7,0.28219269705074246,0.012101834295014524,0.12396649224945604,0.8018302541728434,0.9996243397648346,0.02555166124693705,0.0020338753091384398,0.12027827538361299,0.8141046558477848,0.9997558047924943,0.005303376535334083,0.0010227509980129496,0.119197309296503,0.8150888015900813,0.9998497189686314,0.0676061792537011
0.15000000000000002,0.7,0.2828359199488418,0.012150510248267443,0.12591308653757383,0.8026441087985975,0.9991651131324252,0.025806618883137265,0.0020509197415977927,0.12041003863194252,0.8207244934012582,0.9994572441513573,0.0054545366024532005,0.0010342918701724006,0.11879714047311993,0.822183311332256,0.9996659615006173,0.09967547619656365
0.2,0.7,0.2831887051682228,0.012197762771230889,0.12783459332753622,0.8034021963602981,0.9985339619101339,0.02604769685340666,0.0020680350420841827,0.12053693174384184,0.8270707052199281,0.9990468302752952,0.005605128848266589,0.0010459424282252042,0.11839805830967867,0.8289929576942647,0.9994133263064242,0.13064176303411865
0.25,0.7,0.2832605800624038,0.012243644818390702,0.12973057920210096,0.8041126460339354,0.9977374568325624,0.026274954669840807,0.0020852210143990258,0.12065898278494977,0.8331539165654933,0.9985287630365274,0.005754998967768493,0.0010577022856091596,0.11800027012778355,0.8355285795605257,0.999094366629172,0.16054297733932185
0.30000000000000004,0.7,0.2830615919059603,0.012288209112766497,0.13160065225205014,0.804783047599636,0.9967820184370696,0.026488476254200446,0.002102477497748084,0.12077621528709363,0.8389844319542519,0.9979071298433679,0.005903998958839788,0.0010695710846322939,0.11760396849667305,0.8418006567075822,0.9987115599453942,0.18941575183811557
0.35000000000000003,0.7,0.2826022176046651,0.01233150801327902,0.1334444593335482,0.8054204602838738,0.9956739152979098,0.026688368429784604,0.0021198043680869735,0.12088864879156846,0.8445722362039952,0.9971859066218429,0.006051987341150281,0.0010815484967105352,0.11720933187180084,0.8478193170401288,0.998267309489408,0.21729545928909788
0.4,0.7,0.2818932781577369,0.012373593393749467,0.13526168348396927,0.8060314243868245,0.9944192627888615,0.026874759418691753,0.0021372015391991975,0.12099629935362854,0.8499269964277517,0.9963689589649156,0.006198829326838194,0.001093634222533009,0.11681652522502878,0.8535943441199803,0.9977639458025457,0.24421625581957446
0.45,0.7,0.2809458581800244,0.012414516533340157,0.13705204149004765,0.8066219752791774,0.9930240223307866,0.027047797351638286,0.002154668963527393,0.12109918001005424,0.8550580648711126,0.9954600434313944,0.006344396945764218,0.0011058279921600266,0.11642570066473226,0.8591351849341082,0.9972037283014056,0.27021112277108494
0.5,0.7,0.27977123069672993,0.012454328018144474,0.13881528160208637,0.8071976593770623,0.9914940010829186,0.02720764879685648,0.0021722066327777415,0.12119730121164621,0.859974482496838,0.9944628089778098,0.006488569128269256,0.0011181295650587154,0.11603699804430916,0.8644509578526666,0.9965888468597682,0.29531190710566974
0.55,0.7,0.2783807873377562,0.01249307765355102,0.1405511813879229,0.8077635517303935,0.9898348520389814,0.027354497313952158,0.002189814578316694,0.12129067122247572,0.8646849832271791,0.9933807985077032,0.0066312317484488745,0.0011305387300810888,0.11565054555776855,0.8695504607324018,0.9959214233992809,0.31954936042238025
0.6000000000000001,0.7,0.2767859739829417,0.012530814386940885,0.14225954572037963,0.8083242748880671,0.988052074491487,0.027488542037970853,0.002207492871378337,0.12137929648768664,0.8691979987608427,0.9922174505238668,0.006772277630998662,0.0011430553053892038,0.11526646032125376,0.8744421791250254,0.9952035134844445,0.34295317663183256
0.65,0.7,0.27499823184315986,0.012567586240226365,0.14394020489200474,0.8088840187323473,0.9861510148297475,0.027609996298305597,0.0022252416230998553,0.12146318197160332,0.8735216638877548,0.9909761008701183,0.0069116065246881365,0.001155679138331863,0.1148848489395239,0.8791342945540119,0.9944371079178382,0.36555202833496037
0.7000000000000001,0.7,0.27302894390514415,0.012603440251702737,0.14559301285102763,0.8094465610038335,0.9841368676392453,0.02771908627648316,0.002243060984401684,0.12154233146785053,0.8776638222307278,0.9896599845501836,0.007049125045491474,0.0011684101052771433,0.11450580805657884,0.8836346928269028,0.9936241343318927,0.3873736019505358
0.75,0.7,0.2708893866195064,0.012638422426660105,0.14721784555259684,0.8100152882671053,0.9820146770720478,0.02781604970629292,0.002260951145728036,0.12161674788313823,0.8816320323488073,0.9882722376121932,0.007184746592345813,0.0011812481114048278,0.11412942488976394,0.8879509723535476,0.9927664587738715,0.40844463163449407
0.8,0.7,0.26859068667118674,0.012672577696188415,0.14881459941953576,0.8105932170950597,0.9797893384599144,0.02790113461917593,0.002278912336662623,0.12168643349630669,0.8854335741424542,0.9868158990881892,0.007318391238426651,0.0011941930904626253,0.11375577774683145,0.8920904524438201,0.9918658872810499,0.4287909320326171
0.8500000000000001,0.7,0.2661437826388936,0.012705949883603917,0.1503831899070312,0.8111830152767701,0.9774656001436239,0.027974598137274077,0.0022969448254334876,0.12175139019416707,0.8890754555058137,0.9852939129788655,0.007449985600729099,0.0012072450044898532,0.1133849365255665,0.8960601815612157,0.9909241674433809,0.44843742990670166
0.9,0.7,0.26355939132431855,0.012738581677928114,0.15192355016586054,0.8117870228791426,0.9750480654938534,0.028036705316051895,0.0023150489183200113,0.12181161968561037,0.8925644191761267,0.9837091302745565,0.00757946269062719,0.0012204038435120622,0.11301696319570553,0.899866945511387,0.9899429899512245,0.4674081946729595
0.9500000000000001,0.7,0.26084797851237257,0.01277051461385951,0.15343562979895814,0.8124072730165416,0.9725411951006583,0.02808772803794832,0.0023332249589742894,0.12186712369539385,0.895906949734865,0.9820643110042265,0.007706761747954719,0.0012336696252098758,0.11265191226298508,0.903517275547115,0.9889239901259758,0.4857264678900613
1.0,0.7,0.25801973390972877,0.012801789057692766,0.15491939370631969,0.8130455122047753,0.9699493091102428,0.028127943958092896,0.002351473327668248,0.12191790413895004,0.8991092807194164,0.9803621263049046,0.00783182806101318,0.0012470423945651215,0.11228983121525848,0.9070174563734583,0.9878687494316718,0.5034146917329517
1.05,0.7,0.25508454999991875,0.01283244419865834,0.1563748210134407,0.8137032201963154,0.9672765896892651,0.0281576355027313,0.0023697944404770634,0.12196396327949931,0.9021774018081231,0.9786051605046642,0.007954612774768216,0.0012605222234871392,0.11193076095070796,0.9103735340388841,0.9867787969658856,0.5204945364873198
1.1,0.7,0.25205200454849636,0.012862518045177292,0.15780190407868078,0.8143816292123254,0.9645270835984018,0.0281770889206484,0.0023881887484086587,0.12200530386868312,0.905117066045186,0.9767959132128555,0.00807507268934805,0.0012741092104219599,0.11157473618825976,0.9135913237000758,0.9856556109284192,0.5369869270984082
1.1500000000000001,0.7,0.24893134649075613,0.012892047425549844,0.1592006475751377,0.8150817425040221,0.9617047048582916,0.02818659338755305,0.0024066567364883153,0.12204192927187278,0.90793379707541,0.9749368014118688,0.008193170050807684,0.0012878034799468686,0.11122178586038146,0.9166764172498408,0.9845006200665062,0.5529120688066871
1.2000000000000002,0.7,0.24573148493662875,0.012921067992621762,0.16057106764280185,0.8158043521911145,0.9588132374923051,0.02818644016309681,0.0024251989228067047,0.12207384357924662,0.9106328963619779,0.9730301615452404,0.008308872335973366,0.0013016051823526913,0.1108719334885029,0.9196341907991222,0.9833152050954064,0.5682894719018001
1.25,0.7,0.242460981032154,0.012949614231999163,0.16191319110694521,0.8165500563386301,0.9558563383318301,0.02817692179993773,0.0024438158575389645,0.1221010517036691,0.9132194503634234,0.9710782515974127,0.00842215203303414,0.0013155144932159718,0.11052519754135687,0.9224698120055573,0.9821007000934457,0.5831379756251085
1.3,0.7,0.23912804242389205,0.012977719473409274,0.16322705475887334,0.8173192752454244,0.952837539870942,0.028158331404029315,0.0024625081219417917,0.12212355946634668,0.9156983376487304,0.9690832531609205,0.008532986419402954,0.001329531612963052,0.11018159177658278,0.9251882472423396,0.9808583938706995,0.597475771250117
1.35,0.7,0.23574052008134933,0.013005415904831683,0.1645127046953403,0.8181122669281621,0.9497602531584293,0.028130961945112165,0.0024812763273349067,0.1221413736711795,0.9180742359320323,0.9670472734872078,0.008641357338229507,0.001343656766427908,0.10984112556597578,0.9277942686023267,0.9795895313106585,0.6113204243690582
1.4000000000000001,0.7,0.23230590724258893,0.013032734589051331,0.16577019571308935,0.8189291417936748,0.9466277707161868,0.028095105616210477,0.0025001211140726516,0.12215450216867338,0.9203516290107296,0.9649723475176829,0.008747250974812017,0.001357890202405455,0.10950380420479772,0.9302924607334191,0.9782953146843453,0.6246888964129393
1.4500000000000002,0.7,0.22883134025933055,0.01305970548231059,0.16699959075513862,0.8197698765004239,0.9434432694739576,0.028051053240785724,0.0025190431505109413,0.12216295391022466,0.922534813592999,0.9628604398919889,0.008850657634025733,0.0013722321932018904,0.10916962920559331,0.9326872275022059,0.9769769049364616,0.6375975654314161
1.5,0.7,0.22532360112972552,0.01308635745476308,0.16820096040558263,0.820634327016453,0.9402098137113193,0.02799909372607406,0.0025380431319742625,0.1221667389935407,0.9246279060026388,0.9607134469308121,0.00895157151976306,0.001386683034183519,0.10883859857697678,0.9349827984837564,0.9756354229432567,0.6500622461579506
1.55,0.7,0.2217891215193623,0.013112718312456204,0.16937438242982322,0.8215222408868031,0.9369303579986575,0.027939513561030395,0.0025571217797269344,0.12216586869991086,0.926634848751004,0.958533198590873,0.009049990517263878,0.0014012430433253782,0.10851070708787101,0.9371832352762232,0.9742719507419019,0.6620982093848375
1.6,0.7,0.21823398808369415,0.013138814820592667,0.1705199413572824,0.8224332687279805,0.9336077501296686,0.027872596357219285,0.002576279839952386,0.12216035552399751,0.92855941696743,0.9563214603900356,0.009145915979105242,0.0014159125607608658,0.10818594651769368,0.9392924376396337,0.9728875327312456,0.6737202006718338
1.6500000000000001,0.7,0.21466394891779608,0.013164672727843232,0.17163772810378045,0.8233669749708296,0.9302447340386687,0.02779862243092889,0.002595518082743787,0.12215021319677341,0.9304052246810403,0.9540799353007463,0.009239352515517267,0.0014306919483334623,0.10786430589299303,0.9413141494588807,0.9714831768439021,0.6849424584113128
1.7000000000000002,0.7,0.21108442097199448,0.013190316791503901,0.1727278396308892,0.8243228478761506,0.9268439526966805,0.027717868424737658,0.0026148373011089664,0.12213545670219056,0.9321757309481954,0.9518102656102638,0.009330307789596766,0.0014455815891515425,0.10754577171104068,0.9432519645314845,0.9700598556897003,0.6957787312720755
1.75,0.7,0.20750049828433656,0.013215770803310222,0.17379037863969052,0.825300308849713,0.9234079509809048,0.02763060696673272,0.0026342383099922048,0.1221161022881269,0.9338742458210696,0.9495140347463732,0.00941879231790183,0.001460581887147166,0.10723032815089036,0.9451093321812032,0.9686185076705867,0.706242295043188
1.8,0.7,0.20391696089297504,0.013241057615739812,0.17482545329648488,0.826298721085027,0.9199391785127808,0.02753710636556229,0.002653721945315125,0.12209216747212015,0.9355039361539493,0.947192769067487,0.009504819276829175,0.0014756932666396573,0.10691795727240995,0.946889562699006,0.9671600380671296,0.7163459688984839
1.85,0.7,0.20033828430324693,0.013266199168651257,0.17583317698810544,0.8273173975634369,0.91643999246039,0.027437630339500613,0.0026732890630386183,0.12206367104236358,0.9370678312448487,0.9448479396162355,0.009588404315101282,0.0014909161719046937,0.1066086392037907,0.948595832613318,0.965685320096832,0.7261021311016541
1.9000000000000001,0.7,0.19676864939546063,0.013291216516123427,0.17681366810459825,0.8283556084418421,0.9129126603014639,0.027332437777711355,0.0026929405382474345,0.12203063305440534,0.9385688283109288,0.9424809638358229,0.009669565372622133,0.001506251066749544,0.1063023523180311,0.9502311897917783,0.9641951959445021,0.7355227341711679
1.9500000000000002,0.7,0.19321195267012226,0.013316129853373973,0.17776704984713004,0.8294125878587207,0.9093593625437316,0.02722178253191287,0.0027126772642588203,0.12199307482396228,0.9400096977970074,0.9400932072485901,0.009748322505898228,0.0015216984340950298,0.10599907339888563,0.9517985583770544,0.9626904777649757,0.7446193195236024
2.0,0.7,0.18967181673749595,0.013340958543649334,0.178693450059082,0.8304875401891677,0.905782195399772,0.02710591323667476,0.0027325001517563333,0.12195101891622989,0.9413930885171565,0.937685985096374,0.009824697720165433,0.001537258775564711,0.1056987777967587,0.9533007435595044,0.9611719486585206,0.7534030316133207
2.0500000000000003,0.7,0.18615160096798,0.013365721144991056,0.17959300107838064,0.8315796457794243,0.9021831734139389,0.026985073156608908,0.002752410127949748,0.12190448913204271,0.942721532630013,0.9352605639423887,0.009898714808311672,0.0015529326110817335,0.1054014395750138,0.9547404361896997,0.9596403636192871,0.7618846315858219
2.1,0.7,0.1826544122287809,0.013390435436794742,0.18046583960920684,0.8326880661909175,0.898564232039292,0.026859500058758236,0.0027724081357617682,0.12185351049121372,0.9439974504489821,0.932818163234475,0.009970399196640235,0.0015687204784737214,0.10510703164715608,0.9561202172339984,0.9580964504571962,0.7700745104614898
2.15,0.7,0.17918311564077624,0.013415118446088413,0.18131210661130923,0.8338119489831782,0.8949272301628044,0.026729426108531868,0.0027924951330420764,0.12179810921335715,0.9452231550890009,0.9303599568296786,0.010039777797478186,0.0015846229330860396,0.1048155259053336,0.9574425620765175,0.9565409106936844,0.7779827018658919
2.2,0.7,0.17574034529728033,0.013439786473466666,0.1821319472052316,0.8349504320642148,0.8912739525774264,0.026595077787585474,0.002812672091809086,0.12173831269647663,0.9464008569519501,0.9278870744802156,0.010106878868598788,0.001600640547403703,0.10452689334058975,0.9587098446709706,0.9549744204317432,0.7856188943222253
2.25,0.7,0.1723285148936721,0.013464455118625743,0.1829255105918442,0.8361026476360028,0.8876061123998669,0.02645667583209911,0.0028329399975196164,0.12167414949357908,0.9475326680531685,0.9254006032809745,0.010171731879395527,0.0016167739106821633,0.10424110415528479,0.9599243415459412,0.9533976312007105,0.7929924431209688
2.3000000000000003,0.7,0.16894982822353122,0.013489139305452594,0.18369294998464542,0.8372677257617518,0.8839253534332124,0.026314435189961405,0.002853299848366577,0.12160564928755532,0.9486206061918402,0.9229015890787886,0.010234367383718074,0.0016330236285871584,0.10395812786809089,0.9610882356672324,0.9518111707762891,0.8001123817812836
2.35,0.7,0.16560628950307119,0.013513853306628167,0.18443442255337622,0.8384447975805409,0.8802332524737358,0.026168564995427555,0.002873752654604626,0.12153284286454949,0.9496665989682869,0.9203910378437798,0.010294816899256988,0.0016493903228437753,0.10367793341194997,0.9622036201609963,0.9502156439762758,0.8069874331182034
2.4000000000000004,0.7,0.16229971349128203,0.013538610767711718,0.1851500893775619,0.8396329981938037,0.8765313215614629,0.026019268559878784,0.0028942994379036616,0.12145576208602216,0.9506724876514256,0.917869917003145,0.01035311279334373,0.001665874630894837,0.10340048922536936,0.963272501901376,0.9486116334325004,0.8136260199291736
2.45,0.7,0.15903173537832352,0.013563424730678796,0.18584011540866616,0.840831469247001,0.8728210101742551,0.02586674337737201,0.0029149412307299173,0.12137443985969594,0.9516400308998315,0.9153391567378096,0.0104092881750156,0.001682477205568692,0.10312576333741544,0.9642968049664205,0.9469997003394771,0.8200362753130311
2.5,0.7,0.15580382041936644,0.01358830765689082,0.1865046694396121,0.842039361228671,0.8691037073653439,0.025711181143730086,0.00293567907575434,0.1212889101095571,0.9525709083399978,0.9127996512424266,0.010463376793180981,0.0016991987147564557,0.10285372344675087,0.9652783739660328,0.9453803851802802,0.8262260526340676
2.5500000000000003,0.7,0.15261727329529443,0.013613271449478971,0.1871439240804907,0.8432558355078894,0.865380743844407,0.025552767787984588,0.0029565140252878633,0.12119920774507265,0.9534667240055011,0.9102522599492419,0.010515412940708657,0.0017160398410987242,0.10258433699504647,0.96621897724571,0.94375420843016,0.8322029351433821
2.6,0.7,0.14947324718547497,0.013638327475129306,0.18775805573934287,0.844480066130036,0.8616533940024187,0.025391683515044325,0.002977447140743126,0.12110536862976944,0.9543290096408682,0.907697808716387,0.010565431364255735,0.0017330012816817563,0.1023175712350845,0.9671203099698101,0.9421216712384157,0.8379742452693121
2.6500000000000004,0.7,0.14637275254121637,0.01366348658525987,0.18834724460696595,0.8457112413896346,0.8579228778806347,0.025228102858523338,0.002998479492122125,0.1210074295493092,0.9551592278740053,0.9051370909811915,0.010613467179641546,0.0017500837477430957,0.1020533932938559,0.967983997088055,0.9404832560890455,0.8435470535883235
2.7,0.7,0.1433166655515709,0.013688759136583893,0.1889116746447559,0.8469485651979409,0.8541903630841818,0.025062194742721634,0.003019612157529251,0.12090542817918248,0.9559587752610911,0.9025708688791402,0.010659555792569593,0.0017672879643865877,0.10179177023094041,0.9688115961889395,0.9388394274406918,0.8489281874873511
2.75,0.7,0.14030573629585263,0.013714155011056217,0.18945153357465935,0.8481912582618838,0.850456966640825,0.024894122552810278,0.0030408462227091227,0.12079940305213353,0.9567289852078543,0.899999874329118,0.0107037328244961,0.0017846146703067215,0.1015326690924449,0.9696046002436703,0.9371906323464003,0.8541242395282009
2.8000000000000003,0.7,0.13734059657963352,0.013739683635202704,0.1899670128703681,0.8494385590899337,0.8467237568055724,0.024724044212329262,0.0030621827806085783,0.12068939352541848,0.9574711307711612,0.8974248100856138,0.010746034043441611,0.0018020646175222158,0.1012760569607622,0.9703644402442071,0.9355373010537064,0.8591415755242627
2.85,0.7,0.13442176745309106,0.013765353998834736,0.19045830774894734,0.8506897248394805,0.8429917548118553,0.02455211226716183,0.0030836229309621913,0.12057543974799001,0.9581864273448223,0.8948463507585628,0.010786495299541336,0.0018196385711187495,0.10102190100039968,0.971092487738917,0.9338798475855611,0.8639863423394273
2.9000000000000004,0.7,0.13154966641242619,0.013791174673152969,0.19092561716214634,0.8519440320193494,0.8392619365700901,0.02437847397520248,0.003105167779900626,0.12045758262769315,0.9588760352335047,0.8922651438015261,0.010825152465130392,0.0018373373090007244,0.1007701685001151,0.9717900572692941,0.9322186703026032,0.8686644754187633
2.95,0.7,0.1287246142866744,0.01381715382824625,0.1913691437866961,0.8532007770601739,0.8355352343144871,0.024203271400987426,0.0031268184395811523,0.12033586379854908,0.9595410621185935,0.889681810468913,0.010862041379161512,0.0018551616216519386,0.10052082691158447,0.9724584087111229,0.9305541524472788,0.8731817060601795
3.0,0.7,0.1259468418136184,0.013843299249993214,0.19178909401295327,0.8544592767644748,0.8318125381990196,0.024026641514606036,0.0031485760278396144,0.12021032558819614,0.9601825654197981,0.8870969467429594,0.010897197795755122,0.0018731123119050336,0.10027384388481597,0.9730987495233968,0.9288866626703045,0.8775435684359812
3.0500000000000003,0.7,0.12321649590969481,0.013869618356375346,0.19218567793130373,0.8557188686474736,0.8280946978435135,0.023848716294259425,0.0031704416678631528,0.12008101098555117,0.9608015545562418,0.8845111242311805,0.010930657336684784,0.0018911901947195734,0.10002918730051229,0.9737122369082281,0.9272165555399626,0.8817554063729236
3.1,0.7,0.12053364563979183,0.013896118213211498,0.1925591093157909,0.8569789111788841,0.8243825238308498,0.023669622831878057,0.003192416487882962,0.11994796360874707,0.9613989931107048,0.88192489103502,0.010962455447604722,0.0019093960969686044,0.09978682529957324,0.9742999798849062,0.925544172034711,0.885822379899067
3.1500000000000004,0.7,0.11789828789367454,0.013922805549324757,0.1929096056044862,0.858238783935186,0.8206767891563028,0.023489483441253768,0.0032145016208863777,0.11981122767339755,0.9619758009006183,0.8793387725904134,0.010992627357830445,0.001927730857233537,0.09954672630992054,0.9748630412811874,0.9238698400195808,0.8897494715654568
3.2,0.7,0.11531035277646819,0.013949686771153411,0.19323738787616843,0.8594978876711906,0.8169782306300638,0.023308415768183145,0.00323669820434758,0.11967084796123403,0.9625328559593331,0.876753272480987,0.011021208043488205,0.001946195325607186,0.09930885907081635,0.9754024396448145,0.9221938747068307,0.8935414925503716
3.25,0.7,0.11276970872119012,0.013976767976818408,0.1935426808229279,0.8607556443190467,0.8132875502340114,0.023126532902158676,0.0032590073799762115,0.11952686978915497,0.9630709964310971,0.8741688732246085,0.01104823219385412,0.0019647903635047984,0.09907319265483826,0.9759191510781892,0.9205165791013121,0.8972030885536179
3.3000000000000003,0.7,0.11027616733176512,0.014004054969660241,0.19382571271835874,0.8620114969222215,0.8096054164338113,0.022943943489181523,0.0032814302934832083,0.11937933897872328,0.9635910223830961,0.8715860370339985,0.011073734180709229,0.0019835168434829014,0.09883969648766393,0.9764141109990332,0.9188382444309992,0.9007387454880927
3.35,0.7,0.1078294879652963,0.014031553271258629,0.19408671538104935,0.8632649095114067,0.8059324654474311,0.022760751845305165,0.003303968094363158,0.11922830182614305,0.9640936975378213,0.8690052065521103,0.011097748030542314,0.002002375649065789,0.09860834036581058,0.9768882158297992,0.9171591505631197,0.9041527949755889
3.4000000000000004,0.7,0.10542938206260934,0.014059268133948682,0.19432592413312502,0.8645153669287622,0.802269302471165,0.02257705807055266,0.0033266219356925036,0.11907380507274316,0.964579750928934,0.8664268055629731,0.011120307399438173,0.0020213676745794713,0.09837909447246579,0.9773423246185056,0.9154795664063226,0.9074494196535721
3.45,0.7,0.10307551723625054,0.014087204552847468,0.19454357775364128,0.8657623746063942,0.7986165028642634,0.022392958162881862,0.00334939297394293,0.1189158958759915,0.9650498784837105,0.8638512396786905,0.0111414455504949,0.002040493824992906,0.09815192939153874,0.9777772605935908,0.9137997502993005,0.9106326582994355
3.5,0.7,0.10076752112521026,0.014115367277405068,0.19473991842666763,0.8670054583044958,0.7949746132932618,0.022208544131902517,0.0033722823688092734,0.11875462178106035,0.9655047445350511,0.8612788970032719,0.01116119533361973,0.0020597550157663335,0.09792681612005327,0.9781938126553046,0.9121199503862842,0.9137064107785068
3.5500000000000003,0.7,0.09850498502567073,0.014143760822494272,0.19491519168394203,0.868244163814131,0.7913441528370968,0.022023904112077212,0.0033952912830513236,0.11859003069296033,0.9659449832659497,0.8587101487739691,0.011179589167559,0.0020791521727065295,0.09770372607899724,0.978592736806069,0.9104404049798093,0.9166744428218706
3.6,0.7,0.09628746730705068,0.014172389479053112,0.19506964634201596,0.8694780566292288,0.7877256140540952,0.02183912247516417,0.0034184208823488855,0.11842217084925759,0.9663712000892218,0.8561453499807755,0.011196659024023774,0.0020986862318287973,0.09748263112273607,0.9789747575221688,0.908761342911151,0.9195403906398603
3.6500000000000004,0.7,0.09411449662254442,0.014201257324294355,0.19520353443384592,0.8707067215919718,0.7841194640119077,0.021654279941684448,0.003441672335169498,0.11825109079338612,0.9667839729651988,0.8535848399647363,0.011212436413778658,0.002118358139225517,0.09726350354709161,0.9793405690690499,0.9070829838688121,0.9223077653768698
3.7,0.7,0.09198557492323893,0.014230368231496043,0.19531711113482408,0.8719297625154045,0.7805261452814504,0.021469453691218943,0.003465046812648217,0.11807683934856511,0.9671838536600015,0.851028942995706,0.0112269523745672,0.00213816885094107,0.09704631609618196,0.9796908367624297,0.9054055387254387,0.9249799574129447
3.75,0.7,0.08990018028474256,0.014259725879386995,0.1954106346832739,0.8731468017867517,0.7769460768959057,0.021284717471361944,0.003488545488478887,0.11789946559232857,0.9675713689469179,0.8484779688301761,0.011240237460753085,0.0021581193328529644,0.09683104196811174,0.980026198177349,0.9037292098535286,0.9275602405174217
3.8000000000000003,0.7,0.08785776955508176,0.014289333761141073,0.1954843662954686,0.8743574799546324,0.7733796552758163,0.021100141705177843,0.0035121695388163443,0.11771901883167296,0.9679470217533162,0.8459322132497852,0.011252321734562039,0.002178210560558976,0.09661765481959697,0.9803472643072201,0.9020541914302911,0.9300517758597054
3.85,0.7,0.0858577808324196,0.01431919519299376,0.19553857007526101,0.8755614553030651,0.7698272551212938,0.020915793597026056,0.003535920142189009,0.11753554857882637,0.968311292255438,0.8433919585811074,0.011263234758814905,0.002198443519270138,0.09640612876960378,0.9806546206748565,0.9003806697320043,0.9324576158820959
3.9000000000000004,0.7,0.08389963578092868,0.01434931332249443,0.1955735129184419,0.8767584034148973,0.7662892302723435,0.020731737236636356,0.0035597984794213493,0.11734910452764136,0.9686646389233287,0.8408574741973062,0.01127300559104781,0.0022188192037094013,0.09619643840207505,0.9809488283973972,0.8987088234182063,0.9347807080394122
3.95,0.7,0.08198274179291365,0.01437969113640742,0.19558946441196945,0.8779480167270458,0.7627659145382929,0.020548033701332673,0.0035838057335657067,0.11715973653061205,0.9690074995180765,0.8383290170022237,0.01128166277892061,0.0022393386180157913,0.09598855876781474,0.981230425206971,0.8970388238060527,0.9370238984099931
4.0,0.7,0.08010649400502926,0.01441033146827475,0.19558669672823845,0.8791300040797074,0.759257622497288,0.020364741156318044,0.003607943089842998,0.11696749457651454,0.9693402920434503,0.8358068318974645,0.011289234356819925,0.0022600027756539028,0.0957824653855951,0.9814999264288807,0.8953708351351558,0.939189935182499
4.05,0.7,0.07827027717618125,0.01444123700565306,0.19556548451458006,0.8803040902614908,0.7557646502668067,0.020181914952946977,0.003632211735591821,0.1167724287686686,0.969663415653941,0.8332911522330173,0.011295747843568061,0.0022808126993285557,0.09557813424254792,0.9817578259190199,0.8937050148232207,0.9412814720227863
4.1000000000000005,0.7,0.07647346743443263,0.01447241029703704,0.19552610477820362,0.8814700155522269,0.7522872762461149,0.019999607724923884,0.00365661286022552,0.11657458930381763,0.9699772515211379,0.8307822002419472,0.011301230241153861,0.0023017694209044575,0.0953755417938974,0.9820045969621735,0.8920415137127773,0.9433010713249802
4.15,0.7,0.07471543389996871,0.014503853758481339,0.1954688367668113,0.882627535265037,0.7488257618315725,0.019817869482377716,0.0036811476551967606,0.11637402645162241,0.970282163660289,0.8282801874596746,0.011305708034406201,0.0023228739813307077,0.09517466496208793,0.9822406931327908,0.8903804763093026,0.9452512073507273
4.2,0.7,0.07299554019090355,0.014535569679932582,0.1953939618451332,0.8837764192890726,0.745380352105676,0.019636747703773397,0.0037058173139692093,0.1161707905347638,0.9705784997188223,0.8257853151283457,0.011309207191535244,0.002344127430569993,0.09497548113535739,0.9824665491197623,0.8887220410110199,0.9471342692604764
4.25,0.7,0.07131314581843919,0.014567560231282877,0.19530176336764596,0.8849164516341924,0.741951276500702,0.01945628742563028,0.0037306230319959104,0.11596493190964831,0.9708665917285328,0.8232977745867854,0.011311753165470867,0.0023655308275323137,0.0947779681658027,0.9826825815166684,0.8870663403306487,0.9489525640404978
4.3,0.7,0.06966760747761926,0.014599827468155796,0.1951925265477509,0.8860474299787015,0.7385387494377945,0.019276531330026568,0.003755566006703972,0.11575650094770999,0.9711467568230687,0.8208177476465088,0.011313370895931762,0.002387085240013099,0.09458210436698164,0.9828891895789197,0.8854135011093763,0.9507083193292305
4.3500000000000005,0.0,0.06805828023965173,0.014632373337435554,0.19506653832369905,0.8871691652211486,0.7351429709423196,0.019097519829876633,0.0037806474374851955,0.1155455480173013,0.9714192979222814,0.8183454069542574,0.011314084812162617,0.002408791744635557,0.09438786851109211,0.9830867559491464,0.8837636447233108,0.9524036861464177
4.4,0.0,0.06652189430262745,0.014666212814886273,0.19493767502024573,0.8882812435121457,0.731833692746981,0.01892620657962168,0.003806039670582807,0.11533735579449432,0.9716844547611789,0.8159313350155568,0.011316466283263955,0.0024307187721676372,0.09419786652229513,0.9832756292712445,0.8821504344266949,0.9196461582210831
4.45,0.0,0.06509012015712405,0.014702317366160667,0.194819546705924,0.8893823769446901,0.7286760073024364,0.01876898641615592,0.0038319116370260815,0.11513710703129282,0.9719422641310217,0.8136230610237424,0.011322983007997944,0.002452934374542509,0.0940146416887312,0.9834560722530734,0.8806056572516924,0.8880153118189174
4.5,0.0,0.06375529089788148,0.014740625968255696,0.1947120419470232,0.8904712182145158,0.7256633711008857,0.01862510533358057,0.003858259595560928,0.11494470247949554,0.9721927234318829,0.8114163210379655,0.011333509369782587,0.002475439108438427,0.09383808295302201,0.9836283194056491,0.8791267001951534,0.857472395198411
4.55,0.0,0.06251043329375276,0.01478108060499943,0.19461504895693374,0.891546593355196,0.7227895654833875,0.018493865735948665,0.0038850800371953978,0.11476004355526477,0.9724358410548717,0.809307042654082,0.011347927166406077,0.002498233584948005,0.09366808415058009,0.983792596005853,0.8777110578877356,0.8279799894680563
4.6000000000000005,0.0,0.061349195684591844,0.014823626084851427,0.19452845543055294,0.8926074822806512,0.7200486776567414,0.018374621602503933,0.003912369675306339,0.11458303264510418,0.9726716350490693,0.8072913350450431,0.011366125166374193,0.0025213184682945393,0.09350454382893737,0.9839491185284908,0.8763563275991701,0.7995019627435267
4.65,0.0,0.06026578427227913,0.014868209872342745,0.19445214846720285,0.8936530016216763,0.717435082997974,0.01826677412120722,0.003940125436270874,0.11441357337082228,0.9729001319334951,0.8053654796037117,0.01138799869284896,0.002544694474591772,0.09334736507362885,0.9840980950528495,0.8750602045108282,0.7720034258816013
4.7,0.0,0.059254906730379246,0.014914781931905308,0.19438601456314836,0.894682389565673,0.7149434285478109,0.018169767740380725,0.003968344450590911,0.11425157081755719,0.9731213656378364,0.8035259211465516,0.011413449233705783,0.0025683623706459612,0.09319645534032035,0.9842397256456022,0.8738204772391477,0.745450689736602
4.75,0.0,0.0583117222066609,0.014963294582978176,0.19432993965787107,0.8956949924485194,0.7125686176028545,0.01808308659416231,0.003997024044481009,0.11409693172857953,0.9733353765575987,0.8017692596398175,0.01144238407624883,0.0025923229727990503,0.09305172629290008,0.984374202721745,0.8726350235946154,0.7198112238869784
4.800000000000001,0.0,0.057431796920010145,0.01501370236539809,0.19428380922089955,0.8966902528813989,0.7103057953237546,0.01800625126258565,0.004026161731891751,0.11394956467025895,0.9735422107110203,0.8000922424127994,0.011474715965154498,0.0026165771458116606,0.09291309364727887,0.9845017113851066,0.8715018065620517,0.6950536167814741
4.8500000000000005,0.0,0.05661106466172585,0.015065961914186344,0.19424750836826862,0.8976676992243933,0.7081503352835391,0.01793881583158585,0.0040557552069426465,0.11380938017027306,0.9737419189865613,0.7984917568253491,0.01151036278225533,0.0026411258017846107,0.09278047702066536,0.984622429749839,0.8704188704889131,0.6711475372560494
4.9,0.0,0.055845791603779844,0.01512003184293571,0.19422092199962332,0.898626936243451,0.7060978268865258,0.017880365222160466,0.0040858023367402185,0.11367629083185625,0.9739345564710766,0.7969648233593728,0.011549247246828159,0.0026659698991176265,0.09265379978610012,0.9847365292441828,0.8693843374692318,0.6480636973744125
4.95,0.0,0.05513254489583365,0.015175872635081697,0.19420393494863689,0.8995676368086496,0.7041440635939316,0.017830512761365012,0.004116301154558474,0.11355021142662657,0.9741201818499139,0.795508589106232,0.011591296635107409,0.002691110441503914,0.09253298893204825,0.9848441748976897,0.8683964039116358,0.6257738165466368
5.0,0.0,0.05446816460069625,0.01523344654241338,0.19419643214081495,0.9004895345099811,0.7022850318974825,0.0177888979708537,0.004147249853360442,0.11343105896829223,0.9742988568711717,0.7941203216240643,0.011636442517805216,0.0027165484769592573,0.09241797492686263,0.9849455256129999,0.8674533372806693,0.6042505868819016
5.050000000000001,0.0,0.05384973857621248,0.01529271749024169,0.1941982987539424,0.9013924170826763,0.7005169009870533,0.01775518455134407,0.004178646779640797,0.11331875276932216,0.9744706458672354,0.7927974031409413,0.011684620514482564,0.00274228509688432,0.09230869158794136,0.9850407344231734,0.8665534730013442,0.5834676397329122
5.1000000000000005,0.0,0.05327457996173624,0.015353650988698677,0.19420942037742475,0.9022761205477016,0.6988360130626813,0.017729058543735125,0.004210490427570853,0.11321321448246682,0.9746356153274771,0.7915373250815332,0.0117357700636785,0.0027683214351588506,0.09220507595541264,0.9851299487355079,0.8656952115175133,0.5633995133910097
5.15,0.0,0.05274020697058338,0.015416214049690456,0.19422968316760894,0.9031405239848456,0.697238874245234,0.017710226649683084,0.004242779433428399,0.11311436812883519,0.9747938335166878,0.7903376828965621,0.011789834207766924,0.0027946586672665027,0.09210706817018849,0.9852133105626973,0.8648770154952727,0.544021621892395
5.2,0.0,0.052244324727197984,0.015480375109070573,0.19425897399686237,0.9039855448660132,0.6957221460436099,0.017698414696271647,0.004275512570295937,0.11302214011406893,0.9749453701344117,0.7891961711758112,0.011846759391571477,0.002821298009449021,0.09201461135623654,0.9852909567421262,0.8640974071631689,0.5253102248972491
5.25,0.0,0.051784808920064894,0.015546103953639612,0.194297180594764,0.9048111348852002,0.6942826373396372,0.017693366231034843,0.004308688743011915,0.1129364592340052,0.9750902960108839,0.7881105790268245,0.011906495273828201,0.002848240717888565,0.09192765150692522,0.9853630191440317,0.863354965781512,0.5072423986048485
5.300000000000001,0.0,0.05135969106938919,0.015613371652611955,0.19434419168023417,0.9056172762293142,0.6929172968548474,0.017694841235026543,0.0043423069833605195,0.11285725667108319,0.9752286828357402,0.7870787857026967,0.011968994550642681,0.0028754880879169834,0.09184613737530425,0.9854296248692163,0.8626483252335935,0.48979600766904363
5.3500000000000005,0.0,0.05096714523285597,0.015682150493221997,0.19439989708381805,0.9064039782407068,0.6916232060660515,0.017702614942904087,0.004376366445486455,0.11278446598262602,0.9753606029160873,0.7860987564635137,0.012034212790142789,0.0029030414532508733,0.09177002036818699,0.9854908964369415,0.8619761717320557,0.47294967807969185
5.4,0.0,0.05060547599390386,0.015752413920170304,0.19446418785965164,0.9071712744281174,0.6903975725391744,0.017716476760123914,0.004410866401522002,0.11271802308201694,0.9754861289608862,0.785168538657079,0.012102108277580036,0.002930902185251309,0.09169925444390667,0.9855469519635912,0.8613372416340926,0.4566827709768231
5.45,0.0,0.05027310759533707,0.015824136478635602,0.19453695638689322,0.9079192197878294,0.689237723653111,0.017736229268352142,0.004445806237414418,0.1126578662136874,0.97560533388893,0.7842862580055581,0.012172641870181649,0.0029590716922071503,0.09163379601362291,0.9855979053326489,0.8607303193595496,0.44097535736545596
5.5,0.0,0.0499685740971414,0.015897293760601366,0.19461809646060446,0.9086478884012944,0.6881411006874939,0.017761687311087168,0.004481185448942466,0.11260393592274179,0.9757182906579885,0.7834501150855837,0.012245776861101936,0.00298755141864088,0.09157360384605881,0.9856438663564995,0.8601542354063607,0.42580819370008705
5.550000000000001,0.0,0.04969051045138155,0.015971862354266404,0.19470750337222476,0.9093573712793814,0.6871052532502098,0.017792677152288234,0.0045170036379115356,0.11255617501995997,0.9758250721129459,0.7826583819902189,0.012321478851865188,0.0030163428446359558,0.09151863897555343,0.9856849409305275,0.8596078644581038,0.41116269830894203
5.6000000000000005,0.0,0.04943764439931527,0.016047819796327592,0.19480507397990512,0.9100477744268309,0.6861278340222875,0.017829035701514468,0.004553260508517478,0.11251452854284318,0.975925750850991,0.7819093991619555,0.012399715632733446,0.0030454474851847003,0.09146886461331763,0.9857212311799542,0.8590901235787717,0.3970209286291043
5.65,0.0,0.0492087891066002,0.01612514452693981,0.19491070676906067,0.9107192171034945,0.6852065937994305,0.01787060979971344,0.004589955863869848,0.11247894371329989,0.9760203991021202,0.7812015723866539,0.012480457070471001,0.0030748668895557822,0.09142424606178526,0.9857528355998262,0.8585999704901557,0.3833655592246323
5.7,0.0,0.04900283646189276,0.016203815847173498,0.19502430190356995,0.9113718302615816,0.6843393768109736,0.017917255560365556,0.004627089602665806,0.11244936989250637,0.9761090886233966,0.7805333699390022,0.012563675003013537,0.003104602640680385,0.09138475063195464,0.9857798491885397,0.8581364019275138,0.3701798605607342
5.75,0.0,0.04881875097241915,0.01628381387880432,0.19514576126809732,0.9120057551404588,0.6835241162984396,0.01796883776119806,0.00466466171600647,0.11242575853342025,0.9761918906055685,0.7799033198706956,0.012649343140583516,0.0031346563545561847,0.09135034756361882,0.9858023635752616,0.8576984520694552,0.3574476785079964
5.800000000000001,0.0,0.048655564197384246,0.016365119526282012,0.1952749885020462,0.9126211420025905,0.6827588303371502,0.01802522928213718,0.004702672284347968,0.11240806313137486,0.976268875590797,0.7793100074331153,0.012737436972824923,0.003165029679668297,0.09132100794838605,0.9858204671415838,0.857285191038213,0.3451534145515551
5.8500000000000005,0.0,0.048512369666504414,0.016447714440737244,0.19541188902566978,0.9132181489960223,0.6820416178855281,0.018086310585574566,0.00474112147457992,0.11239623917313579,0.9763401134003692,0.7787520726268223,0.012827933681559796,0.0031957242964263865,0.09129670465539498,0.9858342451377238,0.856895723466705,0.33328200668096547
5.9,0.0,0.04838831823661448,0.0165315809858958,0.19555637005887366,0.9137969411303952,0.6813706550478129,0.018151969235390242,0.004780009537224494,0.1123902440847601,0.9764056730713893,0.7782282078706788,0.012920812058796355,0.003226741916617157,0.091277412259632,0.9858437797935711,0.8565291871289873,0.32181891093735565
5.95,0.0,0.04828261384430341,0.016616702205779155,0.1957083406332433,0.9143576893548965,0.680744191536922,0.018222099451502966,0.004819336803749575,0.11239003717856061,0.9764656228015429,0.7777371557838698,0.013016052429644012,0.0032580842828714785,0.09126310697276077,0.9858491504248516,0.8561847516309097,0.3107500835952589
6.0,0.0,0.0481945096169604,0.0167030617940793,0.19586771159782254,0.9149005697277949,0.6801605473251086,0.018296601697014848,0.004859103683989966,0.11239557959944424,0.9765200299011207,0.777277707074531,0.013113636579814254,0.0032897531681454293,0.09125376657637722,0.9858504335346722,0.8558616171579584,0.30006196395729395
6.050000000000001,0.0,0.04812330430853411,0.01679064406510389,0.19603439561915587,0.9154257626683194,0.6796181094709289,0.01837538229528316,0.004899310663670897,0.11240683427086261,0.9765689607515704,0.7768486985290829,0.013213547687408468,0.0033217503752145665,0.09124937035760526,0.9858477029106884,0.8555590132774493,0.28974145774061527
6.1000000000000005,0.0,0.048068339029785474,0.01687943392619515,0.196208307176091,0.9159334522826172,0.6791153291118198,0.018458353074492385,0.004939958302028426,0.11242376584058562,0.9766124807699199,0.776449011096745,0.01331577025871428,0.00335407773618076,0.0912498990469517,0.9858410297181229,0.8552761977923926,0.27977592103477955
6.15,0.0,0.04802899424590262,0.016969416851532873,0.19638936254981856,0.9164238257563996,0.6786507186123175,0.01854543103751582,0.004981047229521644,0.11244634062648382,0.9766506543784803,0.7760775680640479,0.013420290067751065,0.0033867371119909503,0.09125533475834093,0.9858304825888516,0.8550124556445021,0.2701531448113746
6.2,0.0,0.04800468701709133,0.017060578857238103,0.19657747980960383,0.9168970728076586,0.6782228488586267,0.01863653805505168,0.0050225781456318735,0.11247452656248297,0.9766835449792957,0.7757333333144819,0.013527094099323005,0.003419730391967223,0.09126566093125266,0.9858161277067562,0.8547670978639628,0.26086133996643296
6.25,0.0,0.04799486846019841,0.017152906477699924,0.196772578794643,0.9173533851935257,0.6778303466908732,0.018731600580194994,0.005064551816744322,0.11250829314483421,0.9767112149328606,0.7754153096687202,0.013636170495354566,0.0034530594933476094,0.09128086227488834,0.9857980288895363,0.8545394605637032,0.25188912287730575
6.300000000000001,0.0,0.047999021411602574,0.01724638674305305,0.19697458109245208,0.917792956265954,0.6774718924649525,0.01883054938276655,0.005106969074107901,0.11254761137882466,0.976733725540674,0.7751225373011335,0.013747508504298572,0.003486726360837044,0.09130092471429403,0.9857762476671577,0.8543289039760438,0.24322550145630162
6.3500000000000005,0.0,0.04801665827355012,0.01734100715773888,0.1971834100141733,0.9182159805714566,0.6771462177364258,0.018933319301864555,0.0051498308118691745,0.11259245372603731,0.9767511370312394,0.7748540922285712,0.013861098433421258,0.003520732966167946,0.0913258353383701,0.9857508433571058,0.8541348115297064,0.23485986168400505
6.4,0.0,0.048047319027847715,0.017436755680087224,0.1973989905671587,0.9186226534906164,0.6768521030594071,0.019039849015235814,0.005193137985176607,0.11264279405225416,0.9767635085491627,0.7746090848676288,0.013976931603781953,0.0035550813076698886,0.09135558234970019,0.9857218731366025,0.8539565889652829,0.22678195460577555
6.45,0.0,0.04809056940237603,0.01753362070286003,0.19762124942516826,0.9190131709135204,0.6765883758938536,0.019150080824182018,0.005236891608351498,0.11269860757608341,0.9767708981470289,0.774386658656844,0.014095000307737289,0.003589773409847868,0.09139015501613391,0.9856893921119356,0.8537936634873603,0.21898188377549677
6.5,0.0,0.04814599917727642,0.01763159103470242,0.19785011489649532,0.9193877289476574,0.6763539086150929,0.01926396045282455,0.0052810927531221855,0.11275987081837953,0.9767733627797746,0.774185988740477,0.014215297768811254,0.003624811322968679,0.09142954362406022,0.9856534533850421,0.8536454829515974,0.21145009313119278
6.550000000000001,0.0,0.04821322061890739,0.01773065588244984,0.19808551689031081,0.9197465236551683,0.6761476166198235,0.019381436860649245,0.005325742546918298,0.11282656155251462,0.9767709583012987,0.7740062807107275,0.014337818103783042,0.003660197122654939,0.09147373943330998,0.9856141081174778,0.8535115150851391,0.2041773552876574
6.6000000000000005,0.0,0.0482918670307835,0.017830804834243513,0.1983273868814951,0.9200897508166467,0.6759684565231884,0.019502462067341565,0.005370842171221977,0.11289865875554958,0.9767637394630795,0.7738467694054237,0.014462556286854479,0.0036959329094863108,0.09152273463362878,0.9855714055918993,0.8533912467388379,0.19715476023175357
6.65,0.0,0.048381591411711715,0.017932027843409432,0.19857565787420636,0.9204176057189658,0.6758154244418708,0.01962699098900368,0.005416392859973206,0.11297614256034533,0.9767517599145875,0.7737067177583893,0.014589508115768016,0.0037320208086074934,0.0915765223026625,0.9855253932711747,0.8532841831698338,0.19037370440653342
6.7,0.0,0.048482065212241014,0.018034315213058982,0.19883026436441398,0.9207302829648588,0.6756875543584747,0.019754981284918836,0.005462395898026472,0.1130589942086467,0.9767350722053069,0.7735854156998596,0.014718670179754739,0.003768462969342572,0.09163509636540047,0.9854761168552382,0.8531898473531173,0.1838258801708052
6.75,0.0,0.048592977181351624,0.01813765758137196,0.19909114230160702,0.9210279763022009,0.6755839165627522,0.01988639321409549,0.005508852619656194,0.1131471960051645,0.9767137277881938,0.7734821791044637,0.014850039829199854,0.0038052615648153216,0.09169845155502254,0.9854236203357906,0.8531077793207732,0.17750326562123422
6.800000000000001,0.0,0.04871403229604009,0.01824204590752518,0.19935822904987013,0.9213108784711436,0.6755036161655149,0.020021189500885224,0.005555764407108447,0.1132407312726756,0.9766877770244181,0.773396348784432,0.0149836151469204,0.0038424187915750856,0.09176658337509852,0.9853679460489487,0.8530375355276671,0.17139811476450836
6.8500000000000005,0.0,0.04884495076711474,0.018347471458232217,0.1996314633485021,0.9215791810674313,0.6754457916813239,0.020159335209024267,0.005603132689196645,0.11333958430815493,0.9766572691892491,0.773327289525821,0.015119394920956868,0.0038799368692278573,0.09183948806308985,0.9853091347259363,0.8529786882424022,0.16550294802752774
6.9,0.0,0.048985467115109586,0.018453925794861846,0.19991078527233688,0.9218330744203918,0.6754096136762912,0.020300797623499713,0.005650958939938989,0.11344374033994903,0.9766222524789595,0.7732743891656702,0.015257378618786718,0.003917818040072207,0.0919171625551054,0.9852472255419064,0.852930824962429,0.15981054309399256
6.95,0.0,0.04913532931076137,0.018561400761104848,0.20019613619191234,0.9220727474842376,0.6753942834775496,0.020445546139688204,0.005699244677235565,0.11355318548599616,0.976582774018635,0.7732370577081203,0.015397566362873809,0.003956064568739712,0.09199960445186472,0.9851822561629806,0.852893547852252,0.1543139260561627
7.0,0.0,0.0492942979749791,0.01866988847116061,0.2004874587336176,0.9222983877414471,0.675399031941156,0.02059355215925766,0.005747991461583125,0.11366790671309428,0.9765388798707869,0.7732147264776328,0.015539958907473202,0.0039946787418395574,0.0920868119858238,0.9851142627915845,0.8528664732037246,0.14900636287094876
7.050000000000001,0.0,0.04946214563367422,0.018779381298416702,0.20078469673993737,0.92251018111711,0.6754231182753859,0.020744788992361755,0.005797200894825637,0.11378789179721494,0.9764906150446738,0.7732068473075496,0.01568455761661601,0.004033662867606985,0.09217878398941978,0.9850432802101554,0.8528492309174763,0.14388135110986738
7.1000000000000005,0.0,0.04963865602321706,0.018889871864596217,0.2010877952299,0.9227083119032301,0.6754658289165584,0.0208992317656927,0.005846874618938835,0.11391312928485818,0.9764380235062514,0.7732128917623314,0.015831364443203738,0.004073019275555286,0.09227551986439288,0.984969341823295,0.852841464004563,0.13893261199275336
7.15,0.0,0.04982362344264505,0.019001353029349136,0.20139670035982404,0.9228929626920716,0.675526476454701,0.021056857335990817,0.005897014314847052,0.11404360845544087,0.9763811481886728,0.773232350391897,0.015980381909146028,0.004112750316131033,0.09237701955214497,0.9848924796984351,0.8528428281074729,0.13415408269546897
7.2,0.0,0.05001685214907535,0.019113817880265407,0.2017113593844486,0.9230643143177228,0.6756043986065204,0.021217644208639485,0.005947621701270716,0.1141793192847089,0.976320031003272,0.7732647320165758,0.01613161308647989,0.0041528583603722665,0.09248328350509588,0.9848127246050808,0.8528529910396673,0.12953990892218636
7.25,0.0,0.05021815579307097,0.01922725972328869,0.2020317206185227,0.9232225458051292,0.675698957233292,0.021381572461001773,0.005998698533602985,0.11432025240916141,0.9762547128509695,0.773309563041261,0.016285061579412386,0.004193345799569357,0.0925943126589996,0.9847301060526938,0.852871632342868,0.12508443773314326
7.300000000000001,0.0,0.050427356890979186,0.019341672073510993,0.20235773339892044,0.9233678343259144,0.6758095374014206,0.02154862367018049,0.006050246602814038,0.1144663990914739,0.9761852336340442,0.773366386797427,0.01644073150723238,0.004234215044928267,0.09271010840618443,0.9846446523272727,0.8528984428613486,0.12078221061908492
7.3500000000000005,0.0,0.05064428633150632,0.019457048646329536,0.20268934804734018,0.9235003551603764,0.6759355464835531,0.02171878084490676,0.0061022677343816455,0.11461775118690519,0.9761116322682206,0.7734347629117433,0.01659862748804026,0.0042754685272359625,0.09283067256968182,0.9845563905266871,0.8529331243325151,0.11662795681390796
7.4,0.0,0.0508687829140162,0.019573383348948193,0.20302651583363893,0.9236202816650988,0.6760764132982439,0.02189202836128372,0.006154763787246692,0.11477430111067259,0.9760339466950284,0.7735142667000844,0.0167587546232478,0.004317108696527709,0.0929560073782103,0.9844653465948184,0.8529753889930985,0.1126165868373128
7.45,0.0,0.051100692916242876,0.019690670272207004,0.20336918893984593,0.92372778524567,0.6762315872862865,0.02206835190213179,0.0062077366527923785,0.11493604180627787,0.9759522138943909,0.7736044885857959,0.016921118482803237,0.004359138021756015,0.09308611544198203,0.9843715453545566,0.8530249592003145,0.108743186259554
7.5,0.0,0.05133986968929378,0.019808903682724012,0.2037173204248931,0.9238230353340516,0.6764005377219333,0.02224773839970008,0.006261188253845922,0.11510296671476647,0.9758664698974077,0.7737050335411352,0.017085725091099273,0.0044015589904609865,0.09322099972930067,0.9842750105397011,0.8530815670673706,0.10500300968064943
7.550000000000001,0.0,0.051586173277988354,0.01992807801533469,0.20407086419009454,0.9239061993701765,0.6765827529573203,0.022430175981525417,0.006315120543701593,0.11527506974490125,0.9757767497992977,0.7738155205508611,0.01725258091352449,0.004444374108441857,0.09336066354392039,0.9841757648258118,0.8531449541127363,0.10139147491667198
7.6000000000000005,0.0,0.05183947006473208,0.020048187865814974,0.20442977494540168,0.923977442787397,0.6767777396985102,0.022615653919235854,0.006369535505164009,0.11545234524423163,0.9756830877724726,0.7739355820969979,0.017421692843620846,0.004487585899429475,0.09350511050313702,0.9840738298600525,0.8532148709226117,0.09790415738600133
7.65,0.0,0.05209963243526656,0.020169227983874712,0.20479400817645582,0.9240369290014392,0.6769850223116523,0.02280416258010992,0.006424435149610643,0.11563478797103867,0.9755855170797137,0.7740648636638467,0.017593068190812328,0.004531196904759529,0.09365434451658344,0.9839692262900692,0.8532910768260618,0.09453678468865831
7.7,0.0,0.05236653846476565,0.020291193266409078,0.2051635201124557,0.924084819402547,0.6772041421578395,0.02299569338121597,0.006479821516072559,0.11582239306713606,0.9754840700874292,0.7742030232623666,0.01776671466867179,0.004575209683046306,0.09380836976570227,0.9838619737919408,0.8533733395823022,0.09128523137208075
7.75,0.0,0.052640071622865665,0.02041407875099612,0.20553826769485337,0.9241212733505331,0.6774346569553218,0.023190238745968178,0.006535696670332416,0.11601515603150714,0.9753787782789685,0.7743497309730861,0.01794264038369508,0.004619626809856778,0.09396719068386994,0.983752091097242,0.8534614350796511,0.08814551387692832
7.800000000000001,0.0,0.05292012049632592,0.020537879609629335,0.2059182085468883,0.9241464481724732,0.677676140167802,0.023387792062947117,0.006592062704038865,0.11621307269475756,0.9752696722679752,0.7745046685067527,0.0181208538245533,0.00466445087738481,0.09413081193714742,0.9836395960192512,0.8535551470456766,0.08511378565672427
7.8500000000000005,0.0,0.05320657852811481,0.02066259114267469,0.20630330094396623,0.924160499162811,0.6779281804176148,0.02358834764684307,0.006648921733836448,0.11641613919436336,0.9751567818117615,0.7746675287819605,0.018301363851795822,0.004709684494125316,0.0942992384056334,0.9835245054783406,0.8536542667680975,0.0821863324653551
7.9,0.0,0.05349934377180787,0.02078820877304211,0.2066935037848861,0.9241635795856543,0.6781903809226477,0.02379190070139004,0.006706275900510202,0.11662435195069429,0.9750401358246864,0.7748380155190382,0.018484179687978223,0.004755330284548155,0.09447247516539711,0.9834068355265781,0.8537585928260083,0.07935956780665468
7.95,0.0,0.05379831866026731,0.02091472804056198,0.20708877656391628,0.9241558406790683,0.6784623589559236,0.023998447284167244,0.00676412736814417,0.11683770764379207,0.9749197623915272,0.7750158428495098,0.018669310908190843,0.004801390888771612,0.09465052747096864,0.9832866013715746,0.8538679308310217,0.07663002854049804
8.0,0.0,0.05410340978764946,0.021042144596557705,0.2074890793437181,0.9241374316611854,0.6787437453268228,0.024207984273153165,0.0068224783232930675,0.11705620319088371,0.9747956887808276,0.775200734940476,0.01885676743096508,0.004847868962235255,0.09483340073836528,0.9831638173996038,0.8539820931779393,0.07399437064002173
8.05,0.0,0.054414527703856734,0.021170454198605786,0.2078943727291135,0.9241084997379688,0.6790341838829748,0.024420509334924914,0.006881330974166404,0.11727983572460991,0.9746679414582143,0.7753924256332937,0.019046559509535786,0.004894767175372029,0.09502110052863379,0.983038497198025,0.8541008988045752,0.07144936509477288
8.1,0.0,0.05473158672061556,0.021299652705475475,0.2083046178416906,0.9240691901124801,0.6793333310318956,0.024636020894402737,0.006940687549824358,0.11750860257194908,0.9745365460996713,0.7755906580959596,0.019238697723439474,0.004942088213279402,0.09521363253188855,0.9829106535770354,0.8542241729603787,0.06899189395476762
8.15,0.0,0.05505450472842121,0.021429736072240243,0.20871977629524024,0.9240196459955152,0.6796408552815014,0.024854518106046084,0.007000550299384755,0.1177425012338174,0.974401527604762,0.7757951844886346,0.019433192970429062,0.0049898347753894005,0.09541100255182722,0.9827802985907764,0.8543517469835112,0.06661894651061254
8.200000000000001,0.0,0.05538320302364547,0.021560700345553945,0.20913981017201447,0.9239600086174838,0.6799564367986641,0.02507600082641379,0.007060921491240535,0.11798152936532615,0.9742629101097923,0.7760057656417672,0.019630056458687078,0.005038009575137393,0.09561321649070535,0.9826474435578207,0.8544834580860521,0.06432761560500927
8.25,0.0,0.05571760614515332,0.02169254165908473,0.20956468199979664,0.9238904172414183,0.6802797669850249,0.02530046958800659,0.007121803412287091,0.11822568475667732,0.9741207170009083,0.7762221707463033,0.01982929969932021,0.0050866153396294436,0.09582028033475301,0.9825120990810629,0.854619149147019,0.062115094071123346
8.3,0.0,0.056057641719821645,0.021825256229100212,0.2099943547297721,0.9238110091770089,0.6806105480693139,0.025527925574315463,0.007183198367158927,0.11847496531467926,0.9739749709271206,0.7764441770554908,0.020030934499119035,0.005135654809308113,0.09603220014001637,0.9823742750670355,0.8547586685129032,0.059978671293453835
8.35,0.0,0.056403240316395785,0.021958840350197725,0.2104287917151865,0.9237219197955687,0.6809484927154653,0.025758370596004204,0.007245108677475072,0.11872936904486432,0.9738256938132515,0.7766715695978105,0.020234972953567673,0.005185130737616538,0.09624898201860863,0.9822339807446746,0.8549018698054317,0.05791572988699047
8.4,0.0,0.056754335307159405,0.022093290391173758,0.21086795669077893,0.9236232825458431,0.6812933236458517,0.025991807068159196,0.007307536681092728,0.11898889403419079,0.9736729068727994,0.7769041409005847,0.020441427440088953,0.005235045890660667,0.09647063212535473,0.9820912246835529,0.855048611736281,0.055923742490589776
8.450000000000001,0.0,0.05711086273692982,0.022228602791026994,0.21131181375297559,0.9235152289705815,0.6816447732789921,0.026228237988543585,0.007370484731368669,0.11925353843431193,0.9735166306207171,0.7771416907238384,0.020650310611511437,0.005285403046869501,0.09669715664481532,0.9819460148116022,0.8551987579284771,0.05400026867064166
8.5,0.0,0.057472761198924666,0.02236477405508967,0.21176032734082925,0.9233978887238,0.6820025833811221,0.026467666916797018,0.00743395519642788,0.11952330044539529,0.9733568848861001,0.7773840258040022,0.0208616353897454,0.005336204996653208,0.09692856177867587,0.9817983584323436,0.8553521767442304,0.05214295193123314
8.55,0.0,0.05783997171707711,0.022501800751282178,0.21221346221768936,0.9232713895886673,0.6823665047310425,0.026710097954525776,0.007497950458439004,0.11979817830047584,0.9731936888247806,0.7776309596070676,0.02107541495965559,0.005387454542058994,0.09716485373348739,0.9816482622416448,0.8555087411189598,0.05034951682714624
8.6,0.0,0.05821243763440574,0.022639679506486148,0.21267118345358704,0.9231358574959513,0.6827362967976911,0.0269555357262316,0.0075624729128961465,0.12007817025032687,0.973027060931828,0.7778823120908216,0.02129166276311919,0.005439154496424579,0.09740603870874605,0.9814957323440201,0.8556683284012757,0.04861776617615307
8.65,0.0,0.058590104507072006,0.022778407003031433,0.2131334564083191,0.9229914165429715,0.683111727429907,0.027203985361030605,0.007627524967906608,0.12036327454883317,0.9728570190539494,0.7781379094758034,0.02151039249325806,0.005491307684029178,0.09765212288529918,0.9813407742684923,0.8558308201986962,0.046945578367192944
8.700000000000001,0.0,0.058972920003782875,0.02291797997529265,0.21360024671521452,0.922838189013003,0.6834925725578861,0.027455452475116816,0.007693109043484164,0.12065348943885129,0.9726835804017913,0.7783975840246418,0.021731618088834875,0.00554391693974185,0.09790311241406598,0.9811833929840313,0.8559961022288822,0.045330904761133536
8.75,0.0,0.05936083381021937,0.02305839520639117,0.21407152026556694,0.9226762953950861,0.6838786159058431,0.027709943154927467,0.007759227570847482,0.12094881313854217,0.9725067615621404,0.7786611738294466,0.021955353728803365,0.00559698510866711,0.09815901340506165,0.9810235929145854,0.8561640641761874,0.04377176718093183
8.8,0.0,0.05975379753819291,0.023199649524998634,0.2145472431937168,0.9225058544041962,0.6842696487154248,0.027967463940969932,0.007825882991723323,0.12124924382816173,0.9723265785100219,0.7789285226069413,0.02218161382700334,0.00565051504578768,0.0984198319167141,0.9808613779537201,0.8563345995533219,0.042266255488119894
8.85,0.0,0.060151764639251135,0.023341739802238207,0.21502738186276585,0.9223269830017332,0.6846654694794356,0.0282280218122725,0.007893077757654169,0.12155477963729576,0.9721430466206937,0.7791994795010385,0.022410413026991656,0.005704509615604276,0.09868557394546297,0.9806967514788794,0.8565076055679436,0.04081252524264648
8.9,0.0,0.06055469032247322,0.023484662948680065,0.21551190285090785,0.9221397964162946,0.685065883685458,0.028491624171423535,0.00796081432930994,0.12186541863252548,0.9719561806815382,0.7794738988925696,0.02264176619700075,0.005758971691772314,0.09895624541563118,0.9805297163652826,0.8566829829939913,0.039408795443207335
8.950000000000001,0.0,0.0609625314762117,0.023628415911427697,0.21600077293835834,0.9219444081646947,0.6854707035689696,0.02875827883016557,0.00802909517580347,0.12218115880551077,0.9717659949038483,0.7797516402158962,0.02287568842501681,0.005813904156735444,0.09923185216955965,0.9803602749994712,0.8568606360475873,0.038053346345295926
9.0,0.0,0.06137524659355361,0.023772995671291784,0.2164939590948669,0.9217409300732009,0.6858797478755774,0.029027993995513035,0.00809792277400944,0.12250199806147849,0.9715725029345098,0.7800325677821393,0.023112195013970008,0.005869309901355796,0.0995123999579961,0.9801884292925165,0.8570404722673401,0.03674451735430142
9.05,0.0,0.06179279570128842,0.023918399240048585,0.21699142846779537,0.9215294722989555,0.6862928416320033,0.029300778256363978,0.008167299607886475,0.12282793420810367,0.9713757178675788,0.7803165506087738,0.023351301477029608,0.005925191824540846,0.09979789443072956,0.9800141806929025,0.8572224023988849,0.03548070499107268
9.1,0.0,0.062215140292184,0.024064623657779886,0.2174931483707456,0.9213101433515565,0.686709815925477,0.029576640570577992,0.008237228167802108,0.12315896494477178,0.9711756522557548,0.780603462255348,0.02359302353299718,0.005981552832866806,0.10008834112746241,0.9798375301990954,0.8574063402835079,0.03426036092745579
9.15,0.0,0.06264224326038431,0.024211665990291738,0.2179990862727204,0.921083050114771,0.6871305076912005,0.02985559025249416,0.008307710949860363,0.12349508785221058,0.9709723181217486,0.7808931806650949,0.023837377101791388,0.006038395840198444,0.10038374546891221,0.9796584783718099,0.8575922027507042,0.03308199008939853
9.200000000000001,0.0,0.06307406883975464,0.024359523326609265,0.21850920978780175,0.9208482978683594,0.6875547595075713,0.030137636960864293,0.008378750455231666,0.12383630038248061,0.970765726969548,0.7811855880122143,0.024084378300018215,0.006095723767305239,0.10068411274813598,0.9794770253459848,0.8577799095145267,0.03194414882529771
9.25,0.0,0.06351058254501092,0.024508192776545062,0.21902348666532998,0.9206059903099869,0.6879824193988566,0.03042279068717827,0.008450349189484872,0.12418259984931372,0.9705558897955785,0.7814805705546122,0.024334043436620743,0.006153539541473793,0.10098944812206992,0.979293170842478,0.8579693830735861,0.030845443137345486
9.3,0.0,0.06395175111548018,0.024657671468338697,0.21954188478056902,0.9203562295772018,0.6884133406450317,0.030711061744359447,0.008522509661921154,0.12453398341878925,0.9703428170997617,0.7817780184918934,0.024586389008602914,0.006211846096116406,0.10129975660327796,0.9791069141794906,0.8581605486145725,0.029784526973707728
9.35,0.0,0.0643975424613484,0.024807956546365025,0.2200643721258416,0.9200991162694632,0.688847381598502,0.031002460755809546,0.008595234384909528,0.12489044810033803,0.9701265188964718,0.7820778258284113,0.024841431696821962,0.006270646370375732,0.10161504305190269,0.9789182542837306,0.8583533339191675,0.028760100579442262
9.4,0.0,0.06484792561226133,0.024959045168909122,0.22059091680211967,0.9198347494701993,0.6892844055074454,0.03129699864478348,0.008668525873223804,0.12525199073806467,0.9699070047253909,0.7823798902411854,0.02509918836184442,0.00632994330872545,0.10193531216781294,0.978727189701326,0.8585476692742269,0.027770908904136547
9.450000000000001,0.0,0.06530287066815176,0.02511093450600568,0.22112148701105522,0.9195632267688797,0.6897242803455186,0.03159468662407569,0.008742386643380765,0.12561860800237895,0.9696842836622629,0.7826841129525075,0.025359676039860907,0.0063897398605668515,0.10226056848294206,0.9785337186084955,0.8587434873851142,0.026815740064314014
9.5,0.0,0.06576234875217478,0.025263621737340904,0.2216560510474368,0.9192846442830866,0.6901668786476841,0.03189553618600061,0.008816819212979367,0.12599029638192732,0.9694583643295486,0.7829903986070629,0.02562291193865508,0.006450038979821288,0.1025908163538116,0.9783378388219858,0.8589407232920723,0.025893423858725288
9.55,0.0,0.06622633196563962,0.025417104050214936,0.22219457729205755,0.9189990966805714,0.6906120773519253,0.03219955909265091,0.00889182610004079,0.12636705217581623,0.969229254906982,0.783298655153398,0.025888913433622346,0.006510843624518404,0.10292605995423552,0.9781395478092854,0.8591393142895237,0.025002830334705347
9.600000000000001,0.0,0.06669479334483336,0.02557137863756301,0.2227370342049808,0.9187066772012813,0.6910597576466248,0.03250676736641794,0.008967409822349151,0.12674887148611888,0.9689969631420285,0.7836087937295776,0.026157698063834188,0.006572156756380072,0.10326630326819967,0.9779388426986211,0.8593391998481941,0.024142868403840244
9.65,0.0,0.06716770681963838,0.025726442696033566,0.22328339031918965,0.9184074776793449,0.6915098048233916,0.03281717328075976,0.009043572896792728,0.12713575021065757,0.9687614963602473,0.7839207285528749,0.02642928352814405,0.0066339813403999935,0.10361155008291244,0.9777357202887468,0.8595403215399579,0.02331248450524738
9.700000000000001,0.0,0.067645047173851,0.025882293424121613,0.22383361423460701,0.9181015885650049,0.6919621081351337,0.03313078935120298,0.009120317838705516,0.12752768403605408,0.9685228614755574,0.7842343768133488,0.02670368768133103,0.006696320344418868,0.10396180398202193,0.977530177058531,0.8597426229653092,0.022510661314831704
9.75,0.0,0.06812679000711445,0.02603892802035583,0.22438767461247364,0.9177890989464857,0.6924165606591753,0.03344762832656519,0.009197647161208992,0.12792466843104078,0.9682810650004099,0.784549658571166,0.026980928530277667,0.006759176738695098,0.10431706833899586,0.9773222091763518,0.8599460496833635,0.021736416498936498
9.8,0.0,0.0686129116983844,0.026196343681537757,0.22494554017007057,0.9174700965717868,0.6928730591652339,0.03376770318038578,0.009275563374553932,0.1283266986400254,0.9680361130558663,0.7848664966575299,0.02726102423017841,0.0068225534954709545,0.10467734631066022,0.9771118125093052,0.8601505491442996,0.020988801510861837
9.850000000000001,0.0,0.06910338937085014,0.026354537601031704,0.22550717967577455,0.917144667870391,0.6933315039880721,0.03409102710255325,0.009354068985462146,0.12873376967690295,0.9677880113815858,0.7851848165790883,0.02754399308077539,0.006886453588534159,0.10504264083089312,0.9768989826322345,0.8603560706241559,0.02026690042877629
9.9,0.0,0.06959820085823895,0.026513506967103934,0.22607256194443381,0.916812897974879,0.6937917989046534,0.03441761349111818,0.009433166496468023,0.12914587631910787,0.9675367653457205,0.7855045464256906,0.027829853522618343,0.006950879992774818,0.10541295460447052,0.9766837148365869,0.8605625651618969,0.019569828833598157
9.950000000000001,0.0,0.0700973246724355,0.02667324896130979,0.22664165583305268,0.916474870742442,0.6942538510156328,0.03474747594428117,0.009512858405259745,0.12956301310190083,0.9672823799547218,0.785825616781375,0.02811862413334562,0.0070158356837376765,0.10578829010106054,0.9764660041391044,0.8607699854986686,0.018896732725471526
10.0,0.0,0.07060073997235203,0.02683376075692749,0.22721443023677346,0.9161306687762831,0.6947175706310231,0.03508062825254596,0.009593147204020087,0.1299851743128837,0.9670248598630574,0.7861479606384695,0.028410323623983418,0.007081323637169625,0.10616864954936359,0.9762458452903547,0.8609782860191658,0.01824678747750967
10.05,0.0,0.07110842653398872,0.02699503951743738,0.22779085408514477,0.9157803734468999,0.695182871159883,0.03541708439102832,0.009674035378766684,0.1304123539867372,0.9667642093828421,0.7864715133146928,0.028704970835260392,0.007147346828562431,0.1065540349313953,0.9760232327831082,0.8611874226950371,0.017619196825524017
10.100000000000001,0.0,0.07162036472162728,0.02715708239504542,0.22837089633866528,0.9154240649132424,0.6956496690038784,0.03575685851191182,0.009755525408691667,0.13084454590017572,0.9665004324933811,0.7867962123731489,0.02900258473393503,0.0072139082326906495,0.10694444797690984,0.9757981608605671,0.8613973530302537,0.017013191892500962
10.15,0.0,0.07213653546010389,0.027319886529249854,0.22895452598559243,0.9150618221437374,0.6961178834545765,0.03609996493704205,0.009837619765500603,0.13128174356711414,0.9662335328506296,0.7871219975451104,0.02930318440913324,0.007281010823144667,0.10733989015796108,0.9755706235244526,0.8616080360083743,0.0164280302466314
10.200000000000001,0.0,0.07265692020811072,0.027483449045449946,0.22954171203900603,0.914693722937175,0.6965874365943352,0.03644641815065138,0.009920320912750634,0.13172394023404138,0.9659635137965681,0.7874488106554912,0.02960678906869369,0.007348657571858856,0.1077403626835994,0.9753406145429542,0.8618194320416392,0.01586299499173893
10.25,0.0,0.07318150093247829,0.02764776705359576,0.2301324235341168,0.9143198439434483,0.6970582532006573,0.03679623279220663,0.010003631305187754,0.1321711288755961,0.9656903783684951,0.7877765955509131,0.029913418035518585,0.0074168514486347955,0.10814586649470206,0.9751081274585485,0.8620315029218276,0.015317393888992413
10.3,0.0,0.0737102600833932,0.02781283764687802,0.23072662952581027,0.9139402606841438,0.6975302606538832,0.03714942364937258,0.010087553388083157,0.13262330219033977,0.9654141293082392,0.7881052980302714,0.030223090743927636,0.007485595420659533,0.10855640225893508,0.9748731555956905,0.8622442117728172,0.014790558508826863
10.350000000000001,0.0,0.0742431805705089,0.027978657900457074,0.2313242990864167,0.9135550475729738,0.6980033888481023,0.03750600565108447,0.010172089596568588,0.1330804525967227,0.96513476907129,0.7884348657777138,0.030535826736013103,0.007554892452018863,0.10897197036584493,0.9746356920683843,0.8624575230047864,0.014281843412033646
10.4,0.0,0.07478024573990896,0.028145224870230107,0.23192540130369796,0.9131642779360483,0.6984775701051652,0.03786599386072318,0.010257242354970657,0.13354257222923865,0.9648522998358509,0.788765248297944,0.030851645657993844,0.0076247455032055975,0.10939257092207832,0.9743957297876354,0.862671402270001,0.01379062535901676
10.450000000000001,0.0,0.07532143935188486,0.028312535591635695,0.232529905279043,0.9127680240319795,0.6989527390916861,0.03822940346938686,0.010343014076144044,0.13400965293476436,0.9645667235118137,0.7890963968537684,0.031170567256566407,0.007695157530622797,0.10981820374672858,0.9741532614687927,0.8628858164201293,0.01331630254624641
10.5,0.0,0.07586674555949229,0.028480587078494893,0.23313778012586273,0.912366357071816,0.6994288327389274,0.03859624978925337,0.010429407160803586,0.1344816862690794,0.9642780417496569,0.7894282644058073,0.03149261137525133,0.007766131486081962,0.11024886836680704,0.9739082796387806,0.8631007334650326,0.012858293868974437
10.55,0.0,0.07641614888785203,0.02864937632188807,0.2337489949681768,0.9119593472387998,0.6999057901654635,0.038966548247028054,0.010516423996855189,0.1349586634935632,0.9639862559492682,0.7897608055542923,0.031817797950732786,0.007837670316296156,0.11068456401283841,0.9736607766432294,0.8633161225329803,0.012416038209308358
10.600000000000001,0.0,0.07696963421416324,0.02881890028906671,0.2343635189393839,0.9115470637079455,0.7003835526025229,0.03934031437747157,0.010604066958725532,0.13544057557206532,0.9636913672686924,0.7900939764828777,0.03214614700918995,0.007909776962368052,0.1111252896145787,0.973410744653505,0.8635319538322374,0.011988993748771786
10.65,0.0,0.07752718674839858,0.028989155922399475,0.23498132118120804,0.911129574665434,0.7008620633219154,0.03971756381700303,0.010692338406690557,0.13592741316794568,0.9633933766328067,0.7904277349043938,0.0324776786626183,0.007982454359272894,0.1115710437968547,0.973158175673644,0.8637481986139788,0.011576637304509056
10.700000000000001,0.0,0.07808879201465269,0.029160140138351803,0.23560237084281344,0.9107069473278202,0.7013412675664495,0.040098312297373706,0.010781240686202722,0.1364191666412812,0.9630922847419228,0.7907620400084738,0.0328124131051395,0.008055705435336371,0.11202182487552413,0.972903061547197,0.8639648291364826,0.011178463688320818
10.75,0.0,0.07865443583311649,0.029331849826498384,0.2362266370800806,0.9102792479610488,0.7018211124827539,0.04048257563940691,0.010870776127216996,0.13691582604623603,0.9627880920803191,0.7910968524109894,0.033150370609298076,0.00812953311170739,0.11247763085355526,0.9726453939639836,0.8641818186305587,0.010793985087745333
10.8,0.0,0.07922410430265177,0.029504281848567872,0.23685408905503674,0.9098465418992765,0.7023015470564155,0.04087036974679992,0.010960947043515601,0.13741738112859198,0.9624807989247015,0.7914321341052295,0.033491571522343756,0.00820394030182576,0.11293845941722559,0.9723851644667648,0.8643991412661682,0.010422730468427212
10.850000000000001,0.0,0.07979778378394148,0.029677433037519227,0.23748469593543386,0.9094088935634966,0.7027825220493533,0.04126171059998401,0.011051755732031494,0.13792382132343625,0.9621704053525958,0.7917678484147634,0.03383603626249786,0.008278929910884792,0.1134043079324385,0.972122364457833,0.8646167721201947,0.010064244997041444
10.9,0.0,0.08037546088319264,0.029851300196649045,0.2381184268944678,0.9089663664799634,0.7032639899393495,0.041656614250038804,0.011143204472170603,0.13843513575300406,0.9618569112506719,0.7921039599479271,0.034183785315202546,0.0083545048352888,0.11387517344115747,0.9718569852055257,0.8648346871453236,0.009718089484065709
10.950000000000001,0.0,0.08095712243637006,0.030025880098729363,0.23875525111063212,0.9085190232984136,0.7037459048616591,0.04205509681265749,0.011235295525132822,0.13895131322467275,0.9615403163230002,0.792440434553877,0.034534839229351674,0.008430667962105547,0.11435105265795717,0.9715890178506653,0.8650528631399952,0.009383839845718295
11.0,0.0,0.0815427554939399,0.030201169485175365,0.23939513776770055,0.9080669258100824,0.7042282225526284,0.042457174462159505,0.011328031133231777,0.1394723422291054,0.9612206200992433,0.792777239280156,0.03488921861350204,0.008507422168513619,0.11483194196669096,0.9713184534129277,0.8652712777193903,0.009061086584402455
11.05,0.0,0.08213234730610358,0.030377165065242448,0.2400380560548323,0.907610134965511,0.7047109002952482,0.042862863425547564,0.011421413519213398,0.13999821093854115,0.9608978219427802,0.7931143423317195,0.035246944132063876,0.008584770321244755,0.1153178374172742,0.9710452827971425,0.8654899092874154,0.008749434287020642
11.100000000000001,0.0,0.08272588530850321,0.03055386351525217,0.2406839751667944,0.9071487108921445,0.7051938968665762,0.04327217997660604,0.01151544488557331,0.14052890720522973,0.960571921058768,0.7934517130313695,0.03560803650146955,0.008662715276021169,0.11580873472258324,0.97076949679953,0.8657087370096509,0.008448501140544037
11.15,0.0,0.08332335710838092,0.030731261477846578,0.24133286430429557,0.906682712911717,0.7056771724869622,0.04368514043003792,0.011610127413873093,0.14106441856000815,0.9602429165021391,0.7937893217815487,0.03597251648631945,0.008741259876987852,0.11630462925546953,0.9704910861138738,0.8659277407872299,0.008157918464243847
11.200000000000001,0.0,0.08392475047117522,0.03090935556127043,0.24198469267442635,0.9062121995574224,0.7061606887710122,0.04410176113563759,0.011705463264055424,0.141604732211017,0.9599108071855357,0.7941271400274462,0.03634040489550405,0.008820406956139915,0.11680551604588858,0.9702100413376364,0.8661469012316149,0.007877330258011319
11.25,0.0,0.08453005330753843,0.03108814233868091,0.24263942949120043,0.9057372285908694,0.7066444086802325,0.04452205847249707,0.011801454573758172,0.14214983504255443,0.9595755918871823,0.79446514022137,0.036711722578301235,0.008900159332744986,0.11731138977814365,0.9699263529780163,0.8663661996402412,0.007606392766213099
11.3,0.0,0.08513925366076014,0.03126761834748433,0.24329704397619203,0.9052578570188178,0.7071282964772927,0.044946048843243276,0.011898103457627474,0.14269971361406555,0.9592372692586978,0.794803295788342,0.03708649042044808,0.008980519812760695,0.11782224478824374,0.9696400114579515,0.8665856179729977,0.007344774056547602
11.350000000000001,0.0,0.08575233969458204,0.031447780088699466,0.24395750535926472,0.9047741411096967,0.7076123176818537,0.04537374866830404,0.011995412006629855,0.1432543541592652,0.9588958378328457,0.7951415810928725,0.03746472934018621,0.009061491188247287,0.11833807506137593,0.9693510071220715,0.866805138829515,0.007092153613386441
11.4,0.0,0.08636929968139076,0.03162862402634708,0.24462078287938693,0.9042861364099005,0.708096439027904,0.04580517438020097,0.012093382287363447,0.14381374258539237,0.958551296031226,0.7954799714068749,0.03784646028427996,0.00914307623677541,0.11885887422949179,0.969059330242599,0.8670247454272341,0.006848221945102711
11.450000000000001,0.0,0.08699012199077549,0.03181014658686523,0.24528684578552984,0.9037938977598636,0.708580628422553,0.04624034241786701,0.01219201634136837,0.1443778644725939,0.9582036421719073,0.7958184428786783,0.03823170422400666,0.009225277720829109,0.11938463556900769,0.9687649710252056,0.8672444215802267,0.006612680204905053
11.5,0.0,0.08761479507843818,0.03199234415855006,0.24595566333764313,0.9032974793099116,0.7090648549062311,0.046679269220987,0.012291316184436343,0.1449467050734362,0.9578528744770008,0.7961569725031031,0.038620482151118324,0.009308098387204086,0.1199153519986191,0.9684679196148211,0.8674641516787447,0.006385239824712968
11.55,0.0,0.0882433074754444,0.03217521309102163,0.24662720480770464,0.9027969345358877,0.7095490886142463,0.04712197122435949,0.012391283805919608,0.1455202493125426,0.9574989910801763,0.7964955380925602,0.03901281507377415,0.009391540966401268,0.1204510160772286,0.9681681661014006,0.8676839206694692,0.006165622161624841
11.600000000000001,0.0,0.08887564777780384,0.03235874969471443,0.24730143948083985,0.9022923162545549,0.7100333007396518,0.047568464852278156,0.012491921168039226,0.14609848178635487,0.957141990034121,0.7968341182491401,0.0394087240124432,0.009475608172015754,0.12099162000198775,0.9678657005256502,0.8679037140364387,0.005953558156545552
11.65,0.0,0.08951180463636974,0.03254295024039233,0.24797833665650718,0.9017836766387702,0.7105174634973784,0.048018766512931466,0.012593230205192844,0.14668138676301729,0.9567818693179421,0.7971726923376564,0.03980822999577673,0.00956030270012117,0.12153715560645247,0.9675605128847142,0.8681235177826307,0.0057487880045554406
11.700000000000001,0.0,0.09015176674704713,0.03272781095868752,0.24865786564974562,0.9012710672324341,0.7110015500895888,0.048472892592819054,0.012695212823262015,0.14726894818238132,0.9564186268445126,0.7975112404596126,0.04021135405644977,0.009645627228649534,0.12208761435885228,0.967252593137824,0.8683433184121754,0.005551060836616799
11.75,0.0,0.0907955228413002,0.03291332803966319,0.2493399957924809,0.9007545389652105,0.7114855346722093,0.048930859451183646,0.012797870898919162,0.14786114965612931,0.9560522604677623,0.7978497434280579,0.04061811722697127,0.009731584416766659,0.12264298736047308,0.9669419312119116,0.8685631029131787,0.005360134412227938
11.8,0.0,0.09144306167694972,0.033099497632399624,0.25002469643488673,0.9002341421670202,0.7119693923226026,0.04939268341445728,0.01290120627893429,0.14845797446801592,0.9556827679899126,0.7981881827433028,0.04102854053546266,0.009818176904243199,0.12320326534415352,0.9666285170071904,0.8687828587411349,0.005175774822648284
11.850000000000001,0.0,0.09209437202925165,0.03328631584460342,0.25071193694679794,0.899709926582305,0.7124530990083373,0.04985838077072081,0.01300522077948153,0.14905940557422512,0.9553101471686576,0.7985265405694654,0.04144264500140428,0.009905407310821379,0.12376843867289505,0.9663123404027018,0.869002573802907,0.0049977562043309245
11.9,0.0,0.0927494426822486,0.03347377874223947,0.251401686719172,0.8991819413840633,0.7129366315570204,0.05032796776417562,0.013109916185445639,0.14966542560384177,0.9549343957242901,0.7988647997118177,0.041860451631349396,0.009993278235577517,0.12433849733858546,0.965993391261832,0.8692222364412566,0.004825860462211531
11.950000000000001,0.0,0.09340826242038637,0.033661882349185546,0.2520939151655961,0.8986502351876569,0.7134199676271537,0.05080146058962672,0.013215294249728575,0.150276016859436,0.9545555113467739,0.799202943594907,0.04228198141460556,0.010081792256280397,0.12491343096083594,0.9656716594377996,0.8694418354199036,0.0046598770025146315
12.0,0.0,0.09407082002038761,0.0338506226469091,0.25278859172383644,0.8981148560643883,0.7139030856799806,0.051278875386976334,0.01332135669255622,0.15089116131775873,0.9541734917027622,0.7995409562414234,0.042707255318882996,0.010170951928745588,0.12549322878593178,0.9653471347791142,0.8696613599090978,0.00449960247474991
12.05,0.0,0.09473710424337581,0.034039995574166024,0.25348568585742715,0.8975758515548496,0.7143859649522883,0.051760228235727304,0.013428105200785422,0.15151084063054718,0.9537883344425632,0.7998788222517892,0.04313629428590984,0.0102607597861858,0.12607787968589634,0.9650198071350085,0.8698807994716846,0.004344840522582428
12.100000000000001,0.0,0.09540710382724238,0.034229997026721186,0.254185167057296,0.897033268682041,0.7148685854301324,0.05224553514949561,0.013535541427211443,0.1521350361254386,0.9534000372070512,0.8002165267844445,0.04356911922701411,0.010351218338557367,0.1266673721576686,0.9646896663608455,0.8701001440496485,0.00419540154327157
12.15,0.0,0.0960808074792503,0.03442062285709039,0.2548870048434239,0.8964871539642617,0.7153509278234533,0.05273481207053149,0.013643666989875958,0.15276372880699104,0.9530085976345266,0.8005540555368063,0.04400575101867217,0.010442330071902957,0.12726169432239393,0.9643567023235006,0.8703193839511162,0.004051102455383975
12.200000000000001,0.0,0.0967582038688681,0.03461186887430356,0.25559116876653604,0.8959375534277711,0.7158329735415532,0.05322807486424854,0.013752483471375735,0.15339689935780937,0.9526140133675214,0.8008913947268758,0.04444621049802372,0.010534097447690604,0.1278608339248282,0.96402090490672,0.8705385098378058,0.003911766474495897
12.25,0.0,0.09743928162082816,0.03480373084368887,0.25629762840982157,0.8953845126192224,0.716314704669404,0.05372533931376056,0.013861992418172129,0.15403452813977547,0.9522162820595532,0.8012285310754746,0.044890518458353214,0.010626522902149178,0.1284647783328549,0.9636822640164575,0.8707575127129051,0.0037772228966101774
12.3,0.0,0.09812402930840337,0.034996204486677646,0.2570063533906804,0.8948280766178667,0.7167961039447586,0.05422662111442557,0.013972195339901534,0.15467659519538085,0.9518154013818265,0.8015654517890856,0.045338695644537685,0.010719608845600385,0.1290735145371156,0.9633407695861894,0.8709763839093652,0.003647306889022509
12.350000000000001,0.0,0.09881243544689697,0.03518928548062969,0.25771731336249337,0.8942682900475316,0.7172771547360371,0.05473193586839684,0.014083093708686933,0.15532308024916047,0.9514113690298809,0.8019021445432786,0.045790762748461035,0.010813357661787438,0.1296870291507528,0.9629964115822088,0.8711951150785938,0.0035218592883807655
12.4,0.0,0.09950448848733988,0.0353829694586789,0.25843047801641506,0.8937051970883709,0.7177578410209622,0.05524129907918078,0.014194688958450705,0.1559739627092264,0.9510041827301877,0.8022385974667022,0.046246740404394866,0.010907771707200484,0.13030530840926602,0.9626491800089004,0.8714136981795372,0.0034007264056899944
12.450000000000001,0.0,0.10020017681039094,0.0355772520095989,0.25914581708318585,0.8931388414883886,0.7182381473659172,0.055754726146201306,0.014306982484228825,0.1566292216688995,0.9505938402466942,0.8025747991256202,0.04670664918434595,0.011002853310398929,0.13092833817048002,0.9622990649139959,0.8716321254681338,0.0032837598380241833
12.5,0.0,0.10089948872043482,0.03577212867768849,0.2598633003349619,0.8925692665747372,0.7187180589060038,0.05627223235937083,0.014419975641486634,0.15728883590843837,0.9501803393873147,0.8029107385089749,0.047170509593370484,0.01109860477133078,0.13155610391462555,0.9619460563938111,0.8718503894871302,0.003170816286714122
12.55,0.0,0.10160241243987318,0.03596759496267663,0.26058289758716086,0.8919965152647908,0.7191975613257741,0.05679383289366773,0.014533669745436323,0.15795278389686337,0.9497636780103698,0.8032464050139596,0.04763834206485534,0.011195028360649142,0.13218859074453204,0.9615901445984661,0.8720684830562444,0.003061757381788616
12.600000000000001,0.0,0.10230893610360463,0.03616364631964685,0.26130457870032103,0.8914206300769942,0.7196766408406138,0.05731954280372037,0.014648066070356293,0.15862104379387504,0.9493438540309729,0.8035817884320829,0.048110166955766524,0.011292126319025979,0.13282578338593218,0.961231319737087,0.8722863992626663,0.0029564495124539724
12.65,0.0,0.10301904775368906,0.036360278158980755,0.2620283135819728,0.8908416531414887,0.7201552841787563,0.05784937701839769,0.01476316584891259,0.15929359345186492,0.9489208654273642,0.8039168789357067,0.048586004541865145,0.011389900856463306,0.13346766618787773,0.9608695720829914,0.8725041314518828,0.0028547636634040723
12.700000000000001,0.0,0.10373273533419254,0.03655748584632047,0.2627540721885199,0.8902596262105148,0.7206334785639043,0.058383350335406654,0.01487897027148253,0.15997041041801766,0.9484947102471917,0.8042516670650434,0.04906587501289112,0.011488354151601937,0.13411422312326682,0.9605048919788585,0.8727216732188167,0.0027565752567604916
12.75,0.0,0.1044499866862086,0.03675526470254984,0.263481824527129,0.8896745906685952,0.7211112116984385,0.05892147741589667,0.014995480485480755,0.1606514719365029,0.9480653866137387,0.8045861437155952,0.049549798467715074,0.011587488351027934,0.1347654377894816,0.9601372698418821,0.8729390183992686,0.002661763999449024
12.8,0.0,0.1051707895430522,0.0369536100037941,0.2642115406576262,0.889086587542496,0.721588471747195,0.05946377277907121,0.015112697594687842,0.16133675495075547,0.9476328927320992,0.8049203001260219,0.0500377949094587,0.011687305568576913,0.13542129340913658,0.959766696168909,0.8731561610616516,0.002570213735825625
12.850000000000001,0.0,0.10589513152562283,0.037152516981437886,0.2649431906943987,0.8884956575109695,0.7220652473217897,0.060010250796807045,0.01523062265858168,0.1620262361058425,0.9471972268952982,0.8052541278664206,0.05052988424058412,0.011787807884636358,0.13608177283093656,0.9593931615415612,0.8733730954990087,0.002481812305371225
12.9,0.0,0.10662300013793315,0.037351980822161304,0.2656767448082997,0.8879018409142793,0.722541527465473,0.06056092568828144,0.015349256691671784,0.16271989175091583,0.9467583874903597,0.8055876188270049,0.0510260862579526,0.011888997345446097,0.13674685853064425,0.959016656631344,0.8735898162213023,0.002396451405281073
12.950000000000001,0.0,0.1073543827627999,0.03755199666799397,0.26641217322855587,0.8873051777635081,0.7230173016384962,0.06111581151460763,0.015468600662836753,0.16341769794174868,0.9463163730043194,0.8059207652071695,0.05152642064785324,0.011990875962397108,0.1374165326121565,0.9586371722047387,0.8738063179479686,0.002314026457780257
13.0,0.0,0.1080892666576938,0.03775255961638664,0.2671494462446749,0.8867057077496513,0.7234925597039717,0.06167492217347922,0.015588655494665031,0.16411963044335443,0.9458711820301835,0.8062535595049264,0.052030906981002,0.01209344571132881,0.13809077680868911,0.95825469912828,0.8740225956007257,0.002234436482002857
13.05,0.0,0.10882763895074524,0.037953664720300435,0.2678885342083531,0.8861034702524953,0.7239672919142112,0.062238271393823826,0.015709422062799204,0.16482566473268676,0.9454228132728323,0.806585994506701,0.052539564707511845,0.012196708531825022,0.13876957248406924,0.9578692283736198,0.8742386442966277,0.002157583970277758
13.100000000000001,0.0,0.10956948663690295,0.038155306988313285,0.2686294075353805,0.885498504349284,0.7244414888975244,0.06280587273046674,0.015830901195284,0.1655357760014191,0.9449712655548683,0.806918063277475,0.05305241315183451,0.01230066632650876,0.13945290063413485,0.957480751022575,0.8744544593413558,0.0020833747686695627
13.15,0.0,0.11031479657424259,0.03835748138474348,0.2693720367075427,0.8848908488231749,0.7249151416454646,0.06337773955880505,0.015953093671918203,0.16624993915880232,0.9445165378224093,0.8072497591512648,0.05356947150767451,0.012405320960336029,0.1401407418882408,0.9570892582721612,0.87467003622274,0.002011717961628248
13.200000000000001,0.0,0.11106355548042246,0.03856018282979014,0.27011639227451856,0.8842805421714843,0.7253882415005037,0.06395388506949296,0.016076000223610703,0.16696812883459855,0.944058629150824,0.8075810757219238,0.05409075883287617,0.012510674259888832,0.14083307651087043,0.956694741439611,0.8748853706045006,0.0019425257606062504
13.25,0.0,0.11181574992928374,0.03876340619969032,0.27086244485577204,0.8836676226137254,0.7258607801441241,0.064534322263139,0.01619962153174084,0.16769031938209045,0.9435975387504116,0.8079120068342573,0.05461629404428438,0.012616728012667536,0.14152988440335218,0.9562971919673774,0.8751004583202047,0.0018757133965065186
13.3,0.0,0.11257136634759252,0.03896714632689266,0.27161016514243735,0.8830521280994401,0.7263327495853114,0.06511906394501595,0.0163239582275233,0.1684164848811636,0.9431332659720242,0.8082425465754397,0.055146095912579796,0.012723483966382816,0.14223114510568033,0.9558966014281218,0.8753152953674288,0.001811199015829772
13.350000000000001,0.0,0.11333039101192113,0.03917139800024727,0.2723595238991961,0.8824340963158258,0.7268041421494363,0.065708122719784,0.01644901089137775,0.169146599141461,0.9426658103126303,0.8085726892667238,0.05568018305708938,0.012830943828247359,0.14293683779843908,0.9554929615296863,0.875529877902121,0.0017489035803937303
13.4,0.0,0.11409281004566639,0.039376155965211754,0.273110491966146,0.8818135646951594,0.7272749504675116,0.06630151098622841,0.01657478005230343,0.16988063570560774,0.9421951714208209,0.8089024294554314,0.05621857394057304,0.01293910926426752,0.14364694130482908,0.9550862641200498,0.8757442022331557,0.0016887507705014575
13.450000000000001,0.0,0.11485860941620218,0.03958141492407306,0.2738630402606593,0.8811905704220201,0.7277451674658106,0.0668992409320121,0.016701266187258906,0.17061856785250462,0.9417213491022557,0.8092317619072174,0.05676128686398727,0.013047981898535139,0.14436143409279542,0.9546765011922683,0.8759582648170747,0.001630666891440192
13.5,0.0,0.11562777493216435,0.0397871695361851,0.27461713977923063,0.8805651504403128,0.7282147863558375,0.06750132452844441,0.016828469720547225,0.17136036860068884,0.9412443433250495,0.8095606815985951,0.05730833996122682,0.013157563312519714,0.1450802942772562,0.9542636648893981,0.8761720622530075,0.00157458078319611
13.55,0.0,0.11640029224086536,0.03999341441822175,0.27537276159931334,0.8799373414600938,0.7286838006246339,0.06810777352526677,0.016956391023206663,0.1721060107117604,0.9407641542250985,0.8098891837097176,0.057859751193845156,0.013267855044361147,0.14580349962243058,0.9538477475094018,0.8763855912777654,0.001520423733274411
13.600000000000001,0.0,0.11717614682583682,0.04020014414444523,0.27612987688114277,0.879307179964201,0.7291522040254145,0.06871859944545633,0.017085030412407325,0.17285546669387242,0.940280782111345,0.8102172636174032,0.05841553834575487,0.013378858588163265,0.14653102754426547,0.9534287415100369,0.8765988487611037,0.0014681293925179208
13.65,0.0,0.1179553240044976,0.0404073532469895,0.27688845686954666,0.8786747022146899,0.7296199905685167,0.06933381358004868,0.017214388150853768,0.17360870880528392,0.9397942274709802,0.8105449168883984,0.058975719017909024,0.013490575393288339,0.14726285511295947,0.9530066395137253,0.876811831701145,0.0014176336938210798
13.700000000000001,0.0,0.11873780892594542,0.04061503621615856,0.277648472895741,0.878039944259078,0.7300871545126566,0.06995342698298057,0.01734446444619393,0.17436570905797336,0.9393044909745839,0.8108721392728699,0.05954031062296445,0.013603006863652813,0.14799895905558316,0.9525814343124055,0.877024537219959,0.0013688747736397271
13.75,0.0,0.1195235865688701,0.040823187500739426,0.27840989637911123,0.8774029419363997,0.7305536903564793,0.0705774504659537,0.017475259450434544,0.17512643922131121,0.9388115734812017,0.8111989266981183,0.06010933037992819,0.013716154357024469,0.14873931575879457,0.9521531188723632,0.8772369625592938,0.0013217928962005255
13.8,0.0,0.12031264173958639,0.041031801508329496,0.27917269882897733,0.8767637308830722,0.7310195928303944,0.07120589459332094,0.017606773259363294,0.17589087082579025,0.9383154760433566,0.811525275262504,0.060682795308788166,0.013830019184321245,0.14948390127164843,0.9517216863390434,0.8774491050764528,0.0012763303803171701
13.850000000000001,0.0,0.12110495907018437,0.04124087260567831,0.27993685184634304,0.8761223465385773,0.7314848568886865,0.0718387696769958,0.01773900591197793,0.1766589751668114,0.9378161999119963,0.8118511812295811,0.06126072222512927,0.01394460260891195,0.1502326913084982,0.9512871300418411,0.877660962240312,0.001232431528723724
13.9,0.0,0.12190052301679584,0.04145039511904323,0.28070232712562776,0.8754788241509575,0.7319494777018919,0.07247608577138669,0.01787195738992257,0.17743072330852397,0.9373137465413737,0.8121766410224304,0.06184312773473613,0.014059905845919093,0.1509856612519894,0.9508494434988694,0.877872531627474,0.0011900425598385031
13.950000000000001,0.0,0.12269931785797457,0.041660363334559025,0.28146909645638074,0.8748331987821315,0.7324134506494322,0.07311785266835685,0.01800562761693145,0.1782060860877183,0.9368081175938613,0.8125016512181839,0.062430028228183714,0.014175930061524058,0.15174278615614303,0.9504086204217064,0.8780838109185534,0.0011491115418749151
14.0,0.0,0.1235013276931888,0.0418707714986211,0.28223713172497716,0.8741855053130307,0.7328767713124965,0.07376407989221152,0.018140016458280287,0.1789850341177692,0.9362993149446971,0.8128262085427367,0.06302143987541717,0.014292676372274885,0.1525040407495277,0.9499646547201178,0.8782947978945882,0.001109588329218528
14.05,0.0,0.12430653644142427,0.042081613818282064,0.2830064049162953,0.8735357784485573,0.733339435467163,0.07441477669471334,0.018275123720245576,0.17976753779262863,0.9357873406866623,0.8131503098656382,0.06361737862032214,0.014410145844396875,0.153269399438519,0.9495175405067557,0.8785054904335751,0.0010714245009924228
14.100000000000001,0.0,0.1251149278398958,0.042292884461661615,0.28377688811537416,0.8728840527223676,0.7338014390777529,0.07506995205012754,0.01841094914957198,0.18055356729086575,0.9352721971346883,0.8134739521951563,0.06421786017528698,0.014528339493106267,0.15403883631064474,0.9490672721018317,0.8787158865071218,0.0010345733017355654
14.15,0.0,0.12592648544286625,0.0425045775583693,0.2845485535090515,0.8722303625014824,0.7342627782904083,0.07572961465029797,0.018547492432948096,0.18134309257975267,0.9347538868303948,0.8137971326735103,0.06482290001575813,0.014647258281927249,0.15481232513801466,0.948613844037764,0.8789259841772151,0.0009989895841215216
14.200000000000001,0.0,0.12674119262057054,0.04271668719994014,0.2853213733875813,0.8715747419907272,0.7347234494268867,0.07639377289975569,0.01868475319649081,0.18213608341939438,0.9342324125465543,0.8141198485722652,0.06543251337479032,0.014766903122012528,0.15558983938083282,0.9481572510637978,0.879135781593098,0.0009646297536473373
14.25,0.0,0.12755903255824377,0.042929207440282766,0.2860953201462301,0.8709172252370024,0.7351834489785639,0.0770624349108611,0.01882273100523847,0.18293250936690084,0.9337077772914854,0.8144420972878824,0.06604671523759278,0.014887274871467732,0.15637135219099155,0.9476974881505962,0.8793452769882544,0.0009314517152248217
14.3,0.0,0.12837998825525138,0.04314213229613991,0.2868703662868527,0.8702578461333897,0.73564277360064,0.07773560849898131,0.018961425362653144,0.18373233978059972,0.9331799843133718,0.8147638763374226,0.06666552033607319,0.015008374334679888,0.15715683641574502,0.9472345504948031,0.8795544686774964,0.0008994148216088018
14.350000000000001,0.0,0.12920404252432002,0.04335545574756102,0.28764648441944524,0.8695966384230924,0.7361014201065402,0.07841330117770408,0.019100835710132144,0.18453554382428816,0.9326490371045073,0.8150851833543932,0.06728894314338066,0.015130202261650233,0.15794626460146102,0.9467684335235746,0.8797633550541517,0.000868479823599165
14.4,0.0,0.13003117799086744,0.043569171738386744,0.2884236472636771,0.8689336357032152,0.7365593854625048,0.0790955201540897,0.019240961426529122,0.1853420904715216,0.9321149394054642,0.8154060160847377,0.06791699786844962,0.015252759347331626,0.15873960899744927,0.9462991328990797,0.8799719345873459,0.0008386088219556816
14.450000000000001,0.0,0.13086137709243,0.04378327417674512,0.2892018276503995,0.868268871428385,0.7370166667823603,0.07978227232396243,0.01938180182768491,0.18615194850993785,0.9315776952091859,0.8157263723829621,0.06854969845054588,0.015376046230970806,0.15953684155986453,0.9458266445229668,0.8801802058193788,0.0008097652209666971
14.5,0.0,0.13169462207818633,0.04399775693555921,0.28998099852313175,0.8676023789142144,0.7374732613224687,0.08047356426724284,0.019523356165968363,0.1869650865456154,0.9310373087650011,0.8160462502083909,0.06918705855381663,0.015500063495455779,0.16033793395568294,0.9453509645407977,0.8803881673631899,0.0007819136836148107
14.55,0.0,0.1325308950085753,0.04421261385306594,0.2907611329395244,0.8669341913406108,0.7379291664768451,0.08116940224332264,0.019665623629827447,0.1877814730074631,0.9304937845825599,0.8163656476215527,0.06982909156184605,0.015624811666668586,0.16114285756674965,0.9448720893464452,0.8805958178999103,0.0007550200882846098
14.600000000000001,0.0,0.13337017775500745,0.04442783873334598,0.2915422040727984,0.8662643417549336,0.7383843797724413,0.08186979218648353,0.019808603343350797,0.18860107615164054,0.9299471274356892,0.8166845627806866,0.07047581057221829,0.015750291212843725,0.16195158349389632,0.9443900155864546,0.8808031561764983,0.0007290514869594261
14.65,0.0,0.1342124519996679,0.04464342534686432,0.29232418521316106,0.8655928630750016,0.7388388988645873,0.08257473970136148,0.01995229436583995,0.18942386406600686,0.9293973423661676,0.8170029939383687,0.0711272283910892,0.015876502543932493,0.16276408256112637,0.9439047401643674,0.8810101810034562,0.0007039760648558952
14.700000000000001,0.0,0.13505769923540947,0.04485936743102148,0.29310704976919755,0.8649197880919534,0.7392927215325876,0.08328425005845816,0.02009669569139255,0.19024980467459623,0.9288444346874183,0.8173209394382528,0.07178335752776906,0.016003446010973532,0.16358032531986633,0.9434162602450051,0.8812168912526245,0.0006797631014468698
14.75,0.0,0.13590590076573483,0.045075658690714934,0.2938907712692386,0.8642451494729625,0.7397458456754648,0.083998328189701,0.020241806248496665,0.19107886574211855,0.9282884099881188,0.8176383977119214,0.07244421018931754,0.016131121905469815,0.16440028205328158,0.9429245732587133,0.8814232858550518,0.0006563829328249325
14.8,0.0,0.13675703770486572,0.04529229279891069,0.29467532336270336,0.8635689797638108,0.7401982693078472,0.08471697868405342,0.020387624899636546,0.19191101487848355,0.9277292741357264,0.8179553672758445,0.07310979827515315,0.016259530458772414,0.16522392278065431,0.9424296769055629,0.8816293637989375,0.000633806915360401
14.850000000000001,0.0,0.13761109097789853,0.04550926339722465,0.29546067982141744,0.862891311391321,0.7406499905559953,0.0854402057831769,0.02053415044090994,0.19274621954334645,0.9271670332799178,0.8182718467284412,0.0737801333716787,0.016388671841471237,0.16605121726182218,0.9419315691595088,0.8818351241276446,0.0006120073906093001
14.9,0.0,0.13846804132104434,0.045726564096513614,0.2962468145409065,0.8622121766656533,0.741101007653962,0.08616801337714639,0.02068138160165729,0.1935844470506736,0.9266016938559437,0.8185878347472416,0.07445522674692467,0.016518546162793094,0.16688213500167556,0.9414302482725031,0.8820405659377805,0.0005909576514283104
14.950000000000001,0.0,0.1393278692819523,0.045944188477475625,0.29703370154166453,0.8615316077824653,0.7415513189398816,0.08690040500022074,0.020829317044102957,0.19442566457332633,0.9260332625878943,0.8189033300861446,0.07513508934521262,0.016649153470007307,0.16771664525471155,0.940925712778562,0.8822456883773433,0.0005706319092551779
15.0,0.0,0.14019055522011478,0.04616213009125948,0.2978213149703966,0.8608496368249403,0.742000922852385,0.08763738382666976,0.020977955363008755,0.19526983914766147,0.9254617464918774,0.8192183315727694,0.07581973178184008,0.016780493747839183,0.16855471702964273,0.940417961497785,0.8824504906439317,0.0005510052625145018
15.05,0.0,0.1410560793073534,0.04638038246008311,0.2986096291012369,0.8601662957656862,0.7424498179271352,0.08837895266665949,0.021127295085339958,0.1961169376781465,0.9248871528791058,0.8195328381058966,0.07650916433778926,0.0169125669178916,0.16939631909405883,0.939906993540325,0.8826549719830156,0.0005320536661101907
15.100000000000001,0.0,0.14192442152838383,0.0465989390778606,0.29939861833694054,0.8594816164685051,0.7428980027934797,0.08912511396219726,0.02127733466994404,0.19696692694198809,0.9243094893588952,0.8198468486529971,0.07720339695446132,0.017045372838075005,0.17024141997913936,0.9393928083103072,0.8828591316862662,0.0005137539019672137
15.15,0.0,0.14279556168145893,0.04681779341083769,0.3001882572100504,0.8587956306900402,0.7433454761712157,0.08987586978313833,0.02142807250724232,0.19781977359377195,0.923728763841569,0.8201603622478435,0.07790243922843818,0.017178911302046105,0.17108998798441508,0.9388754055096958,0.8830629690899431,0.0004960835505865563
15.200000000000001,0.0,0.14366947937908803,0.047036938898235334,0.30097852038403766,0.8581083700812979,0.7437922368674641,0.09063122182325553,0.021579506918934767,0.19867544417011265,0.9231449845412706,0.8204733779882046,0.0786063004062739,0.017313182038655502,0.17194199118257644,0.9383547851421066,0.8832664835733361,0.00047902096357852993
15.25,0.0,0.14454615404883173,0.04725636895290131,0.30176938265441716,0.8574198661890519,0.7442382837736498,0.09139117139637368,0.02173163615771813,0.19953390509431151,0.9225581599786822,0.8207858950336165,0.07931498937931764,0.017448184711404587,0.17279739742432704,0.9378309475165639,0.8834696745572612,0.00046254523714078907
15.3,0.0,0.1454255649341705,0.04747607696196944,0.3025608189498362,0.856730150457128,0.7446836158625827,0.09215571943257037,0.021884458407017623,0.20039512268102105,0.9219682989836478,0.8210979126032306,0.08002851467857017,0.01758391891791196,0.17365617434327985,0.9373038932512012,0.8836725415026065,0.0004466361864485592
15.350000000000001,0.0,0.1463076910954459,0.047696056287526226,0.30335280433313816,0.8560392542275752,0.7451282321856381,0.09292486647444469,0.022037971780732364,0.20125906314091438,0.9213754106977006,0.8214094299737343,0.08074688446957602,0.01772038418938964,0.17451828936089456,0.9367736232769016,0.8838750839089295,0.0004312743209257032
15.4,0.0,0.147192511410873,0.04791630026728477,0.30414531400239936,0.855347208741724,0.7455721318700315,0.09369861267345563,0.022192174322994744,0.20212569258535776,0.9207795045764927,0.8217204464773427,0.08147010654735333,0.017857579990129394,0.17538370969145378,0.9362401388408792,0.8840773013131011,0.0004164408203663285
15.450000000000001,0.0,0.14808000457762308,0.048136802215265596,0.30493832329194076,0.8546540451411341,0.7460153141161855,0.09447695778633163,0.02234706400794395,0.202994977031085,0.9201805903921276,0.8220309614998578,0.08219818833136343,0.017995505716999358,0.17625240234707604,0.9357034415101978,0.8842791932879964,0.0004021175118776819
15.5,0.0,0.14897014911297468,0.048357555422484134,0.30573180767331304,0.8539597944684354,0.746457778195186,0.09525990117155304,0.022502638739513813,0.20386688240487175,0.9195786782353924,0.8223409744787951,0.08293113686052228,0.018134160698951383,0.17712433414276366,0.9351635331752264,0.8844807594412302,0.00038828684761608415
15.55,0.0,0.1498629233555323,0.04857855315764473,0.30652574275625577,0.8532644876680638,0.7468995234463235,0.09604744178590907,0.02265889635123517,0.20474137454820845,0.9189737785178904,0.8226504849015724,0.08366895878825592,0.018273544196539235,0.17799947170148345,0.9346204160530288,0.8846819994139358,0.0003749318832886271
15.600000000000001,0.0,0.1507583054665112,0.04879978866784082,0.3073201042896308,0.8525681555868942,0.7473405492747177,0.09683957818113065,0.022815834606052916,0.20561841922197013,0.9183659019740726,0.8229594923037614,0.08441166037760188,0.01841365540144801,0.1788777814592782,0.934074092690687,0.8848829128795854,0.0003620362573942967
15.65,0.0,0.1516562734310869,0.0490212551792611,0.30811486816232947,0.8518708289747736,0.7477808551490222,0.09763630850060107,0.022973451196157943,0.20649798211108164,0.9177550596631671,0.8232679962673977,0.08515924749635885,0.01855449343603502,0.1797592296704069,0.9335245659685556,0.8850834995428511,0.00034958417117908843
15.700000000000001,0.0,0.15255680505980843,0.04924294589790135,0.3089100104041539,0.8511725384849571,0.7482204405992063,0.09843763047614583,0.02313174374283412,0.20738002882917672,0.9171412629710047,0.8235759964193489,0.0859117256122867,0.018696057352882392,0.18064378241251144,0.932971839103446,0.8852837591385044,0.00033756036928055876
15.75,0.0,0.15345987799007368,0.04946485401028179,0.3097055071866723,0.8504733146744485,0.7486593052144128,0.09924354142490326,0.023290709796320495,0.20826452492324957,0.9165245236117421,0.8238834924297385,0.0866690997883589,0.01883834613436173,0.1815314055918084,0.932415915651739,0.8854836914303537,0.0003259501210380984
15.8,0.0,0.15436546968766596,0.04968697268416961,0.31050133482404846,0.8497731880042486,0.7490974486408863,0.10005403824627747,0.023450346835688866,0.20915143587829702,0.9159048536294782,0.8241904840104226,0.08743137467806962,0.018981358692210983,0.18242206494830293,0.9318567995124231,0.8856832962102178,0.00031473920244603175
15.850000000000001,0.0,0.15527355744835006,0.049909295069306484,0.3112974697738456,0.8490721888395129,0.7495348705799731,0.10086911741897524,0.0236106522687369,0.21004072712195038,0.9152822653997663,0.8244969709135189,0.08819855452079756,0.019125093867123934,0.18331572606102378,0.9312944949300586,0.885882573296935,0.00030391387872743115
15.9,0.0,0.15618411839952698,0.050131814298140766,0.31209388863780396,0.8483703474496224,0.7499715707861874,0.10168877499812833,0.023771623431896944,0.21093236402909507,0.9146567716310192,0.824802952929986,0.08897064313722872,0.019269550428352447,0.18421235435327635,0.9307290064976639,0.8860815225354055,0.0002934608875072984
15.950000000000001,0.0,0.1570971295019458,0.050354523486564225,0.3128905681625933,0.8476676940081688,0.7504075490653431,0.10251300661250266,0.023933257590160677,0.21182631192647677,0.9140283853658066,0.8251084298882498,0.08974764392484035,0.01941472707332181,0.18511191509791272,0.9301603391595239,0.8862801437956671,0.0002833674225644969
16.0,0.0,0.1580125675514714,0.05057741573465294,0.31368748524053947,0.8469642585928571,0.7508428052727497,0.10334180746179601,0.024095551937019743,0.2127225360972927,0.9133971199820443,0.8254134016528789,0.09052955985344804,0.019560622427259415,0.186014373422616,0.9295884982139179,0.8864784369720019,0.00027362111814252976
16.05,0.0,0.15893040918090698,0.050800484127412206,0.3144846169103255,0.8462600711853278,0.7512773393114671,0.1041751723140255,0.024258503594422522,0.21362100178576657,0.912762989194075,0.8257178681233024,0.09131639346081837,0.01970723504283702,0.18691969431519737,0.9290134893157656,0.8866764019820741,0.00026421003379994225
16.1,0.0,0.15985063086186993,0.05102372173552513,0.31528194035766743,0.8455551616709013,0.7517111511306211,0.10501309550300646,0.02442210961274713,0.21452167420170598,0.9121260070536384,0.8260218292325733,0.09210814684834899,0.019854563399826854,0.18782784262890345,0.9284353184791899,0.8868740387660972,0.0002551226397817878
16.150000000000002,0.0,0.1607732089067199,0.051247121616104736,0.3160794329159649,0.8448495598382472,0.752144240723775,0.10585557092592408,0.024586366970790835,0.2154245185250406,0.9114861879507324,0.8263252849461732,0.09290482167681867,0.02000260590477184,0.18873878308773262,0.9278539920799947,0.8870713472860291,0.00024634780289423694
16.2,0.0,0.1616981194705377,0.05147067681344931,0.3168770720669264,0.8441432953789795,0.7525766081273558,0.10670259204099922,0.02475127257577593,0.21632949991034023,0.9108435466143612,0.8266282352608579,0.09370641916220906,0.020151360890670135,0.18965248029175757,0.9272695168580554,0.8872683275247959,0.00023787477286502283
16.25,0.0,0.16262533855315395,0.05169438035980068,0.3176748354411696,0.8434363978871822,0.7530082534191351,0.10755415186524972,0.02491682326337228,0.217236583491311,0.9101980981131733,0.826930680203542,0.0945129400716007,0.02030082661667426,0.1905688987224529,0.9266818999196215,0.8874649794855408,0.0002296931691730137
16.3,0.0,0.16355484200122614,0.051918225276105304,0.3184727008187968,0.842728896858866,0.7534391767167592,0.10841024297234869,0.025083015797736537,0.2181457343852689,0.9095498578559866,0.8272326198302216,0.09532438471914506,0.02045100126780509,0.19148800274802502,0.9260911487395297,0.8876613031909,0.00022179296833077665
16.35,0.0,0.16448660551036276,0.052142204572777795,0.31927064612994566,0.8420208216913593,0.7538693781763304,0.10927085749058094,0.025249846871568227,0.21905691769758892,0.9088988415922004,0.8275340542249339,0.09614075296211509,0.020601882954680857,0.19240975662874343,0.925497271163325,0.8878572986823026,0.00021416449160455226
16.400000000000002,0.0,0.16542060462729344,0.05236631125046675,0.32006864945531516,0.841312201682635,0.7542988579910356,0.11013598710089899,0.025417313106182726,0.21997009852612884,0.9082450654120937,0.8278349834987522,0.09696204419703616,0.02075346971326149,0.19333412452227036,0.924900275409289,0.8880529660192947,0.00020679839315659572
16.45,0.0,0.16635681475208378,0.052590538300822526,0.3208666890266675,0.8406030660305766,0.7547276163898216,0.11100562303507987,0.02558541105160127,0.22088524196562656,0.9075885457470111,0.8281354077888147,0.09778825735589965,0.020905759504608466,0.19426107048898789,0.9243001700703735,0.8882483052788869,0.00019968564859535712
16.5,0.0,0.16729521114039347,0.05281487870726686,0.3216647432273051,0.8398934438321849,0.7551556536361147,0.11187975607398386,0.025754137186658053,0.22180231311206947,0.9069292993694318,0.8284353272573866,0.09861939090246115,0.021058750214660388,0.19519055849731992,0.9236969641160384,0.8884433165549233,0.00019281754391947353
16.55,0.0,0.16823576890577693,0.05303932544576393,0.32246279059252414,0.8391833640827282,0.7555829700265839,0.11275837654591658,0.025923487919124487,0.2227212770670349,0.9062673433929263,0.8287347420909544,0.09945544282862556,0.02121243965402456,0.1961225524290478,0.9230906668939921,0.8886379999574732,0.00018618566484202782
16.6,0.0,0.1691784630220246,0.0532638714855928,0.3232608098100438,0.8384728556748375,0.7560095658899458,0.11364147432509539,0.026093459585850704,0.22364209894200066,0.9056026952719959,0.8290336524993511,0.100296410650921,0.02136682555778472,0.19705701608461718,0.9224812881318324,0.8888323556122427,0.0001797818864819952
16.650000000000002,0.0,0.1701232683255442,0.05348850979012082,0.32405877972041164,0.83776194739755,0.75643544158581,0.11452903883022134,0.026264048452924363,0.22456474386262418,0.9049353728017983,0.8293320587149102,0.10114229140706357,0.021521905585325157,0.1979939131884347,0.9218688379385874,0.8890263836600073,0.00017359836341024817
16.7,0.0,0.17107015951778046,0.05371323331757791,0.3248566793173859,0.8370506679353026,0.7568605975035633,0.11542105902315773,0.0264352507158468,0.2254891769729896,0.9042653941177559,0.82962996099165,0.10199308165261518,0.021677677320171434,0.19893320739415274,0.9212533268061548,0.8892200842560628,0.00016762752003792489
16.75,0.0,0.17201911116767216,0.05393803502183137,0.3256544877482937,0.8363390458668765,0.7572850340612919,0.11631752340771648,0.02660706249972659,0.2264153634398214,0.9035927776950493,0.8299273596044844,0.10284877745773624,0.02183413826984787,0.19987486228994006,0.9206347656106373,0.8894134575696961,0.00016186204133538577
16.8,0.0,0.17297009771414532,0.0541629078531611,0.3264521843143668,0.8356271096642978,0.7577087517047402,0.117218420028553,0.026779479859490547,0.22734326845666397,0.9029175423479942,0.8302242548484615,0.10370937440403538,0.021991285865752032,0.20081884140373718,0.9200131656135744,0.8896065037836738,0.00015629486387038757
16.85,0.0,0.17392309346864118,0.05438784475903483,0.3272497484710537,0.8349148876916932,0.7581317509063039,0.11812373647017099,0.02695249878011218,0.2282728572480255,0.902239707229301,0.8305206470380279,0.10457486758151807,0.02214911746304637,0.20176510820849444,0.9193885384630675,0.8897992230937477,0.0001509191671544957
16.900000000000002,0.0,0.17487807261767802,0.054612838684883355,0.3280471598283096,0.8342024082041053,0.7585540321640586,0.11903345985603776,0.02712611517685769,0.22920409507348596,0.9015592918292196,0.8308165365063174,0.10544525158563609,0.022307630340567198,0.20271362612739102,0.9187608961947981,0.8899916157081782,0.00014572836528713333
16.95,0.0,0.1758350092254453,0.0548378825748753,0.3288443981508632,0.8334896993462678,0.7589755960008199,0.11994757684781114,0.02730032489554943,0.23013694723176756,0.9008763159745657,0.8311119236044653,0.10632052051443978,0.022466821700751195,0.20366435853903356,0.9181302512329381,0.8901836818472734,0.0001407160988870296
17.0,0.0,0.17679387723642925,0.055062969372691416,0.3296414433584614,0.8327767891513446,0.7593964429632362,0.1208660736446788,0.027475123712846928,0.23107137906476738,0.9001907998276326,0.8314068087009449,0.10720066796583509,0.022626688669579596,0.2046172687826324,0.9174966163909499,0.8903754217429442,0.00013587622730118257
17.05,0.0,0.1777546504780685,0.055288092022298015,0.330438275526092,0.8320637055396323,0.7598165736209118,0.1217889359828108,0.027650507336545425,0.2320073559615507,0.8995027638849844,0.8317011921809269,0.10808568703494693,0.02278722829654022,0.20557232016315424,0.916860004872276,0.8905668356382744,0.00013120282108179156
17.1,0.0,0.17871730266343847,0.05551324346871941,0.33123487488418424,0.8313504763172312,0.7602359885655601,0.12271614913492622,0.027826471405891944,0.23294484336230467,0.8988122289761343,0.8319950744456611,0.10897557031159111,0.022948437554607497,0.20652947595644935,0.9162204302709165,0.8907579237871064,0.0001266901547219422
17.150000000000002,0.0,0.17968180739396383,0.055738416658809097,0.33203122181878764,0.8306371291746848,0.7606546884101846,0.1236476979099744,0.028003011491918847,0.23388380676225118,0.898119216262106,0.8322884559118789,0.10987030987785625,0.023110313340240655,0.20748869941435177,0.9155779065718941,0.8909486864536394,0.0001223326996411447
17.2,0.0,0.1806481381621572,0.0559636045420195,0.3328272968717296,0.8299236916855891,0.7610726737882887,0.12458356665293174,0.028180123097794912,0.2348242117155182,0.897423747233879,0.8325813370112158,0.11076989730579773,0.023272852473400166,0.2084499537697514,0.9149324481516046,0.8911391239120435,0.00011812511741213146
17.25,0.0,0.18161626835438344,0.05618880007117002,0.3336230807407516,0.8292101913051766,0.7614899453531117,0.1255237392447145,0.028357801659193844,0.235766023838969,0.896725843710718,0.8328737181896543,0.1116743236552452,0.023436051697582637,0.20941320224163587,0.9142840697780527,0.8913292364460853,0.0001140622532206163
17.3,0.0,0.1825861712536481,0.05641399620321321,0.33441855427962425,0.828496655368874,0.7619065037768904,0.12646819910220827,0.028536042544680208,0.2367092088159882,0.896025527838387,0.8331655999069852,0.11258357947172538,0.02359990767987423,0.21037840804010147,0.9136327866109714,0.8915190243487671,0.00011013912955000242
17.35,0.0,0.18355782004240898,0.05663918589999884,0.3352136984982419,0.8277831110908368,0.7623223497501466,0.12741692917841463,0.028714841056112755,0.23765373240022414,0.895322822087248,0.8334569826362882,0.11349765478450188,0.023764417011022748,0.21134553437133102,0.912978614201825,0.8917084879219785,0.00010635094008330227
17.400000000000002,0.0,0.1845311878054096,0.05686436212903565,0.33600849456269655,0.827069585562463,0.7627374839809977,0.12836991196271552,0.028894192429065067,0.23859956041928684,0.8946177492502451,0.8337478668634287,0.11441653910473355,0.023929576205528498,0.2123145444425379,0.9123215684936942,0.89189762747616,0.00010269304381479835
17.45,0.0,0.18550624753253356,0.05708951786425062,0.3368029237953314,0.8263561057508868,0.7631519071944918,0.12932712948125574,0.029074091833263448,0.2395466587784009,0.8939103324407737,0.8340382530865734,0.11534022142375293,0.02409538170175401,0.21328540146687439,0.9116616658210422,0.8920864433299773,9.916095936423091e-05
17.5,0.0,0.18648297212167828,0.05731464608674547,0.33759696767477443,0.8256426984974548,0.763565620131964,0.13028856329744398,0.029254534373042033,0.2404949934640126,0.8932005950904367,0.8343281418157216,0.11626869021146634,0.024261829862052754,0.2142580686683035,0.9109989229093624,0.8922749358100084,9.57503594865469e-05
17.55,0.0,0.18746133438164775,0.057539739785550284,0.3383906078359523,0.8249293905161861,0.7639786235504162,0.13125419451257272,0.029435515087814997,0.24144453054735077,0.8924885609466867,0.8346175335722522,0.11720193341487713,0.02442891697291687,0.21523250928643245,0.9103333568747047,0.8924631052504396,9.245706577048374e-05
17.6,0.0,0.18844130703506223,0.05776479195837401,0.33918382607008457,0.824216208392219,0.7643909182219162,0.13222400376655727,0.0296170289525658,0.2423952361879407,0.891774254070356,0.8349064288884874,0.11813993845673337,0.024596639245144082,0.21620868658130718,0.9096649852230829,0.8926509519927736,8.92770435194931e-05
17.650000000000002,0.0,0.18942286272128464,0.05798979561235161,0.3399766043246585,0.8235031785802444,0.7648025049330183,0.13319797123879423,0.02979907087835337,0.24334707663707073,0.8910576988330746,0.8351948283072699,0.11908269223430155,0.024764992814023768,0.21718656383816598,0.9089938258497591,0.8928384763855461,8.620639680873319e-05
17.7,0.0,0.19040597399936182,0.058214743764787774,0.34076892470338516,0.8227903274029289,0.7652133844842034,0.13417607664913964,0.02998163571283512,0.24430001824121056,0.8903389199145766,0.8354827323815552,0.12003018111826742,0.024933973739542318,0.21816610437215175,0.9083198970384073,0.8930256787840538,8.324136371207378e-05
17.75,0.0,0.19139061335098023,0.058439629443896864,0.3415607694661366,0.8220776810493292,0.7656235576893378,0.1351582992590066,0.030164718240806705,0.24525402744538155,0.8896179422998965,0.8357701416740185,0.12098239095176541,0.025103578006607803,0.21914727153298127,0.9076432174601544,0.8932125595500898,8.037831169326629e-05
17.8,0.0,0.19237675318343456,0.05866444568953903,0.34235212102886425,0.8213652655732987,0.7660330253751505,0.13614461787258295,0.030348313184758374,0.24620907079647764,0.8888947912764562,0.8360570567566736,0.12193930704953777,0.025273801525294,0.22013002870957044,0.9069638061724985,0.8933991190516899,7.761373315563278e-05
17.85,0.0,0.1933643658326082,0.05888918555395227,0.34314296196349936,0.8206531068918884,0.7664417883807286,0.1371350108381686,0.03053241520544781,0.24716511494653723,0.8881694924310423,0.8363434782105061,0.12290091419722461,0.025444640131103823,0.22111433933461458,0.9062816826181038,0.8935853576628864,7.494424114482146e-05
17.900000000000002,0.0,0.1943534235659648,0.05911384210248018,0.3439332749978354,0.8199412307837443,0.7668498475570293,0.1381294560496327,0.030717018902489325,0.2481221266559651,0.8874420716466767,0.8366294066251183,0.12386719665078594,0.025616089585252157,0.22210016688912276,0.9055968666234727,0.893771275763471,7.236656519936414e-05
17.95,0.0,0.19534389858554968,0.059338408414295336,0.34472304301539247,0.819229662887501,0.7672572037664088,0.13912793094799059,0.030902118814959276,0.24908007279670413,0.8867125550993801,0.8369148425983869,0.12483813813605686,0.025788145574968155,0.22308747490690473,0.9049093783974935,0.893956873738766,6.987754734395206e-05
18.0,0.0,0.1963357630309999,0.059562877583118116,0.3455122490552645,0.8185184287001757,0.7676638578821671,0.1401304125231002,0.03108770942201752,0.2500389203553567,0.8859809692548294,0.837199786736132,0.12581372184843678,0.025960803713816958,0.2240762269790101,0.9042192385298649,0.8941421519794021,6.747413822052128e-05
18.05,0.0,0.19732898898256218,0.05978724271793064,0.346300876311949,0.8178075535755611,0.7680698107881083,0.14113687731547797,0.03127378514354479,0.2509986364362548,0.8852473408649112,0.8374842396517977,0.12679393045271373,0.026134059542040882,0.22506638675811838,0.9035264679893957,0.8943271108811057,6.515339335240785e-05
18.1,0.0,0.1983235484641177,0.060011496943685905,0.34708890813516,0.8170970627226216,0.7684750633781162,0.14214730141823365,0.03146034034079581,0.25195918826447955,0.8845116969641715,0.8377682019661433,0.12777874608302447,0.026307908526920033,0.22605791796287902,0.9028310881221819,0.8945117508444922,6.29124695369957e-05
18.150000000000002,0.0,0.1993194134462125,0.060235633402011726,0.34787632802962426,0.8163869812038915,0.7688796165557437,0.14316166047912418,0.03164736931706798,0.25292054318882873,0.8837740648661634,0.8380516743069454,0.1287681503429516,0.026482346063152334,0.2270507843822009,0.9021331206496578,0.8946960722748668,6.074862136243806e-05
18.2,0.0,0.2003165558490927,0.06045964525190948,0.3486631196548608,0.8156773339338793,0.7692834712338164,0.14417992970272595,0.03183486631838543,0.25388266868473275,0.8830344721596938,0.83833465730871,0.12976212430575784,0.026657367473252952,0.22804494987948998,0.9014325876665248,0.8948800755820322,5.8659197844184566e-05
18.25,0.0,0.2013149475457434,0.0606835256704474,0.34944926682494465,0.8149681456774767,0.7696866283340502,0.14520208385272493,0.03202282553419833,0.2548455323571188,0.8822929467049707,0.8386171516123949,0.1307606485147588,0.026832968007973072,0.2290403783968348,0.9007295116385553,0.8950637611801029,5.6641639177193855e-05
18.3,0.0,0.20231456036493053,0.06090726785344832,0.35023475350825434,0.8142594410483757,0.7700890887866813,0.14622809725432462,0.03221124109809712,0.25580910194322276,0.8815495166296525,0.8388991578651409,0.1317637029838345,0.027009142846737978,0.23003703395913846,0.9000239154002739,0.8952471294873259,5.469347359985231e-05
18.35,0.0,0.20331536609424436,0.06113086501617168,0.35101956382720395,0.8135512445074946,0.7704908535301088,0.1472579437967709,0.032400107088541644,0.2567733453153485,0.8808042103248,0.8391806767200127,0.13277126719808033,0.02718588709810437,0.231034880678197,0.8993158221525142,0.8954301809259075,5.281231436575703e-05
18.400000000000002,0.0,0.2043173364831439,0.06135431039398968,0.35180368205795964,0.8128435803614136,0.7708919235105502,0.14829159693599328,0.03258941752960479,0.25773823048357514,0.8800570564407341,0.8394617088357488,0.13378332011459795,0.027363195800236887,0.23203388275672301,0.8986052554598529,0.8956129159218463,5.099585681965312e-05
18.45,0.0,0.20532044324600138,0.06157759724305743,0.3525870926301412,0.8121364727608213,0.7712922996817078,0.14932902969736214,0.0327791663917306,0.2587037255984112,0.8793080838827986,0.8397422548765194,0.1347998401634266,0.027541063921403704,0.23303400449231407,0.8978922392479224,0.8957953349047716,4.924187557394284e-05
18.5,0.0,0.20632465806514544,0.061800718840976925,0.3533697801265085,0.8114299456989748,0.7716919830044467,0.15037021467856088,0.032969347592506415,0.2596697989533964,0.8785573218070323,0.8400223155116936,0.13582080524861512,0.02771948636049119,0.23403521028136515,0.897176797800599,0.8959774383077876,4.754822178230757e-05
18.55,0.0,0.20732995259390272,0.06202366848745474,0.3541517292826336,0.8107240230101713,0.7720909744464847,0.15141512405257262,0.0331599549974491,0.2606364189876504,0.8778047996157496,0.8403018914156133,0.13684619274943505,0.027898457947537453,0.2350374646229247,0.8964589557570717,0.8961592265673232,4.591282050710242e-05
18.6,0.0,0.20833629845963636,0.06224643950495332,0.3549329249865585,0.810018728368237,0.7724892749820909,0.15246372957078036,0.03335098242080484,0.2616035542883682,0.8770505469530331,0.840580983267376,0.13787597952173516,0.028077973444284733,0.23604073212249366,0.8957387381087881,0.8963407001229862,4.4333668177298156e-05
18.650000000000002,0.0,0.20934366726678097,0.06246902523933573,0.3557133522784384,0.8093140852850292,0.7728868855917964,0.15351600256617984,0.033542423626362394,0.2625711735932636,0.8762945937001383,0.8408595917506245,0.1389101418994374,0.028258027544750514,0.2370449774957667,0.8950161701962818,0.8965218594174237,4.280883013385625e-05
18.7,0.0,0.21035203059987292,0.06269141906050367,0.35649299635017195,0.8086101171089575,0.7732838072621143,0.15457191395670425,0.033734272328279635,0.2635392457929587,0.8755369699708141,0.8411377175533442,0.13994865569617437,0.02843861487581719,0.23805016557231568,0.8942912777058782,0.8967027048961863,4.133643825952963e-05
18.75,0.0,0.21136136002657516,0.0629136143630288,0.35727184254501704,0.8079068470235211,0.7736800409852687,0.15563143424865977,0.033926522191922916,0.2645077399333207,0.8747777061065394,0.8414153613676667,0.14099149620706858,0.02861972999784022,0.2390562612992143,0.8935640866662834,0.8968832370075974,3.991468869018552e-05
18.8,0.0,0.2123716271006958,0.063135604566777,0.35804987635719404,0.8072042980458667,0.7740755877589335,0.15669453354027085,0.03411916683471916,0.2654766252177462,0.8740168326716782,0.841692523889681,0.14203863821065318,0.02880136740527458,0.24006322974460412,0.8928346234450534,0.8970634562026272,3.854183960484632e-05
18.85,0.0,0.21338280336519946,0.06335738311752577,0.3588270834314756,0.8065024930253644,0.7744704485859804,0.15776118152533422,0.0343121998270204,0.26644587100939154,0.8732543804485552,0.8419692058192505,0.14309005597093438,0.02898352152731938,0.24107103610120081,0.8921029147449479,0.8972433629347705,3.7216209091741165e-05
18.900000000000002,0.0,0.2143948603552108,0.06357894348757438,0.3596034495627638,0.8058014546422062,0.7748646244742349,0.1588313474969806,0.03450561469298036,0.2674154468333515,0.872490380432454,0.8422454078598369,0.14414572323959496,0.029166186728580495,0.2420796456897411,0.8913689876001668,0.8974229576599295,3.593617308775369e-05
18.95,0.0,0.21540776960100905,0.06380027917634677,0.3603789606956548,0.8051012054060254,0.7752581164362409,0.1599050003515428,0.034699404911442966,0.2683853223787842,0.8717248638265392,0.8425211307183297,0.14520561325833903,0.029349357309751016,0.24308902396236937,0.8906328693724733,0.8976022408363001,3.470016338874169e-05
19.0,0.0,0.21642150263101317,0.06402138371098717,0.36115360292399107,0.8044017676545381,0.7756509254890337,0.16098210859252887,0.0348935639168424,0.26935546750098377,0.8709578620367058,0.8427963751048817,0.14626969876137758,0.029533027508309367,0.24409913650596404,0.8898945877472014,0.8977812129242622,3.3506665728290976e-05
19.05,0.0,0.2174360309747566,0.0642422506469482,0.3619273624904021,0.8037031635522093,0.7760430526539202,0.1620626403346995,0.03508808510011442,0.27032585222340033,0.8701894066663561,0.8430711417327504,0.14733795197805433,0.029717191499234887,0.2451099490454033,0.8891541707291528,0.8979598743862738,3.23542179225497e-05
19.1,0.0,0.2184513261658508,0.06446287356857147,0.36270022578583266,0.8030054150889424,0.776434498956267,0.16314656330824773,0.035282961809618645,0.2712964467396077,0.8694195295111086,0.8433454313181448,0.14841034463561154,0.029901843395740688,0.24612142744676999,0.8884116466383809,0.8981382256867692,3.124140807887029e-05
19.150000000000002,0.0,0.21946735974493695,0.06468324608966049,0.3634721793490602,0.8023085440787943,0.776825265425296,0.16423384486308,0.03547818735207155,0.2722672214152185,0.8686482625534381,0.8436192445800768,0.14948684796209524,0.030086977250023576,0.24713353772049534,0.8876670441058664,0.8983162672920599,3.016687286606449e-05
19.200000000000003,0.0,0.22048410326262516,0.06490336185404591,0.3642432098662004,0.8016125721587154,0.777215353093886,0.16532445197319692,0.035673754993489785,0.2732381467897474,0.8678756379572526,0.8438925822402192,0.1505674326893993,0.030272587054030825,0.24814624602444157,0.8869203920690831,0.8984939996702401,2.912929584415216e-05
19.25,0.0,0.22150152828242015,0.0651232145361429,0.36501330417020256,0.8009175207873174,0.7776047629983828,0.16641835124117257,0.035869657960143624,0.2742091935784224,0.8671016880624064,0.8441654450227674,0.15165206905644746,0.030458666740243584,0.24915951866692296,0.8861717197674582,0.8986714232910941,2.8127405851557724e-05
19.3,0.0,0.22251960638363302,0.06534279784150067,0.3657824492403334,0.800223411243667,0.7779934961784141,0.16751550890273034,0.03606588943952005,0.2751803326739442,0.8663264453791529,0.8444378336543057,0.15274072681251313,0.030645210182476682,0.2501733221096655,0.8854210567377256,0.898848538626008,2.715997544777832e-05
19.35,0.0,0.2235383091642782,0.06556210550734394,0.36655063220165063,0.7995302646261087,0.7783815536767119,0.1686158908314142,0.03626244258129536,0.27615153514819446,0.8655499425825399,0.8447097488636798,0.15383337522067533,0.03083221119669459,0.2511876229707048,0.8846684328091767,0.8990253461478842,2.6225819409615712e-05
19.400000000000002,0.0,0.224557608243955,0.06578113130310646,0.36731784032446674,0.7988381018511143,0.7787689365389406,0.1697194625433536,0.036459310498316785,0.2771227722538924,0.8647722125067484,0.8449811913818716,0.15492998306141062,0.031019663541843302,0.25220238802722245,0.8839138780988082,0.8992018463310585,2.5323793279129696e-05
19.450000000000003,0.0,0.22557747526671304,0.06599986903095638,0.36808406102380214,0.7981469436521637,0.7791556458135311,0.1708261892021202,0.03665648626759296,0.27809401542620077,0.8639932881393781,0.8452521619418802,0.15603051863631973,0.031207560920697857,0.25321758421832047,0.8831574230063699,0.8993780396512204,2.4452791961534037e-05
19.5,0.0,0.22659788190390107,0.06621831252631337,0.3688492818588288,0.7974568105786534,0.7795416825515205,0.17193603562367507,0.03685396293129271,0.27906523628428065,0.8632132026156827,0.8455226612786061,0.15713494977198783,0.031395896980725264,0.25423317864773426,0.8823990982093142,0.8995539265853365,2.361174837131718e-05
19.55,0.0,0.22761879985699812,0.06643645565835758,0.36961349053230447,0.7967677229948363,0.7799270478063973,0.17304896628140445,0.037051733497752065,0.28003640663279633,0.8624319892127552,0.8457926901287393,0.15824324382397764,0.03158466531496254,0.25524913858648346,0.8816389346576481,0.8997295076115756,2.2799632124929105e-05
19.6,0.0,0.228640200860427,0.06665429233053023,0.3703766748899974,0.7960797010787917,0.7803117426339526,0.1741649453112421,0.03724979094248895,0.28100749846336975,0.8616496813436685,0.8460622492306515,0.1593553676809538,0.03177385946290958,0.25626543147546155,0.8808769635686913,0.8999047832092374,2.201544827843263e-05
19.650000000000002,0.0,0.22966205668434886,0.06687181648102584,0.3711388229201023,0.795392764821426,0.7806957680921354,0.1752839365168769,0.03744812820922531,0.281978483955985,0.8608663125515709,0.8463313393242928,0.16047128776893757,0.03196347291143659,0.2572820249279634,0.8801132164217403,0.9000797538586833,2.1258236108572708e-05
19.700000000000003,0.0,0.23068433913743883,0.06708902208327606,0.3718999227526471,0.7947069340255062,0.7810791252409135,0.17640590337504333,0.037646738210916283,0.2829493354803438,0.8600819165037417,0.8465999611510904,0.16159097005569067,0.03215349909570577,0.25829888673215173,0.8793477249526432,0.9002544200412697,2.052706793577033e-05
19.75,0.0,0.23170702006964175,0.06730590314642503,0.3726599626588915,0.7940222283047242,0.7814618151421394,0.17753080904089327,0.03784561383078616,0.28392002559717106,0.859296526985607,0.8468681154538523,0.16271438005522648,0.03234393140010695,0.25931598485346147,0.8785805211482844,0.900428782239283,1.982104798759904e-05
19.8,0.0,0.2327300713749075,0.06752245371579618,0.37341893105071694,0.7933386670827943,0.7818438388594203,0.17865861635344718,0.038044747923370655,0.2848905270594726,0.8585101778947202,0.8471358029766737,0.16384148283244754,0.03253476315920684,0.26033328743694367,0.8778116372409837,0.9006028409358783,1.913931130135174e-05
19.85,0.0,0.2337534649939056,0.06773866787335056,0.3741768164800085,0.7926562695925824,0.7822251974579931,0.1797892878411225,0.038244133315565185,0.2858608128137436,0.8577229032347082,0.8474030244648465,0.16497224300790772,0.032725987658711694,0.2613507628095476,0.87704110570281,0.9007765966150185,1.8481022664353207e-05
19.900000000000002,0.0,0.23477717291671818,0.06795453973813645,0.3749336076380291,0.7919750548752696,0.7826058920046034,0.18092278572733747,0.038443762807678875,0.28683085600112934,0.8569347371091869,0.8476697806647726,0.16610662476269764,0.03291759813644285,0.2623683794823423,0.8762689592398146,0.9009500497614173,1.7845375590720166e-05
19.950000000000003,0.0,0.23580116718551133,0.06817006346673044,0.3756892933547856,0.7912950417795483,0.7829859235673887,0.1820590719361883,0.03864362917449382,0.28780062995853833,0.8561457137156477,0.8479360723238794,0.16724459184345133,0.033109587783325074,0.2633861061526771,0.8754952307861827,0.9011232008604826,1.7231591333315232e-05
20.0,0.0,0.2368254198971837,0.06838523325366978,0.3764438625983882,0.790616248960852,0.7833652932157661,0.18319810809819756,0.03884372516632929,0.2887701082197081,0.855355867339319,0.848201900190539,0.16838610756747308,0.033301949744387147,0.2644039117062818,0.8747199534983091,0.9012960503982627,1.6638917929684316e-05
20.05,0.0,0.23784990320599225,0.0686000433318761,0.3771973044744014,0.7899386948806194,0.7837440020203235,0.18433985555613178,0.03904404351011056,0.28973926451622406,0.8545652323470032,0.8484672650139898,0.16953113482798204,0.033494677119774496,0.2654217652193066,0.8739431607487974,0.9014685988613944,1.60666292808086e-05
20.1,0.0,0.23887458932615477,0.06881448797307031,0.3779496082251895,0.7892623978055924,0.7841220510527145,0.18548427537088616,0.03924457691044192,0.29070807277849187,0.8537738431808937,0.8487321675442611,0.17067963609947345,0.03368776296577347,0.2664396359603018,0.8731648861203878,0.9016408467370532,1.5514024261542456e-05
20.150000000000002,0.0,0.23989945053442835,0.06902856148817885,0.378700763229254,0.7885873758071481,0.7844994413855573,0.18663132832743418,0.039445318050683575,0.2916765071366641,0.8529817343523733,0.8489966085320999,0.17183157344319405,0.0338812002958469,0.26745749339213803,0.8723851633998141,0.9018127945129044,1.498042586164749e-05
20.200000000000003,0.0,0.24092445917266364,0.06924225822773108,0.3794507590005651,0.7879136467606662,0.7848761740923371,0.18778097494084003,0.039646259594032056,0.29264454192152095,0.8521889404357976,0.849260588728901,0.1729869085127301,0.03407498208168061,0.26847530717386703,0.8716040265715933,0.9019844426770562,1.4465180356370348e-05
20.25,0.0,0.2419495876503343,0.06945557258224803,0.3801995851878866,0.7872412283449302,0.7852522502473117,0.18893317546233157,0.03984739418460373,0.29361215166530613,0.8513954960622647,0.8495241088866388,0.174145602559706,0.03426910125424048,0.26949304716252304,0.87082150981175,0.9021557917180153,1.3967656505548169e-05
20.3,0.0,0.2429748084470415,0.06966849898262219,0.38094723157409505,0.7865701380415635,0.7856276709254203,0.19008788988543174,0.040048714448521094,0.2945793111025179,0.8506014359133749,0.849787169757802,0.17530761643959122,0.03446355070483974,0.27051068341486595,0.8700376474814784,0.9023268421246428,1.3487244780260458e-05
20.35,0.0,0.24400009411499257,0.06988103190048855,0.38169368807549214,0.7859003931345012,0.786002437202196,0.19124507795214601,0.04025021299500152,0.2955459951706559,0.8498067947149829,0.8500497720953304,0.176472910617614,0.03465832328621607,0.27152818618906555,0.8692524741207447,0.9024975943861125,1.3023356616079956e-05
20.400000000000002,0.0,0.24502541728145405,0.07009316584858696,0.38243894474111223,0.7852320107094956,0.7863765501536809,0.19240469915920394,0.04045188241744797,0.29651217901092436,0.8490116072309445,0.850311916652554,0.177641445174779,0.034853411813618194,0.2725455259463281,0.8684660244418322,0.9026680489918709,1.2575423692007625e-05
20.450000000000003,0.0,0.24605075065117812,0.07030489538111545,0.38318299175202375,0.7845650076536577,0.7867500108563446,0.19356671276435214,0.040653715294541454,0.2974778379688921,0.8482159082568607,0.8505736041831342,0.17881317981398726,0.035048809065901486,0.27356267335246515,0.8676783333228323,0.9028382064315973,1.214289723420838e-05
20.5,0.0,0.24707606700880266,0.07051621509407487,0.3839258194206257,0.7838994006550336,0.7871228203870049,0.19473107779269663,0.040855704191334774,0.29844294759510953,0.8474197326138221,0.850834835441007,0.1799880738662559,0.03524450778663229,0.27457959927940534,0.8668894358010834,0.9030080671951667,1.1725247343694517e-05
20.55,0.0,0.24810133922122415,0.07072711962560471,0.3846674181899385,0.7832352062022157,0.7874949798227521,0.19589775304309245,0.04105784166034723,0.29940748364568354,0.8466231151421559,0.8510956111803287,0.18116608629703557,0.035440500685200556,0.27559627480664894,0.8660993670665609,0.9031776317726137,1.1321962347133216e-05
20.6,0.0,0.24912654023994318,0.07093760365631006,0.3854077786328904,0.7825724405839886,0.7878664902408753,0.1970666970945777,0.04126012024265993,0.3003714220828107,0.8458260906951777,0.8513559321554226,0.1823471757126229,0.03563678043794033,0.2766126712226667,0.865308162455222,0.903346900654097,1.0932548169982723e-05
20.650000000000002,0.0,0.2501516431033825,0.07114766190957977,0.38614689145159886,0.7819111198890112,0.7882373527187918,0.19823786831285012,0.0414625324690113,0.30133473907526903,0.8450286941329513,0.8516157991207284,0.18353130036666615,0.03583333968925779,0.27762876002624215,0.8645158574423063,0.9035158743298658,1.0556527731189272e-05
20.700000000000003,0.0,0.25117662093917703,0.07135728915189586,0.3868847474766474,0.7812512600055329,0.7886075683339788,0.19941122485678392,0.0416650708608925,0.30229741099886903,0.8442309603160593,0.8518752128307532,0.18471841816676093,0.03603017105276634,0.27864451292775916,0.863722487635596,0.9036845532902276,1.0193440358703148e-05
20.75,0.0,0.25220144696643554,0.07156648019313407,0.38762133766635826,0.7805928766211447,0.7889771381639072,0.20058672468498398,0.04186772793164237,0.3032594144368646,0.8434329240993852,0.8521341740400241,0.18590848668113424,0.036227267112428456,0.27965990185043393,0.8629280887686395,0.9038529380255164,9.842841225097824e-06
20.8,0.0,0.253226094497974,0.07177522988685571,0.3883566531060605,0.7799359852225654,0.7893460632859786,0.2017643255623757,0.04207049618754148,0.304220726180324,0.8426346203259124,0.8523926835030428,0.18710146314541376,0.036424620423703785,0.28067489893149283,0.8621326966939392,0.9040210290260625,9.504300802600751e-06
20.85,0.0,0.25425053694252,0.07198353313059075,0.3890906850073545,0.7792806010954623,0.7897143447774632,0.2029439850668278,0.042273368128905066,0.30518132322846186,0.8418360838205398,0.8526507419742408,0.1882973044694803,0.03662222351470316,0.28168947652329646,0.8613363473761085,0.9041888267821636,9.177404336868141e-06
20.900000000000002,0.0,0.2552747478068882,0.07219138486611212,0.3898234247073725,0.7786267393243069,0.7900819837154415,0.20412566059580564,0.04247633625117434,0.3061411827889326,0.841037349383918,0.8529083502079383,0.18949596724440032,0.03682006888734807,0.2827036071944099,0.8605390768849995,0.9043563317840563,8.86175133885903e-06
20.950000000000003,0.0,0.25629870069812666,0.07239878007970138,0.39055486366803543,0.7779744147922645,0.790448981176747,0.20530930937305306,0.04267939304600597,0.3071002822780851,0.8402384517863091,0.853165508958302,0.19069740774943658,0.03701814901853523,0.28371726373062034,0.8597409213888049,0.9045235445218893,8.55695509418614e-06
21.0,0.0,0.2573223693256335,0.07260571380240566,0.39128499347530626,0.7773236421811182,0.7908153382379112,0.20649488845529984,0.042882531002359316,0.3080585993211806,0.83943942576147,0.8534222189793064,0.19190158195913354,0.03721645636130576,0.28473041913590225,0.8589419171471366,0.9046904654856971,8.2626421893424e-06
21.05,0.0,0.258345727503244,0.07281218111028594,0.39201380583844014,0.776674435971227,0.7911810559751105,0.20768235473899294,0.04308574260758103,0.30901611175257304,0.8386403060005653,0.8536784810246956,0.19310844555047543,0.037414983346018664,0.28574304663333083,0.8581421005040857,0.9048570951653746,7.97845205422272e-06
21.1,0.0,0.25936874915128777,0.07301817712465676,0.39274129258923146,0.7760268104415184,0.7915461354641153,0.20887166496704876,0.04328902034848682,0.3099727976158528,0.8378411271461079,0.8539342958479468,0.19431795391011394,0.03761372238152808,0.28675511966594414,0.8573415078812633,0.9050234340506534,7.704036520380523e-06
21.150000000000002,0.0,0.26039140829861573,0.07322369701231728,0.3934674456812579,0.7753807796695135,0.791910577780241,0.21006277573562435,0.043492356712439874,0.31092863516395475,0.8370419237859341,0.8541896642022346,0.19553006214166288,0.037812665856363996,0.2877666118975544,0.8565401757708294,0.9051894826310779,7.439059394477878e-06
21.200000000000003,0.0,0.26141367908459734,0.07342873598577378,0.39419225718912165,0.7747363575313861,0.7922743839982996,0.21125564350090484,0.04369574418842575,0.31188360285923095,0.8362427304472119,0.8544445868403976,0.19674472507305713,0.0380118061399159,0.2887774972135097,0.8557381407285092,0.9053552413959829,7.183196046406618e-06
21.25,0.0,0.2624355357610868,0.07363328930345373,0.39491571930768804,0.7740935577020557,0.7926375551925553,0.2124502245859052,0.043899175268123286,0.31283767937348805,0.8354435815904864,0.8546990645149048,0.19796189726397298,0.03821113558361909,0.2897877497214055,0.8549354393666019,0.9055207108344717,6.936133011575877e-06
21.3,0.0,0.26345695269435904,0.07383735226991121,0.3956378243513218,0.7734523936553118,0.7930000924366791,0.21364647518728355,0.04410264244697133,0.3137908435879906,0.8346445116037648,0.8549530979778248,0.1991815330133072,0.038410646522143085,0.29079734375174754,0.8541321083469844,0.9056858914353957,6.697567606878775e-06
21.35,0.0,0.2644779043670151,0.07404092023602411,0.39635856475312076,0.7728128786639729,0.7933619968037073,0.21484435138216387,0.044306138225230836,0.31474307459343065,0.833845554796643,0.8552066879807947,0.2004035863667118,0.038610331274581806,0.29180625385856684,0.8533281843741125,0.9058507836873334,6.4672075598677654e-06
21.400000000000002,0.0,0.2654983653798567,0.07424398859918271,0.3970779330641479,0.7721750258000757,0.7937232693659998,0.21604380913496593,0.04450965510904207,0.315694351689864,0.8330467453944743,0.8554598352749911,0.2016280111241817,0.038810182145645127,0.29281445481998614,0.8525237041880231,0.9060153880785718,6.244770650684347e-06
21.450000000000003,0.0,0.2665183104537295,0.07444655280347005,0.39779592195266084,0.7715388479350981,0.7940839111952012,0.21724480430423967,0.04471318561147666,0.31664465438661377,0.8322481175325859,0.8557125406111019,0.2028547608476928,0.03901019142685129,0.29382192163873977,0.8517187045573399,0.9061797050970873,6.029984366304454e-06
21.5,0.0,0.26753771443133595,0.07464860833983399,0.3985125242033398,0.7709043577402132,0.7944439233622024,0.21844729264950227,0.04491672225358406,0.3175939624021419,0.8314497052505413,0.8559648047392987,0.20408378886888698,0.03921035139771989,0.294828629542647,0.8509132222722856,0.9063437352305275,5.822585566675929e-06
21.55,0.0,0.26855655227901676,0.07485015074625088,0.3992277327165139,0.7702715676865743,0.7948033069371042,0.21965122983807517,0.04512025756543227,0.318542255663889,0.8306515424864543,0.8562166284092109,0.20531504829680153,0.039410654326964924,0.29583455398503944,0.8501072941377044,0.906507478966194,5.62232016233906e-06
21.6,0.0,0.269574799088501,0.07505117560788127,0.3999415405073858,0.7696404900456325,0.795162062989182,0.22085657145191892,0.04532378408714231,0.3194895143080833,0.8298536630713537,0.8564680123699004,0.20654849202564002,0.03961109247368755,0.2968396706451432,0.8493009569660956,0.9066709367910258,5.428942803135224e-06
21.650000000000002,0.0,0.2705924300786254,0.07525167855721715,0.4006539407052549,0.7690111368894826,0.7955201925868518,0.22206327299446377,0.04552729436991642,0.3204357186795191,0.8290561007236021,0.8567189573698373,0.20778407274258176,0.03981165808856811,0.29784395542841646,0.8484942475706642,0.9068341091915832,5.2422165776222675e-06
21.700000000000003,0.0,0.2716094205970218,0.0754516552742214,0.40136492655273953,0.768383520091242,0.7958776967976374,0.2232712898974333,0.045730780977059404,0.321380849331305,0.8282588890433716,0.8569694641568762,0.2090217429356268,0.04001234341505708,0.29884738446684295,0.8476872027583879,0.9069969966540321,5.061912722828373e-06
21.75,0.0,0.272625746121774,0.07565110148645898,0.4020744914049977,0.7677576513254575,0.7962345766881391,0.22448057752765946,0.04593423648499309,0.3223248870245834,0.827462061507176,0.8572195334782343,0.2102614549014737,0.04021314069056442,0.2998499341191825,0.8468798593231068,0.9071595996641292,4.887810343988813e-06
21.8,0.0,0.2736413822630423,0.07585001296922025,0.40278262872894705,0.7671335420685431,0.7965908333240033,0.22569109119388608,0.046137653484263415,0.3232678127282205,0.8266656514624635,0.8574691660804687,0.21150316075342687,0.0404140421476471,0.3008515809711784,0.8460722540386358,0.9073219187072077,4.719696143922248e-06
21.85,0.0,0.2746563047646575,0.07604838554563628,0.403489332102484,0.7665112035992463,0.7969464677698931,0.2269027861535595,0.04634102458054,0.32420960761846856,0.8258696921222702,0.8577183627094567,0.21274681242933122,0.04061504001519421,0.3018523018357232,0.8452644236519044,0.9074839542681633,4.557364161715011e-06
21.900000000000002,0.0,0.27567048950568307,0.0762462150867864,0.4041945952137021,0.7658906469991433,0.7973014810894605,0.2281156176196033,0.046544342395607896,0.3251502530786,0.8250742165599377,0.8579671241103747,0.21399236169953012,0.04081612651960944,0.30285207375298273,0.844456404876125,0.9076457068314413,4.400615520393239e-06
21.950000000000003,0.0,0.27668391250194563,0.07644349751179784,0.4048984118601098,0.765271883153163,0.7976558743453194,0.22932954076717574,0.0467475995683512,0.3260897306985149,0.824279257703895,0.8582154510276795,0.2152397601748449,0.04101729388599038,0.3038508739904796,0.843648234383995,0.9078071768810232,4.2492581832737125e-06
22.0,0.0,0.2776965499075346,0.07664022878793769,0.40560077594784766,0.764654922750138,0.798009648599019,0.2305445107404071,0.04695078875572835,0.32702802227432104,0.8234848483325073,0.8584633442050893,0.21648895931457213,0.0412185343393044,0.30484868004313675,0.842839948800932,0.9079683649004149,4.103106718694914e-06
22.05,0.0,0.2787083780162701,0.07683640493069718,0.4063016814909055,0.764039776283385,0.7983628049110197,0.23176048265911542,0.04715390263373877,0.3279651098078888,0.8226910210689932,0.8587108043855661,0.2177399104344963,0.04141984010556061,0.3058454696332813,0.8420315846983476,0.9081292713726348,3.961982072840054e-06
22.1,0.0,0.2797193732631394,0.07703202200386836,0.4070011226103392,0.7634264540513102,0.7987153443406683,0.23297741162549815,0.0473569338983807,0.32890097550637976,0.821897808376411,0.8589578323112984,0.2189925647149146,0.04162120341297759,0.30684122071060976,0.8412231785869612,0.908289896780202,3.8257113503737604e-06
22.150000000000002,0.0,0.28072951222570225,0.07722707611961314,0.40769909353348727,0.7628149661580427,0.799067267946175,0.2341952527307979,0.047559875266599896,0.3298356017817507,0.8211052425527181,0.8592044287236845,0.2202468732086711,0.04182261649314649,0.30783591145211525,0.8404147669101566,0.9084502416051261,3.6941276026236787e-06
22.200000000000003,0.0,0.2817387716254646,0.07742156343852508,0.40839558859318764,0.7622053225140942,0.7994185767845914,0.23541396106194004,0.04776271947722899,0.330768971250233,0.8203133557259011,0.8594505943633168,0.22150278684919764,0.0420240715821891,0.3088295202619772,0.8396063860373841,0.908610306328896,3.567069623047473e-06
22.25,0.0,0.28274712832922155,0.07761548016968349,0.40909060222699456,0.7615975328370438,0.7997692719117887,0.23663349170814063,0.04796545929191728,0.33170106673178806,0.8195221798491821,0.8596963299699664,0.22276025645855818,0.04222556092191062,0.30982202577141404,0.8387980722576106,0.9087700914324698,3.4443817497346573e-06
22.3,0.0,0.28375455935036825,0.07780882257070046,0.40978412897639566,0.7609916066522484,0.8001193543824376,0.23785379976748192,0.048168087496050734,0.33263187124953925,0.818731746696299,0.8599416362825683,0.224019232755494,0.042427076760946654,0.3108134068385003,0.8379898617728193,0.9089295973962659,3.3259136747012934e-06
22.35,0.0,0.28476104185018064,0.07800158694776042,0.4104761634860296,0.7603875532935785,0.8004688252499883,0.2390748403534544,0.048370596899661986,0.33356136802918124,0.8179420878568645,0.8601865140392075,0.22527966636346694,0.04262861135590413,0.3118036425479476,0.8371817906915635,0.9090888247001526,3.211520259743919e-06
22.400000000000002,0.0,0.2857665531390644,0.07819376965565272,0.41116670050290394,0.7597853819041778,0.8008176855666511,0.24029656860146273,0.04857298033833009,0.33448954049836666,0.8171532347318021,0.8604309639771055,0.22654150781869756,0.04283015697249581,0.3127927122108515,0.836373895022575,0.9092477738234399,3.1010613586271017e-06
22.450000000000003,0.0,0.28677107067777324,0.07838536709779688,0.4118557348756138,0.7591851014372464,0.801165936383379,0.2415189396752944,0.04877523067406983,0.3354163722860712,0.8163652185288621,0.8606749868326068,0.22780470757819596,0.043031705886668,0.3137805953644033,0.83556621066843,0.9094064452448705,2.994401645386779e-06
22.5,0.0,0.2877745720785962,0.07857637572626097,0.41254326155356097,0.7585867206568488,0.8015135787498493,0.24274190877354845,0.04897734079621045,0.33634184722193694,0.815578070258218,0.8609185833411668,0.22906921602778196,0.04323325038572115,0.31476727177156943,0.8347587734192752,0.9095648394426115,2.891410448539032e-06
22.55,0.0,0.28877703510651404,0.07876679204177296,0.4132292755861742,0.7579902481387439,0.8018606137144475,0.24396543113602337,0.049179303622263505,0.33726594933559545,0.8147918207281454,0.8611617542373396,0.23033498349009224,0.04343478276942301,0.3157527214207373,0.8339516189466162,0.9097229568942468,2.7919615909911826e-06
22.6,0.0,0.2897784376803252,0.0789566125937252,0.4139137721221301,0.7573956922712374,0.8022070423242508,0.2451894620500615,0.04938111209877971,0.33818866285597,0.8140065005407824,0.8614045002547668,0.23160196023257146,0.043636295351113984,0.3167369245253288,0.8331447827971701,0.9098807980767692,2.6959332354590777e-06
22.650000000000002,0.0,0.29077875787374097,0.0791458339801721,0.4145967464085749,0.7568030612560566,0.8025528656250124,0.24641395685684914,0.04958275920219464,0.3391099722105584,0.8132221400879752,0.8616468221261658,0.2328700964754449,0.04383778045880441,0.317719861523383,0.8323383003867845,0.9100383634665733,2.603207735201184e-06
22.700000000000003,0.0,0.2917779739164502,0.079334452847821,0.4152781937903479,0.7562123631092468,0.8028980846611471,0.24763887095766973,0.049784237939662995,0.34002986202469626,0.812438769547208,0.8618887205833198,0.23413934239966977,0.0440392304362634,0.3187015130771071,0.8315322069944258,0.910195653539448,2.5136714898866207e-06
22.75,0.0,0.29277606419515373,0.07952246589201657,0.4159581097092053,0.7556236056620885,0.8032427004757168,0.24886415982010923,0.049985541349881396,0.34094831712080165,0.8116564188776177,0.8621301963570672,0.23540964815486265,0.04424063764409893,0.31968186007239774,0.8307265377562375,0.9103526687705704,2.4272148064205514e-06
22.8,0.0,0.2937730072545685,0.07970986985671846,0.41663648970304595,0.7550367965620354,0.8035867141104167,0.2500897789842116,0.05018666250389943,0.34186532251760116,0.8108751178160972,0.8623712501772923,0.23668096386720042,0.044441994460828964,0.32066088361833256,0.829921327659672,0.9105094096344991,2.343731764556428e-06
22.85,0.0,0.2947687817984019,0.07989666153447256,0.41731332940513816,0.7544519432736719,0.8039301266055624,0.2513156840685829,0.0503875945059189,0.3427808634293385,0.8100948958734835,0.8626118827729155,0.237953239647292,0.04464329328394315,0.32163856504663246,0.8291166115376961,0.9106658766051678,2.263120087130446e-06
22.900000000000002,0.0,0.2957633666902955,0.08008283776637577,0.4179886245433481,0.7538690530796914,0.8042729390000773,0.2525418307764428,0.05058833049408103,0.34369492526496537,0.8093157823308359,0.8628520948718844,0.2392264255980187,0.04484452653095498,0.32261488591109594,0.8283124240630744,0.9108220701558798,2.185281014759233e-06
22.950000000000003,0.0,0.2967567409547401,0.08026839544203461,0.41866237093936964,0.7532881330818919,0.8046151523314806,0.2537681749016213,0.05078886364124155,0.3446074936273157,0.8085378062358017,0.8630918872011656,0.2405004718223401,0.045045686640444,0.3235898279870055,0.8275087997427298,0.9109779907593019,2.1101191848472537e-06
23.0,0.0,0.29774888377795977,0.08045333149951735,0.41933456450795575,0.7527091902021916,0.8049567676358755,0.2549946723344998,0.050989187155733535,0.3455185543122635,0.8077609963990722,0.8633312604867358,0.24177532843106356,0.045246766073087835,0.324563373270507,0.8267057729121854,0.9111336388874592,2.0375425147557103e-06
23.05,0.0,0.29873977450876776,0.08063764292530018,0.4200052012561519,0.7521322311836625,0.8052977859479385,0.256221279067895,0.05118929428211779,0.34642809330786467,0.8069853813909273,0.8635702154535748,0.2430509455505745,0.04544775731268378,0.32553550397796266,0.8259033777300869,0.9112890150117301,1.9674620889897965e-06
23.1,0.0,0.2997293926593922,0.0808213267542072,0.42067427728253104,0.7515572625915803,0.8056382083009088,0.2574479512028839,0.051389178301920746,0.34733609679348326,0.8062109895378725,0.8638087528256573,0.24432727333052534,0.045648652867159654,0.32650620254527796,0.8251016481728104,0.9114441196028409,1.8997920502660988e-06
23.150000000000002,0.0,0.300717717906273,0.0810043800693444,0.4213417887764303,0.7509842908144932,0.8059780357265781,0.2586746449545688,0.051588832534359724,0.34824255113890307,0.8054378489193647,0.8640468733259458,0.2456042619514807,0.0458494452695737,0.32747545162720365,0.8243006180291534,0.9115989531308614,1.834449494326691e-06
23.200000000000003,0.0,0.30170473009082993,0.08118680000202784,0.42200773201719,0.7504133220653061,0.806317269255281,0.25990131665778127,0.05178825033705541,0.34914744290342437,0.8046659873646308,0.864284577676384,0.2468818616325161,0.04605012707910325,0.32844323409661297,0.8235003208951143,0.9117535160652,1.7713543683710525e-06
23.25,0.0,0.30269040922020174,0.08136858373170583,0.42267210337339434,0.7498443623823808,0.8066559099158859,0.2611279227727229,0.05198742510673156,0.3500507588349466,0.8038954324495776,0.8645218665978901,0.24816002263876874,0.046250690882021925,0.32940953304375475,0.8227007901687585,0.9119078088745999,1.7104293729813794e-06
23.3,0.0,0.30367473546795665,0.08154972848587551,0.42333489930211443,0.749277417630653,0.8069939587357857,0.26235441989054287,0.052186350279901636,0.3509524858690374,0.8031262114937937,0.8647587408103503,0.24943869528893728,0.04645112929266515,0.33037433177548337,0.8219020590451755,0.9120618320271343,1.6515998674211328e-06
23.35,0.0,0.30465768917477476,0.08173023153999373,0.42399611634815326,0.7487124935027631,0.8073314167408903,0.26358076473885006,0.052385019333542567,0.3518526111279887,0.8023583515576432,0.8649952010326133,0.2507178299627289,0.04665143495438374,0.33133761381446564,0.8211041605115259,0.912215585990203,1.5947937781908048e-06
23.400000000000002,0.0,0.305639250849102,0.0819100902173823,0.42465575114329307,0.7481495955202025,0.8076682849556177,0.2648069141871591,0.05258342578575524,0.35275112191985963,0.8015918794394528,0.8652312479824841,0.2519973771082514,0.04685160054048532,0.3322993628983658,0.8203071273421813,0.9123690712305282,1.5399415107288707e-06
23.450000000000003,0.0,0.30661940116777603,0.08208930188912783,0.42531380040554495,0.7475887290344736,0.808004564402887,0.26603282525226923,0.05278156319641191,0.3536480057375072,0.8008268216727906,0.8654668823767186,0.2532772872493481,0.047051618755163456,0.3332595629790086,0.8195109920939572,0.9125222882141514,1.48697586414975e-06
23.5,0.0,0.3075981209766248,0.0822678639739761,0.4259702609384008,0.7470298992282637,0.8083402561041106,0.2672584551035745,0.05297942516779028,0.35454325025760514,0.8000632045238386,0.865702104931019,0.2545575109928738,0.04725148233441411,0.3342181982215213,0.818715787101441,0.9126752374064294,1.4358319489143193e-06
23.55,0.0,0.308575391291037,0.08244577393822117,0.4266251296300877,0.7464731111166321,0.8086753610791878,0.268483761068305,0.053177005345194275,0.3554368433396511,0.799301053988857,0.8659369163600279,0.2558379990359094,0.047451184046939494,0.33517525300345546,0.8179215444724155,0.9128279192720314,1.3864471073321147e-06
23.6,0.0,0.30955119329650554,0.08262302929558915,0.4272784034528248,0.7459183695482096,0.8090098803464976,0.26970870063669755,0.05337429741756146,0.356328773024963,0.7985403957917417,0.8661713173773244,0.2571187021729135,0.04765071669503882,0.33613071191388866,0.817128296083379,0.9129803342749359,1.3387608367978267e-06
23.650000000000002,0.0,0.31052550834914366,0.08279962760711697,0.42793007946208284,0.7453656792064108,0.809343814922893,0.27093323146709475,0.05357129511805696,0.35721902753566437,0.7977812553816751,0.8664053086954194,0.2583995713028088,0.04785007311548605,0.33708455975250684,0.8163360735751635,0.9131324828784273,1.2927147156680443e-06
23.700000000000003,0.0,0.3114983179761743,0.08297556648102594,0.42858015479584594,0.7448150446106578,0.8096771658236946,0.2721573113909723,0.05376799222465395,0.35810759527365943,0.7970236579308687,0.8666388910257511,0.25968055743600194,0.04804924618039427,0.33803678152866806,0.8155449083486511,0.913284365545094,1.248252331687438e-06
23.75,0.0,0.3124696038763926,0.08315084357259046,0.4292286266738765,0.7442664701176148,0.8100099340626854,0.27338089841789315,0.05396438256070061,0.3589944648195986,0.7962676283323988,0.8668720650786811,0.2609616117013343,0.048248228798066645,0.3389873624604478,0.8147548315605909,0.9134359827368246,1.2053192128766932e-06
23.8,0.0,0.3134393479206021,0.08332545658400169,0.42987549239698264,0.7437199599224344,0.8103421206521049,0.2746039507403873,0.05416045999547351,0.3598796249318343,0.7955131911981344,0.8671048315634909,0.26224268535296263,0.04844701391383369,0.3399362879736667,0.8139658741195147,0.9135873349148064,1.1638627607975266e-06
23.85,0.0,0.3144075321520245,0.08349940326422653,0.4305207493462881,0.7431755180600138,0.8106737266026445,0.27582642673875757,0.054356218444717434,0.36076306454536716,0.7947603708567569,0.8673371911883779,0.26352372977716704,0.04864559451087686,0.3408835437009011,0.8131780666817551,0.9137384225395223,1.1238321861130215e-06
23.900000000000002,0.0,0.3153741387866837,0.08367268140886185,0.43116439498250547,0.7426331484062606,0.8110047529234423,0.27704828498580947,0.05455165187117157,0.36164477277078455,0.7940091913518726,0.8675691446604521,0.2648046964990856,0.04884396361103813,0.34182911548047723,0.8123914396475644,0.913889246070749,1.0851784463643414e-06
23.950000000000003,0.0,0.3163391502137638,0.08384528885998402,0.43180642684521214,0.7420928546793687,0.811335200622079,0.27826948425150516,0.05474675428508212,0.36252473889318976,0.7932596764402158,0.8678006926857327,0.2660855371893732,0.049042114275615556,0.3427729893554487,0.8116060231573364,0.9140398059675543,1.0478541858875858e-06
24.0,0.0,0.3173025489959417,0.08401722350599396,0.4324468425521288,0.7415546404411029,0.811665070704573,0.2794899835075405,0.054941519744701246,0.3634029523711236,0.7925118495899431,0.8680318359691453,0.26736620367078356,0.0492400396061447,0.34371515157255933,0.8108218470879303,0.9141901026882958,1.011813677797181e-06
24.05,0.0,0.31826431786969434,0.08418848328145769,0.43308563979840137,0.7410185090980919,0.8119943641753772,0.28070974193184484,0.05513594235677241,0.3642794028354784,0.7917657339790197,0.868262575214519,0.26864664792467224,0.04943773274516568,0.3446555885811901,0.8100389410490986,0.9143401366906184,9.770127679647288e-07
24.1,0.0,0.3192244397455811,0.08435906616694244,0.4337228163558859,0.7404844639031296,0.8123230820373741,0.28192871891300264,0.05533001627700204,0.36515408008840466,0.7910213524936941,0.8684929111245834,0.2699268220974204,0.04963518687697584,0.3455942870322921,0.8092573343800183,0.914489908431453,9.434088209246783e-07
24.150000000000002,0.0,0.3201828977085012,0.0845289701888486,0.4343583700724361,0.7399525079564843,0.8126512252918733,0.28314687405459676,0.05552373571051762,0.3660269741022107,0.7902787277270645,0.8687228444009664,0.2712066785067764,0.04983239522836792,0.34653123377730527,0.8084770561459265,0.914639418367014,9.109606676405507e-07
24.200000000000003,0.0,0.32113967501792656,0.08469819341923723,0.4349922988711946,0.7394226442072143,0.8129787949386074,0.28436416717947266,0.05571709491231211,0.36689807501825583,0.7895378819777337,0.8689523757441914,0.27248616964811495,0.05002935106935362,0.34746641586706356,0.8076981351348593,0.9147886669527987,8.796285550677217e-07
24.25,0.0,0.32209475510811036,0.08486673397565368,0.4356246007498868,0.7388948754544916,0.8133057919757292,0.285580558333923,0.0559100881876748,0.3677673731458373,0.7887988372485524,0.8691815058536755,0.2737652482006124,0.05022604771387236,0.3483998205506872,0.806920599854497,0.9149376546435853,8.493740974509723e-07
24.3,0.0,0.32304812158827184,0.08503459002094696,0.43625527378011814,0.7383692043489312,0.8136322173998086,0.2867960077917924,0.056102709892608606,0.36863485896107123,0.7880616152454518,0.8694102354277272,0.2750438670333361,0.05042247852048541,0.34933143527446237,0.8061444785291126,0.9150863818934315,8.201602292971392e-07
24.35,0.0,0.32399975824275684,0.08520175976308525,0.4368843161066748,0.737845633393926,0.8139580722058302,0.28801047605850194,0.056294954434233754,0.3695005231057681,0.7873262373763626,0.8696385651635443,0.27632197921124796,0.05061863689305503,0.3502612476807086,0.8053697990966258,0.9152348491556731,7.919511599652513e-07
24.400000000000002,0.0,0.3249496490311753,0.0853682414549675,0.4375117259468271,0.7373241649469885,0.81428335738719,0.28922392387499307,0.056486816271178006,0.3703643563863029,0.7865927247502219,0.8698664957572122,0.2775995380011197,0.05081451628140871,0.3511892456066349,0.8045965892057613,0.9153830568829233,7.647123298185202e-07
24.450000000000003,0.0,0.32589777808851494,0.08553403339423123,0.43813750158963677,0.7368048012210966,0.8146080739356939,0.2904363122215903,0.056678289913953364,0.3712263497724804,0.7858610981760654,0.8700940279037023,0.27887649687735966,0.05101011018198849,0.35211541708318445,0.8038248762133131,0.915531005527071,7.38410367884464e-07
24.5,0.0,0.3268441297252326,0.08569913392305652,0.4387616413952673,0.7362875442860446,0.814932222841555,0.29164760232178283,0.05686936992531939,0.37208649439639596,0.7851313781622058,0.8703211622968703,0.2801528095277498,0.051205412138485125,0.3530397503338688,0.8030546871815131,0.9156786955392802,7.130130509712938e-07
24.55,0.0,0.3277886884273221,0.08586354142796652,0.43938414379429763,0.7357723960697985,0.8152558050933916,0.2928577556459248,0.05706005092063304,0.37294478155129146,0.7844035849154953,0.8705478996294549,0.2814284298590918,0.05140041574245723,0.35396223377359165,0.8022860488755035,0.9158261273699886,6.884892641904754e-07
24.6,0.0,0.3287314388563603,0.0860272543396243,0.4400050072870392,0.7352593583598555,0.8155788216782256,0.29406673391485366,0.05725032756818528,0.37380120269040806,0.7836777383406726,0.8707742405930762,0.2827033120027614,0.0515951146339353,0.35488285600746294,0.8015189877609155,0.9159733014689072,6.648089628371002e-07
24.650000000000002,0.0,0.3296723658495303,0.08619027113262615,0.4406242304428564,0.7347484328046066,0.8159012735814806,0.2952744991034268,0.057440194589524304,0.3746557494258346,0.782953858039792,0.8710001858782348,0.28397741032017026,0.0517895025020105,0.35580160582960374,0.8007535300015511,0.9161202182850192,6.419431355813653e-07
24.700000000000003,0.0,0.3306114544196232,0.08635259032529166,0.44124181189949097,0.7342396209147031,0.8162231617869805,0.29648101344397626,0.05762964675976559,0.3755084135273529,0.7822319633117362,0.8712257361743108,0.28525067940813426,0.05198357308540836,0.35671847222194186,0.7999897014571695,0.9162668782665793,6.198637689260681e-07
24.75,0.0,0.3315486897550178,0.08651421047945036,0.441857750362389,0.7337329240644251,0.816544487276948,0.2976862394296813,0.05781867890788879,0.3763591869212798,0.7815120731518086,0.8714508921695621,0.2865230741041474,0.05217732017304721,0.35763344435299926,0.799227527681377,0.916413281861113,5.985438128865686e-07
24.8,0.0,0.3324840572196391,0.08667513020022509,0.44247204460403217,0.7332283434930538,0.8168652510320032,0.2988901398178587,0.058007285917021506,0.37720806168930626,0.7807942062514075,0.8716756545511243,0.28779454949156114,0.05237073760458136,0.35854651157667117,0.7984670339196203,0.9165594295154164,5.779571478511775e-07
24.85,0.0,0.33341754235289556,0.08683534813581231,0.4430846934632722,0.7327258803062441,0.8171854540311633,0.3000926776331713,0.05819546272471005,0.3780550300673344,0.780078380997779,0.8719000240050097,0.28906506090466766,0.05256381927092915,0.35945766343099766,0.797708245107283,0.9167053216755549,5.580785525813654e-07
24.900000000000002,0.0,0.3343491308695954,0.08699486297725927,0.4436956958446689,0.7322255354774009,0.8175050972518404,0.30129381617075385,0.058383204323177305,0.37890008444431145,0.7793646154738486,0.8721240012161061,0.29033456393368706,0.0527565591147857,0.3603668896369279,0.7969511858678844,0.9168509587868634,5.388836733125929e-07
24.950000000000003,0.0,0.3352788086598423,0.08715367345823813,0.4443050507178319,0.7317273098490553,0.8178241816698416,0.30249351899925714,0.05857050575956763,0.3797432173610623,0.77865292745813,0.8723475868681771,0.2916030144296577,0.05294895113112049,0.3612741800970775,0.79619588051138,0.9169963412939458,5.203489939179035e-07
25.0,0.0,0.3362065617889109,0.08731177835481727,0.44491275711676587,0.731231204134243,0.818142708259368,0.30369174996381,0.0587573621361791,0.3805844215091201,0.7779433344247108,0.8725707816438608,0.29287036850922893,0.05314098936765968,0.36217952489447947,0.795442353032564,0.9171414696406743,5.024518070977288e-07
25.05,0.0,0.337132376497102,0.0874691764852296,0.44551881413921934,0.7307372189178826,0.818460677993014,0.30488847318889917,0.05894376861068297,0.3814236897295549,0.7772358535433136,0.8727935862246697,0.29413658255935626,0.05333266792535333,0.3630829142913288,0.7946906271095718,0.9172863442701896,4.851701865606067e-07
25.1,0.0,0.33805623919957795,0.08762586670963822,0.44612322094603735,0.7302453546581548,0.8187780918417671,0.30608365308116753,0.05912972039633057,0.38226101501180204,0.7765305016794312,0.8730160012909903,0.2954016132418979,0.0535239809588274,0.3639843387277216,0.7939407261024831,0.9174309656249002,4.684829601607337e-07
25.150000000000002,0.0,0.33897813648617875,0.0877818479298993,0.44672597676051745,0.7297556116878815,0.8190949507750072,0.3072772543321306,0.0593152127621477,0.3830963904924883,0.7758272953945352,0.8732380275220828,0.2966654174981128,0.05371492267682064,0.36488378882038897,0.7931926730520242,0.9175753341464825,4.523696839594387e-07
25.200000000000003,0.0,0.3398980551212185,0.08793711908932239,0.4473270808677699,0.7292679902159053,0.8194112557605064,0.30846924192081154,0.05950024103311661,0.38392980945425803,0.7751262509463571,0.873459665596081,0.2979279525530597,0.05390548734260642,0.3657812553614253,0.7924464906783691,0.9177194502758805,4.368106171788026e-07
25.25,0.0,0.3408159820432632,0.08809167917242806,0.44792653261408094,0.728782490328467,0.8197270077644293,0.30965958111629494,0.059684800590345685,0.3847612653245987,0.77442738428924,0.8736809161899921,0.29918917591989647,0.05409566927439947,0.3666767293170126,0.7917022013800383,0.9178633144533059,4.217866980167368e-07
25.3,0.0,0.34173190436488937,0.08824552720470326,0.44852433140628023,0.7282991119905842,0.8200422077513323,0.31084823748019946,0.05986888687122692,0.38559075167466567,0.7737307110745608,0.8739017799796968,0.3004490454040803,0.05428546284574768,0.3675702018261401,0.7909598272328948,0.9180069271182378,4.072795202938927e-07
25.35,0.0,0.3426458093724248,0.08839866225235407,0.4491204767111118,0.7278178550474269,0.8203568566841641,0.3120351768690701,0.060052495369581294,0.3864182622181074,0.7730362466512211,0.874122257639949,0.30170751910746796,0.05447486248590892,0.3684616641993199,0.7902193899892359,0.9181502887094231,3.932713109037906e-07
25.400000000000002,0.0,0.3435576845256705,0.08855108342205624,0.44971496805460903,0.7273387192256934,0.8206709555242658,0.31322036543668963,0.06023562163579219,0.3872437908098903,0.772344006066205,0.8743423498443762,0.30296455543231604,0.054663862680213005,0.3693511079172995,0.7894809110769809,0.918293399664876,3.7974490803854233e-07
25.450000000000003,0.0,0.3444675174576051,0.08870278986070343,0.45030780502147283,0.7268617041349829,0.8209845052313708,0.31440376963630995,0.06041826127692692,0.3880673314451244,0.7716540040652051,0.8745620572654795,0.3042201130851812,0.0548524579704088,0.3702385246297704,0.7887444115989526,0.9184362604218788,3.6668374016349087e-07
25.5,0.0,0.3453752959740716,0.08885378075515325,0.45089898725445415,0.7263868092691672,0.8212975067636054,0.31558535622280404,0.06060040995684649,0.38888887825788904,0.7709662550933117,0.8747813805746341,0.3054741510807205,0.055040642954996666,0.37112390615407403,0.788009912332252,0.9185788714169812,3.540718057150084e-07
25.55,0.0,0.3462810080534463,0.08900405533197121,0.4514885144537401,0.72591403400776,0.8216099610774891,0.3167650922547382,0.06078206339630378,0.38970842552005974,0.7702807732957678,0.8750003204420889,0.30672662874539125,0.05522841228954615,0.37200724447390504,0.7872774337277263,0.9187212330860013,3.4189365349658033e-07
25.6,0.0,0.34718464184629116,0.08915361285717259,0.4520763863763438,0.7254433776172831,0.8219218691279353,0.3179429450963655,0.06096321737303013,0.39052596764013586,0.769597572518786,0.8752188775369675,0.30797750572105087,0.055415760686999146,0.3728885317380124,0.786546995909527,0.9188633458640252,3.3013436374915787e-07
25.650000000000002,0.0,0.348086185674989,0.08930245263596229,0.4526626028354978,0.7249748392526301,0.8222332318682517,0.3191188824195405,0.06114386772181061,0.39134149916206923,0.7689166663104279,0.8754370525272683,0.30922674196845695,0.05560268291795853,0.3737677602588981,0.7858186186747592,0.9190052101854074,3.187795298725877e-07
25.700000000000003,0.0,0.3489856280333621,0.08945057401247289,0.453247163700052,0.7245084179584275,0.8225440502501408,0.3202928722055561,0.061324010334547985,0.39215501476409453,0.7682380679215428,0.8756548460798652,0.310474297770667,0.05578917381096236,0.3746449225115143,0.7850923214932193,0.9191468264837713,3.078152407757257e-07
25.75,0.0,0.3498829575862745,0.08959797636950073,0.45383006889387467,0.724044112670392,0.8228543252237007,0.32146488274690255,0.061503641160315536,0.39296650925756077,0.767561790306767,0.8758722588605076,0.3117201337363386,0.05597522825274381,0.37552001113195943,0.7843681235072214,0.9192881951920093,2.9722806383361095e-07
25.8,0.0,0.35077816316921867,0.08974465912824028,0.4544113183952575,0.7235819222166844,0.8231640577374261,0.32263488264894974,0.06168275620539892,0.39377597758576466,0.7668878461255797,0.8760892915338213,0.31296421080292997,0.05616084118847683,0.3763930189161723,0.7836460435315099,0.9194293167422832,2.870050284308208e-07
25.85,0.0,0.3516712337878854,0.0898906217480168,0.4549909122363248,0.7231218453192594,0.8234732487382088,0.3238028408315522,0.06186135153332707,0.394583414822786,0.7662162477434168,0.8763059447633091,0.31420649023980074,0.05634600762200773,0.377263938818626,0.7829261000532584,0.9195701915660245,2.771336100708453e-07
25.900000000000002,0.0,0.3525621586177192,0.0900358637260173,0.4555688505024463,0.7226638805952121,0.8237818991713389,0.3249687265305786,0.06203942326489245,0.3953888161723249,0.7655470072328394,0.8765222192113513,0.3154469336512142,0.0565307226160727,0.37813276395102136,0.7822083112321523,0.919710820093935,2.6760171503201315e-07
25.950000000000003,0.0,0.35345092700345804,0.09018038459701996,0.4561451333316534,0.7222080265581198,0.8240900099805055,0.3261325092993657,0.062216967578160635,0.39619217696654124,0.7648801363747567,0.8767381155392062,0.3166855029792401,0.05671498129250149,0.378999487580979,0.7814926949005556,0.9198512027559871,2.5839766555117046e-07
26.0,0.0,0.3543375284586577,0.09032418393312208,0.4567197609140602,0.721754281619379,0.8243975821077981,0.32729415901009695,0.06239398070846943,0.3969934926648967,0.7642156466597022,0.8769536344070115,0.31792216050655936,0.05689877883240728,0.37986410313073277,0.7807792685637589,0.9199913399814242,2.4951018551696104e-07
26.05,0.0,0.355221952665202,0.09046726134346644,0.4572927334912874,0.721302644089539,0.8247046164937073,0.32845364585510706,0.06257045894841767,0.39779275885299925,0.7635535492891607,0.8771687764737841,0.3191568688591703,0.057082110476362836,0.3807266041758221,0.7800680494003082,0.9201312321987614,2.4092838665518014e-07
26.1,0.0,0.3561041894727984,0.0906096164739664,0.4578640513558907,0.720853112179629,0.8250111140771261,0.32961094034811284,0.06274639864784386,0.39858997124145024,0.7628938551769472,0.8773835423974218,0.3203895910089972,0.057264971524563196,0.3815869844437857,0.7793590542624133,0.9202708798357857,2.3264175518927717e-07
26.150000000000002,0.0,0.35698422889845904,0.09075124900702959,0.4584337148507928,0.7204056840024811,0.8253170757953513,0.3307660133253708,0.06292179621379464,0.3993851256646945,0.7622365749506329,0.8775979328347034,0.321620290276402,0.05744735733697489,0.3824452378128553,0.7786522996764347,0.9204102833195571,2.2464013895966504e-07
26.200000000000003,0.0,0.357862061125968,0.09089215866128036,0.4590017243687193,0.7199603575740481,0.8256225025840844,0.3319188359467626,0.06309664811048353,0.40017821807987336,0.7615817189530213,0.8778119484412903,0.3228489303325981,0.05762926333347188,0.3833013583106507,0.7779478018434465,0.9205494430764084,2.1691373498605527e-07
26.25,0.0,0.3587376765053353,0.09103234519128106,0.4595680803516383,0.7195171308147152,0.8259273953774333,0.33306937969680794,0.06327095085923976,0.4009692445656809,0.7609292972436692,0.8780255898717266,0.32407547520196894,0.05781068499395833,0.384155340112876,0.777245576639875,0.9206883595319464,2.094530774575816e-07
26.3,0.0,0.3596110655522366,0.09117180838725207,0.46013278329020435,0.719076001550607,0.8262317551079132,0.3342176163856074,0.06344470103844749,0.40175820132122336,0.7602793196004539,0.8782388577794409,0.32529988926429004,0.057991617858478374,0.38500717754201674,0.7765456396182117,0.9208270331110523,2.022490261359982e-07
26.35,0.0,0.3604822189474405,0.09131054807479085,0.46069583372320544,0.7186369675148874,0.8265355827064484,0.33536351814971394,0.06361789528347567,0.4025450846648822,0.7596317955211843,0.8784517528167465,0.32652213725685597,0.058172057527312956,0.38585686506603917,0.7758480060077982,0.9209654642378823,1.95292755157745e-07
26.400000000000002,0.0,0.36135112753622245,0.09144856411458988,0.46125723223701476,0.7182000263490547,0.8268388791023735,0.33650705745293524,0.06379053028659845,0.40332989103318045,0.7589867342252546,0.8786642756348431,0.32774218427651275,0.05835199966106398,0.38670439729709105,0.7751526907156839,0.9211036533358683,1.885757422211614e-07
26.450000000000003,0.0,0.36221778232776614,0.09158585640215368,0.4618169794650455,0.7177651756042299,0.827141645223435,0.3376482070870668,0.06396260279690648,0.4041126169796529,0.7583441446553402,0.8788764268838172,0.32895999578159607,0.05853143998072581,0.3875497689902046,0.7744597083275516,0.9212416008277186,1.8208975814560132e-07
26.5,0.0,0.3630821744945524,0.09172242486751489,0.4623750760872101,0.717332412742439,0.8274438819957929,0.33878694017255667,0.06413410962020911,0.40489325917372004,0.7577040354791328,0.8790882072126436,0.33017553759377616,0.05871037426774432,0.38839297504200165,0.7737690731087131,0.9213793071354185,1.7582685678965783e-07
26.55,0.0,0.3639442953717358,0.09185826947494949,0.46293152282938305,0.7169017351378881,0.827745590344022,0.33992323015910303,0.06430504761892783,0.40567181439956623,0.757066415091116,0.8792996172691863,0.3313887758998098,0.05888879836406367,0.38923401048940115,0.7730807990051716,0.9215167726802311,1.697793653161467e-07
26.6,0.0,0.36480413645650966,0.09199339022269121,0.46348632046286736,0.7164731400782332,0.8280467711911136,0.34105705082618465,0.0644754137119808,0.4064482795550213,0.7564312916143777,0.8795106577001998,0.3325996772532006,0.059066708172160864,0.3900728705083293,0.7723948996447488,0.9216539978826981,1.639398747919214e-07
26.650000000000002,0.0,0.3656616894074591,0.0921277871426452,0.4640394698038655,0.7160466247658417,0.8283474254584774,0.3421883762835255,0.06464520487465898,0.4072226516504469,0.7557986729024594,0.8797213291513301,0.33380820857576754,0.05924409965506838,0.39090955041243275,0.771711388338278,0.9217909831626402,1.583012311110037e-07
26.700000000000003,0.0,0.3665169460439025,0.09226146030010103,0.4645909717129534,0.7156221863190483,0.8286475540659429,0.34331718097149416,0.0648144181384937,0.407994927807627,0.7551685665412406,0.8799316322671159,0.3350143371591234,0.05942096883638488,0.39174404565179455,0.7710302780808582,0.9219277289391583,1.5285652622990944e-07
26.75,0.0,0.36736989834522227,0.09239440979344497,0.4651408270945588,0.7151998217734028,0.8289471579317613,0.34444343966143876,0.064983050591116,0.40876510525866233,0.7545409798508582,0.88014156769099,0.336218030666063,0.05959731180027426,0.3925763518116533,0.7703515815531704,0.9220642356306341,1.4759908970443162e-07
26.8,0.0,0.368220538450184,0.0925266357538718,0.46568903689644325,0.7147795280829113,0.829246237972607,0.3455671274559583,0.06515109937610784,0.40953318134487005,0.7539159198876577,0.8803511360652798,0.3374192571318627,0.05977312469145315,0.3934064646111258,0.7696753111228537,0.9222005036547308,1.4252248051751212e-07
26.85,0.0,0.36906885865624545,0.09265813834509591,0.4662356021091879,0.71436130212127,0.8295447951035795,0.3466882197891112,0.06531856169284529,0.4102991535156874,0.7532933934461771,0.8805603380312097,0.33861798496549184,0.059948403715167096,0.39423437990193294,0.76900147884594,0.922336533428394,1.3762047918819068e-07
26.900000000000002,0.0,0.3699148514188549,0.09278891776306214,0.4667805237656832,0.7139451406830915,0.8298428302382054,0.3478066924265617,0.06548543479633395,0.41106301932758027,0.7526734070611604,0.8807691742289014,0.3398141829507363,0.060123145137155436,0.39506009366712985,0.7683300964683452,0.9224723253678524,1.3288708015196307e-07
26.950000000000003,0.0,0.37075850935073884,0.09291897423565595,0.4673238029406221,0.7135310404851231,0.8301403442884399,0.3489225214656654,0.06565171599703666,0.4118247764429565,0.7520559670096015,0.8809776452973758,0.3410078202472362,0.060297345283605204,0.3958836020198393,0.7676611754274163,0.922607879888619,1.2831648440321363e-07
27.0,0.0,0.37159982522118046,0.09304830802241339,0.46786544074999764,0.7131189981674586,0.8304373381646688,0.3500356833354939,0.06581740266069368,0.4125844226290842,0.7514410793128158,0.8811857518745535,0.3421988663914377,0.06047100054109413,0.39670490120198926,0.7669947268535324,0.9227431974054915,1.2390309239070852e-07
27.05,0.0,0.3724387919552876,0.09317691941423058,0.4684054383506036,0.7127090102947413,0.8307338127757106,0.35114615479680067,0.06598249220813548,0.41334195575701466,0.7508287497385379,0.8813934945972572,0.3433872912974601,0.06064410735652292,0.397523987583055,0.7663307615717586,0.9228782783325534,1.1964149715744525e-07
27.1,0.0,0.37327540263325154,0.09330480873307305,0.4689437969395396,0.7123010733573591,0.831029769028818,0.35225391294192754,0.06614698211508839,0.41409737380051076,0.7502189838030471,0.8816008741012125,0.34457306525787923,0.06081666223703697,0.39834085765880506,0.7656692901035507,0.9230131230831748,1.155264777164544e-07
27.150000000000002,0.0,0.37410965048959643,0.09343197633168471,0.4694805177537193,0.7118951837726325,0.8313252078296802,0.3533589351946538,0.06631086991197303,0.41485067483498006,0.7496117867733159,0.8818078910210488,0.34575615894442785,0.060988661749937736,0.3991555080500518,0.7650103226685095,0.9231477320700134,1.1155299265443783e-07
27.200000000000003,0.0,0.37494152891241955,0.09355842259329668,0.47001560206938303,0.7114913378859934,0.8316201300824249,0.3544611993099881,0.06647415318369601,0.41560185703641345,0.7490071636691827,0.8820145459903016,0.3469365434086143,0.06116010252258388,0.39996793550140664,0.7643538691861844,0.9232821057050151,1.0771617395540707e-07
27.25,0.0,0.37577103144262286,0.093684147931336,0.47054905120161356,0.7110895319721566,0.8319145366896196,0.3555606833739046,0.06663682956943465,0.4163509186803288,0.7484051192655475,0.8822208396414132,0.3481141900822601,0.06133098124228237,0.4007781368800399,0.7636999392779223,0.9234162443994153,1.040113210367551e-07
27.3,0.0,0.3765981517731357,0.09380915278913417,0.4710808665038561,0.7106897622362831,0.8322084285522746,0.35665736580302343,0.06679889676241524,0.41709785814072015,0.747805658094588,0.8824267726057343,0.3492890707779575,0.061501294656169686,0.4015861091744456,0.7630485422687632,0.9235501485637395,1.0043389499045497e-07
27.35,0.0,0.3774228837481294,0.09393343763963563,0.4716110493674418,0.7102920248151342,0.8325018065698444,0.3577512253442371,0.06696035250968477,0.4178426738890121,0.7472087844479965,0.8826323455135257,0.35046115768944835,0.0616710395710834,0.4023918494932112,0.7623996871893789,0.9236838186078045,9.697951302232998e-08
27.400000000000002,0.0,0.37824522136222316,0.09405700298510634,0.4721396012211147,0.709896315778218,0.8327946716402299,0.35884224107428314,0.06712119461187627,0.41858536449301986,0.7466145023792363,0.8828375589939592,0.35163042339192446,0.061840212853424156,0.4031953550637924,0.7617533827780552,0.9238172549407189,9.364394308258287e-08
27.450000000000003,0.0,0.37906515875968266,0.09417984935684223,0.472666523530563,0.7095026311289272,0.8330870246597804,0.35993039239926455,0.06728142092296811,0.41932592861591483,0.7460228157058152,0.8830424136751197,0.35279684084225155,0.06200881142900835,0.403996623231293,0.7611096374827138,0.9239504579708846,9.04230986810057e-08
27.5,0.0,0.37988269023361043,0.09430197731487783,0.4731918177979535,0.7091109668056684,0.8333788665232957,0.3610156590541179,0.06744102935003718,0.42006436501519573,0.7454337280115774,0.883246910184006,0.3539603833791168,0.06217683228291158,0.4047956514572506,0.7604684594629755,0.9240834281059973,8.731303388051839e-08
27.55,0.0,0.38069781022512866,0.09442338744769492,0.47371548556147,0.7087213186829827,0.8336701981240286,0.36209802110203115,0.06760001785300616,0.42080067254166525,0.7448472426490105,0.8834510491465327,0.3551210247231018,0.06234427245930316,0.40559243731842726,0.7598298565922607,0.9242161657530478,8.430993846290252e-08
27.6,0.0,0.38151051332255503,0.09454408037193147,0.47423752839485506,0.7083336825726575,0.8339610203536865,0.363177458933811,0.06775838444438516,0.4215348501384127,0.7442633627415677,0.8836548311875316,0.35627873897668155,0.06251112906127174,0.40638697850560573,0.7591938364599272,0.9243486713183225,8.141013326080758e-08
27.650000000000002,0.0,0.3823207942605712,0.09466405673209063,0.47475794790695586,0.7079480542248299,0.8342513341024335,0.3642539532672014,0.06791612718900766,0.42226689683980223,0.7436820911860045,0.8838582569307532,0.3574335006241505,0.06267739925064228,0.4071792728223917,0.7585604063734437,0.9244809452074051,7.861006565031101e-08
27.700000000000003,0.0,0.38312864791938434,0.09478331720025,0.4752767457412734,0.7075644293290813,0.834541140258893,0.36532748514615376,0.06807324420376111,0.422996811770467,0.7431034306547276,0.884061326998868,0.3585852845314771,0.06284308024778461,0.4079693181840212,0.7579295733605971,0.9246129878251766,7.590630519850973e-08
27.75,0.0,0.38393406932388213,0.09490186247577122,0.47579392357551525,0.7071828035155228,0.8348304397101497,0.36639803594004977,0.06822973365731214,0.42372459414430896,0.7425273835981567,0.8842640420134683,0.35973406594608737,0.06300816933141354,0.40875711261617464,0.7573013441717328,0.9247447995758175,7.329553946081088e-08
27.8,0.0,0.3847370536427812,0.09501969328500981,0.4763094831211523,0.7068031723558722,0.8351192333417514,0.3674655873428777,0.06838559376982663,0.42445024326350506,0.7419539522470968,0.8844664025950698,0.3608798204965793,0.06317266383838098,0.4095426542537958,0.7566757252820269,0.9248763808628074,7.077456992277313e-08
27.85,0.0,0.3855375961877692,0.09513681038102538,0.47682342612297857,0.7064255313645218,0.835407522037712,0.3685301213723634,0.06854082281268482,0.4251737585175187,0.7413831386151208,0.8846684093631129,0.3620225241923683,0.06333656116346,0.41032594133991784,0.7560527228937881,0.9250077320889274,6.834030808152657e-08
27.900000000000002,0.0,0.38633569241264104,0.09525321454329223,0.47733575435867515,0.7060498759995972,0.8356953066805127,0.3695916203690561,0.06869541910819149,0.42589513938211787,0.7408149445009616,0.884870062935964,0.3631621534232655,0.06349985875912112,0.4111069722244945,0.7554323429387887,0.92513885365626,6.598977166197053e-08
27.950000000000003,0.0,0.3871313379124288,0.09536890657741037,0.4778464696383773,0.7056762016640076,0.8359825881511052,0.3706500669953707,0.0688493810292814,0.4266143854183989,0.7402493714909119,0.8850713639309178,0.3642986849589897,0.06366255413530104,0.41188574536323824,0.7548145910806227,0.9252697459661908,6.372008096311373e-08
28.0,0.0,0.38792452842252656,0.09548388731481695,0.4783555738042454,0.7053045037064861,0.836269367328913,0.3717054442345873,0.06900270699922016,0.4273314962718164,0.7396864209612316,0.8852723129641982,0.3654320959486139,0.06382464485916385,0.4126622593164641,0.7541994727170911,0.9254004094194092,6.152845533008055e-08
28.05,0.0,0.388715259817809,0.09559815761249828,0.4788630687300393,0.7049347774226222,0.8365556450918347,0.37275773538980805,0.06915539549130063,0.4280464716712193,0.7391260940805627,0.8854729106509602,0.3665623639199482,0.06398612855485498,0.41343651274794013,0.7535869929826112,0.9255308444159093,5.941220974746112e-08
28.1,0.0,0.38950352811174566,0.09571171835270224,0.47936895632069604,0.7045670180558843,0.8368414223162451,0.3738069240828734,0.069307445028535,0.4287593114278932,0.7385683918123483,0.8856731576052914,0.3676894667788589,0.06414700290324808,0.41420850442374424,0.7529771567506502,0.9256610513549914,5.736875154983178e-08
28.150000000000002,0.0,0.3902893294555089,0.09582457044265144,0.4798732385119114,0.7042012207986333,0.8371266998769985,0.3748529942532376,0.06945885418334266,0.42947001543460855,0.7380133149172572,0.8858730544402136,0.36881338280852655,0.06430726564168494,0.41497823321112737,0.7523699686361813,0.9257910306352628,5.5395577245415775e-08
28.200000000000003,0.0,0.3910726601370782,0.09593671481425672,0.4803759172697248,0.7038373807931275,0.8374114786474303,0.37589593015680484,0.06960962157723406,0.43017858366467543,0.7374608639556124,0.8860726017676841,0.36993409066864275,0.06446691456370866,0.41574569807738326,0.7517654329981607,0.9259207826546384,5.349026944899281e-08
28.25,0.0,0.3918535165803386,0.09604815242383152,0.4808769945901077,0.7034754931325178,0.8376957594993593,0.376935716364727,0.06975974588049061,0.4308850161710041,0.736911039289823,0.886271800198598,0.3710515693945472,0.06462594751879025,0.41651089808872493,0.7511635539420247,0.9260503078103425,5.165049392029995e-08
28.3,0.0,0.39263189534417564,0.09615888425180674,0.48137647249855536,0.703115552861834,0.8379795433030905,0.37797233776216344,0.06990922581184081,0.4315893130851723,0.7363638410868182,0.8864706503427892,0.37216579839630654,0.06478436241204871,0.4172738324091676,0.7505643353222063,0.9261796064989092,4.9873996704295434e-08
28.35,0.0,0.3934077931215649,0.09626891130244636,0.48187435304968224,0.7027575549789622,0.838262830927417,0.37900577954700365,0.0700580601381327,0.4322914746164984,0.7358192693204822,0.886669152809032,0.3732767574577355,0.064942157203965,0.4180345002994185,0.7499677807446686,0.926308679116184,4.815860136978196e-08
28.400000000000002,0.0,0.39418120673865825,0.09637823460356376,0.48237063832682064,0.7024014944356125,0.8385456232396225,0.3800360272285546,0.07020624767400287,0.4329915010511212,0.7352773237740918,0.8868673082050433,0.3743844267353617,0.06509932991008978,0.41879290111577344,0.7493738935694552,0.9264375260573243,4.6502206343006344e-08
28.450000000000003,0.0,0.39495213315386574,0.0964868552062388,0.48286533044162283,0.7020473661382778,0.8388279211054831,0.3810630666261921,0.07035378728154186,0.4336893927510857,0.7347380040427516,0.8870651171374835,0.3754887867573355,0.06525587860074532,0.41954903430901985,0.7487826769132557,0.9265661477168011,4.490278233296895e-08
28.5,0.0,0.39572056945693346,0.09659477418453565,0.48335843153366664,0.7016951649491837,0.8391097253892704,0.38208688386797823,0.07050067786995656,0.4343851501534354,0.7342013095358306,0.8872625802119586,0.3765898184222854,0.06541180140072157,0.42030289942334714,0.7481941336519861,0.9266945444883993,4.335836984528846e-08
28.55,0.0,0.39648651286801817,0.09670199263522146,0.4838499437700645,0.7013448856872289,0.8393910369537534,0.38310746538924534,0.07064691839522926,0.435078773769311,0.7336672394793965,0.8874596980330216,0.3776875029981208,0.0655670964889667,0.42105449609526374,0.7476082664233811,0.9268227167652193,4.1867076781576324e-08
28.6,0.0,0.3972499607367581,0.09680851167748583,0.48433986934507556,0.700996523128916,0.8396718566602007,0.38412479793114707,0.0707925078597737,0.43577026418305526,0.7331357929186475,0.8876564712041745,0.3787818221207826,0.06572176209827217,0.42180382405252104,0.7470250776295998,0.926950664939678,4.042707612137962e-08
28.650000000000002,0.0,0.39801091054134086,0.09691433245266115,0.4848282104797213,0.7006500720092745,0.8399521853683832,0.3851388685391778,0.07093744531208834,0.4364596220513246,0.7326069687203425,0.8878529003278693,0.37987275779294316,0.06587579651495248,0.42255088311304434,0.7464445694398415,0.9270783894035097,3.903660368385261e-08
28.700000000000003,0.0,0.3987693598875676,0.09701945612394387,0.4853149694214048,0.7003055270227728,0.8402320239365764,0.3861496645616609,0.07108172984640668,0.43714684810220644,0.7320807655752266,0.8880489860055104,0.38096029238265666,0.06602919807851994,0.42329567318387096,0.7458667437929718,0.9272058905477673,3.7693955966414613e-08
28.75,0.0,0.39952530650791507,0.0971238838761166,0.4858001484435327,0.6999628828242226,0.8405113732215622,0.3871571736482069,0.07122536060234504,0.43783194313434365,0.7315571820004537,0.8882447288374555,0.3820444086219608,0.06618196518135427,0.4240381942600952,0.7452916024001571,0.9273331687628231,3.639748805774638e-08
28.8,0.0,0.40027874826059395,0.09722761691527121,0.48628374984514094,0.6996221340296733,0.8407902340786322,0.38816138374814224,0.07136833676454772,0.4385149080160649,0.7310362163420033,0.8884401294230179,0.383125089605431,0.06633409626836764,0.42477844642382045,0.7447191467475079,0.9274602244383705,3.5145611622568066e-08
28.85,0.0,0.4010296831286053,0.09733065646853291,0.48676577595052367,0.6992832752172978,0.8410686073615892,0.38916228310890927,0.0715106575623298,0.43919574368452174,0.7305178667770927,0.8886351883604676,0.3842023187886883,0.06648558983666483,0.4255164298431185,0.7441493780987279,0.9275870579634244,3.393679295572993e-08
28.900000000000002,0.0,0.40177810921879414,0.09743300378378524,0.4872462291088652,0.6989463009282684,0.8413464939227498,0.39015986027443883,0.07165232226931753,0.43987445114483176,0.7300021313165829,0.8888299062470335,0.3852760799868621,0.06663644443519907,0.42625214477099577,0.7435822974977698,0.9277136697263226,3.2769551103231764e-08
28.950000000000003,0.0,0.40252402476090077,0.09753466012939616,0.48772511169387567,0.6986112056676244,0.8416238946129474,0.3911541040834953,0.07179333020308665,0.4405510314692284,0.7294890078073781,0.8890242836789046,0.38634635737300826,0.06678665866442349,0.42698559154436705,0.7430179057714956,0.927840060114727,3.164245604786911e-08
29.0,0.0,0.40326742810661004,0.09763562679394512,0.4882024261034293,0.6982779839051304,0.8419008102815335,0.3921450036679962,0.07193368072479846,0.4412254857962173,0.7289784939348184,0.8892183212512321,0.38741313547648476,0.06693623117593828,0.42771677058303603,0.7424562035323411,0.9279662295156241,3.0554126957283355e-08
29.05,0.0,0.4040083177285985,0.09773590508595123,0.48867817475920644,0.6979466300761252,0.842177241776381,0.39313254845130546,0.07207337323883407,0.44189781532973854,0.728470587225064,0.8894120195581305,0.38847639918128457,0.06708516067213399,0.4284456823886834,0.7418971911809832,0.928092178315327,2.9503230492269506e-08
29.1,0.0,0.40474669221958,0.09783549633360246,0.48915236010633856,0.6976171385823623,0.8424531899438858,0.3941167281465027,0.0722124071924267,0.442568021338336,0.7279652850474722,0.8896053791926799,0.3895361337243281,0.06723344590583083,0.429172327543862,0.74134086890901,0.9282179068994756,2.8488479173268915e-08
29.150000000000002,0.0,0.405482550291349,0.09793440188448595,0.4896249846130562,0.6972895037928404,0.8427286556289701,0.39509753275462856,0.07235078207529219,0.4432361051543325,0.7274625846169651,0.8897984007469271,0.39059232469371546,0.06738108567991417,0.42989670671099894,0.7407872367015914,0.9283434156530382,2.7508629803045874e-08
29.200000000000003,0.0,0.4062158907738229,0.09803262310531953,0.49009605077034063,0.6969637200446259,0.843003639675084,0.3960749525629063,0.07248849741925792,0.4439020681730117,0.7269624829963884,0.8899910848118876,0.3916449580269398,0.06752807884696661,0.4306188206314057,0.7402362943401508,0.9284687049603126,2.6562481943615566e-08
29.25,0.0,0.40694671261408294,0.09813016138168427,0.49056556109157795,0.6966397816436664,0.8432781429242079,0.397048978142942,0.07262555279789014,0.4445659118518064,0.7264649770988605,0.8901834319775473,0.39269402000906317,0.06767442430889642,0.4313386701242947,0.7396880414050359,0.9285937752049269,2.564887644555745e-08
29.3,0.0,0.40767501487541324,0.09822701811775826,0.49103351811221696,0.6963176828655939,0.8435521662168556,0.3980196003489021,0.07276194782611992,0.4452276377094929,0.7259700636901105,0.8903754428328641,0.3937394972708549,0.06782012101656276,0.4320562560858038,0.7391424772781885,0.9287186267698407,2.476669402791229e-08
29.35,0.0,0.40840079673633956,0.09832319473605154,0.4914999243894297,0.6959974179565215,0.843825710392076,0.3989868103156709,0.07289768215986758,0.4458872473253925,0.7254777393908076,0.8905671179657693,0.39478137678689507,0.06796516796939774,0.4327715794880274,0.7385996011458125,0.9288432600373464,2.391485390692306e-08
29.400000000000002,0.0,0.40912405748966646,0.09841869267714227,0.49196478250177517,0.6956789811338285,0.8440987762874558,0.39995059945698724,0.07303275549566614,0.4465447423385782,0.724988000678877,0.8907584579631697,0.39581964587364266,0.06810956421502533,0.4334846413780557,0.7380594120010384,0.9289676753890699,2.3092312471939686e-08
29.450000000000003,0.0,0.40984479654151407,0.09851351339941411,0.4924280950488662,0.6953623665869392,0.8443713647391217,0.4009109594635621,0.07316716757028333,0.44720012444708923,0.7245008438918065,0.8909494634109492,0.39685429218747015,0.06825330884887752,0.4341954428770205,0.7375219086465853,0.929091873205972,2.2298062006865545e-08
29.5,0.0,0.4105630134103538,0.09860765837879477,0.4928898646510394,0.6950475684780907,0.844643476581743,0.4018678823011772,0.07330091816034276,0.4478533954071505,0.7240162652289391,0.8911401348939703,0.39788530372266534,0.0683964010138076,0.43490398517914863,0.7369870896974171,0.9292158538683494,2.1531129455579252e-08
29.55,0.0,0.41127870772604364,0.09870112910849599,0.49335009394902785,0.6947345809430937,0.8449151126485339,0.4028213602087659,0.07343400708194404,0.4485045570323995,0.7235342607537555,0.8913304729960758,0.3989126688094017,0.06853883989970086,0.4356102695508227,0.7364549535833951,0.9293396177558358,2.079057522981925e-08
29.6,0.0,0.4119918792288632,0.09879392709875456,0.49380878560363706,0.6944233980920838,0.845186273771256,0.40377138569647636,0.0735664341902821,0.4491536111931189,0.7230548263961416,0.8915204783000908,0.3999363761116775,0.06868062474308276,0.4363142973296492,0.7359254985519239,0.929463165247403,2.0075492058070717e-08
29.650000000000002,0.0,0.41270252776854827,0.09888605387657486,0.49426594229542403,0.6941140140102637,0.8454569607802205,0.40471795154371826,0.07369819937926558,0.44980055981547584,0.7225779579546449,0.8917101513878238,0.4009564146252258,0.06882175482672476,0.43701606992353365,0.7353987226705915,0.929586496721362,1.9385003874044532e-08
29.700000000000003,0.0,0.4134106533033251,0.0989775109854725,0.4947215667243788,0.6938064227586378,0.8457271745042908,0.4056610507971935,0.0738293025811348,0.4504454048807672,0.722103651098716,0.891899492840069,0.4019727736753951,0.06896222947924788,0.4377155888097633,0.7348746238298013,0.9297096125553639,1.8718264743386536e-08
29.75,0.0,0.41411625589894496,0.09906829998521947,0.49517566160960935,0.6935006183747372,0.8459969157708848,0.40660067676891165,0.07395974376607888,0.4510881484246715,0.7216319013709374,0.8920885032366074,0.4029854429150025,0.06910204807472416,0.4384128555340971,0.7343531997453976,0.9298325131264015,1.807445782730219e-08
29.8,0.0,0.4148193357277186,0.0991584224515905,0.4956282296890295,0.6931965948733367,0.8462661854059771,0.40753682303419064,0.07408952294185248,0.45172879253650694,0.7211627041892371,0.8922771831562091,0.40399441232216,0.06924121003227611,0.4391078717098629,0.7338344479612816,0.9299551988108097,1.7452794381826913e-08
29.85,0.0,0.415519893067551,0.09924787997611079,0.49607927371904925,0.6928943462471634,0.8465349842341018,0.4084694834296434,0.07421864015339215,0.4523673393584956,0.7206960548490889,0.8924655331766344,0.40499967219807453,0.06937971481567431,0.4398006390170618,0.7333183658520191,0.9300776699842671,1.6852512791516134e-08
29.900000000000002,0.0,0.4162179283009762,0.09933667416580519,0.49652879647426856,0.6925938664675961,0.8468033130783548,0.4093986520511515,0.07434709548243223,0.45300379108503397,0.7202319485256973,0.8926535538746359,0.4060012131648235,0.06951756193293322,0.44049115920148024,0.7328049506254383,0.9301999270217971,1.6272877636371135e-08
29.950000000000003,0.0,0.416913441914193,0.09942480664294864,0.49697680074717365,0.6922951494853574,0.8470711727603959,0.41032432325182555,0.07447488904712064,0.45363814996196977,0.7197703802761671,0.8928412458259599,0.4069990261631058,0.06965475093590538,0.4411794340738087,0.732294199325217,0.9303219702977686,1.5713178790857603e-08
30.0,0.0,0.417606434496101,0.09951227904481809,0.49742328934783614,0.6919981892311964,0.8473385641004515,0.41124649163995397,0.07460202100163434,0.4542704182858849,0.7193113450416586,0.8930286096053484,0.40799310244996984,0.06979128141987412,0.4418654655087683,0.7317861088334602,0.9304438001858976,1.5172730553913083e-08
30.05,0.0,0.4182969067373373,0.09959909302344576,0.49786826510361537,0.6917029796165632,0.8476054879173169,0.41216515207694004,0.07472849153579482,0.4549005984033846,0.7188548376495262,0.8932156457865403,0.40898343359651945,0.06992715302314483,0.4425492554442441,0.731280675873265,0.9305654170592476,1.465087080887743e-08
30.1,0.0,0.41898485942931407,0.09968525024537393,0.49831173085886316,0.6914095145342762,0.8478719450283588,0.4130802996752282,0.07485430087468356,0.4555286927103927,0.7184008528154419,0.8934023549422737,0.4099700114855981,0.07006236542663495,0.44323080588042607,0.7307778970112746,0.9306868212902315,1.4146960212317128e-08
30.150000000000002,0.0,0.4196702934632569,0.09977075239141102,0.4987536894746316,0.6911177878591798,0.8481379362495174,0.41399192979622007,0.07497944927825748,0.4561547036514533,0.7179493851455024,0.893588737644287,0.41095282830945284,0.07019691835346283,0.443910118878957,0.73027776866022,0.9308080132506124,1.3660381410749646e-08
30.200000000000003,0.0,0.42035320982924457,0.09985560115638918,0.49919414382838345,0.6908277934487942,0.8484034623953091,0.41490003804818076,0.07510393704096457,0.45677863371903804,0.7175004291383202,0.8937747944633211,0.41193187656737856,0.0703308115685354,0.4445871965620877,0.7297802870814479,0.9309289933115041,1.3190538284308239e-08
30.25,0.0,0.42103360961524944,0.09993979824892338,0.4996330968137055,0.6905395251439582,0.8486685242788288,0.41580462028413623,0.0752277644913598,0.45740048545286016,0.7170539791870977,0.8939605259691205,0.41290714906334347,0.07046404487813508,0.4452620411118395,0.7292854483874367,0.9310497618433734,1.273685521642058e-08
30.3,0.0,0.4217114940061794,0.10002334539117184,0.5000705513400244,0.6902529767694626,0.8489331227117524,0.41670567259976193,0.07535093199172117,0.45802026143919394,0.7166100295816845,0.8941459327304353,0.4138786389035966,0.07059661812950561,0.4459346547691735,0.7287932485442976,0.9311703192160399,1.229877638860649e-08
30.35,0.0,0.4223868642829211,0.10010624431859809,0.5005065103323256,0.6899681421346759,0.8491972585043389,0.41760319133126383,0.07547343993766624,0.45863796431020076,0.7161685745106189,0.8943310153150232,0.4148463394942583,0.0707285312104373,0.44660503983316757,0.728303683374262,0.9312906657986779,1.1875765099530813e-08
30.400000000000002,0.0,0.42305972182138457,0.10018849677973436,0.5009409767308747,0.6896850150341626,0.8494609324654331,0.4184971730532517,0.075595288757769,0.4592535967432608,0.7157296080631506,0.8945157742896507,0.4158102445388943,0.07085978404885156,0.44727319866020004,0.7278167485581545,0.9314108019598174,1.1467303107477173e-08
30.450000000000003,0.0,0.42373006809154945,0.10027010453594658,0.5013739534909413,0.6894035892482926,0.8497241454024678,0.41938761457660584,0.07571647891317727,0.45986716146031087,0.7152931242312476,0.8947002102200946,0.4167703480360746,0.07099037661238489,0.44793913366314064,0.7273324396378504,0.9315307280673449,1.1072889995437085e-08
30.5,0.0,0.4243979046565129,0.1003510693612008,0.5018054435825261,0.6891238585438441,0.8499868981214662,0.42027451294633744,0.07583701089723069,0.46047866122718845,0.7148591169115847,0.8948843236711445,0.41772664427691736,0.07112030890797244,0.44860284731054845,0.7268507520187182,0.9316504444885048,1.0692042558036548e-08
30.55,0.7,0.4250632331715391,0.10043139304183121,0.5022354499900903,0.6888458166745972,0.8502491914270446,0.42115786543944317,0.07595688523507922,0.46108809885298124,0.7144275799075147,0.8950681152066036,0.4186791278426192,0.07124958098143121,0.44926434212587707,0.7263716809720456,0.9317699515899001,1.0324294209549052e-08
30.6,0.7,0.4254871042240172,0.10050417876350845,0.5026291919542468,0.6885708016517461,0.8504301705846217,0.421883663325834,0.07607270818378668,0.4616747057488437,0.7139994107903057,0.8951962617942034,0.4195335324954528,0.07137623257645795,0.44991116333490844,0.7258957847073768,0.9318538098345823,0.03439459327648608
30.650000000000002,0.7,0.42544212969171014,0.10056305026145577,0.5029533654520111,0.6883052955380047,0.8504528674434928,0.42230478091056584,0.07618133048511364,0.462218536857284,0.7135789683498398,0.895216103880076,0.42019957296563326,0.07149844069150652,0.4505313385921637,0.7254257782692727,0.9318682881151639,0.06760618888000923
30.700000000000003,0.7,0.4249463416679725,0.10060877635601902,0.5032101554068211,0.6880564850654777,0.8503230259418179,0.4224317745722116,0.07628311355146251,0.4627208100930439,0.7131710945340416,0.8951315623109308,0.4206832635015213,0.07161640812564514,0.45112558090320937,0.7249646807135443,0.9318158942897268,0.09967548549177893
30.75,0.7,0.42401855183926324,0.10064210648607448,0.5034017016130998,0.6878308757675836,0.850046272162623,0.42227545971216707,0.07637841065930866,0.4631827162669013,0.7127801879306233,0.8949464584447232,0.4209906644782511,0.07173033336611799,0.45169458581422056,0.7245152404112588,0.9316990638310374,0.13064177200962887
30.8,0.7,0.4226781838620466,0.10066376963206193,0.5035300976241546,0.6876343135475745,0.8496281116179811,0.42184684613740925,0.07646756659413997,0.46360541888278783,0.712410221878861,0.8946645145789965,0.42112786078171843,0.07184041047354185,0.4522390315567871,0.7240799481783632,0.9315201611409497,0.16054298600612316
30.85,0.7,0.42094511639069493,0.10067447344953001,0.503597389865878,0.6874720093570331,0.8490739270646541,0.42115707798209706,0.07655091736093435,0.46399005401974114,0.7120647634346726,0.8942893545671156,0.4211009418739471,0.07194682898974718,0.45275957921786264,0.7236610503783474,0.9312814809016913,0.18941576020682585
30.900000000000002,0.7,0.41883953717990136,0.1006749035968053,0.5036055769587546,0.6873485663398792,0.8483889768105787,0.420217378158192,0.07662878995530116,0.46433773029136366,0.7117469929358272,0.8938245046041031,0.42091598348898723,0.0720497738666008,0.45325687293221006,0.7232605619200092,0.9309852494575742,0.21729546736996985
30.950000000000003,0.7,0.4163818084914917,0.10066572324023668,0.5035566092315311,0.6872680088520638,0.8475783934735741,0.419038997282531,0.07670150219044569,0.4646495288758917,0.7114597239399724,0.8932733941649652,0.42057903090251253,0.07214942541418806,0.453731540094874,0.7228802790823736,0.9306336262211857,0.2442162636225082
31.0,0.7,0.41359234386620797,0.10064757272060865,0.5034523884107674,0.6872338128236242,0.8466471831556264,0.41763316699144504,0.07676936257520467,0.4649265036103977,0.7112054233333698,0.8926393570795069,0.4200960837135432,0.07224595926678196,0.45418419159138385,0.7225217921081827,0.9302287050985955,0.27021113030564
31.05,0.7,0.41049149617524533,0.10062106936470332,0.5032947674713496,0.687248936986604,0.8456002249980475,0.41601105752364126,0.07683267023853786,0.46516968114305424,0.7109862314325002,0.8919256327287132,0.4194730820731071,0.07233954636508555,0.4546154220435525,0.7221864975160833,0.9297725159285694,0.29531191438107685
31.1,0.7,0.4070994567429059,0.10058680742656903,0.5030855506338918,0.6873158545482833,0.8444422710847248,0.41418373942719017,0.0768917148960331,0.4653800611377819,0.7108039819237754,0.8911353673487887,0.41871589429204326,0.0724303529532977,0.45502581006888915,0.7218756100896866,0.9292670259312066,0.3195493674475528
31.150000000000002,0.7,0.40343616522925185,0.1005453581437771,0.5028264934957875,0.687436584943201,0.8431779466625349,0.41216214922658956,0.07694677685418311,0.46555861652597763,0.7106602215083199,0.890271615429924,0.41783030575843755,0.07251854058962084,0.45541591855179303,0.7215901745090625,0.9287141411618125,0.3429531834153773
31.200000000000003,0.7,0.39952122987847993,0.10049726989477614,0.5025193032834769,0.6876127253488605,0.8418117506498172,0.40995705887053374,0.07699812704841318,0.4657062938003799,0.7105562291390277,0.8893373411977775,0.41682200909425543,0.07260426616890135,0.4557862949248308,0.7213310765969705,0.9281157079661946,0.3655520348851879
31.25,0.7,0.3953738576731708,0.10044306844435,0.5021656392142819,0.687845481698202,0.8403480564055564,0.40757904876971546,0.0770460271110727,0.4658240133464705,0.7104930347557927,0.888335420166542,0.41569659548049837,0.07268768195616573,0.45613747145853195,0.7210990541582288,0.9274735144339173,0.38737360827547096
31.3,0.7,0.3910127938848272,0.10038325726512155,0.501767112956904,0.6881356989665641,0.8387911127336256,0.40503848422626615,0.07709072946584564,0.46591266980713697,0.7104714374419175,0.8872686407532885,0.41445954708056854,0.07276893562989045,0.4564699655582593,0.7208947073961233,0.9267892918463758,0.4084446377418858
31.35,0.7,0.3864562704754303,0.10031831792399483,0.5013252891804063,0.6884838905516915,0.8371450450980769,0.4023454950518549,0.07713247744527951,0.46597313247662986,0.7104920229402367,0.8861397059440723,0.4131162304923942,0.0728481703339164,0.4567842800668266,0.7207185088946648,0.9260647161168529,0.4287909379299476
31.400000000000002,0.7,0.38172196278140963,0.1002487105233728,0.5008416861821813,0.6888902666023098,0.8354138570270397,0.39950995816960083,0.07717150542837611,0.4660062457201394,0.7105551804814605,0.8849512350030193,0.41167189116116615,0.07292552473699192,0.4570809035716439,0.720570813159868,0.9253014092200073,0.448437435601196
31.450000000000003,0.7,0.37682695389878623,0.1001748741879117,0.5003177765860595,0.689354761183879,0.8336014316842929,0.3965414829954186,0.07720803899542665,0.46601282941559324,0.7106611188897183,0.8837057652163142,0.4101316486861949,0.0730011330989995,0.45736031071527344,0.7204518657170644,0.9245009406085016,0.46740820017159407
31.5,0.7,0.37178770618477963,0.10009722758846323,0.49975498810233254,0.6898770581994522,0.8317115335890133,0.3934493993968544,0.07724229509750626,0.46599367941453546,0.7108098819413171,0.8824057536636658,0.40850049295735064,0.07307512534299009,0.4576229625083732,0.7203618117646229,0.9236648286147263,0.4857264731995726
31.55,0.7,0.36662003929542436,0.1000161694957038,0.4991547043420467,0.6904566160092699,0.8297478104655821,0.3902427480315544,0.07727448223826687,0.4659495680191915,0.7110013629624105,0.8810535790104446,0.40678328105873907,0.07314762713221586,0.4578693066440948,0.7203007043873617,0.9227945418357985,0.5034146968598445
31.6,0.7,0.3613391141894181,0.09993207935675012,0.49851826567847646,0.6910926907150033,0.82771379520663,0.38693027287294013,0.07730480066588086,0.46588124447305373,0.711235318659683,0.8796515433142644,0.4049847348796394,0.07321875995141584,0.4580997778130861,0.7202685123354318,0.9218915005002293,0.5204945414378753
31.650000000000002,0.7,0.35595942254432755,0.09984531788880834,0.4978469701492059,0.6917843580936704,0.8256129079337459,0.38352041573718443,0.07733344257319028,0.4657894354625361,0.7115113821853953,0.8782018738403271,0.4031094393752456,0.07328864119167007,0.458314798018325,0.72026512737657,0.9209570778148445,0.5369869318786914
31.700000000000003,0.7,0.3504947810513452,0.09975622768459738,0.49714207439273417,0.6925305341824248,0.8234484581414491,0.38002131263294603,0.07736059230430706,0.46567484562744943,0.7118290754442869,0.8767067248803542,0.4011618414223622,0.07335738423819542,0.45851477688908493,0.7202903712313982,0.9199926012907249,0.5529120734225544
31.75,0.7,0.34495833007807625,0.09966513382492687,0.49640479461398007,0.6933299945289358,0.8212236469111353,0.3764407917633245,0.07738642656608809,0.46553815807823584,0.7121878206550072,0.8751681795704069,0.3991462492178791,0.07342509856051128,0.4587001119933986,0.7203440021029003,0.918999354047098,0.5682894763589067
31.8,0.7,0.339362536214507,0.09957234449439474,0.49563630757349114,0.6941813921331892,0.8189415691827588,0.37278637301795825,0.07741111464307487,0.4653800349180777,0.7125869511830243,0.87358825170334,0.39706683217055616,0.07349188980445462,0.4588711891484498,0.7204257208123972,0.9179785760922664,0.5831379799289148
31.85,0.7,0.3337191982446432,0.09947815159670333,0.49483775159556437,0.6950832741155093,0.8166052160730023,0.3690652688019427,0.07743481861464202,0.46520111776816037,0.7130257216654396,0.8719688875320465,0.39492762123935626,0.07355785988557208,0.4590283827283814,0.7205351765552623,0.9169314655807997,0.5974757754058957
31.900000000000002,0.7,0.3280394561146867,0.09938283136657487,0.49401022759086277,0.6960340971526752,0.8142174772296166,0.36528438605716473,0.07745769357324034,0.46500202829452164,0.7135033174509042,0.8703119675600397,0.3927325096742581,0.07362310708346251,0.45917205596906047,0.7206719722903316,0.915859180046344,0.6113204283819006
31.950000000000003,0.7,0.3223338024975124,0.09928664497568318,0.49315480008946444,0.6970322417294145,0.8117811432124914,0.36145032934060867,0.07747988784275167,0.46478336873506276,0.7140188633799638,0.868619308316273,0.39048525411813445,0.07368772613668476,0.4593025612693932,0.7208356697774663,0.9147628376095249,0.6246889002877618
32.0,0.7,0.3166120965821678,0.09918983913040871,0.4922724982806088,0.6980760252565279,0.809298907892837,0.3575694048330963,0.07750154319609168,0.46454572242542913,0.7145714319327423,0.8668926641114345,0.3881894760308828,0.0737518083378854,0.45942024048882724,0.7210257942780606,0.913643518160527,0.6375975691729656
32.050000000000004,0.7,0.3108835797457807,0.09909264665957357,0.4913643170557124,0.6991637141096222,0.8067733708626269,0.3536476251606956,0.07752279507130648,0.46428965432259184,0.7151600507719659,0.8651337287732604,0.38584866339953033,0.07381544162883694,0.45952542524072243,0.7212418389334706,0.9125022645160331,0.6500622497708111
32.1,0.7,0.3051568927933177,0.09899528709062408,0.4904312180515119,0.7002935346441002,0.8042070398471743,0.34969071491960096,0.07754377278550835,0.4640157115250756,0.7157837097100077,0.8633441373586982,0.3834661727004939,0.07387871069511077,0.45961843718131024,0.7214832688363867,0.9113400835502964,0.6620982128734352
32.15,0.7,0.29944009447785525,0.09889796721300409,0.48947413069046075,0.7014636832428337,0.8016023331143844,0.34570411680360197,0.07756459974608558,0.4637244237888852,0.7164413671289525,0.8615254678410137,0.38104523108254706,0.0739416970601403,0.45969958829399904,0.7217495248101129,0.9101579473002035,0.6737202040404425
32.2,0.7,0.2937406810402079,0.09880088162770614,0.4884939532157523,0.702672335452982,0.7989615818748549,0.3416929982412728,0.07758539365870361,0.4634163040382807,0.7171319558826921,0.8596792427701835,0.37858893874133,0.0740044791784579,0.4597691811688157,0.7220400269105549,0.9089567940442592,0.6849424616640597
32.25,0.7,0.2880656065317738,0.09870421328220189,0.4874915537185767,0.7039176542678438,0.79628703266758,0.3376622584577,0.07760626673168756,0.4630918488706433,0.7178543887098224,0.8578069309051363,0.37610027145841984,0.0740671325279158,0.459827509276805,0.7223541776654793,0.9077375293554941,0.6957787344129455
32.300000000000004,0.7,0.2824213037081931,0.09860813399014137,0.48646777115543427,0.7051977976085647,0.7935808497265587,0.3336165358828981,0.07762732587644279,0.4627515390547568,0.7186075631856561,0.8559099488166175,0.3735820832800672,0.07412972970072482,0.45987485723923666,0.7226913650652975,0.9065010271283561,0.7062422980760291
32.35,0.7,0.2768137053038082,0.09851280493537523,0.4854234163535286,0.7065109250590625,0.7908451173241096,0.32956021583602585,0.07764867290362887,0.4623958400219094,0.7193903662410386,0.8539896624596406,0.3710371093126867,0.07419234049316695,0.4599115010914963,0.7230509653192668,0.9052481305797038,0.7163459718270117
32.4,0.7,0.27124826551792525,0.09841837715999671,0.48435927300245335,0.7078552039057712,0.7880818420871676,0.3254974384210988,0.07767040471485592,0.46202520234929106,0.7202016782748861,0.8520473887146638,0.36846796861407244,0.07425503199385777,0.45993770854156013,0.7234323453905913,0.9039796532240688,0.7261021339294563
32.45,0.7,0.2657299815634871,0.09832499203622443,0.4832760986305596,0.709228814531813,0.7852929552832677,0.3214321065760961,0.07769261348971906,0.4616400622352282,0.7210403768864884,0.8500843968967942,0.3658771671610894,0.07431786867045284,0.459953739222975,0.7238348653234652,0.9026963798234005,0.7355227369017091
32.5,0.7,0.26026341514698514,0.09823278172205369,0.4821746255645557,0.7106299552130569,0.7824803150733239,0.3173678942231786,0.07771538686802874,0.46124084196585935,0.7219053402526576,0.8481019102324643,0.3632671008762709,0.07438091245470879,0.45995984494228603,0.7242578803746307,0.9013990673115426,0.7446193221602277
32.550000000000004,0.7,0.2548527137652818,0.09814186960069603,0.4810555618710446,0.7120568463612583,0.7796457087286808,0.3133082544731768,0.07773880812713213,0.4608279503729113,0.7227954501737859,0.8461011073031642,0.36064005869733207,0.07444422282582505,0.45995626992087185,0.7247007429615364,0.900088445693733,0.7534030341592604
32.6,0.7,0.24950163172052073,0.09805237070390467,0.4799195922788458,0.7135077342571509,0.7767908548102576,0.3092564278425782,0.07776295635425343,0.46040178328228615,0.7237095948118094,0.844083123455932,0.35799822567509476,0.0745078568920054,0.45994325103116357,0.7251628044386814,0.8987652189214421,0.761884634044195
32.65,0.7,0.24421355076851417,0.09796439211935042,0.4787673790810837,0.7149808943140135,0.773917405307918,0.30521545044595616,0.07778790661380995,0.4599627239532188,0.724646671141993,0.8420490521804184,0.35534368608670625,0.07457186947019112,0.45992101802724,0.7256434167132232,0.8974300657428989,0.7700745128353083
32.7,0.7,0.23899150032896588,0.09787803338226814,0.4775995630161478,0.7164746339098909,0.7710269477384878,0.3011881621311445,0.07781373010968622,0.45951114350780686,0.7256055871393514,0.8399999464524417,0.35267842655233334,0.07463631316392831,0.4598897937698038,0.7261419337104186,0.8960836405296738,0.7779827041580639
32.75,0.7,0.2338381771976759,0.09779338685164071,0.47641676412674894,0.7179872948243338,0.7681210072011067,0.2971772145284903,0.07784049434247041,0.4590474013507549,0.7265852637194281,0.8379368200440394,0.3500043391447246,0.07470123843934204,0.4598497944455566,0.7266577126989603,0.8947265740797111,0.785618896535559
32.800000000000004,0.7,0.22875596471153908,0.09771053807122611,0.4752195825964041,0.7195172553132654,0.765201048388844,0.2931850789892266,0.07786826326167699,0.4585718455792123,0.7275846364520677,0.8358606488001078,0.3473232244821584,0.07476669369919879,0.45980122978100185,0.7271901154857678,0.8933594743972181,0.7929924452581759
32.85,0.7,0.22374695132675887,0.0976295661157642,0.4740085995627864,0.7210629318533847,0.762268477555729,0.2892140543914096,0.07789709741299577,0.4580848133826165,0.7286026570657542,0.8337723718817925,0.34463679479633996,0.07483272535504672,0.45974430325071436,0.7277385094893004,0.8919829274498372,0.8001123838449823
32.9,0.7,0.21881294857931852,0.09755054392272573,0.4727843779074725,0.7226227805854002,0.7593246444385492,0.28526627479497874,0.07792705408062224,0.4575866314324839,0.729638294759046,0.8316728929768608,0.34194667696778075,0.0748993778974301,0.45967921228012393,0.7283022686999737,0.8905974979035373,0.806987435110922
32.95,0.7,0.21395550840444744,0.09747353860998492,0.47154746302171163,0.72419529848336,0.7563708441329509,0.28134371693034016,0.07795818742473613,0.45707761626211985,0.7306905373346297,0.8295630814773451,0.33925441552208696,0.07496669396418096,0.4596061484428692,0.7288807745357943,0.889203729835671,0.8136260218533534
33.0,0.7,0.20917593979865934,0.09739861177981282,0.4702983835479244,0.725779024275402,0.7534083189235484,0.2774482075074589,0.0779905486142058,0.4565580746362416,0.7317583921705428,0.8274437736248018,0.33656147558141125,0.07503471440679603,0.4595252976527844,0.7294734166008657,0.8878021474266546,0.8200362771710296
33.050000000000004,0.7,0.20447532481398265,0.09732581980959883,0.46903765209672116,0.7273725391394109,0.7504382600678948,0.2735814303347876,0.07802418595460445,0.45602830391053395,0.7328408870421724,0.825315773623572,0.3338692457660822,0.07510347835491267,0.459436840350588,0.7300795933539835,0.8863932556307311,0.8262260544281609
33.1,0.7,0.1998545338793169,0.09725521412971554,0.46776576593930386,0.72897446719532,0.7474618095343051,0.2697449332394785,0.07805914501163186,0.455488592381176,0.733937070807746,0.8231798547224779,0.3311790410421246,0.07517302327890094,0.4593409516853485,0.7306987126941045,0.8849775408262837,0.8322029368757683
33.15,0.7,0.1953142404484901,0.09718684148894613,0.4664832076751878,0.7305834758141517,0.7444800616936464,0.2659401347822341,0.07809546873004099,0.45493921962439704,0.7350460139691675,0.8210367602654189,0.32849210551102453,0.07524338505059347,0.4592378016908054,0.731330192469073,0.8835554714461692,0.8379742469421135
33.2,0.7,0.19085493497862005,0.09712074420789495,0.4651904458752446,0.7321982757623413,0.7414940649653201,0.2621683307618636,0.07813319754817365,0.4543804568261358,0.7361668091192406,0.8188872047113671,0.32580961513867834,0.07531459800217766,0.45912755545663086,0.7319734609135926,0.8821274985885418,0.8435470552035896
33.25,0.7,0.1864769382458497,0.09705696042080157,0.46388793570013237,0.7338176211984322,0.7385048234177568,0.2584307005061454,0.07817236950821335,0.45381256710189366,0.7372985712855429,0.816731874624285,0.32313268042099974,0.07538669498327756,0.45901037329471767,0.7326279570220552,0.8806940566086389,0.8489281890470609
33.300000000000004,0.7,0.18218041400848783,0.09699552430617568,0.46257611949423655,0.7354403095378707,0.7355132983238377,0.2547283129469605,0.07821302036226609,0.45323580580688433,0.7384404381804854,0.8145714296335151,0.32046234898414594,0.0754597074162554,0.45888641090058446,0.733293130861487,0.8792555636919996,0.8541242410342652
33.35,0.7,0.17796538103008636,0.09693646630666608,0.46125542735530095,0.7370651812003546,0.7325204096717292,0.25106213247887005,0.07825518367438199,0.4526504208365961,0.7395915703663981,0.812406503365207,0.3177996081177649,0.07553366534976455,0.45875581950999084,0.7339684438295272,0.8778124224095841,0.8591415769785266
33.4,0.7,0.17383172447707226,0.09687981333857128,0.45992627767998057,0.7386911192530043,0.7295270376316889,0.24743302460138175,0.07829889091863201,0.4520566529178926,0.740751151343829,0.8102377043453645,0.31514538724006685,0.07560859751058753,0.4586187460508572,0.7346533688620339,0.8763650202552594,0.8639863437436723
33.45,0.7,0.16977920670726762,0.09682558899139256,0.4585890776855952,0.7403170489615187,0.7265340239794628,0.243841761346085,0.0783441715733547,0.4514547358907875,0.7419183875706333,0.8080656168751098,0.31250056029388307,0.0756845313537941,0.45847533329058543,0.7353473905946046,0.8749137301661137,0.8686644767747099
33.5,0.7,0.16580747746701288,0.0967738137178223,0.4572442239084096,0.7419419372604512,0.7235421734769406,0.24028902649065498,0.07839105321168797,0.45084489698103825,0.7430925084188513,0.8058908018787694,0.30986594807320217,0.07576149311125549,0.4583257199788791,0.7360500054820106,0.873458911026057,0.8731817073694889
33.550000000000004,0.7,0.16191608351569553,0.0967245050145522,0.45589210267880664,0.7435647921527904,0.7205522552107896,0.23677542056243503,0.07843956158850089,0.45022735706370937,0.7442727660758339,0.8037137977253941,0.3072423204799641,0.07583950783855185,0.45817004098616093,0.7367607218792683,0.8720009081531598,0.8775435697002575
33.6,0.7,0.15810447769730937,0.09667767759427646,0.4545330905737606,0.7451846620481427,0.7175650038898181,0.2333014656349182,0.07848972072383943,0.44960233091786345,0.7454584353955712,0.8015351210243339,0.304630398711154,0.07591859946031064,0.45800842743768716,0.7374790600878137,0.8705400537711765,0.8817554075937155
33.65,0.7,0.15437202747926132,0.09663334354925568,0.4531675548470517,0.7468006350480011,0.7145811211018595,0.22986760992096855,0.0785415529829993,0.4489700274725432,0.7466488137057048,0.7993552673954867,0.30203085737647056,0.0759987908140141,0.4578410068434588,0.7382045523700002,0.8690766674656943,0.8858223810778703
33.7,0.7,0.15071802297903056,0.09659151250679675,0.45179585383769827,0.7484118381858219,0.7116012765309896,0.22647423216706278,0.07859507915333754,0.44833065004421263,0.7478432205752666,0.7971747122148451,0.29944432654704856,0.0760801036923144,0.457667903224029,0.7389367429349128,0.8676110566253408,0.8897494727037156
33.75,0.7,0.1471416844994939,0.09655219177699416,0.45041833735711234,0.7500174366289407,0.7086261091359174,0.22312164585319733,0.07865031851793289,0.4476843965658286,0.7490409975477752,0.7949939113359633,0.29687139373589844,0.07616255888389493,0.45748923723230644,0.7396751878982749,0.8661435168684769,0.8935414936494805
33.800000000000004,0.7,0.14364216959378628,0.09651538649306715,0.4490353470555113,0.7516166328487066,0.7056562282904026,0.21981010320340555,0.07870728892620325,0.4470314598077186,0.7502415078439367,0.7928133017879627,0.29431260581088464,0.07624617621291682,0.4573051262714537,0.740419455219019,0.864674332455795,0.8972030896149233
33.85,0.7,0.14021857968048534,0.09648109974461679,0.44764721676814445,0.7532086657646258,0.702692214886571,0.2165397990120683,0.07876600686158636,0.4463720275904416,0.7514441360378463,0.7906333024506963,0.29176847084120305,0.07633097457708876,0.4571156846089792,0.7411691246149062,0.8632037766892319,0.9007387465128951
33.9,0.0,0.13686996622971637,0.09644933270411611,0.4462542728419146,0.7547928098677545,0.6997346224020057,0.2133108742913873,0.07882648750638774,0.44570628298981246,0.7526482877102513,0.7884543147076802,0.2892394598784396,0.07641697198439895,0.45692102348712094,0.7419237874593985,0.8617321122976032,0.9041527959651435
33.95,0.0,0.13367040777372335,0.09642673399224412,0.44488764663155983,0.7563679712960523,0.696850215379676,0.21020016087634336,0.07889227672992162,0.4450544427433045,0.7538529450365165,0.7863253110010551,0.28679044380109636,0.07650629120872504,0.4567339025539095,0.7426826671894524,0.8602923071632058,0.8730548373017997
34.0,0.0,0.13068341208794437,0.0964195529344285,0.44357679793963073,0.7579315920495978,0.6941013955789241,0.20727632053885367,0.07896670567801303,0.4444357738214713,0.7550554380415072,0.7842923548409454,0.2844809722754576,0.0766009207005736,0.45656651982958557,0.743443559667598,0.8589155118893792,0.843026479968389
34.050000000000004,0.0,0.12789329827914397,0.09642721350890926,0.44231961738369474,0.7594810418024553,0.6914823751730754,0.20452790414786623,0.07904947693011326,0.44384907233828397,0.7562529459814606,0.7823516049596234,0.2823038703894974,0.0767006816998568,0.4564181641131797,0.7442041020069555,0.8575993317942753,0.8140309354728634
34.1,0.0,0.12528579904719164,0.09644916881388806,0.4411140934749023,0.761014011657329,0.6889876494485633,0.20194433257316852,0.07914030626774976,0.44329318687944824,0.7574429385342103,0.7804993905825542,0.280252417140597,0.07680540229135246,0.4562881526658607,0.7449621527116497,0.8563414699667604,0.7860326806480294
34.15,0.0,0.12284791386616215,0.09648489912000627,0.43995830695029264,0.7625284786322534,0.686611980508742,0.19951581929038442,0.07923892187871802,0.44276701571373056,0.7586231482753487,0.7787322026837692,0.27832031122873413,0.0769149170521928,0.45617582987222377,0.7457157731704024,0.8551397227814154,0.758997414131227
34.2,0.0,0.12056777925718809,0.09653391008638405,0.4388504255171935,0.7640226743445764,0.6843503820677967,0.19723330077333337,0.07934506362242036,0.44226950418320327,0.7597915459885449,0.7770466857631145,0.27650163979556197,0.07702906672322865,0.4560805659759336,0.7464632108114723,0.8539919756505391,0.7328920143408716
34.25,0.0,0.11843455396049896,0.09659573112335244,0.4377886989738001,0.7654950573526166,0.6821981052523164,0.19508837380410032,0.07945848235054638,0.4417996422591267,0.7609463184875598,0.7754396301098112,0.2747908498263021,0.07714769790223848,0.4560017558849557,0.7472028837531814,0.8528961989987515,0.7076844988983757
34.300000000000004,0.0,0.11643831712022731,0.09666991388709235,0.4367714546734575,0.7669442886908547,0.6801506253349741,0.19307323893758854,0.07957893927795233,0.4413564622512497,0.7620858486678057,0.7739079645194619,0.2731827219613137,0.07727066275716105,0.45593881804194614,0.7479333668025591,0.851850444446779,0.6833439854457366
34.35,0.0,0.1145699778556103,0.09675603089317805,0.43579709330328426,0.7683692101985402,0.678203629331024,0.19118064944961566,0.07970620539917146,0.44093903665929113,0.7632086975401018,0.772448749434111,0.27167234649069016,0.07739781875771388,0.45589119335568173,0.7486533786707038,0.8508528411919148,0.6598406538107865
34.4,0.0,0.11282119481359562,0.0968536742375558,0.43486408495058465,0.7697688252960373,0.6763530043940136,0.18940386517778893,0.07984006094648721,0.440546476156267,0.7643135880293946,0.7710591704772377,0.2702551013286977,0.07752902842392231,0.45585834418970167,0.749361770287629,0.8499015925734899,0.6371457094737536
34.45,0.0,0.11118430448673405,0.09696245441481112,0.43397096543303665,0.7711422819096501,0.6745948269522968,0.18773661073417103,0.07998029488593701,0.44017792769415426,0.7653993903473345,0.7697365323576418,0.2689266317856891,0.0776641590902266,0.45583975340459915,0.750057514111839,0.8489949728124718,0.6152313482903752
34.5,0.0,0.10965225724171591,0.09708199922472308,0.4331163328709253,0.7724888572853296,0.6729253525326573,0.18617303762957804,0.08012670444799562,0.4398325727231433,0.7664651087702897,0.7684782531181035,0.267682831973618,0.07780308268396201,0.4558349234506501,0.7507396943409211,0.848131323915031,0.5940707224283445
34.550000000000004,0.0,0.10821856014224553,0.09721195275909811,0.43229884448175154,0.7738079444656402,0.6713410062216609,0.1847076899024693,0.08027909469002173,0.4395096255164283,0.7675098696741401,0.7672818587064553,0.26651982769772503,0.0779456755171191,0.45584337550769405,0.7514074979391934,0.847309052730583,0.5736379074753598
34.6,0.0,0.10687722576869556,0.0973519744617425,0.43151721357939593,0.7750990402335243,0.6698383737192847,0.1833354728918504,0.08043727808784525,0.43920833159312395,0.7685329106944224,0.766144977848329,0.2654339607016186,0.078091818090392,0.4558646486693969,0.7520602064071007,0.8465266281554387,0.5539078706784781
34.65,0.0,0.10562272633911478,0.09750173825518904,0.4307702067616843,0.7763617343514947,0.6684141929429639,0.182051624834313,0.08060107415413258,0.43892796623248287,0.7695335708954538,0.7650653372023309,0.26442177414603113,0.07824139490861165,0.4558982991692195,0.7526971882247242,0.8457825784737695,0.5348564402758627
34.7,0.0,0.1044499525241697,0.09766093172845695,0.43005664127169685,0.7775956999465091,0.6670653461434788,0.1808516910010476,0.08077030908139612,0.438667833073126,0.7705112818452432,0.7640407567797727,0.26347999921319526,0.07839429430674122,0.45594389964560056,0.7533178919085843,0.8450754888281299,0.5164602758833531
34.75,0.0,0.10335417642457545,0.09782925538070678,0.42937538251951013,0.778800684909461,0.6657888524971014,0.17973150012204758,0.08094481540771777,0.43842726279148986,0.7714655595045495,0.7630691456123563,0.2626055427392056,0.07855040828568235,0.4560010384440301,0.753921839626988,0.8444039988122763,0.49869683989957625
34.800000000000004,0.0,0.10233101824527782,0.09800642191616576,0.4287253417522709,0.7799765041943891,0.6645818611411733,0.1786871428723398,0.08112443170343628,0.4382056118541459,0.7723959968485962,0.7621484976523757,0.2617954757860579,0.07870963235720517,0.45606931895384634,0.7545086213245714,0.8437668001794839,0.48154436989456717
34.85,0.0,0.10137641625757449,0.09819215558615269,0.42810547386158965,0.7811230329165219,0.6634416446227968,0.17771495221941566,0.08130900227720975,0.4380022613390608,0.7733022571488756,0.7612768878910801,0.2610470230734132,0.07887186539737279,0.4561483589777335,0.7550778893115124,0.8431626346599911,0.4649818519480712
34.9,0.0,0.10048659968976628,0.09838619157443294,0.42751477531822024,0.7822402001604469,0.6623655927326287,0.17681148545251676,0.08149837690000719,0.4378166158212443,0.7741840678503396,0.7604524686818369,0.26035755319762804,0.07903700950788307,0.45623779013203336,0.7556293532771902,0.842590291881601,0.4489889949048645
34.95,0.0,0.09965806422987664,0.09858827542249157,0.4269522822248746,0.7833279834202906,0.6613512066978804,0.175973507733412,0.08169241054571189,0.43764810231857987,0.7750412149862101,0.7596734662556556,0.2597245695723173,0.07920496988479751,0.45633725727610736,0.7561627756919217,0.8420486073878409,0.43354620551555195
35.0,0.0,0.09888754986137235,0.09879816249162895,0.4264170684788149,0.7843864036030204,0.6603960937105637,0.1751979770251018,0.08189096314713384,0.4374961692939498,0.7758735380787728,0.7589381774174806,0.2591457020307651,0.07937565469416942,0.45644641796910085,0.7566779675638499,0.8415364607484266,0.4186345644323871
35.050000000000004,0.0,0.09817202078543304,0.09901561745906713,0.42590824403658123,0.7854155205340436,0.6594979617688091,0.17448203026977066,0.08209389936633217,0.4373602857100597,0.7766809254799397,0.7582449664124523,0.25861869903593654,0.07954897495412218,0.4565649419525704,0.7571747845211484,0.8410527737570987,0.4042358030307056
35.1,0.0,0.09750864721180469,0.0992404138455076,0.4254249532738586,0.7864154289113239,0.6586546148107133,0.1738229707005167,0.08230108837824057,0.43723994013363365,0.7774633101101729,0.7575922619520585,0.25814142044874455,0.07972484442296317,0.4566925106575326,0.7576531231924797,0.840596508712202,0.39033228102757606
35.15,0.0,0.09689478882519625,0.09947233357180775,0.42496637343406996,0.7873862546604008,0.6578639481216806,0.17321825618311903,0.08251240366667324,0.4371346398858978,0.7782206655586225,0.7569785543907769,0.25771183080964016,0.07990317949295088,0.45682881673458553,0.7581129178611338,0.8401666667756541,0.3769069648702479
35.2,0.0,0.09632797975601456,0.09971116654264664,0.4245317131598085,0.7883281516481153,0.6571239439976075,0.1726654884945408,0.08272772283186365,0.4370439102364946,0.7789530025111215,0.7564023930444304,0.2573279930925821,0.08008389908936131,0.45697356360584135,0.7585541373705137,0.8397622864062142,0.3639434068679197
35.25,0.0,0.09580591490339394,0.09995671025523294,0.42412021110169923,0.7892412987175905,0.6564326676475302,0.1721624034541586,0.08294692740875717,0.4369672936381774,0.779660365476047,0.7558623836420583,0.25698806289403997,0.08026692457452626,0.45712646503748594,0.758976782260651,0.8393824418632043,0.3514257250412615
35.300000000000004,0.0,0.09532643747531395,0.10020876943127298,0.4237311345997109,0.7901258970111976,0.6557882633205314,0.17170686183199613,0.08316990269534039,0.4369043489998253,0.7803428297810562,0.7553571859036404,0.2566902830229414,0.08045217965654029,0.4572872447318576,0.7593808821172491,0.8390262417770638,0.33933858366500447
35.35,0.0,0.09488752762541489,0.10046715567056479,0.42336377843233103,0.7909821675519169,0.6551889506427839,0.17129684096563624,0.08339653759034595,0.4368546509954918,0.7810004988163831,0.7548855112365113,0.2564329784604171,0.08063959030235464,0.45745563593800437,0.7597664931163931,0.8386928277833288,0.3276671744797601
35.4,0.0,0.09448729207917606,0.10073168712471832,0.4230174636293712,0.7918103490567469,0.6546330211516029,0.17093042702409603,0.08362672443972306,0.4368177894073634,0.7816335015027667,0.7544461205437621,0.25621455166086715,0.08082908465499708,0.4576313810797443,0.760133695749544,0.8383813732168289,0.31639719855005116
35.45,0.0,0.0941239546536429,0.10100218818962346,0.422691536344493,0.7926106959586808,0.6541188350143023,0.17060580786286353,0.08386035889131006,0.4367933685006499,0.7822419899642148,0.7540378221383593,0.2560334781682889,0.08102059295467474,0.45781423140031297,0.7604825927147705,0.8380910818630762,0.3055148487463277
35.5,0.0,0.09379584758506712,0.10127848921539735,0.42238536678383837,0.7933834766163002,0.6536448179204974,0.1703212664195916,0.0840973397571877,0.43678100642856704,0.7828261373877196,0.7536594697571042,0.25588830252400296,0.0812140474635339,0.4580039466227366,0.760813306961384,0.8378211867639974,0.29500679282950754
35.550000000000004,0.0,0.09350140358782995,0.10156042623264253,0.4220983481874144,0.7941289716922761,0.6532094581372825,0.17007517460469362,0.0843375688832308,0.43678033466569405,0.783386136053746,0.7533099606689323,0.25577763444390444,0.08140938239386643,0.4582002946251233,0.7611259798762376,0.8375709490753211,0.2848601571173161
35.6,0.0,0.09323914857599604,0.10184784069393835,0.42182989586012853,0.7948474726840564,0.6528113037174351,0.16986598764534835,0.08458095102541095,0.4367909974681085,0.7839221955228503,0.7529882338723944,0.25570014524518037,0.08160653383956688,0.4584030511301108,0.7614207696009399,0.8373396569730843,0.2750625107124164
35.65,0.0,0.09300769498592121,0.10214057922957066,0.421579446249591,0.7955392805917736,0.652448959851472,0.169692238845252,0.08482739373243535,0.4368126513588037,0.7844345409651591,0.7526932683774811,0.25565456450407986,0.08180543971065733,0.45861199940775565,0.7616978494701382,0.8371266246068648,0.26560185027300537
35.7,0.0,0.09280573564462129,0.10243849341658022,0.4213464560680045,0.7962047047099774,0.6521210863549979,0.16955253472589946,0.0850768072343365,0.43684496463699546,0.7849234116206761,0.7524240815672526,0.25563967692782524,0.08200603967070913,0.4588269299911898,0.7619574065618443,0.8369311910974787,0.25646658530721966
35.75,0.0,0.0926320381341962,0.10274143956027917,0.42113040145565067,0.7968440615311817,0.6518263952833673,0.1694455505182792,0.0853291043366548,0.43688761691001377,0.7853890593794948,0.7521797276350148,0.2556543194251179,0.08220827507700225,0.4590476404044107,0.7621996403515131,0.8367527195770084,0.24764552397333386
35.800000000000004,0.0,0.09248543960757732,0.10304927848744798,0.4209307771836487,0.7974576737504536,0.6515636486662084,0.1693700259766606,0.08558420031988091,0.43694029864656087,0.7858317474719926,0.7519592960930391,0.25569737836094,0.08241208892327308,0.4592739349016068,0.7624247614622676,0.836590596269142,0.23912785936835512
35.85,0.0,0.09236484201529906,0.1033618753504825,0.4207470958938233,0.7980458693613754,0.6513316563548507,0.16932476148867434,0.08584201284384767,0.43700271075019376,0.786251749259988,0.751761910349067,0.25576778698248964,0.0826174257849111,0.4595056242174544,0.7626329905042738,0.836444229607918,0.2309031562882159
35.9,0.0,0.09226920770695028,0.10367909944181389,0.4205788873736599,0.7986089808346909,0.651129273976157,0.1693086144581633,0.08610246185678277,0.43707456415196233,0.7866493471206484,0.7515867263470665,0.2558645230041269,0.08282423176647395,0.4597425253278547,0.7628245569968317,0.8363130493930666,0.22296133844334426
35.95,0.0,0.09219755537449513,0.10400082401797248,0.42042569786445816,0.7991473443718234,0.6509554009866836,0.1693204959393385,0.08636546950875264,0.43715557942120004,0.7870248314156741,0.7514329312689156,0.2559866063401552,0.08303245445139837,0.45998446122060915,0.7629996983672587,0.8361965059802439,0.2152926761139494
36.0,0.0,0.0921489563078114,0.10432692613271088,0.4202870894009185,0.799661299226239,0.6508089788214828,0.1693593675026366,0.08663096006924594,0.43724548639352734,0.787378499538944,0.751299742293888,0.25613309697513403,0.08324204285379244,0.4602312606755587,0.7631586590211071,0.8360940695045376,0.2078877742298984
36.050000000000004,0.0,0.0921225309356239,0.10465728647864292,0.42016263918050706,0.8001511870863232,0.6506889891322335,0.16942423831436051,0.08689885984866204,0.4373440238151839,0.7877106550364055,0.7511864054129933,0.2563030929622105,0.08345294737220141,0.46048275805374,0.7633016894786857,0.8360052291357163,0.20073756086058073
36.1,0.0,0.09211744562754456,0.10499178923689206,0.42005193896104903,0.800617351514071,0.6505944521097184,0.16951416241371217,0.08716909712348475,0.4374509390028608,0.788021606792537,0.7510921942954047,0.2564957285406865,0.08366511974524607,0.46073879309513516,0.7634290455732405,0.8359294923637682,0.19383327610065895
36.15,0.0,0.09213290973520555,0.10533032193427826,0.4199545944850978,0.8010601374344464,0.6505244248859855,0.16962823617221184,0.08744160206493608,0.43756598751825226,0.788311668278197,0.751016409204358,0.2567101723647058,0.08387851300903892,0.4609992107246145,0.7635409877065096,0.8358663843133557,0.18716646133808956
36.2,0.0,0.09216817285251376,0.10567277530760329,0.419870224929714,0.8014798906707731,0.6504780000118235,0.16976559592175577,0.0877163066709179,0.4376889328565928,0.7885811568551213,0.7509583759600612,0.25694562583555614,0.08409308145628878,0.46126386086569476,0.763637780157688,0.8358154470858795,0.18072894889126564
36.25,0.0,0.09222252227689128,0.10601904317462502,0.4197984623803724,0.8018769575219674,0.6504543040054556,0.16992541573870715,0.0879931447010615,0.4378195461484895,0.7888303931327311,0.7509174449472942,0.2572013215306435,0.08430878059701008,0.461532598261753,0.7637196904421426,0.8357762391279173,0.17451285200258576
36.300000000000004,0.0,0.0922952806550183,0.10636902231133741,0.4197389513277916,0.8022516843778293,0.6504524959686048,0.17010690537245388,0.0882720516147164,0.43795760587439764,0.7890597003732811,0.750892990165505,0.2574765217227113,0.08452556712075791,0.4618052823043584,0.7637869887164841,0.8357483346248598,0.16851055517618976
36.35,0.0,0.09238580379808353,0.10672261233519885,0.4196913481865508,0.8026044173689709,0.6504717662663286,0.17030930830781266,0.08855296451172048,0.43810289759112714,0.7892694039417093,0.7508844083193378,0.2577705169833515,0.0847433988603146,0.4620817768683991,0.7638399472268579,0.8357313229186314,0.16271470484802433
36.4,0.0,0.09249347865288873,0.10707971559397439,0.419655320834425,0.8029355020482886,0.6505113352672331,0.17053189995152007,0.08883582207580268,0.4382552136697999,0.789459830796851,0.7508911179476372,0.2580826248652903,0.08496223475675774,0.4623619501537001,0.7638788397975457,0.8357248079484355,0.1571182003768076
36.45,0.0,0.09261772141636507,0.10744023705987907,0.41963054817143197,0.8032452831011784,0.6505704521408866,0.17077398593383628,0.08912056452047944,0.43841435304471277,0.7896313090209548,0.7509125585890875,0.2584121886583317,0.08518203482584394,0.46264567453284317,0.7639039413571783,0.8357284077135188,0.15171418534485576
36.5,0.0,0.09275797578215296,0.10780408422872953,0.4196167196976394,0.8035341040819594,0.6506483937094435,0.1710349005170035,0.08940713353731375,0.43858012097258897,0.7897841673846892,0.7509481899827399,0.25875857621421205,0.0854027601256459,0.46293282640491434,0.7639155275000582,0.8357417537569974,0.14649603915811424
36.550000000000004,0.0,0.09291371130888613,0.10817116702382971,0.4196135351088374,0.8038023071742068,0.6507444633506673,0.1713140051029551,0.08969547224641394,0.43875232880173193,0.7899187349450532,0.7509974913017826,0.25912117883595914,0.08562437272538441,0.4632232860549186,0.7639138740802656,0.8357644906698374,0.14145736893510222
36.6,0.0,0.09308442190071571,0.10854139770433346,0.4196207039092272,0.8040502329729133,0.6508579899497082,0.17161068683326808,0.08998552514905671,0.43893079375061894,0.7900353406738159,0.7510599604189913,0.25949941022766193,0.08584683567539972,0.4635169375186153,0.763899256836389,0.8357962756141225,0.13659200167483354
36.65,0.0,0.09326962439142096,0.10891469077784297,0.4196379450403268,0.8042782202865882,0.6509883268971479,0.17192435727489885,0.09027723808232534,0.4391153386954996,0.7901343131142955,0.7511351132023871,0.2598927055008472,0.08607011297821024,0.463813668452539,0.7638719510448724,0.8358367778647884,0.13189397669411876
36.7,0.0,0.09346885722418842,0.1092909629170169,0.4196649865253367,0.8044866059575801,0.6511348511309664,0.172254451185741,0.09057055817566109,0.4393057919665858,0.7902159800644634,0.7512224828397036,0.2603005202339264,0.08629416956060905,0.4641133700089829,0.7638322312001087,0.8358856783690386,0.1273575383249829
36.75,0.0,0.09368167921980798,0.10967013287997576,0.4197015651282479,0.8046757246990671,0.6512969622202261,0.17260042535450176,0.09086543380923102,0.4395019871524418,0.7902806682845152,0.751321619190339,0.2607223295814218,0.08651897124675162,0.4644159367157325,0.7637803707195417,0.835942669322697,0.12297712886325268
36.800000000000004,0.0,0.09390766842664029,0.11005212143430487,0.4197474260270159,0.8048459089472995,0.651474081488393,0.17296175750981313,0.09116181457402152,0.43970376291220487,0.7903287032271967,0.7514320881635419,0.26115762742990933,0.08674448473219071,0.4647212663603484,0.7637166416721552,0.8360074537627862,0.11874738175967399
36.85,0.0,0.09414642104626034,0.11043685128446744,0.4198023225001566,0.8049974887278092,0.6516656511743311,0.17333794529387803,0.09145965123357196,0.439910962795284,0.790360408789302,0.7515534711216398,0.26160592559782664,0.08697067755881654,0.46502925987880556,0.7636413145288375,0.8360797451756546,0.11466311504521812
36.9,0.0,0.09439755042918263,0.11082424700245141,0.4198660156261554,0.8051307915344179,0.6518711336291246,0.1737285052963041,0.09175889568726761,0.4401234350682047,0.7903761070828836,0.7516853643071855,0.2620667530764881,0.08719751809066295,0.4653398212483068,0.7635546579332149,0.8361592671200082,0.1107193249825218
36.95,0.0,0.09466068613552982,0.11121423496148401,0.41993827399511313,0.8052461422199785,0.6520900105469792,0.17413297214410253,0.09205950093511568,0.44034103254828244,0.7903761182248242,0.7518273782929503,0.2625396553098304,0.08742497549054198,0.46565285738409645,0.7634569384916358,0.8362457528642298,0.10691117993568335
37.0,0.0,0.09493547305592115,0.11160674327265771,0.4200188734320789,0.8053438628978825,0.6523217822285552,0.17455089764412593,0.0923614210439325,0.4405636124438254,0.7903607601435213,0.7519791374537513,0.26302419351057865,0.08765301969747162,0.4659682780401085,0.7633484205810811,0.8363389450374008,0.10323401445090463
37.050000000000004,0.0,0.09522157058823673,0.11200170172432053,0.42010759673155135,0.8054242728534512,0.6525659668751768,0.17498184997449306,0.09266461111487395,0.4407910362005813,0.7903303484015278,0.752140279459148,0.26351994401067685,0.08788162140486296,0.46628599571329105,0.7632293661738503,0.8364385952934652,0.09968332354072684
37.1,0.0,0.09551865186625852,0.11239904172409197,0.4202042334026534,0.8054876884644059,0.652822099912446,0.17542541292180033,0.09296902725224511,0.44102316935415653,0.790285196033078,0.7523104547860933,0.2640264976439716,0.08811075203943511,0.46660592555145713,0.7631000346779528,0.836544463988,0.09625475716485761
37.15,0.0,0.09582640303650494,0.1127986962433737,0.4203085794245111,0.8055344231296853,0.6530897333418707,0.1758811851611508,0.09327462653352817,0.44125988138815075,0.7902256133955058,0.7524893262506716,0.2645434591592689,0.08834038374082764,0.46692798526451773,0.7629606827922005,0.8366563198670843,0.09294411490082778
37.2,0.0,0.09614452257986432,0.11320059976423176,0.42042043701139115,0.8055647872059403,0.6533684351191924,0.17634877957624534,0.0935813669805716,0.44150104559776165,0.7901519080336337,0.7526765685580945,0.2650704466620086,0.08857048934188184,0.46725209503896026,0.7628115643750623,0.8367739397677791,0.08974734079794877
37.25,0.0,0.0964727206748961,0.11360468822853387,0.4205396143871716,0.8055790879510965,0.6536577885581695,0.17682782261697716,0.09388920753188618,0.44174653895862637,0.7900643845562779,0.7528718678701712,0.2656070910829149,0.08880104234956371,0.46757817745544233,0.7626529303264022,0.8368971083297507,0.08666051840826583
37.300000000000004,0.0,0.09681071859991035,0.11401089898923193,0.42066592556874294,0.805577629474426,0.6539573917586379,0.17731795369215186,0.09419810801599662,0.4419962420006782,0.7899633445240747,0.7530749213895048,0.2661530356720881,0.0890320169265027,0.4679061574093751,0.7624850284812776,0.8370256177175961,0.08367986598841964
37.35,0.0,0.09715824817115708,0.11441917076368592,0.4207991901579553,0.8055607126926211,0.6542668570577348,0.1778188245951231,0.0945080291258002,0.4422500386868068,0.7898490863478889,0.7532854369597034,0.26670793551710054,0.08926338787312195,0.46823596203437806,0.7623081035150235,0.8371592673534428,0.08080173186653794
37.4,0.0,0.09751505121465953,0.11482944358893105,0.42093923314174553,0.8055286352914005,0.6545858105032284,0.17833009896028784,0.0948189323938864,0.44250781629612046,0.7897219051971186,0.7535031326809295,0.2672714570837531,0.08949513061033637,0.4685675206284909,0.7621223968589028,0.8372978636594184,0.07802258996848085
37.45,0.0,0.09788087906941163,0.11524165877879555,0.42108588470009584,0.805481691692226,0.6549138913479527,0.17885145174852815,0.09513078016877413,0.4427694653116193,0.7895820929172549,0.7537277365401432,0.26784327777823236,0.08972722116279666,0.46890076458303387,0.7619281466256396,0.8374412198096001,0.07533903549795928
37.5,0.0,0.09825549211983017,0.11565575888278136,0.4212389800214927,0.8054201730237365,0.6552507515643985,0.1793825687598186,0.09544353559202502,0.4430348793120955,0.7894299379561012,0.7539589860554247,0.2684230855294891,0.08995963614265794,0.46923562731401297,0.761725587544201,0.8375891554910732,0.07274778076523372
37.550000000000004,0.0,0.09863865935550918,0.11607168764662461,0.4213983591255688,0.8053443670975425,0.6555960553785595,0.17992314617133962,0.09575716257619386,0.4433039548680868,0.7892657252980959,0.7541966279337903,0.26901057839073234,0.09019235273385312,0.46957204419597026,0.7615149509032282,0.8377414966737426,0.0702456511592833
37.6,0.0,0.09903015795646769,0.11648938997445757,0.4215638666926267,0.805254558388055,0.6559494788221798,0.18047289009955117,0.09607162578357899,0.44357659144171674,0.7890897364062207,0.7544404177419467,0.2696054641590017,0.09042534867685181,0.46990995249818457,0.7612964645025531,0.8378980753885571,0.06782958125851038
37.65,0.0,0.09942977290221469,0.11690881189249756,0.4217353518997567,0.8051510280160462,0.6563107093025919,0.1810315161847842,0.09638689060573742,0.44385269129026267,0.7889022491710088,0.7546901195894484,0.2702074600118461,0.09065860225388642,0.47024929132313154,0.761070352612276,0.8380587295138194,0.06549661107521583
37.7,0.0,0.0998372966030768,0.11732990051419237,0.42191266826327417,0.8050340537356674,0.6566794451893744,0.18159874919700533,0.09670292314373141,0.4441321593733004,0.7887035378662027,0.7549455058237533,0.27081629216019476,0.09089209227462831,0.4705900015471162,0.7608368359389039,0.8382233025692719,0.06324388242924403
37.75,0.0,0.10025252855234638,0.11775260400675545,0.42209567348721444,0.8049039099246705,0.6570553954170979,0.18217432266149944,0.09701969018907465,0.4444149032632802,0.7884938731106366,0.7552063567366912,0.27143169551656426,0.09112579806229734,0.470932025762995,0.7605961315980856,0.8383916435176568,0.06106863544635484
37.800000000000004,0.0,0.10067527499791112,0.11817687155902762,0.42228422931763504,0.8047608675776005,0.6574382791034652,0.18275797850329767,0.097337159205348,0.44470083305939617,0.7882735218359487,0.7554724602818848,0.2720534133777957,0.09135969944018896,0.47127530822490643,0.7603484530935021,0.8385636065734661,0.058968205177032565
37.85,0.0,0.10110534863212153,0.11860265335060513,0.4224782014024871,0.8046051943017428,0.6578278251821824,0.18334946670925648,0.09765529831045629,0.4449898613046172,0.7880427472597532,0.7557436118026789,0.2726811971215658,0.09159377671860393,0.4716197947949362,0.7600940103015014,0.8387390510186056,0.056940018331589654
37.9,0.0,0.10154256829874048,0.11902990052217739,0.422677459156827,0.8044371543156317,0.6582237720499338,0.18394854500676372,0.09797407625949887,0.44528190290575287,0.7878018088639241,0.7560196137701608,0.27331480591596025,0.09182801068216614,0.4719654328916412,0.7598330094610871,0.8389178410247111,0.05498159012756508
37.95,0.0,0.10198675871590016,0.11945856514701994,0.42288187563315094,0.8042570084499338,0.6586258672268619,0.18455497855811556,0.09829346242822817,0.44557687505643356,0.7875509623776658,0.7563002755308655,0.2739540064414401,0.09206238257751494,0.4723121714403643,0.7595656531688959,0.8390998454818634,0.053090521245555175
38.0,0.0,0.10243775021406677,0.1198886002035917,0.42309132739664423,0.8040650141505422,0.6590338670299836,0.18516853966966873,0.0986134267970717,0.44587469716289024,0.7872904597650648,0.7565854130637836,0.27459857262457177,0.09229687410135864,0.47265996082527145,0.7592921403788178,0.8392849378334606,0.05126449488974739
38.050000000000004,0.0,0.1028953784880823,0.12031995954918755,0.42330569440514565,0.8038614254837251,0.659447536258999,0.18578900751493072,0.09893393993569413,0.4461752907724223,0.7870205492168377,0.7568748487463024,0.27524828538292834,0.09253146738887699,0.47300875284304766,0.7590126664059359,0.8394729959170162,0.049501273949555745
38.1,0.0,0.10335948436241695,0.12075259789460004,0.4235248598936372,0.8036464931431849,0.6598666478939785,0.18641616787080365,0.09925497298807728,0.4464785795044488,0.7867414751460029,0.7571684111287311,0.27590293238060304,0.09276614500246015,0.47335850065818946,0.7587274229344796,0.8396639018106599,0.04779869825888068
38.15,0.0,0.10382991356882472,0.12118647077974612,0.423748710263077,0.8034204644588979,0.6602909828044347,0.1870498128662475,0.09957649765809683,0.44678448898404205,0.7864534781872269,0.7574659347170706,0.27656230779381047,0.09300088992077314,0.473709158759835,0.7584365980295023,0.8398575416851278,0.04615468194963551
38.2,0.0,0.10430651653564992,0.12162153455021721,0.4239771349734011,0.8031835834076094,0.66072032946931,0.18768974074267403,0.09989848619557565,0.447092946777846,0.7861567951996048,0.757767259763709,0.27722621208607856,0.09323568552813455,0.4740606829200748,0.7581403761520121,0.8400538056610369,0.04456721089629722
38.25,0.0,0.10478914818808228,0.12205774633471263,0.4242100264405279,0.8029360906248724,0.6611544837074349,0.18833575562542654,0.10022091138279456,0.447403882332288,0.7858516592726523,0.7580722320657334,0.2778944517925652,0.0934705156041989,0.4744130301536891,0.7578389381773014,0.8402525876712472,0.043034340248350886
38.300000000000004,0.0,0.10527766775870645,0.12249506402331867,0.4244472799372052,0.8026782234185236,0.661593248418027,0.1889876673057403,0.10054374652144232,0.44771722691399424,0.7855382997352977,0.7583807027705638,0.2785668393130579,0.09370536431393284,0.47476615867925837,0.7575324614162314,0.8404537853281228,0.041554192047604646
38.35,0.0,0.10577193860773403,0.12293344624659727,0.42468879349754823,0.8024102157834995,0.6620364333308273,0.18964529103261568,0.10086696541998741,0.4480329135523246,0.7852169421676759,0.7586925281886269,0.279243192713241,0.09394021619787528,0.4751200278815986,0.7572211196392464,0.84065729979551,0.04012495292745611
38.400000000000006,0.0,0.10627182805234789,0.12337285235544997,0.42493446782512156,0.8021322984179007,0.6624838547654824,0.1903084473140717,0.10119054238145497,0.4483508769839455,0.7848878084155378,0.7590075696127991,0.2799233355338372,0.09417505616267229,0.4754745982754711,0.7569050831029029,0.840863035665259,0.03874487189129156
38.45,0.0,0.10677720720462514,0.12381324240172441,0.42518420620442565,0.8018446987402207,0.6629353353998048,0.19097696172727888,0.10151445219159326,0.4486710535993621,0.7845511166070976,0.7593256931443608,0.28060709660725336,0.09440986947187786,0.4758298314705224,0.756584518578711,0.8410709008381216,0.03741225816729619
38.5,0.0,0.10728795081754022,0.12425457711953247,0.4254379144156539,0.8015476409076591,0.6633907040465536,0.19165066473710207,0.10183867010741432,0.4489933813913361,0.7842070811721522,0.7596467695252126,0.28129430988137905,0.09464464173701206,0.47618569013740786,0.7562595893840984,0.8412808064088635,0.036125479137047216
38.550000000000004,0.0,0.1078039371385822,0.12469681790725025,0.42569550065259154,0.801241345835446,0.6638497954384015,0.19232939152261125,0.10216317184609469,0.44931779990511683,0.7838559128633155,0.7599706739761171,0.28198481425020727,0.09487935890886828,0.47654213797505846,0.7559304554153178,0.8414926665554373,0.03488295833535222
38.6,0.0,0.10832504777054994,0.12513992681017164,0.4259568754435343,0.8009260312171094,0.6643124500207599,0.19301298181114496,0.10248793357422231,0.44964425019041704,0.7834978187792195,0.7602972860407369,0.2826784533909639,0.09511400726906173,0.47689913967904773,0.7555972731821271,0.8417063984320684,0.03368317351888216
38.650000000000006,0.0,0.1088511675391171,0.12558386650378864,0.42622195157510745,0.8006019115456191,0.664778513752158,0.193701279719536,0.10281293189737647,0.44997267475506775,0.7831330023895424,0.7606264894352516,0.2833750756074495,0.09534857342181176,0.4772566609110204,0.755260195844085,0.8419219220661093,0.03252465480123301
38.7,0.0,0.10938218436678475,0.12602860027767265,0.42649064401887415,0.8002691981353497,0.6652478379118762,0.19439413360213198,0.10313814385002847,0.45030301752028884,0.7827616635617295,0.7609581719033434,0.2840745336793125,0.0955830442859505,0.47761466826914467,0.7549193732483103,0.8421391602585269,0.0314059828521311
38.75,0.0,0.10991798915286356,0.12647409201993237,0.42676286986062345,0.7999280991448029,0.665720278914554,0.19509139590526467,0.1034635468857508,0.4506352237775145,0.7823839985892843,0.76129222507635,0.2847766847169893,0.09581740708715114,0.47797312925955143,0.7545749519685641,0.8423580384878897,0.030325787158576104
38.800000000000004,0.0,0.11045847565915021,0.1269203062022247,0.4270385482322344,0.7995788196000382,0.6661956981314998,0.19579292302784254,0.10378911886772363,0.450969240146716,0.7820002002215098,0.7616285443383928,0.28548139002205836,0.0960516493503687,0.47833201226872585,0.7542270753455216,0.8425784848177287,0.029282744345791263
38.85,0.0,0.11100354040098326,0.12736720786529648,0.4273176002460177,0.799221561418761,0.6666739617184457,0.1964985751877598,0.10411483805952756,0.451305014536165,0.7816104576945884,0.7619670286962944,0.28618851495277076,0.09628575889248729,0.4786912865368167,0.7538758835281082,0.8428004298071494,0.02827557655592382
38.900000000000006,0.0,0.1115530825433838,0.12781476260503585,0.42759994893143793,0.7988565234350216,0.6671549404494981,0.19720821629383267,0.10444068311621225,0.4516424961035849,0.7812149567638943,0.7623075806541083,0.28689792879453097,0.09651972381516727,0.479050922131832,0.7535215135157809,0.8430238064245786,0.027303049882509395
38.95,0.0,0.11210700380200384,0.12826293655901255,0.4278855191741259,0.7984839014244798,0.667638509557047,0.19792171382299054,0.10476663307563086,0.45198163521863804,0.7808138797374392,0.7626501060920894,0.2876095046351135,0.09675353249788647,0.479410889924689,0.753164099201645,0.8432485499645311,0.026363972858782284
39.0,0.0,0.11266520834862281,0.1287116963934881,0.428174237657093,0.7981038881301941,0.6681245485774077,0.19863893870246466,0.1050926673500309,0.4523223834266994,0.7804074055103543,0.7629945141499423,0.28832311924441173,0.09698717359116964,0.47977116156508903,0.7528037714163008,0.8434745979672902,0.025457194997979722
39.050000000000004,0.0,0.1132276027209482,0.12916100929087704,0.42846603280406337,0.7977166732888954,0.668612941201976,0.19935976519673232,0.10541876571789215,0.4526646934138698,0.7799957096003208,0.7633407171141896,0.2890386529585266,0.09722063601000051,0.4801317094581878,0.7524406579723224,0.8437018901413951,0.02458160538385174
39.1,0.0,0.11379409573649102,0.1296108429376416,0.4287608347248425,0.7973224436577084,0.6691035751336889,0.20008407079898705,0.10574490831600313,0.45300851897318256,0.7795789641838635,0.7636886303095086,0.289755989568011,0.09745390892741124,0.4804925067420335,0.7520748837092752,0.8439303682888362,0.023736131309649883
39.150000000000006,0.0,0.11436459841030105,0.13006116551260266,0.42905857516264545,0.7969213830412843,0.6695963419485904,0.20081173612691924,0.10607107563176751,0.4533538149719602,0.7791573381334249,0.7640381719938925,0.2904750162100965,0.09768698176824375,0.4808535272657462,0.7517065705391872,0.8441599762328608,0.022919736963927316
39.2,0.0,0.1149390238763591,0.13051194567565097,0.4293591874433095,0.796513672319312,0.6700911369623114,0.20154264482260276,0.10639724849573261,0.45370053732027865,0.778730997055146,0.7643892632574947,0.2911956232647361,0.09791984420307834,0.48121474556841254,0.75133583749239,0.8443906597482957,0.022131422161540307
39.25,0.0,0.11551728731243598,0.13096315255684296,0.42966260642632037,0.7960994894743753,0.6705878591012788,0.20227668345629463,0.1067234080743321,0.4540486429404993,0.7783001033272805,0.764741827925024,0.2919177042543063,0.09815248614232434,0.48157613685867057,0.7509628007636552,0.844622366494298,0.021370221118296368
39.300000000000004,0.0,0.11609930586823915,0.1314147557458664,0.4299687684575828,0.7956790096201262,0.6710864107784785,0.20301374143396567,0.10704953586283579,0.4543980897378293,0.7778648161391736,0.7650957924615599,0.29264115574681887,0.09838489773046843,0.4819376769949615,0.7505875737585532,0.8448550459494455,0.02063520126774788
39.35,0.0,0.1166849985966783,0.13186672528186147,0.4302776113238699,0.7952524050297456,0.6715866977736017,0.20375371090838945,0.10737561367849918,0.4547488365718732,0.7774252915307408,0.7654510858816653,0.2933658772624992,0.09861706934047595,0.4822993424664245,0.7502102671399675,0.8450886493490867,0.019925462118681594
39.400000000000006,0.0,0.1172742863880911,0.13231903164358402,0.4305890742088877,0.7948198451646634,0.6720886291174134,0.2044964866936264,0.10770162365390616,0.45510084322913996,0.7769816824323854,0.7658076396616772,0.29409177118359614,0.09884899156834084,0.48266111037441334,0.7498309888747013,0.845323129624867,0.019240134151904315
39.45,0.0,0.11786709190727966,0.13277164573989747,0.4309030976508946,0.7943814967035117,0.672592116980187,0.20524196618274893,0.10802754823049827,0.4554540703964708,0.7765341387052964,0.7661653876550597,0.29481874266729463,0.09908065522778009,0.4830229584146126,0.7494498442801183,0.8455584413463565,0.018578377754973174
39.5,0.0,0.11846333953321671,0.1332245389005813,0.4312196235018167,0.793937523571287,0.6730970765640542,0.20599004926866094,0.10835337015228429,0.45580847963535465,0.7760828071820718,0.7665242660107111,0.2955466995616072,0.0993120513450685,0.4833848648597332,0.7490669360707608,0.8457945406647028,0.017939382193565414
39.550000000000004,0.0,0.11906295530128877,0.13367768286744408,0.43153859488780344,0.7934880869686977,0.6736034259991281,0.20674063826787387,0.10867907245972416,0.4561640333570995,0.7756278317076148,0.7668842130941169,0.2962755523241276,0.09954317115400985,0.4837468085427674,0.7486823644048961,0.8460313852582394,0.017322364618227483
39.6,0.0,0.11966586684795101,0.1341310497857293,0.4318599561711693,0.7930333454016723,0.6741110862432609,0.2074936378471076,0.10900463848378153,0.45652069479882856,0.7751693531802543,0.7672451694112475,0.2970052139435354,0.09977400609104066,0.4841087688407845,0.7482962269309412,0.8462689342799785,0.016726569105286575
39.650000000000006,0.0,0.12027200335767554,0.13458461219580345,0.43218365291366995,0.7925734547110087,0.674619980985302,0.208248954952592,0.10933005184013928,0.4568784280002724,0.7747075095930415,0.7676070775351029,0.2977355998637434,0.10000454779046285,0.4844707256592479,0.7479086188337218,0.8465071483069236,0.016151265730749625
39.7,0.0,0.12088129551208183,0.13503834302511555,0.4325096318410633,0.7921085681021433,0.6751300365517324,0.20900649874195146,0.1096552964235728,0.4572371977813277,0.774242436075181,0.7679698820348092,0.298466627910588,0.10023478807980163,0.48483265941683656,0.7475196328805241,0.8467459892911369,0.015595749676055152
39.75,0.0,0.12149367544114385,0.13549221558041794,0.4328378408089069,0.7916388361750186,0.6756411818165506,0.20976618051856022,0.10998035640247596,0.4575969697203563,0.7737742649335513,0.7683335294071756,0.2991982182209635,0.10046471897528526,0.4851945510307533,0.7471293594669008,0.8469854205124989,0.015059340364582405
39.800000000000004,0.0,0.12210907667637455,0.13594620354023906,0.43316822876954697,0.7911644069540328,0.6761533481142918,0.2105279136682625,0.11030521621353463,0.45795771013319747,0.7733031256942782,0.7686979680106256,0.29993029317430964,0.10069433267744324,0.4855563819025039,0.7467378866621952,0.8472254065331033,0.014541380627859916
39.85,0.0,0.12272743410589378,0.13640028094759848,0.4335007457402533,0.7906854259180502,0.67666646915607,0.21129161359835685,0.11062986055654335,0.4583193860528686,0.7728291451443219,0.769063148001417,0.3006627773263618,0.10092362156681967,0.48591813390413,0.7463453002547497,0.8474659131532267,0.014041235900451952
39.900000000000006,0.0,0.1233486839312909,0.13685442220295557,0.4338353427724593,0.7902020360304581,0.6771804809485311,0.21205719767874862,0.11095427438936026,0.45868196520992954,0.7723524473730433,0.7694290212720691,0.30139559734508076,0.10115257819979866,0.486279789364882,0.7459516837967693,0.8477069073688206,0.013558293442536522
39.95,0.0,0.12397276362619815,0.13730860205738304,0.4341719719220647,0.7897143777692504,0.6776953217156155,0.21282458518518002,0.11127844292299623,0.45904541601348764,0.7718731538137162,0.7697955413919212,0.30212868194867976,0.10138119530453868,0.4866413310583153,0.7455571186488107,0.8479483573304697,0.013091961589222493
40.0,0.0,0.12459961189649528,0.13776279560595744,0.4345105862207633,0.7892225891571243,0.6782109318230266,0.21359369724445126,0.11160235161683373,0.45940970753282034,0.7713913832849539,0.7701626635497438,0.30286196184567277,0.1016094657770129,0.4870027421897975,0.7451616840238706,0.8481902323037682,0.012641669025686118
40.050000000000004,0.0,0.12522916864207062,0.13821697828135832,0.43485113964835626,0.7887268057915734,0.6787272537053107,0.21436445678155033,0.11192598617397148,0.45977480947959426,0.7709072520320209,0.7705303444983331,0.30359536967686895,0.10183738267715256,0.4873640063844111,0.7447654570310506,0.8484325026310618,0.012206864087238948
40.1,0.0,0.1258613749200673,0.13867112584766886,0.4351935871060164,0.7882271608749628,0.6792442317954543,0.2151367884686137,0.11224933253669102,0.460140692190659,0.7704208737680013,0.7708985425010166,0.3043288399592424,0.10206493922509072,0.4877251076752394,0.7443685127187754,0.8486751396945091,0.011787014083469622
40.150000000000006,0.0,0.12649617290954718,0.13912521439437056,0.4355378843904673,0.787723785244572,0.6797618124569089,0.21591061867564326,0.11257237688204132,0.4605073266113965,0.7699323597147986,0.7712672172800042,0.30506230903161013,0.10229212879750346,0.48808603049202254,0.7439709241175452,0.8489181158804163,0.011381604645631507
40.2,0.0,0.12713350587750924,0.13957922033052486,0.4358839881690443,0.7872168074025921,0.6802799439179577,0.21668587542290885,0.11289510561753785,0.46087468427960565,0.7694418186439415,0.7716363299665187,0.3057957150020521,0.10251894492404615,0.48844675965017087,0.7435727622822037,0.8491614045448005,0.010990139096476677
40.25,0.0,0.12777331814620138,0.14003312037913518,0.4362318559556048,0.786706353546065,0.680798576208341,0.21746248833496892,0.11321750537697266,0.4612427373099043,0.768949356917173,0.7720058430526437,0.3065289976970122,0.10274538128388187,0.48880728034012444,0.743174096333705,0.8494049799801385,0.010612137841764187
40.300000000000004,0.0,0.12841555506166888,0.14048689157168293,0.4365814460872574,0.7861925475967503,0.6813176610980608,0.21824038859624514,0.11353956301633196,0.4616114583786296,0.7684550785268012,0.7723757203448297,0.30726209861201936,0.10297143170229993,0.48916757811704625,0.7427749935003649,0.849648817383261,0.010247137782697166
40.35,0.0,0.12906016296348494,0.14094051124283105,0.4369327177018789,0.7856755112309101,0.6818371520382862,0.2190195089080897,0.1138612656098181,0.46198082070922075,0.7679590851357905,0.7727459269189979,0.3079949608639725,0.10319709014742162,0.48952763889083883,0.7423755191585831,0.8498928928243507,0.009894691748568891
40.400000000000006,0.0,0.12970708915561188,0.14139395702528942,0.4372856307163916,0.7851553639089989,0.6823570041042877,0.21979978344728693,0.11418260044597267,0.4623507980580659,0.7674614761175761,0.7731164290771885,0.30872752914493334,0.10342235072699123,0.48988744891647307,0.7419757368730245,0.8501371832170067,0.009554367948922768
40.45,0.0,0.1303562818783441,0.14184720684483612,0.43764014580577243,0.7846322229052483,0.6828771739403273,0.2205811478259338,0.11450355502389774,0.4627213647007984,0.7669623485955824,0.7734871943056978,0.30945974967737583,0.10364720768524972,0.4902469947846187,0.741575708436249,0.8503816662893398,0.009225749444555027
40.5,0.0,0.1310076902812864,0.14230023891548924,0.437996224382768,0.7841062033371355,0.6833976197064371,0.2213635390526458,0.11482411704957228,0.4630924954190262,0.7664617974824293,0.773858191234653,0.31019157017083987,0.10387165539988907,0.49060626341256697,0.7411754939077803,0.850626320556059,0.00890843363671208
40.550000000000004,0.0,0.13166126439732348,0.1427530317348239,0.438353828578289,0.7835774181947264,0.6839183010270184,0.22214689549503797,0.11514427443226101,0.46346416548747954,0.7659599155188109,0.7742293895989744,0.31092293977994234,0.10409568837908503,0.4909652420354353,0.7407751516526062,0.8508711252915193,0.008602031773856706
40.6,0.0,0.13231695511753902,0.14320556407942917,0.4387129212224605,0.7830459783698822,0.6844391789412001,0.22293115684343226,0.11546401528101281,0.46383635066156265,0.7654567933120331,0.7746007602006756,0.3116538090636978,0.10431930125860618,0.4913239181976449,0.7403747383791036,0.8511160605036937,0.008306168475398822
40.650000000000006,0.0,0.1329747141670442,0.14365781500050023,0.43907346582630347,0.7825119926853227,0.684960215854892,0.22371626407574546,0.11578332790124617,0.4642090271652955,0.7649525193741951,0.7749722748724581,0.31238412994610437,0.10454248879899726,0.4916822797446624,0.7399743091763813,0.8513611069090404,0.008020481271807317
40.7,0.0,0.13363449408167805,0.1441097638195609,0.43943542656402523,0.7819755679235345,0.6854813754944767,0.22450215942351298,0.11610220079141897,0.46458217167963245,0.7644471801600045,0.7753439064425517,0.313113855677952,0.10476524588283483,0.492040314814996,0.7395739175510374,0.8516062459082318,0.007744620160539568
40.75,0.0,0.1342962481855435,0.14456139012431193,0.4397987682558966,0.781436808855519,0.6860026228620811,0.22528878633900676,0.11642062263978037,0.46495576133114425,0.763940860104213,0.7757156287007596,0.3138429407998113,0.10498756751205322,0.4923980118324393,0.7391736154633266,0.8518514595627168,0.00747824717724456
40.800000000000004,0.0,0.13495993056934513,0.14501267376460092,0.4401634563516949,0.7808958182693696,0.6865239241923732,0.22607608946340668,0.11673858232120209,0.4653297736810519,0.7634336416586641,0.7760874163656668,0.3145713411061631,0.10520944880533911,0.492755359498553,0.7387734533627344,0.8520967305720878,0.0072210359817143025
40.85,0.0,0.1356254960694956,0.1454635948485092,0.44052945691469214,0.7803526969986718,0.6870452469108308,0.22686401459598685,0.11705606889408701,0.46570418671459946,0.7629256053289406,0.7764592450529695,0.3152990136106312,0.10543088499559253,0.4931123467853774,0.7383734802229567,0.8523420422522235,0.006972671458076279
40.900000000000006,0.0,0.1362929002479601,0.14591413373855214,0.440896736606169,0.7798075439507187,0.6875665595934325,0.22765250866427977,0.11737307159735283,0.46607897883075505,0.7624168297106065,0.7768310912448887,0.31602591651228035,0.10565187142745296,0.49346896292836884,0.7379737435762836,0.8525873785141814,0.006732849328737099
40.95,0.0,0.1369620993728092,0.14636427104798833,0.4412652626704357,0.7792604561345353,0.6880878319277193,0.2284415196951833,0.11768957984748846,0.4664541288322281,0.7619073915250328,0.7772029322606295,0.3167520091629451,0.10587240355488842,0.4938251974195509,0.7375742895473862,0.8528327238438141,0.006501275781604408
41.0,0.0,0.13763305039945173,0.14681398763723458,0.4416350029203416,0.7787115286887043,0.6886090346751816,0.22923099678697606,0.11800558323568118,0.4668296159157929,0.7613973656548012,0.7775747462278499,0.3174772520355545,0.10609247693884612,0.4941810400008752,0.7371751628865072,0.8530780632820844,0.006277667110130337
41.050000000000004,0.0,0.1383057109525209,0.14726326461038242,0.44200592572325587,0.7781608549089881,0.6891301396349249,0.2300208900822091,0.11832107152501259,0.46720541966290746,0.760886825178679,0.7779465120551046,0.31820160669342035,0.10631208724496284,0.49453648065778405,0.736776407002056,0.8533233824060545,0.006061749365735514
41.1,0.0,0.13898003930838818,0.14771208331181296,0.44237799998750305,0.7776085262757408,0.6896511196085688,0.23081115074144287,0.11863603464772116,0.467581520030618,0.7603758414061598,0.7783182094052301,0.31892503576045717,0.1065312302413336,0.49489150961296813,0.7363780639926104,0.8535686673105278,0.005853258022187801
41.150000000000006,0.0,0.13965599437828044,0.1481604253229067,0.44275119514923617,0.7770546324811044,0.6901719483663402,0.23160173091779918,0.11895046270252971,0.4679578973427392,0.7598644839115644,0.7786898186696386,0.3196475028923033,0.10674990179633694,0.49524611732031354,0.7359801746783252,0.8538139045903179,0.00565193765152459
41.2,0.0,0.14033353569197687,0.1486082724588449,0.44312548115973294,0.7764992614559842,0.690692600614315,0.23239258373229996,0.11926434595203583,0.46833453228130145,0.759352820567698,0.7790613209434892,0.320368972748314,0.10696809787651539,0.4956002944590315,0.7355827786317529,0.8540590813231264,0.005457541611121609
41.25,0.0,0.1410126233820637,0.14905560676549925,0.4435008284730993,0.7759424993967988,0.6912130519627732,0.2331836632499654,0.11957767482016352,0.4687114058782554,0.7588409175790596,0.7794326980017066,0.3210894109643977,0.10718581454450965,0.49595403192796494,0.7351859142080774,0.8543041850530056,0.005269831741524876
41.300000000000004,0.0,0.14169321816872504,0.14950241051640736,0.4438772080343661,0.7753844307919993,0.6917332788956253,0.2339749244566447,0.1198904398896742,0.4690884995074253,0.7583288395145996,0.7798039322758171,0.32180878412666886,0.10740304795704496,0.49630732084006657,0.7347896185747651,0.8545492037743893,0.005088578074675589
41.35,0.0,0.14237528134505018,0.14994866620983038,0.44425459126796485,0.7748251384483537,0.6922532587408767,0.23476632323655466,0.12020263189973561,0.4694657948767037,0.7578166493400252,0.780175006831576,0.3225270597458904,0.10761979436296833,0.49666015251704176,0.7343939277406376,0.8547941259166677,0.004913558552170502
41.400000000000006,0.0,0.14305877476283702,0.15039435656589034,0.44463295006656933,0.7742647035169934,0.6927729696420916,0.23555781635050163,0.12051424174354679,0.4698432740204778,0.7573044084496485,0.7805459053473565,0.3232442062326807,0.1078360501013353,0.49701251848415245,0.7339988765843704,0.8550389403292927,0.004744558753212618
41.45,0.0,0.14374366081887396,0.15083946452378458,0.44501225678028977,0.7737032055192161,0.6932923905308231,0.23634936141476323,0.12082526046601756,0.4702209192922815,0.7567921766977771,0.7809166120932752,0.3239601928734602,0.10805181159954491,0.49736441046517577,0.7336044988824215,0.8552836362673915,0.004581371631918907
41.5,0.0,0.1444299024416819,0.1512839732390743,0.44539248420620753,0.7731407223720429,0.6938115010999784,0.23714091688060807,0.12113567926150111,0.47059871335766396,0.7562800124296464,0.7812871119110305,0.32467498980711484,0.10826707537152143,0.4977158203775124,0.7332108273363966,0.8555282033778722,0.0044237972636632095
41.550000000000004,0.0,0.14511746307869958,0.15172786608104494,0.4457736055782379,0.7725773304135262,0.6943302817780828,0.23793244201443126,0.12144548947157804,0.4709766391872688,0.7557679725118915,0.7816573901944254,0.3253885680023526,0.1084818380159418,0.4980667403274406,0.7328178935998545,0.8557726316860058,0.004271642600143576
41.6,0.0,0.14580630668389583,0.1521711266301357,0.44615559455730985,0.772013104427805,0.6948487137044165,0.23872389687848541,0.12175468258289054,0.47135468005011605,0.7552561123625602,0.782027432870556,0.3261008992357312,0.10869609621450753,0.4984171626055103,0.7324257283045595,0.8560169115824666,0.004124721232873962
41.650000000000006,0.0,0.14649639770579348,0.1526137386754363,0.44653842522185105,0.7714481176699052,0.695366778704991,0.23951524231218713,0.1220632502250252,0.4717328195070806,0.7547444859806638,0.782397226381639,0.32681195607033636,0.10890984673025968,0.49876707968207323,0.7320343610861872,0.8562610338108153,0.0039828531648105235
41.7,0.0,0.1471877010758897,0.15305568621224785,0.44692207205856826,0.7708824418902817,0.6958844592693378,0.24030643991397968,0.12237118416844317,0.47211104140456056,0.7542331459752708,0.7827667576674586,0.32752171183508944,0.10912308640593603,0.499116484202945,0.7316438206094886,0.8565049894554111,0.003845864589832738
41.75,0.0,0.14788018219745835,0.15349695343970673,0.4473065099535117,0.7703161473591006,0.6964017385280818,0.2410974520237337,0.12267847632245625,0.47248932986832876,0.7537221435941398,0.7831360141484109,0.3282301406046648,0.10933581216236911,0.49946536898519384,0.7312541345929198,0.8567487699297361,0.0037135876798091725
41.800000000000004,0.0,0.14857380693472125,0.15393752475846817,0.44769171418341425,0.7697493028902597,0.696918600231272,0.24188824170566783,0.12298511873324777,0.4728676692975623,0.7532115287518959,0.783504983709125,0.32893721717999763,0.10954802099692408,0.4998137270130531,0.7308653298327438,0.85699236696512,0.0035858603789870437
41.85,0.0,0.1492685416023744,0.1543773847684484,0.4480776604072958,0.769181975865144,0.697435028727444,0.2426787727317724,0.12329110358193685,0.47324604435904327,0.75270135005775,0.7838736546826411,0.3296429170693637,0.1097597099819754,0.5001615514339529,0.7304774322266114,0.8572357725998491,0.003462526205453657
41.900000000000006,0.0,0.14996435295545724,0.15481651826662285,0.4484643246583228,0.7686142322561164,0.6979510089433903,0.24346900956571982,0.1235964231826849,0.4736244399815259,0.7521916548427637,0.784242015835128,0.3303472164700137,0.10997087626342117,0.5005088355546673,0.7300904667966274,0.8574789791686477,0.0033434340594265008
41.95,0.0,0.15066120817955236,0.15525491024487867,0.448851683335915,0.7680461366497402,0.6984665263646124,0.2442589173472453,0.12390106998084334,0.4740028413502639,0.7516824891866626,0.7846100563511188,0.3310500922503435,0.11018151705923422,0.5008555728375729,0.7297044577119098,0.85772197929252,0.0032284380381371195
42.0,0.0,0.15135907488130443,0.15569254588791964,0.44923971319809025,0.7674777522697344,0.6989815670164328,0.24504846187698345,0.12420503655114096,0.474381233901693,0.7511738979441973,0.7849777658192504,0.33175152193258534,0.11039162965804893,0.5012017568970164,0.7293194283106499,0.8579647658689382,0.003117397257081983
42.050000000000004,0.0,0.15205792107924676,0.15612941057122173,0.44962839135403926,0.7669091409996578,0.6994961174457448,0.24583760960174503,0.1245083155959104,0.4747596033182644,0.7506659247710593,0.7853451342184861,0.3324514836760022,0.11060121141778272,0.5015473814957861,0.7289354011216786,0.8582073320623657,0.003010175677421354
42.1,0.0,0.1527577151949253,0.1565654898590375,0.4500176952569222,0.7663403634053243,0.7000101647033774,0.24662632760022052,0.12481089994335215,0.4751379355234225,0.75015861214935,0.785712151904808,0.3331499562605708,0.11081025976429151,0.5018924405416852,0.7285523978855489,0.8584496712951046,0.002906641939314702
42.150000000000006,0.0,0.1534584260443092,0.15700076950244765,0.4504076026968796,0.7657714787569455,0.700523696327055,0.2474145835690963,0.1251127825458353,0.47551621667672395,0.7496520014126087,0.7860788095983613,0.33384691907113756,0.11101877219005794,0.5022369280842033,0.7281704395751397,0.858691777238456,0.002806669200988475
42.2,0.0,0.15416002282947863,0.15743523543745822,0.4507980917942502,0.7652025450510027,0.701036700324932,0.2482023458095703,0.12541395647823403,0.4758944331690924,0.749146132770402,0.7864450983710349,0.3345423520820327,0.1112267462529117,0.5025808383112828,0.7277895464157901,0.8589336438041817,0.002710134983339067
42.25,0.0,0.15486247513057974,0.15786887378314168,0.451189140992988,0.7646336190318461,0.7015491651596817,0.2489895832142545,0.12571441493629865,0.4762725716182048,0.7486410453324777,0.7868110096344652,0.3352362358421293,0.11143417957478101,0.5029241655461775,0.7274097379049713,0.8591752651362576,0.002616921019880606
42.300000000000004,0.0,0.1555657528980382,0.1583016708398206,0.45158072905427304,0.7640647562130222,0.7020610797331219,0.2497762652544519,0.1260141512350604,0.47665061886400495,0.7481367771324873,0.787176535128446,0.33592855146033224,0.11164106984047432,0.5032669042444001,0.7270310328315038,0.8594166356029097,0.00252691311185372
42.35,0.0,0.15626982644502202,0.15873361308729222,0.4519728350503072,0.763496010898328,0.702572433371359,0.2505623619677961,0.1263131588072691,0.47702856196434046,0.7476333651512809,0.7875416669097342,0.33661928059148494,0.11184741479649167,0.5036090489907563,0.7266534492943271,0.8596577497889205,0.0024400009883177795
42.400000000000006,0.0,0.1569746664401454,0.15916468718309257,0.4523654383582908,0.7629274362025937,0.7030832158104318,0.25134784394624166,0.12661143120186252,0.4774063881907186,0.7471308453397776,0.7879063973412335,0.3373084054226803,0.11205321224986459,0.5039505944964622,0.7262770047208302,0.8598986024881996,0.0023560781710552097
42.45,0.0,0.1576802439004055,0.1595948799607989,0.45275851865457184,0.7623590840721932,0.7035934171824391,0.25213268232439506,0.1269089620824669,0.47778408502417785,0.746629252641417,0.7882707190815473,0.33799590865996404,0.11225846006702399,0.5042915355963424,0.7259017158847509,0.860139188696607,0.00227504184412236
42.5,0.0,0.15838653018434415,0.160024178428369,0.4531520559089638,0.7617910053052822,0.704103028002135,0.25291684876817455,0.12720574522592745,0.47816164015127055,0.7461286210141944,0.7886346250748855,0.3386817735154176,0.11246315617269523,0.5046318672461074,0.7255275989236507,0.8603795036050222,0.002196792727887119
42.550000000000004,0.0,0.15909349698542694,0.1604525697665158,0.4535460303792245,0.7612232495717659,0.7046120391539753,0.25370031546378896,0.12750177452086822,0.4785390414601543,0.7456289834522855,0.7889981085413139,0.3393659836946101,0.11266729854881956,0.5049715845197058,0.7251546693559731,0.8606195425926494,0.002121234957398953
42.6,0.0,0.1598011163256325,0.16088004132711684,0.453940422605692,0.7606558654329958,0.7051204418795998,0.2544830551070258,0.12779704396628044,0.4789162770367874,0.7451303720072637,0.7893611629673358,0.3400485233844069,0.11287088523350126,0.5053106826067504,0.7247829420976941,0.8608593012205513,0.0020482759649423556
42.650000000000006,0.0,0.16050936054924472,0.1613065806316563,0.45433521340607125,0.7600889003611966,0.7056282277657363,0.25526504089283847,0.12809154767013847,0.47929333516122585,0.744632817808916,0.7897237820967921,0.34072937724112495,0.11307391431997989,0.5056491568100158,0.7244124314785717,0.8610987752254042,0.0019778263666298227
42.7,0.0,0.16121820231684153,0.16173217536969944,0.4547303838703666,0.7595224007586246,0.706135388732512,0.2560462465052234,0.12838527984804282,0.4796702043040182,0.7441363510856607,0.7900859599220709,0.3414085303790233,0.11327638395562672,0.5059870025430045,0.7240431512580013,0.8613379605134657,0.0019097998528954153
42.75,0.0,0.16192761459947316,0.16215681339739768,0.45512591535595526,0.7589564119764578,0.7066419170221577,0.25682664610737843,0.12867823482188911,0.48004687312269534,0.743641001184573,0.7904476906756158,0.3420859683591195,0.11347829234096497,0.5063242153275807,0.7236751146404864,0.8615768531547482,0.0018441130827547506
42.800000000000004,0.0,0.1626375706730241,0.16258048273602346,0.45552178948279737,0.758390978333419,0.707147805188093,0.2576062143321331,0.12897040701856274,0.4804233304583523,0.7431467965910227,0.7908089688217222,0.34276167717832123,0.11367963772871297,0.5066607907916667,0.7233083342907304,0.8618154493773923,0.0017806855817018759
42.85,0.0,0.16334804411275214,0.16300317157053384,0.4559179881287769,0.757826143134134,0.7076530460843775,0.2583849262726429,0.1292617909686581,0.48079956533231866,0.7426537649479286,0.7911697890486119,0.3434356432588645,0.11388041842284972,0.5069967246670051,0.7229428223483582,0.8620537455622311,0.0017194396431179375
42.900000000000006,0.0,0.1640590087879994,0.16342486824816183,0.45631449342517033,0.7572619486872251,0.7081576328555189,0.25916275747333933,0.12955238130522195,0.48117556694291563,0.7421619330746351,0.7915301462607767,0.34410785343804773,0.11408063277770238,0.5073320127869786,0.7225785904422742,0.8622917382375408,0.0016603002330708577
42.95,0.0,0.1647704388570686,0.16384556127703423,0.45671128775223796,0.7566984363231413,0.708661558926622,0.25993968392112715,0.12984217276252005,0.48155132466229605,0.741671326985416,0.7918900355715823,0.3447782949582542,0.1142802791970547,0.507666651084491,0.7222156497046649,0.8625294240739698,0.0016031948983893864
43.0,0.0,0.1654823087622602,0.1642652393248155,0.4571083537349337,0.756135646411728,0.7091648179938702,0.2607156820368223,0.13013116017482673,0.48192682803336556,0.7411819719076106,0.792249452296123,0.345446955457253,0.11447935613327634,0.508000635589904,0.7218540107846521,0.8627667998796417,0.0015480536778989076
43.050000000000004,0.0,0.1661945932250643,0.1646838912173762,0.45750567423872995,0.7555736183795365,0.7096674040153271,0.26149072866682227,0.13041933847523635,0.48230206676678183,0.7406938922993963,0.7926083919443183,0.3461138229587711,0.11467786208647199,0.5083339624290293,0.7214936838616057,0.8630038625954247,0.0014948090167102544
43.1,0.0,0.16690726724150265,0.16510150593748557,0.45790323236555314,0.7550123907268749,0.7101693112020474,0.2622648010750017,0.1307067026944964,0.48267703073802953,0.7402071118672047,0.7929668502142448,0.3467788858633269,0.11487579560365019,0.5086666278211747,0.7211346786581219,0.8632406092903631,0.0014433956834565228
43.150000000000006,0.0,0.16762030607761558,0.16551807262352702,0.45830101144982666,0.7544520010446032,0.7106705340094868,0.2630378769348273,0.1309932479598615,0.48305170998456914,0.7397216535827843,0.7933248229856936,0.34744213293931914,0.11507315527791102,0.5089986280772417,0.7207770044526737,0.8634770371572638,0.0013937506903764923
43.2,0.0,0.16833368526508938,0.16593358056823596,0.45869899505461714,0.7538924860306742,0.7111710671292004,0.2638099343216837,0.13127896949396758,0.48342609470305636,0.7392375396999167,0.7936823063139465,0.3481035533143618,0.11526993974765228,0.5093299595978735,0.7204206700919425,0.8637131435084345,0.0013458132161467428
43.25,0.0,0.1690473805970191,0.16634801921745895,0.45909716696788105,0.7533338815064206,0.7116709054808213,0.2645809517054056,0.13156386261372596,0.4838001752466308,0.7387547917707905,0.7940392964237637,0.3487631364668588,0.11546614769579357,0.5096606188716516,0.7200656840028355,0.8639489257715669,0.0012995245313679295
43.300000000000004,0.0,0.16976136812380271,0.1667613781689337,0.45949551119880827,0.7527762224325925,0.7121700442043082,0.2653509079430083,0.1318479227292366,0.4841739421222715,0.7382734306620385,0.7943957897035748,0.34942087221781043,0.11566177784901793,0.5099906024733397,0.7197120542041971,0.8641843814857598,0.001254827926613926
43.35,0.0,0.17047562414916212,0.1671736471710887,0.45989401197425905,0.7522195429251456,0.7126684786524534,0.2661197822716119,0.13213114534271994,0.4845473859882167,0.7377934765704435,0.7947517826998678,0.3500767507228451,0.11585682897703041,0.5103199070621736,0.7193597883182207,0.8644195082976789,0.0012116686429556873
43.400000000000006,0.0,0.17119012522628682,0.16758481612186238,0.46029265373529155,0.7516638762707832,0.7131662043836438,0.26688755430155187,0.1324135260474671,0.4849204976514469,0.7373149490383174,0.7951072721117676,0.35073076246446927,0.11605129989183308,0.5106485293801944,0.7190088935815672,0.8646543039578469,0.0011699938048747149
43.45,0.0,0.17190484815409635,0.1679948750675402,0.46069142113377715,0.7511092549422537,0.7136632171548642,0.2676542040096715,0.1326950605268074,0.48529326806522854,0.7368378669685601,0.7954622547857989,0.3513828982445292,0.11624518944701623,0.5109764662506265,0.7186593768561976,0.8648887663170609,0.0011297523554839363
43.5,0.0,0.1726197699736174,0.16840381420161013,0.4610902990291002,0.7505557106134052,0.7141595129149371,0.2684197117327902,0.1329757445530935,0.4856656883267163,0.736362248639402,0.7958167277108271,0.352033149176878,0.11643849653706519,0.5113037145762956,0.7183112446399256,0.8651228933229311,0.001090894993976635
43.550000000000004,0.0,0.173334867964472,0.1688116238636347,0.46148927248493987,0.7500032741740015,0.714655087797988,0.2691840581613422,0.13325557398670276,0.4860377496746129,0.7358881117188357,0.7961706880131699,0.3526815066802421,0.11663122009668224,0.5116302713380878,0.7179645030766953,0.8653566830165388,0.001053374115226798
43.6,0.0,0.17405011964147318,0.16921829453814002,0.4618883267661311,0.7494519757442988,0.7151499381171327,0.26994722433318025,0.13353454477505522,0.4864094434868839,0.735415473278743,0.7965241329518755,0.3533279624712808,0.11682335910012347,0.5119561335934482,0.7176191579665939,0.8655901335292072,0.0010171437514668853
43.650000000000006,0.0,0.1747655027513241,0.1696238168535202,0.4622874473356023,0.7489018446893881,0.7156440603583747,0.2707091916275401,0.13381265295164707,0.4867807612785267,0.734944349808721,0.796877059914161,0.353972508557833,0.11701491256054984,0.5122812984749165,0.7172752147756007,0.8658232430793835,0.0009821595159715663
43.7,0.0,0.175480995269418,0.17002818158095748,0.46268661985138687,0.7483529096333045,0.7161374511747093,0.27146994175915995,0.1340898946350997,0.4871516946993909,0.7344747572296138,0.7972294664110049,0.3546151372323466,0.11720587952939242,0.5126057631887008,0.716932678645083,0.8660560099696268,0.000948378548678433
43.75,0.0,0.17619657539673483,0.17043137963335667,0.46308583016370725,0.7478051984729053,0.7166301073804253,0.27222945677255084,0.13436626602822355,0.4875222355320497,0.7340067109067534,0.7975813500728899,0.35525584106548314,0.11739625909573106,0.5129295250132857,0.7165915544010416,0.8662884325836987,0.0009157594636790643
43.800000000000004,0.0,0.17691222155683214,0.17083340206429398,0.4634850643121274,0.7472587383915206,0.7171220259455983,0.27298771903641283,0.1346417634170964,0.48789237568971994,0.7335402256629172,0.7979327086456897,0.3558946128998945,0.1175860503856865,0.513252581298076,0.7162518465631136,0.8665205093837535,0.000884262298516114
43.85,0.0,0.1776279123929263,0.17123424006697943,0.46388430852277324,0.7467135558723779,0.717613203990769,0.27374471123819316,0.13491638317015603,0.48826210721422975,0.733075315791004,0.7982835399866953,0.35653144584416513,0.11777525256182511,0.5135749294620736,0.7159135593533374,0.8667522389076243,0.0008538484652243043
43.900000000000006,0.0,0.17834362676506177,0.17163388497323218,0.4642835492056179,0.7461696767118035,0.7181036387818013,0.2745004163787812,0.1351901217373063,0.4886314222740322,0.7326119950664366,0.7986338420607766,0.35716633326691544,0.11796386482257641,0.5138965669925871,0.7155766967046866,0.8669836197662015,0.0008244807030553438
43.95,0.0,0.17905934374736515,0.17203232825246864,0.4646827729518296,0.7456271260322034,0.718593327724912,0.27525481776733723,0.1354629756490368,0.48900031316226356,0.7321502767592941,0.7989836129366732,0.35779926879106133,0.11815188640166258,0.5142174914439729,0.7152412622693761,0.8672146506409011,0.0007961230328288524
44.0,0.0,0.1797750426253811,0.17242956151070257,0.465081966531181,0.7450859282948261,0.7190822683618687,0.2760078990162497,0.13573494151555543,0.4893687722948449,0.7316901736461795,0.7993328507834124,0.35843024628822534,0.11833931656753992,0.5145377004364069,0.7149072594269491,0.8674453302812185,0.0007687407128533668
44.050000000000004,0.0,0.1804907028934877,0.1728255764895568,0.46548111688951727,0.7445461073123099,0.7195704583653484,0.2767596440362182,0.1360060160259335,0.48973679220862576,0.7312316980218275,0.7996815538668477,0.35905925987329484,0.11852615462285185,0.5148571916546862,0.7145746912921475,0.8676756575023673,0.0007423001963634249
44.1,0.0,0.18120630425238818,0.17322036506528618,0.46588021114628114,0.7440076862610168,0.7200578955344528,0.2775100370314574,0.13627619594726334,0.4901043655595689,0.7307748617104575,0.8000297205463149,0.35968630389912293,0.11871239990389304,0.5151759628470595,0.7142435607225723,0.8679056311829971,0.0007167690904205841
44.150000000000006,0.0,0.18192182660667694,0.17361391924781133,0.46627923659209364,0.7434706876931568,0.7205445777903738,0.2782590624950188,0.13654547812382758,0.4904714851209739,0.7303196760768758,0.8003773492714022,0.3603113729513676,0.11889805178008458,0.5154940118240852,0.7139138703261397,0.8681352502629905,0.0006921161162280217
44.2,0.0,0.18263725006247697,0.17400623117976258,0.4666781806863881,0.742935133548704,0.7210305031722055,0.27900670520422693,0.13681385947628033,0.49083814378174,0.7298661520373331,0.8007244385788294,0.3609344618434655,0.11908310965345968,0.5158113364575171,0.7135856224683361,0.8683645137413343,0.0006683110708100978
44.25,0.0,0.18335255492514638,0.17439729313553384,0.4670770310550963,0.7424010451671077,0.7215156698328962,0.2797529502162258,0.13708133700083946,0.49120433454466583,0.7294143000701411,0.8010709870894326,0.3615555656117356,0.1192675729581597,0.5161279346792164,0.713258819279279,0.8685934206740638,0.0006453247900099346
44.300000000000004,0.0,0.18406772169705182,0.17478709752034624,0.46747577548838465,0.7418684432988009,0.7220000760353369,0.28049778286363297,0.13734790776849004,0.4915700505247852,0.7289641302260529,0.8014169935052526,0.36217467951060955,0.1194514411599403,0.516443804480089,0.7129334626605873,0.8688219701722775,0.0006231291127596774
44.35,0.0,0.18478273107540635,0.17517563686932056,0.46787440193843927,0.7413373481165093,0.7224837201485818,0.2812411887502973,0.13761356892419832,0.4919352849477385,0.7285156521384121,0.8017624566067205,0.36279179900798486,0.11963471375568727,0.5167589439090476,0.7126095542920664,0.869050161400219,0.0006016968465796659
44.400000000000006,0.0,0.18549756395016959,0.1755629038465587,0.4682728985172981,0.740807779226363,0.7229666006441949,0.2819831537471582,0.13787831768613634,0.49230003114817794,0.7280688750330752,0.8021073752499398,0.3634069197806967,0.11981739027294197,0.5170733510719986,0.7122870956382126,0.8692779935734248,0.0005810017342642469
44.45,0.0,0.18621220140200814,0.1759488912442336,0.468671253494729,0.7402797556788135,0.7234487160927207,0.28272366398820215,0.13814215134491653,0.4926642825682057,0.7276238077381116,0.8024517483640602,0.36402003771010577,0.11999947026943603,0.5173870241308511,0.711966087954541,0.8695054659569355,0.0005610184217134143
44.5,0.0,0.1869266247003141,0.17633359198168708,0.4690694552961519,0.7397532959793591,0.723930065160272,0.28346270586651434,0.13840506726283616,0.4930280327558449,0.727180458693286,0.802795574948741,0.3646311488777976,0.12018095333263491,0.51769996130255,0.7116465322937423,0.8697325778635668,0.000541722426870867
44.550000000000004,0.0,0.18764081530127963,0.1767169991045356,0.4694674925006041,0.7392284180990807,0.7244106466052347,0.2842002660304225,0.13866706287313155,0.49339127536354127,0.7267388359593264,0.8031388540717002,0.3652402495613914,0.12036183907929049,0.5180121608581302,0.7113284295116721,0.8699593286522418,0.0005230901097304288
44.6,0.0,0.18835475484602573,0.1770991057837835,0.46986535383874706,0.7387051394849913,0.7248904592750809,0.28493633137972957,0.1389281356792415,0.4937540041466955,0.7262989472269845,0.8034815848663469,0.3658473362304539,0.12054212715500191,0.5183236211217923,0.7110117802731769,0.8701857177263776,0.0005050986433740852
44.650000000000006,0.0,0.18906842515878342,0.17747990531494331,0.4702630281909138,0.7381834770702019,0.7253695021032915,0.2856708890620332,0.1391882832540799,0.49411621296222497,0.7258607998258897,0.8038237665294943,0.366452405542516,0.12072181723378497,0.5186343404699997,0.7106965850577619,0.8704117445323294,0.0004877259860061552
44.7,0.0,0.1897818082451251,0.17785939111716303,0.4706605045851953,0.7376634472839054,0.7258477741063807,0.28640392646912893,0.1394475032393171,0.4944778957671542,0.7254244007332036,0.8041653983191497,0.3670554543391887,0.12090090901764941,0.5189443173305951,0.7103828441651032,0.8706374085578856,0.00047095085394933554
44.75,0.0,0.19049488629024497,0.17823755673235997,0.47105777219556494,0.7371450660611821,0.7263252743810212,0.287135431233495,0.13970579334467012,0.4948390466172331,0.7249897565820772,0.8045064795523802,0.3676564796423754,0.12107940223618419,0.5192535501819371,0.7100705577204104,0.8708627093308163,0.00045475269556953497
44.800000000000004,0.0,0.19120764165728607,0.17861439582436084,0.4714548203400397,0.7366283488526295,0.7268020021012667,0.28786539122485566,0.13996315134720105,0.49519965966558255,0.7245568736699167,0.8048470096032504,0.36825547865057834,0.12125729664615038,0.5195620375520555,0.7097597256796416,0.8710876464174696,0.00043911166609755315
44.85,0.0,0.19192005688571284,0.1789899021780481,0.47185163847887746,0.7361133106338182,0.7272779565158666,0.2885937945468213,0.14021957509062377,0.49555972916136587,0.7241257579664597,0.8051869879008303,0.3688524487352955,0.12143459203108158,0.5198697780178255,0.709450347834576,0.8713122194214167,0.0004240086033167572
44.900000000000006,0.0,0.19263211468972738,0.17936406969851199,0.4722482162128083,0.7355999659145773,0.7277531369456722,0.28932062953360277,0.14047506248461863,0.49591924944848625,0.7236964151216682,0.8055264139272708,0.369447387437506,0.12161128820089138,0.5201767702041595,0.7091424238177466,0.8715364279821435,0.0004094250040869706
44.95,0.0,0.1933437979567277,0.1797368924102081,0.47264454328130034,0.7350883287481115,0.7282275427811297,0.2900458847467973,0.14072961150415492,0.49627821496430896,0.7232688504734401,0.8058652872159444,0.37004029246424114,0.12178738499148825,0.5204830127832164,0.7088359531072387,0.8717602717737862,0.00039534300167581307
45.0,0.0,0.1940550897458068,0.18010836445612052,0.4730406095608574,0.7345784127399521,0.7287011734798573,0.29076954897224483,0.14098322018882078,0.49663662023840777,0.7228430690551456,0.8062036073496496,0.37063116168523846,0.12196288226439693,0.5207885044736279,0.7085309350313548,0.8719837505039107,0.00038174534386971955
45.050000000000004,0.0,0.19476597328629058,0.18047848009692996,0.473436405063349,0.7340702310567456,0.7291740285643047,0.29149161121695116,0.14123588664216083,0.49699445989133473,0.7224190756029887,0.806541373958875,0.3712199931296768,0.12213777990638681,0.5210932440397414,0.7082273687731522,0.872206863912333,0.0003686153718378218
45.1,0.0,0.19547643197631392,0.18084723371018677,0.4738319199343708,0.7335637964348818,0.7296461076194904,0.2922120607060775,0.14148760903102062,0.4973517286334131,0.7219968745632016,0.8068785867201241,0.37180678498298947,0.12231207782910672,0.521397230290879,0.7079252533748555,0.8724296117699806,0.00035593699972279755
45.150000000000006,0.0,0.19618644938143265,0.18121461978948888,0.474227144451635,0.7330591211889625,0.730117410290816,0.2929308868799933,0.14173838558489832,0.49770842126355247,0.7215764700990724,0.8072152453542953,0.37239153558375365,0.12248577596872602,0.5217004620806115,0.7076245877421468,0.8726519938777921,0.00034369469493368435
45.2,0.0,0.19689600923327077,0.1815806329436641,0.47462206902339,0.7325562172201168,0.7305879362819533,0.29364807939139065,0.14198821459530325,0.49806453266808537,0.7211578660978116,0.807551349625118,0.3729742434206537,0.12265887428558205,0.5220029383060479,0.7073253706483379,0.8728740100656556,0.0003318734591165135
45.25,0.0,0.19760509542820145,0.18194526789595689,0.47501668418686793,0.7320550960241612,0.7310576853528032,0.29436362810245886,0.14223709441512108,0.4984200578196253,0.7207410661772603,0.8078868993376414,0.3735549071295161,0.12283137276383341,0.5223046579071402,0.7070276007384272,0.8730956601913815,0.00032045880977945153
45.300000000000004,0.0,0.19831369202606017,0.18230851948321913,0.47541098060675985,0.7315557686996111,0.7315266573175234,0.29507752308211693,0.14248502345798544,0.49877499177594486,0.7203260736924431,0.8082218943367748,0.374133525490414,0.1230032714111193,0.5226056198660012,0.7067312765330444,0.8733169441397123,0.00030943676254993667
45.35,0.0,0.19902178324888942,0.1826703826551052,0.47580494907371745,0.7310582459555429,0.7319948520426214,0.2957897546033023,0.14273200019765608,0.4991293296788743,0.7199128917419705,0.8085563345058775,0.3747100974248396,0.12317457025822448,0.5229058232062371,0.7064363964322857,0.8735378618213646,0.00029879381404207425
45.400000000000006,0.0,0.19972935347971324,0.1830308524732707,0.47619858050288066,0.7305625381193108,0.7324622694451133,0.2965003131403142,0.14297802316740307,0.4994830667532191,0.7195015231742924,0.8088902197653962,0.3752846219929421,0.1233452693587498,0.5232052669922937,0.7061429587194438,0.8737584131721052,0.0002885169253133007
45.45,0.0,0.20043638726134078,0.18338992411057478,0.47659186593243036,0.7300686551441206,0.7329289094907436,0.29720918936621016,0.14322309095939717,0.4998361983056967,0.7190919705938077,0.8092235500715491,0.3758570983908292,0.12351536878878823,0.5235039503288154,0.705850961564633,0.8739785981518579,0.0002785935058900487
45.5,0.0,0.2011428692951976,0.18374759285028636,0.4769847965221657,0.7295766066164622,0.7333947721922651,0.2979163741502535,0.1434672022241061,0.5001887197238919,0.7186842363668318,0.8095563254150548,0.37642752594793105,0.12368486864660617,0.5238018723600166,0.7055604030283157,0.874198416743841,0.00026901139834284297
45.550000000000004,0.0,0.20184878444018367,0.1841038540852934,0.47737736355210497,0.729086401763404,0.733859857607777,0.2986218585554111,0.1437103556696966,0.5005406264752297,0.718278322627426,0.8098885458199041,0.37699590412442385,0.12385376905232989,0.5240990322690667,0.7052712810647291,0.8744178689537346,0.00025975886339192904
45.6,0.0,0.2025541177115572,0.18445870331731565,0.47776955842111,0.728598049459751,0.7343241658391189,0.2993256338358993,0.14395255006144198,0.5008919141059657,0.7178742312830921,0.8102202113421735,0.3775622325087122,0.12402207014763704,0.5243954292774862,0.7049835935252188,0.8746369548088762,0.00025082456552518795
45.650000000000006,0.0,0.20325885427984292,0.18481213615612047,0.47816137264553255,0.7281115582350691,0.7347876970303187,0.3000276914347764,0.14419378422113552,0.5012425782401944,0.7174719640203345,0.8105513220688791,0.37812651081496795,0.12418977209545304,0.5246910626445545,0.7046973381614781,0.874855674357483,0.00024219755911071664
45.7,0.0,0.2039629794697642,0.18516414831874176,0.47855279785788285,0.7276269362805774,0.7352504513660933,0.30072802298158147,0.14443405702650902,0.5015926145788726,0.7170715223100932,0.8108818781168702,0.3786887388807247,0.12435687507965229,0.5249859316667302,0.7044125126286986,0.8750740276679027,0.0002338672749870604
45.75,0.0,0.20466647875919802,0.1855147356287017,0.4789438258055197,0.727144191455912,0.7357124290703995,0.3014266202900162,0.14467336741065662,0.5019420188988607,0.7166729074130508,0.8112118796317589,0.379248916664525,0.12452337930476402,0.5252800356770819,0.7041291144886331,0.8752920148278875,0.00022582350751466866
45.800000000000004,0.0,0.2053693377781516,0.18586389401523534,0.47933444834936073,0.7266633312957623,0.7361736304050334,0.3021234753556704,0.14491171436146394,0.502290787051978,0.716276120384816,0.8115413267868877,0.3798070442436205,0.12468928499568273,0.5255733740447291,0.7038471412125723,0.8755096359438952,0.00021805640207271058
45.85,0.0,0.20607154230776006,0.18621161951251805,0.4797246574626134,0.7261843630163826,0.736634055668278,0.30281858035378884,0.14514909692104214,0.5026389149640752,0.7158811620809874,0.8118702197823313,0.38036312181172205,0.12485459239738297,0.5258659461742953,0.7035665901842405,0.8757268911404125,0.00021055644298593245
45.900000000000006,0.0,0.2067730782793042,0.18655790825889523,0.48011444522952523,0.7257072935219806,0.7370937051935954,0.30351192763707796,0.14538551418516701,0.5029863986341201,0.7154880331620982,0.8121985588439324,0.3809171496767992,0.1250193017746386,0.52615775150537,0.7032874587026097,0.8759437805593021,0.0002033144418667658
45.95,0.0,0.20747393177324755,0.18690275649611485,0.48050380384415364,0.7252321294109866,0.7375525793483636,0.3042035097335525,0.14562096530272287,0.5033332341332993,0.7150967340984477,0.8125263442223709,0.38146912825892726,0.12518341341174619,0.5264487895119816,0.7030097439846354,0.8761603043591727,0.0001963215263584038
46.0,0.0,0.2081740890182919,0.1872461605685623,0.4808927256091539,0.7247588769822032,0.7380106785326561,0.30489331934441916,0.14585544947515108,0.5036794176041338,0.7147072651748188,0.812853576192264,0.38201905808818104,0.12534692761225247,0.5267390597020793,0.7027334431679175,0.8763764627147692,0.00018956912926505504
46.050000000000004,0.0,0.20887353639045045,0.1875881169224976,0.4812812029345857,0.7242875422408392,0.738468003178062,0.30558134934199793,0.14608896595590354,0.504024945259608,0.7143196264950874,0.8131802550512971,0.38256693980257334,0.12550984469868598,0.5270285616170255,0.7024585533132858,0.8765922558163851,0.00018304897805605737
46.1,0.0,0.20957226041213806,0.18792862210529485,0.4816692283367371,0.7238181309044299,0.7389245537465468,0.3062675927676785,0.14632151404990026,0.5043698133823126,0.7139338179867235,0.8135063811193851,0.3831127741460375,0.12567216501229256,0.5273172948310961,0.7021850714073142,0.8768076838692943,0.00017675308473099369
46.150000000000006,0.0,0.21027024775127753,0.18826767276468387,0.4820567944369661,0.7233506484086444,0.7393803307293504,0.3069520428299118,0.14655309311299183,0.5047140183236013,0.7135498394051881,0.8138319547378609,0.38365656196645237,0.12583388891277458,0.5276052589509914,0.7019129943647657,0.8770227470932023,0.00017067373603339275
46.2,0.0,0.21096748522042155,0.1886052656479941,0.48244389396055865,0.7228850999129832,0.739835334645924,0.30763469290223483,0.14678370255142603,0.5050575565027595,0.7131676903382281,0.8141569762686922,0.384198304213709,0.1259950167780341,0.5278924536153545,0.7016423190309685,0.8772374457217166,0.00016480348400102552
46.25,0.0,0.21166395977588942,0.1889413976014004,0.4828305197356033,0.7224214903063687,0.7402895660429012,0.3083155365213287,0.14701334182131875,0.5054004244061863,0.7127873702100712,0.8144814460937254,0.38473800193781704,0.12615554900391954,0.5281788784942989,0.7013730421841262,0.8774517800018349,0.00015913513684122035
46.300000000000004,0.0,0.21235965851691793,0.18927606556917095,0.48321666469188196,0.7219598242126279,0.740743025493105,0.30899456738510783,0.14724201042812918,0.5057426185865883,0.7124088782855234,0.8148053646139543,0.38527565628705107,0.12631548600397602,0.5284645332889442,0.7011051605375646,0.8776657501934508,0.00015366175012001773
46.35,0.0,0.21305456868482586,0.18960926659291702,0.4836023218597758,0.7215001059958727,0.7411957135945878,0.3096717793508404,0.14746970792613903,0.5060841356621862,0.7120322136739714,0.8151287322488142,0.3858112685061341,0.1264748282091991,0.5287494177309602,0.7008386707419149,0.877879356568877,0.00014837661825437055
46.400000000000006,0.0,0.21374867766219138,0.1899409978108448,0.4839874843691871,0.7210423397657766,0.7416476309697038,0.31034716643329835,0.14769643391793602,0.5064249723159323,0.7116573753332923,0.8154515494355005,0.3863448399344589,0.12663357606779208,0.5290335315821186,0.7005735693872375,0.8780925994123835,0.00014327326629696638
46.45,0.0,0.21444197297204176,0.19027125645700893,0.48437214544847523,0.7205865293827522,0.7420987782642128,0.31102072280293686,0.14792218805390106,0.5067651252947399,0.7112843620736723,0.8157738166283093,0.38687637200434466,0.1267917300449263,0.529316874633853,0.700309853005086,0.8783054790197534,0.00013834544200360757
46.5,0.0,0.21513444227705492,0.19060003986056787,0.4847562984234078,0.72013267846303,0.7425491561464148,0.3116924427841015,0.1481469700316996,0.5071045914087241,0.7109131725613368,0.8160955342980017,0.38740586623932916,0.12694929062250523,0.5295994467068256,0.7000475180705139,0.8785179956978526,0.0001335871081734304
46.550000000000004,0.0,0.2158260733787722,0.19092734544504109,0.48513993671612543,0.7196807903836396,0.7429987653063129,0.3123623208532634,0.14837077959577671,0.507443367530453,0.7105438053221947,0.8164167029311891,0.38793332425249477,0.12710625829893116,0.5298812476505018,0.6997865610040266,0.8787301497642144,0.00012899243525257915
46.6,0.0,0.2165168542168217,0.19125317072756803,0.4855230538441209,0.7192308682872979,0.7434476064548053,0.3130303516372804,0.14859361653685593,0.5077814505942105,0.7101762587453978,0.8167373230297392,0.3884587477448276,0.12726263358887546,0.5301622773427322,0.6995269781734779,0.8789419415466387,0.0001245557941922739
46.650000000000006,0.0,0.21720677286815207,0.19157751331816864,0.4859056434192313,0.7187829150872026,0.7438956803229041,0.31369652991168473,0.14881548069144188,0.5081188375952685,0.7098105310868175,0.8170573951102035,0.3889821385036088,0.12741841702305165,0.5304425356893412,0.699268765895915,0.8791533713828054,0.00012027174955252186
46.7,0.0,0.21789581754627563,0.1919003709190056,0.4862876991466438,0.7183369334717357,0.7443429876609807,0.31436085059899516,0.1490363719413266,0.5084555255891703,0.709446620472442,0.8173769197032623,0.38950349840083753,0.12757360914799143,0.5307220226237221,0.6990119204393721,0.8793644396198993,0.00011613505284302393
46.75,0.0,0.21858397660052092,0.19222174132364842,0.4866692148239141,0.7178929259090766,0.7447895292380371,0.3150233087670541,0.14925629021309936,0.5087915116910234,0.7090845249016947,0.8176958973531907,0.3900228293916842,0.1277282105258238,0.5310007381064401,0.6987564380246141,0.8795751466142502,0.00011214063609311782
46.800000000000004,0.0,0.2192712385152941,0.19254162241633874,0.48705018433999764,0.7174508946517282,0.7452353058410011,0.3156838996273881,0.14947523547766012,0.5091267930748026,0.7087242422506754,0.8180143286173414,0.39054013351297334,0.1278822217340569,0.5312786821248402,0.6985023148268322,0.8797854927309833,0.00010828360564288039
46.85,0.0,0.21995759190934824,0.19286001217125767,0.48743060167429303,0.7170108417409559,0.7456803182740456,0.3163426185335916,0.14969320774973643,0.5094613669726619,0.7083657702753277,0.8183322140656455,0.3910554128816957,0.12803564336536255,0.5315558546926629,0.6982495469772929,0.8799954783436829,0.00010455923614778243
46.900000000000006,0.0,0.220643025535061,0.1931769086517944,0.48781046089569774,0.7165727690111429,0.7461245673579316,0.3169994609797329,0.1499102070874039,0.5097952306742568,0.7080091066145323,0.818649554280131,0.3915686696935483,0.1281884760273638,0.5318322558496651,0.6979981305649408,0.8802051038340669,0.00010096296478955074
46.95,0.0,0.22132752827771934,0.19349231000981654,0.4881897561616754,0.716136678094062,0.7465680539293728,0.31765442259878246,0.15012623359160993,0.5101283815260752,0.7076542487931307,0.8189663498544565,0.3920799062215019,0.12834072034242483,0.5321078856612479,0.6977480616379578,0.8804143695916731,9.749038568614538e-05
47.0,0.0,0.2220110891548116,0.1938062144849419,0.4885684817173349,0.7157025704230668,0.7470107788404211,0.3183074991610615,0.15034128740570077,0.5104608169307772,0.7073011942248772,0.819282601393462,0.3925891248143953,0.1284923769474437,0.5323827442180892,0.6974993362052788,0.8806232760135553,9.413724449400326e-05
47.050000000000004,0.0,0.2226936973153261,0.1941186204038119,0.48894663189452037,0.7152704472372027,0.7474527429578747,0.3189586865727122,0.15055536871495212,0.5107925343465436,0.7069499402153258,0.8195983095127343,0.39309632789555526,0.12864344649364756,0.5326568316357833,0.697251950238066,0.880831823503991,9.089943319593538e-05
47.1,0.0,0.22337534203905607,0.19442952617936646,0.4893242011109128,0.7148403095852391,0.7478939471627045,0.31960798087418735,0.15076847774610275,0.5111235312864342,0.7066004839646478,0.8199134748381872,0.3936015179614424,0.1287939296463904,0.5329301480544852,0.697005899671142,0.8810400124741986,8.777298506829218e-05
47.150000000000006,0.0,0.22405601273591064,0.19473893031012052,0.48970118386914196,0.7144121583296267,0.7483343923495009,0.32025537823875966,0.15098061476689142,0.5114538053177524,0.7062528225703878,0.8202280980056568,0.39410469758032096,0.12894382708495317,0.5332026936385613,0.6967611804043841,0.8812478433420636,8.475406982123114e-05
47.2,0.0,0.22473569894523132,0.19504683137944187,0.4900775747559095,0.7139859941503776,0.748774079425939,0.32090087497105024,0.1511917800855971,0.5117833540614204,0.7059069530301544,0.8205421796605097,0.3946058693909534,0.12909313950234652,0.5334744685762445,0.6965177883040796,0.8814553165318757,8.183898890613279e-05
47.25,0.0,0.22541439033511393,0.19535322805483077,0.4904533684411218,0.7135618175488728,0.749213009312262,0.32154446750557547,0.15140197405058214,0.5121121751913607,0.7055628722442505,0.8208557204572654,0.3951050361013175,0.12924186760511566,0.5337454730792952,0.6962757192042446,0.8816624324740736,7.902417098441629e-05
47.300000000000004,0.0,0.2260920767017354,0.19565811908720082,0.49082855967703354,0.7131396288515974,0.749651182940782,0.3221861524053118,0.15161119704983866,0.5124402664338863,0.7052205770182436,0.8211687210592308,0.3956022004873473,0.1293900121131477,0.5340157073826677,0.6960349689079055,0.8818691916049993,7.630616755220312e-05
47.35,0.0,0.2267687479686853,0.19596150331016157,0.49120314329740106,0.7127194282138044,0.7500886012553984,0.3228259263602781,0.1518194495105381,0.5127676255670989,0.7048800640654765,0.8214811821381477,0.3960973653916954,0.12953757375948122,0.5342851717441807,0.6957955331883466,0.8820755943666606,7.368164871546871e-05
47.400000000000006,0.0,0.2274443941863018,0.1962633796393026,0.4915771142166454,0.7123012156231091,0.7505252652111315,0.32346378618613547,0.15202673189858362,0.513094250420294,0.7045413300095225,0.8217931043738527,0.39659053372251735,0.12968455329011797,0.5345538664441937,0.6955574077903225,0.8822816412065017,7.114739911050593e-05
47.45,0.0,0.22811900553101172,0.19656374707147903,0.4919504674290253,0.7118849909030159,0.7509611757736728,0.32409972882280286,0.15223304471816565,0.5134201388733743,0.7042043713865827,0.8221044884539476,0.39708170845227725,0.12983095146383694,0.5348217917852877,0.6953205884312376,0.8824873325771817,6.87003139647025e-05
47.5,0.0,0.2287925723046744,0.19686260468409866,0.4923231980078191,0.7114707537163776,0.7513963339189503,0.3247337513330899,0.15243838851132038,0.5137452888562699,0.7038691846478311,0.8224153350734822,0.3975708926165736,0.12997676905201042,0.5350889480919507,0.6950850708022934,0.8826926689363612,6.633739529280645e-05
47.550000000000004,0.0,0.22946508493392925,0.19715995163441072,0.49269530110451626,0.7110585035687893,0.7518307406327087,0.32536585090134484,0.15264276385749118,0.5140696983483657,0.7035357661617049,0.8227256449346476,0.3980580893129856,0.13012200683842223,0.535355335710268,0.6948508505696047,0.8828976507464956,6.405574822401928e-05
47.6,0.0,0.23013653396954667,0.197455787158796,0.4930667719480179,0.7106482398119186,0.7522643969101035,0.32599602483211815,0.15284617137309295,0.514393365377936,0.7032041122161435,0.8230354187464798,0.39854330169993885,0.13026666561908798,0.5356209550076166,0.6946179233752845,0.8831022784746355,6.185257745541735e-05
47.650000000000006,0.0,0.2308069100857819,0.19775011057205874,0.493437605843846,0.7102399616467724,0.7526973037553094,0.32662427054884113,0.15304861171107942,0.5147162880215861,0.7028742190207772,0.8233446572245734,0.39902653299559027,0.1304107462020774,0.5358858063723646,0.6943862848385,0.8833065525922347,5.9725183827356286e-05
47.7,0.0,0.23147620407973216,0.19804292126672,0.49380779817336157,0.7098336681269017,0.7531294621811416,0.3272505855925192,0.15325008556051323,0.5150384644037005,0.7025460827090658,0.8236533610908057,0.39950778647673146,0.13055424940733867,0.5361498902135742,0.6941559305564995,0.883510473574964,5.767096101666297e-05
47.75,0.0,0.232144406870696,0.19833421871231258,0.4941773443929913,0.7094293581615471,0.7535608732086903,0.32787496762043933,0.1534505936461389,0.5153598926958979,0.7022196993403901,0.8239615310730694,0.3999870654777106,0.1306971760665246,0.5364132069607096,0.6939268561056116,0.8837140419025321,5.568739234356379e-05
47.800000000000004,0.0,0.23281150949953566,0.19862400245467773,0.49454624003346265,0.7090270305187228,0.7539915378669672,0.3284974144048918,0.15365013672795858,0.5156805711164926,0.7018950649020951,0.8242691679050154,0.4004643733893719,0.13083952702282087,0.5366757570633489,0.6936990570422169,0.8839172580585117,5.377204768843725e-05
47.85,0.0,0.23347750312804125,0.19891227211526336,0.49491448069904703,0.7086266838282455,0.7544214571925646,0.32911792383190497,0.15384871560081073,0.5160004979299626,0.7015721753114885,0.8245762723258034,0.4009397136580123,0.1309813031307761,0.5369375409908997,0.6934725289036935,0.8841201225301731,5.1922580514613636e-05
47.900000000000006,0.0,0.23414237903829738,0.1991990273904238,0.4952820620668115,0.7082283165847029,0.7548506322293257,0.3297364938999941,0.15404633109395136,0.5163196714464237,0.7012510264177935,0.8248828450798623,0.40141308978435536,0.13112250525613375,0.5371985592323192,0.6932472672093364,0.8843226358083219,5.01367249935742e-05
47.95,0.0,0.23480612863205155,0.1994842680507215,0.4956489798858781,0.7078319271503695,0.7552790640280264,0.3303531227189226,0.15424298407063816,0.5166380900211097,0.7009316140040583,0.8251888869166574,0.4018845053225416,0.13126313427566585,0.5374588122958374,0.6930232674612529,0.8845247983871436,4.8412293229027936e-05
48.0,0.0,0.23546874343008445,0.19976799394023018,0.4960152299766909,0.7074375137580652,0.7557067536460674,0.330967808508476,0.15443867542771741,0.5169557520538596,0.7006139337890234,0.8254943985904666,0.4023539638791348,0.13140319107700857,0.5377183007086851,0.6928005251452326,0.8847266107640526,4.67471725764651e-05
48.050000000000004,0.0,0.2361302150715817,0.2000502049758398,0.49638080823029135,0.7070450745139617,0.756133702147178,0.33158054959724886,0.15463340609521345,0.5172726559886092,0.700297981428946,0.8257993808601642,0.4028214691121443,0.1315426765584995,0.5379770250168252,0.6925790357315946,0.8849280734395472,4.513932305490353e-05
48.1,0.0,0.23679053531350713,0.20033090114656327,0.4967457106076006,0.7066546074003358,0.7565599106011284,0.33219134442144316,0.15482717703592094,0.5175888003128901,0.699983752519385,0.8261038344890119,0.40328702473006245,0.13168159162901671,0.5382349857846873,0.6923587946760118,0.8851291869170689,4.35867748476569e-05
48.150000000000006,0.0,0.23744969602997754,0.20061008251284476,0.49710993313870955,0.7062661102782708,0.7569853800834528,0.3328001915236789,0.15501998924499988,0.5179041835573338,0.6996712425969464,0.8264077602444566,0.40375063449091764,0.13181993720781954,0.5384921835949065,0.6921397974203123,0.8853299517028673,4.2087625889063e-05
48.2,0.0,0.23810768921163833,0.20088774920587005,0.49747347192217634,0.7058795808903079,0.7574101116751824,0.33340708955181625,0.1552118437495731,0.5182188042951812,0.6993604471409882,0.826711158897936,0.40421230220134124,0.1319577142243909,0.5387486190480653,0.6919220393932597,0.8855303683058692,4.06400395342155e-05
48.25,0.0,0.23876450696504042,0.20116390142687837,0.4978363231243308,0.7054950168630478,0.757834106462586,0.334012037257789,0.15540274160832648,0.5185326611417982,0.6990513615752904,0.8270140312246904,0.4046720317156497,0.13209492361828148,0.5390042927624392,0.6917055160113125,0.8857304372375518,3.9242242308844296e-05
48.300000000000004,0.0,0.23942014151201804,0.20143853944647636,0.49819848297858604,0.705112415709704,0.7582573655369212,0.3346150334964492,0.15559268391111195,0.5188457527541968,0.6987439812696852,0.827316378003581,0.40512982693494026,0.13223156633895541,0.5392592053737458,0.6914902226793626,0.8859301590118217,3.789252173658783e-05
48.35,0.0,0.24007458518906732,0.20171166360395365,0.4985599477847574,0.7047317748326073,0.7586798899941929,0.3352160772244227,0.1557816717785528,0.5191580778305609,0.6984383015416534,0.8276182000169146,0.4055856918062005,0.13236764334563755,0.5395133575348967,0.6912761547914541,0.8861295341448964,3.65892242409954e-05
48.400000000000006,0.0,0.24072783044672558,0.20198327430660046,0.49892071390838766,0.7043530915256658,0.7591016809349203,0.33581516749897516,0.15596970636165186,0.5194696351097785,0.6981343176578848,0.8279194980502738,0.40603963032143153,0.13250315560716242,0.5397667499157529,0.6910633077314832,0.8863285631551909,3.533075311968931e-05
48.45,0.0,0.2413798698489513,0.20225337202902696,0.49928077778007957,0.7039763629767771,0.7595227394639124,0.3364123034768888,0.1561567888414022,0.5197804233709782,0.6978320248358038,0.8282202728923541,0.406491646516784,0.13263810410182464,0.540019383202884,0.690851676873878,0.8865272465632085,3.41155665882048e-05
48.5,0.0,0.24203069607250446,0.2025219573124848,0.4996401358948347,0.7036015862701966,0.7599430666900505,0.337007484413349,0.1563429204284002,0.5200904414330713,0.6975314182450625,0.828520525334806,0.40694174447170717,0.1327724898172309,0.5402712580993297,0.6906412575842623,0.8867255848914342,3.294217589111133e-05
48.550000000000004,0.0,0.24268030190632753,0.20278903076419022,0.4999987848113992,0.703228758388862,0.760362663726079,0.3376007096608415,0.15652810236246162,0.5203996881542985,0.6972324930090006,0.8288202561720822,0.4073899283081107,0.13290631375015344,0.5405223753243648,0.6904320452200992,0.886923578664233,3.180914347810105e-05
48.6,0.0,0.24332868025092655,0.20305459305664958,0.5003567211516156,0.702857876216674,0.7607815316884021,0.33819197866805883,0.15671233591223968,0.5207081624317826,0.6969352442060734,0.8291194662012906,0.4078362021895386,0.1330395769063851,0.5407727356132667,0.690224035131319,0.8871212284077511,3.071508124280991e-05
48.650000000000006,0.0,0.24397582411775268,0.20331864492698648,0.5007139415997813,0.7024889365407354,0.761199671696889,0.3387812909788168,0.15689562237484614,0.521015863201085,0.696639666871249,0.8294181562220524,0.40828057032035514,0.13317228030059566,0.5410223397170871,0.6900172226609301,0.8873185346498206,2.9658648822213854e-05
48.7,0.0,0.2446217266285838,0.20358118717627124,0.5010704429020135,0.7021219360535488,0.7616170848746843,0.3393686462309804,0.15707796307547464,0.521322789435767,0.696345755997374,0.8297163270363648,0.4087230369449429,0.1333044249561898,0.5412711884024255,0.6898116031456132,0.8875154979198676,2.8638551954516512e-05
48.75,0.0,0.2452663810149063,0.2038422206688523,0.5014262218656198,0.7017568713551732,0.7620337723480263,0.3399540441553988,0.15725935936702665,0.5216289401469576,0.6960535065365112,0.8300139794484686,0.409163606346912,0.13343601190516644,0.5415192824512055,0.6896071719162994,0.8877121187488237,2.7653540893516694e-05
48.800000000000004,0.0,0.24590978061729693,0.20410174633168965,0.5017812753584753,0.7013937389553411,0.7624497352460705,0.34053748457484995,0.15743981262973988,0.5219343143829234,0.6957629134012467,0.8303111142647205,0.40960228284832123,0.13356704218797938,0.5417666226604548,0.689403924298734,0.8879083976690401,2.6702408877513037e-05
48.85,0.0,0.2465519188848046,0.20435976515369056,0.5021356003084058,0.7010325352755369,0.7628649747007199,0.3411189674029935,0.1576193242708193,0.522238911228645,0.6954739714659699,0.8306077322934697,0.41003907080890956,0.1336975168533995,0.5420132098420875,0.689201855614024,0.8881043352142048,2.578399065087005e-05
48.900000000000006,0.0,0.2471927893743322,0.20461627818504732,0.5024891937025764,0.7006732566510363,0.7632794918464603,0.34169849264333335,0.1577978957240704,0.5225427298053974,0.6951866755681246,0.8309038343449389,0.4104739746253391,0.1338274369583783,0.5422590448226885,0.689000961179172,0.8882999319192636,2.489716103643427e-05
48.95,0.0,0.2478323857500183,0.20487128653657724,0.502842052586887,0.7003158993329092,0.7636932878202022,0.34227606038818803,0.15797552844953539,0.5228457692703345,0.6949010205094347,0.8311994212311087,0.41090699873044845,0.13395680356791256,0.5425041284433019,0.6888012363075949,0.8884951883203421,2.4040833557051576e-05
49.0,0.0,0.2484707017826187,0.20512479137906475,0.5031941740653721,0.6999604594899848,0.7641063637611278,0.3428516708176705,0.1581522239331312,0.5231480288160789,0.6946170010571017,0.8314944937656075,0.4113381475925167,0.1340856177549107,0.5427484615592209,0.6886026763096302,0.8886901049546723,2.321395910449683e-05
49.050000000000004,0.0,0.24910773134888778,0.2053767939426059,0.5035455552996081,0.6996069332107816,0.7645187208105431,0.34342532419867544,0.15832798368629056,0.5234495076703147,0.6943346119449777,0.8317890527636039,0.4117674257145375,0.1342138806000602,0.5429920450397806,0.6884052764930271,0.8888846823605201,2.2415524654185153e-05
49.1,0.0,0.2497434684309596,0.20562729551595504,0.5038961935081243,0.6992553165054015,0.7649303601117349,0.34399702088387574,0.15850280924560525,0.5237502050953861,0.694053847874713,0.8320830990417035,0.4121948376335032,0.13434159319169636,0.5432348797681538,0.6882090321634261,0.8890789210771168,2.164455202409013e-05
49.150000000000006,0.0,0.25037790711572894,0.2058762974458737,0.5042460859658212,0.6989056053073894,0.7653412828098337,0.3445667613107263,0.15867670217247176,0.524050120387899,0.6937747035168789,0.832376633417849,0.41262038791969885,0.13446875662567248,0.5434769666411483,0.6880139386248253,0.8892728216445919,2.0900096676348553e-05
49.2,0.0,0.25101104159423177,0.20612380113648202,0.504595230003393,0.698557795475559,0.7657514900516804,0.3451345460004764,0.1588496640527395,0.5243492528783278,0.6934971735120662,0.8326696567112237,0.4130440811760062,0.1345953720052311,0.5437183065690079,0.6878199911800338,0.8894663846039087,2.0181246560083435e-05
49.25,0.0,0.2516428661610257,0.20636980804861232,0.5049436230067563,0.6982118827957847,0.766160982985698,0.3457003755571898,0.15902169649636141,0.5246476019306251,0.693221252471961,0.8329621697421591,0.4134659220372166,0.13472144044087678,0.5439589004752146,0.6876271851311141,0.8896596104968023,1.948712099402765e-05
49.300000000000004,0.0,0.25227337521356996,0.2066143196991652,0.5052912624164839,0.6978678629827622,0.7665697627617678,0.3462642506667725,0.1591928011370469,0.5249451669418366,0.692946934980397,0.8332541733320445,0.4138859151693536,0.1348469630502497,0.5441987492962941,0.6874355157798119,0.8898524998657196,1.8816869587579296e-05
49.35,0.0,0.25290256325160493,0.20685733766046796,0.5056381457272437,0.697525731681735,0.7669778305311096,0.3468261720960086,0.15936297963191734,0.5252419473417195,0.6926742155943854,0.8335456683032412,0.41430406526900465,0.134971940958001,0.5444378539816231,0.687244978427975,0.890045053253761,1.8169671198966857e-05
49.400000000000006,0.0,0.2535304248765316,0.20709886355963553,0.5059842704872431,0.697185484470192,0.7673851874461664,0.347386140691603,0.15953223366116392,0.5255379425923646,0.6924030888451234,0.8338366554789982,0.4147203770626619,0.13509637529566884,0.5446762154932393,0.6870555683779612,0.8902372712046251,1.7544732929247895e-05
49.45,0.0,0.2541569547907905,0.20733889907793385,0.5063296342976785,0.6968471168595318,0.7677918346604928,0.34794415737923245,0.1597005649277079,0.525833152187823,0.6921335492389806,0.8341271356833722,0.4151348553060713,0.13522026720155605,0.5449138348056531,0.6868672809330347,0.8904291542625546,1.6941289150908694e-05
49.5,0.0,0.2547821477972402,0.20757744595014566,0.5066742348121896,0.6965106242966987,0.7681977733286481,0.34850022316260326,0.15986797515686313,0.5261275756537357,0.6918655912584653,0.8344171097411492,0.41554750478359104,0.13534361782060875,0.5451507129056622,0.6866801113977529,0.8906207029722841,1.635860056987485e-05
49.550000000000004,0.0,0.25540599879853554,0.207814505963939,0.5070180697363195,0.6961760021657883,0.7686030046060917,0.34905433912251677,0.1600344660960012,0.5264212125469676,0.6915992093631692,0.8347065784777703,0.41595833030755797,0.13546642830429606,0.5453868507921676,0.6864940550783423,0.8908119178789902,1.5795953319783578e-05
49.6,0.0,0.2560285027965055,0.20805008095923808,0.5073611368269784,0.695843245789624,0.7690075296490831,0.34960650641594165,0.16020003951421877,0.5267140624552455,0.691334397990694,0.8349955427192584,0.4163673367176626,0.13558869981049132,0.5456222494759928,0.686309107283065,0.8910027995282428,1.5252658087408192e-05
49.650000000000006,0.0,0.2566496548915306,0.20828417282759687,0.5077034338919139,0.6955123504313052,0.7694113496145858,0.35015672627509364,0.16036469720200744,0.527006124996799,0.691071151557556,0.8352840032921486,0.4167745288803323,0.13571043350335407,0.5458569099797039,0.6861252633225752,0.891193348465959,1.4728049268163195e-05
49.7,0.0,0.2572694502819198,0.20851678351157524,0.5080449587891848,0.6951833112957275,0.7698144656601733,0.35070500000652205,0.16052844097092583,0.5272973998200055,0.6908094644600744,0.8355719610234214,0.41717991168812263,0.13583163055321337,0.5460908333374331,0.6859425185102659,0.8913835652383575,1.422148415065546e-05
49.75,0.0,0.2578878842632874,0.20874791500411766,0.5083857094266403,0.6948561235310757,0.7702168789439395,0.35125132899020334,0.16069127265327413,0.5275878866030389,0.6905493310752383,0.8358594167404366,0.41758349005911644,0.1359522921364522,0.546324020594703,0.6857608681626073,0.8915734503919154,1.3732342129282414e-05
49.800000000000004,0.0,0.25850495222792935,0.20897756934793474,0.5087256837614043,0.6945307822302894,0.770618590624412,0.3517957146786415,0.1608531941017709,0.5278775850535217,0.6902907457615574,0.8361463712708715,0.41798526893633076,0.13607241943539297,0.5465564728082537,0.6855803075994755,0.8917630044733263,1.3260023943912579e-05
49.85,0.0,0.2591206496641991,0.20920574863488733,0.5090648797993632,0.6942072824325028,0.7710196018604675,0.3523381585959754,0.16101420718923246,0.5281664949081802,0.6900337028598938,0.83643282544266,0.4183852532871316,0.1361920136381841,0.546788191045872,0.6854008321444731,0.8919522280294601,1.2803950945716996e-05
49.900000000000006,0.0,0.25973497215588326,0.20943245500537339,0.5094032955946599,0.6938856191244585,0.7714199138112519,0.3528786623370924,0.1611743138082543,0.5284546159325043,0.6897781966942773,0.8367187800839339,0.4187834481026561,0.1363110759386877,0.5470191763862218,0.6852224371252406,0.8921411216073233,1.2363564388252057e-05
49.95,0.0,0.2603479153815769,0.20965769064771755,0.509740929249191,0.6935657872418951,0.7718195276361016,0.3534172275667493,0.16133351587089517,0.5287419479204093,0.6895242215727022,0.8370042360229671,0.41917985839724214,0.1364296075363684,0.5472494299186772,0.68504511787376,0.8923296857540223,1.1938324742925257e-05
50.0,0.0,0.2609594751140586,0.20988145779756356,0.5100777789121095,0.6932477816709117,0.772218444494469,0.35395385601869916,0.16149181530836315,0.5290284906939021,0.6892717717879089,0.8372891940881213,0.4195744892078652,0.13654760963618312,0.5474789527431574,0.6848688697266506,0.8925179210167268,1.1527711038005213e-05
