time,input,primary_sensitive,primary_resistant,primary_immune,primary_resource,primary_reserve,secondary_sensitive,secondary_resistant,secondary_immune,secondary_resource,secondary_reserve,third_sensitive,third_resistant,third_immune,third_resource,third_reserve,exposure
0.0,0.9,0.28,0.012,0.12,0.8,1.0,0.025,0.002,0.12,0.8,1.0,0.005,0.001,0.12,0.8,1.0,0.0
0.05,0.9,0.28120499135308524,0.01205144475707054,0.12199285954359695,0.8009522463646027,0.9998777600713763,0.02528014916407003,0.0020168760519715455,0.12014004905931051,0.8072002223455349,0.9999205423561348,0.005151474487662211,0.0010113122111540683,0.11959739335599487,0.8076981983673559,0.9999511022454011,0.044221607109375005
0.1,0.9,0.28201384548491,0.012100897473962133,0.12395666806388154,0.8018325217986764,0.9995170341906381,0.025541101869607338,0.002033771925775447,0.1202720372524357,0.8141044781155428,0.9996860456861661,0.005302001495151678,0.0010227188718463698,0.11919355817289368,0.8150886107863851,0.9998067856792608,0.08692223046904429
0.15000000000000002,0.9,0.2824377085401733,0.012148428698570597,0.12589074880822887,0.8026516313832842,0.9989267021881378,0.025782888745319935,0.00205068781689896,0.12039600475811249,0.8207239445745043,0.9993022252117301,0.005451361635607832,0.0010342194428787624,0.11878879548220468,0.8221827027136693,0.9995705424429222,0.12815418368129614
0.2,0.9,0.282488955989222,0.012194109139125072,0.12779448792739753,0.8034197075375131,0.9981154893112747,0.026005588716738335,0.002067623948227503,0.12051198611347069,0.8270695184454468,0.998774663201546,0.005599344434791372,0.0010458134124263403,0.11838338605320943,0.8289915948168106,0.9992457685619233,0.16796798104386684
0.25,0.9,0.28218102278560225,0.01223800941142167,0.12966733012222503,0.8041462052909876,0.9970919583119312,0.026209326199729828,0.0020845805727150255,0.12062001108467169,0.8331518089392075,0.9981088080168432,0.005745748888030108,0.0010575002969278062,0.11797759123612192,0.8355260660127182,0.9988357651755385,0.206412399436271
0.30000000000000004,0.9,0.2815282388350266,0.012280199805940683,0.13150877454257162,0.804839903783874,0.9958645026434748,0.026394268246915518,0.0021015579756197634,0.12072010546953392,0.8389811325035885,0.9973099735591913,0.0058903839206159506,0.001069279641833167,0.1175716538056717,0.8417965572335195,0.9983437398682778,0.24353453807757722
0.35000000000000003,0.9,0.2805456711161414,0.012320750075061967,0.13331837093127596,0.8055089132716264,0.9944413406910749,0.026560621668557723,0.00211855647633477,0.1208122918354222,0.8445675091423079,0.9963833390865137,0.006033068755489412,0.0010811510222176603,0.11716579880117464,0.847813175833381,0.9977728080909759,0.2793798762288402
0.4,0.9,0.27924897353712647,0.012359729240301796,0.13509571600507544,0.8061606869256456,0.9928305109620003,0.026708630147898427,0.002135576429842446,0.12089659019571494,0.8499206601610559,0.9953339493650033,0.006173633192696262,0.0010931140432707779,0.11676023435950568,0.8535857005561299,0.9971259946599869,0.3139923289108815
0.45,0.9,0.27765424537206124,0.012397205419246325,0.13684045006390724,0.8068020367455616,0.9910398681655795,0.026838571369298334,0.0021526182278218666,0.12097301862816363,0.8550500072055047,0.9941667151265405,0.0063119178056131485,0.0011051683406691367,0.11635515253773954,0.8591235869898255,0.9964062353238425,0.3474143007056807
0.5,0.9,0.2757778988996255,0.012433245671650422,0.1385522538196828,0.8074391529318087,0.9890770801155881,0.026950754175872657,0.0021696822994370845,0.12104159383842744,0.8599646724636977,0.9928864138030402,0.006447774059324439,0.0011173135808417664,0.11595073012257541,0.864435973440341,0.9956163783875248,0.37968673770728967
0.55,0.9,0.2736365366656673,0.012467915864003363,0.14023084543547004,0.8080776261065176,0.9869496253909424,0.02704551577166442,0.0021867691118338077,0.12110233167200941,0.864673479912798,0.9914976905109162,0.006581064356801854,0.0011295494611361563,0.1155471294240028,0.8695316871615935,0.9947591863852545,0.4108491776859175
0.6000000000000001,0.9,0.2712468386113178,0.01250128055173192,0.14187597776598584,0.80872247181465,0.9846647916937099,0.027123218981756743,0.002203879170370916,0.12115524757774344,0.8691849574976434,0.9900050592605494,0.0067116620187029,0.0011418757098931235,0.11514449905099697,0.8744192508853004,0.9938373377934074,0.44093979852664195
0.65,0.9,0.2686254591498654,0.012533402878113132,0.14348743579036563,0.8093781567840991,0.9822296748465584,0.027184249582119055,0.002221013018612242,0.1212003570258882,0.873507340135889,0.9884129043672748,0.006839451202675206,0.0011542920864382599,0.11474297466734946,0.8791068895980615,0.9928534287758363,0.46999546500209194
0.7000000000000001,0.9,0.2657889341381969,0.01256434448890003,0.14506503422831077,0.8100486264717641,0.9796511783748475,0.02722901370942226,0.0022381712381029143,0.12123767588377853,0.8776485734516766,0.9867254820419661,0.006964326768043111,0.0011667983809973783,0.11434267972604044,0.8836025375181709,0.9918099749545048,0.4980517739364032
0.75,0.9,0.26275359757154204,0.012594165461620125,0.14660861533090053,0.8107373334711576,0.9769360136215965,0.02725793535955712,0.0022553544479533678,0.12126722075186992,0.8816163181467147,0.9849469221407867,0.007086194091671555,0.0011793944145430323,0.11394372618084243,0.8879138452288671,0.9907094131989306,0.5251430978157782
0.8,0.9,0.25953550773244866,0.012622924248484848,0.148118046837576,0.8114472664049381,0.9740907003465347,0.02727145398215823,0.0022725633042528855,0.12128900926289078,0.8854179549243665,0.9830812300551025,0.007204968840661355,0.0011920800385788154,0.11354621517410983,0.892048186928746,0.9895541034284866,0.5513026268990792
0.8500000000000001,0.9,0.25615038244508803,0.012650677631845169,0.1495932200910477,0.8121809789720668,0.971121567763327,0.027270022177081184,0.0022897984993332774,0.12130306034669176,0.8890605898887872,0.9811322887239022,0.0073205767073393525,0.0012048551348677798,0.11315023769995257,0.8960126677637987,0.9883463304221318,0.576562409880045
0.9,0.9,0.25261354302269456,0.012677480691140917,0.15103404830213574,0.8129406188634565,0.9680347559718848,0.027254103497509116,0.002307060760902022,0.12130939446325442,0.8925510603473357,0.9791038607523632,0.007432953111776489,0.0012177196151109493,0.11275587524221704,0.899814131209012,0.9870883056306247,0.600953393150948
0.9500000000000001,0.9,0.24893986644764396,0.012703386780316076,0.15244046495681607,0.8137279563015564,0.9648362177453812,0.027224170363180925,0.002324350851062922,0.12130803380619355,0.8958959409503671,0.9769995906214152,0.007542042876804979,0.001230673420581527,0.11236320038690165,0.9034591664706925,0.985782168986729,0.6245054587157931
1.0,0.9,0.24514374528879876,0.012728447514706878,0.15381242235800938,0.8145444119979769,0.9615317206342171,0.027180702086140155,0.0023416695652410746,0.12129900247896118,0.8991015501081158,0.9748230069743133,0.007647799880220627,0.0012437165217200476,0.11197227740881881,0.9069541158836664,0.9844299907093458,0.6472474607995093
1.05,0.9,0.24123905483773794,0.012752712766451542,0.15514989029491102,0.8153910843588271,0.9581268493516968,0.027124183010401925,0.0023590177310277146,0.12128232664583519,0.9021739566296729,0.9725775249673202,0.0077501866885548104,0.001256848917695369,0.1115831628324808,0.9103050822802672,0.983033773097898,0.6692072611979826
1.1,0.9,0.23723912693281496,0.012776230667518,0.1564528548329126,0.8162687757998074,0.9546270084085903,0.027055100766025516,0.002376396206959289,0.12125803465965403,0.9051189865340672,0.9702664486726258,0.007849174176489088,0.0012700706359360572,0.11119590596733328,0.9135179363105776,0.9815954523136653,0.6904117634122391
1.1500000000000001,0.9,0.23315672993620748,0.012799047619497152,0.15772131721741112,0.8171780180622776,0.9510374249660635,0.026973944637261094,0.002393805881243961,0.12122615716814085,0.9079422299881624,0.9678929735226042,0.007944741135669146,0.0012833817316363963,0.11081054941758957,0.9165983236957465,0.9801169001451078,0.7108869456085977
1.2000000000000002,0.9,0.22900405433286747,0.012821208309362626,0.15895529288503482,0.8181190964475665,0.9473631518786596,0.026881204043708636,0.002411247670447613,0.12118672720054634,0.9106490483305011,0.9654601887854162,0.008036873876358633,0.001296782287240936,0.11042712956703137,0.9195516723983655,0.9785999257545341,0.7306578924451717
1.25,0.9,0.22479270343029062,0.012842755730452533,0.16015481057603687,0.8190920729098069,0.9436090709011075,0.026777367132782278,0.0024287225181503515,0.12113978023623008,0.9132445811443518,0.9629710800628226,0.00812556582506112,0.0013102724119111943,0.11004567703923793,0.9223831996958863,0.9770462774037671,0.749748825803711
1.3,0.9,0.22053368865314552,0.012863731207983148,0.16131991154181832,0.8200968079677375,0.9397798960347191,0.02666291948121084,0.0024462313935834975,0.12108535425669564,0.9157337533470731,0.960428531801875,0.008210817120933496,0.001323852240977847,0.1096662171337882,0.9250979191448804,0.9754576441567304,0.7681831344644362
1.35,0.9,0.21623742894599216,0.012884174428458246,0.16245064884173965,0.8211329814133744,0.9358801769910232,0.026538342902820707,0.0024637752902560636,0.12102348978249487,0.9181212822664848,0.9578353298129016,0.00829263421351898,0.0013375219353814625,0.10928877023904922,0.9277006474256247,0.9738356575571355,0.7859834027602177
1.4000000000000001,0.9,0.21191375381964833,0.012904123472390049,0.1635470867235662,0.822200111810426,0.9319143027520567,0.026404114359436532,0.0024813552245788193,0.12095422989632196,0.9204116846782674,0.9551941637869077,0.008371029464044865,0.0013512816811045909,0.10891335222222032,0.9301960110580224,0.9721818932796802,0.8031714382452079
1.4500000000000002,0.9,0.20757190960140653,0.01292361484979823,0.1646093000820676,0.823297574788011,0.9278865052084198,0.02626070497139325,0.0024989722344931687,0.1208776202535284,0.9226092837814804,0.9525076298061659,0.008446020752260738,0.0013651316885977714,0.10853997479734805,0.9325884529812659,0.9704978727533853,0.8197682984118209
1.5,0.9,0.20322056847555042,0.01294268353800158,0.16563737399045572,0.8244246201458449,0.9238008628577788,0.02610857912387503,0.0025166273781112667,0.12079370908120497,0.9247182160921332,0.9497782328423813,0.00851763109053832,0.0013790721922017982,0.10816864587206178,0.9348822389909256,0.9687850647558964,0.8357943164887938
1.55,0.9,0.19886783992784618,0.01296136302126264,0.1666314032994994,0.8255803877957949,0.9196613045479879,0.025948193665077838,0.0025343217323730415,0.1207025471668972,0.9267424382373489,0.9470083892373866,0.008585888246715157,0.0013931034495683699,0.10779936987380577,0.9370814640283015,0.9670448869777594,0.8512691263519341
1.6,0.9,0.19452128423536752,0.012979685331888653,0.1675914922993,0.8267639225717712,0.9154716132503968,0.025779997192027348,0.0025520563917250877,0.12060418783794546,0.9286857336350626,0.94420042916185,0.008650824376941596,0.0014072257410810522,0.10743214805636152,0.9391900583179273,0.9652787075558452,0.8662116865780721
1.6500000000000001,0.9,0.19018792767070816,0.012997681092432583,0.16851775443884967,0.8279741879455091,0.9112354298502203,0.025604429419768093,0.0025698324668257415,0.1204986869323706,0.9305517190463872,0.9413565990479699,0.008712475669583941,0.0014214393692782946,0.10706697878746442,0.9412117933500662,0.9634878465752562,0.880640303671688
1.7000000000000002,0.9,0.18587427911697754,0.01301537955867546,0.16941031209862456,0.8292100786900817,0.9069562569420652,0.025421920629567933,0.0025876510832800502,0.12038610276215946,0.9323438509897836,0.9384790639925864,0.008770882001046488,0.0014357446582800675,0.10670385781832342,0.9431502877058964,0.9616735775391838,0.8945726544926685
1.75,0.9,0.18158634781666674,0.013032808663106278,0.1702692964115913,0.8304704325361457,0.9026374626198559,0.02523289119174984,0.0026055133804077936,0.12026649606974314,0.9340654320079944,0.9355699101275593,0.00882608660420086,0.0014501419532195285,0.10634277853585056,0.9450090127238564,0.9598371288063192,0.9080258079126704
1.8,0.9,0.17732966200327419,0.013049995058647835,0.17109484712812575,0.8317540408681008,0.898282284251463,0.025037751158765807,0.0026234205100471955,0.12013992997840289,0.9357196167803556,0.9326311469546522,0.008878135749952479,0.0014646316196809698,0.1059837321984014,0.9467912980063157,0.9579796849955333,0.9210162457266222
1.85,0.9,0.17310928818931373,0.013066964162406594,0.17188711252046124,0.8330596585086888,0.8938938322293308,0.024836899924161396,0.0026413736353965126,0.12000646993728407,0.9373094180745958,0.9296647096425241,0.008927078442330464,0.0014792140431451619,0.10562670815581716,0.9485003367663548,0.956102388357651,0.9335598828449839
1.9000000000000001,0.9,0.16892985090785292,0.01308374019925181,0.17264624932239928,0.8343860126411997,0.8894750936893239,0.02463072594313981,0.002659373929895249,0.11986618366164883,0.9388377125335834,0.9266724612837569,0.008972966127358095,0.0014938896284430803,0.10527169405454524,0.9501391910149962,0.9542063401142414,0.9456720867915017
1.9500000000000002,0.9,0.1647955527269525,0.013100346245054037,0.17337242270013142,0.8357318109184925,0.8850289361908623,0.024419606510517913,0.0026774225761463646,0.11971914106895035,0.9403072462936959,0.923656195110156,0.009015852415845679,0.0015086587992188762,0.10491867602859854,0.951710796589717,0.9522926017634316,0.957367696530346
2.0,0.9,0.16071019437723819,0.013116804269435765,0.17406580625013596,0.8370957488075917,0.880558111352216,0.02420390759196964,0.0026955207648804956,0.11956541421126825,0.9417206404325699,0.9206176366648393,0.009055792820145188,0.0015235219974028453,0.1045676388770946,0.9532179680255107,0.9503621963528344,0.9686610406456981
2.0500000000000003,0.9,0.15667719485229947,0.01313313517790749,0.17472658202023028,0.8384765162177726,0.8760652584355532,0.023983983704571464,0.0027136696939628877,0.11940507720460347,0.9430803962449605,0.9175584459298876,0.009092844504815867,0.0015384796826950437,0.10421856622909452,0.9546634032701494,0.9484161097197479,0.9795659548960568
2.1,0.9,0.15269961135967192,0.01314935885328119,0.17535494054997913,0.8398728034588689,0.871552907877022,0.023760177842797423,0.0027318705674434624,0.11923820615549302,0.944388900346301,0.9144802194085626,0.00912706605107111,0.0015535323320601047,0.10387144069643933,0.956049688245631,0.9464552916988517,0.9900957991647726
2.15,0.9,0.1487801590168297,0.013165494196269936,0.17595108092678116,0.8412833065751165,0.8670234847577634,0.023532821446254494,0.002750124594650178,0.11906487908536954,0.9456484296043101,0.9113844921613173,0.009158517234808627,0.001568680439233724,0.10352624401525708,0.9573793012580901,0.9444806572976799,1.0002634738275753
2.2,0.9,0.1449212302019243,0.01318155916519759,0.17651521085408303,0.8427067320982171,0.8624793122123315,0.023302234405600752,0.002768432989325632,0.11888517585305779,0.9468611558996709,0.9082727397950148,0.00918725881796735,0.0015839245142411987,0.1031829571767899,0.9586546172587023,0.9424930878402045,1.0100814355571468
2.25,0.9,0.14112491348299336,0.01319757081475612,0.17704754672830167,0.844141801261542,0.8579226147715245,0.023068725103246396,0.00278679696880664,0.11869917807576896,0.9480291507173821,0.9051463804049535,0.009213352352904897,0.001599265082928332,0.10284156054816473,0.9598779119583236,0.9404934320789035,1.0195617125841028
2.3000000000000003,0.9,0.13739301206208393,0.013213545333760237,0.17754831372117175,0.8455872537155302,0.8533555216371123,0.022832590485599505,0.0028052177532463633,0.11850696904892587,0.9491543895708978,0.902006776469457,0.009236859999448,0.0016147026865049512,0.10250203398370589,0.9610513657987954,0.9384825072757341,1.0287159194330788
2.35,0.9,0.13372706168224263,0.013229498081859976,0.17801774586437824,0.8470418507824018,0.8487800698863919,0.022594116163782516,0.002823696564878393,0.11830863366512478,0.9502387562616063,0.8988552366969323,0.009257844354234285,0.0016302378811012186,0.10216435692736191,0.962177067783989,0.9364611002524605,1.0375552711519758
2.4000000000000004,0.9,0.13012834795568953,0.013245443625181548,0.17845608613348277,0.8485043782863477,0.8441982076049068,0.022353576539910335,0.0028422346273220766,0.1181042583325154,0.9512840469765749,0.8956930178254348,0.009276368291936551,0.0016458712373368643,0.10182850850679392,0.9632570191737954,0.9344299684108192,1.0460905970517946
2.45,0.9,0.1265979230807761,0.013261395770875315,0.178863586528307,0.849973648993386,0.8396117969460332,0.022111234956185527,0.002860833164928254,0.11789393089285692,0.952291974227804,0.8925213263748946,0.00929249481793947,0.001661603339903416,0.10149446761964685,0.9642931370443588,0.9323898407230303,1.0543323539738971
2.5,0.9,0.12313662192360258,0.013277367600557465,0.17924050814709866,0.8514485046931192,0.8350226171164744,0.021867343864228776,0.002879493402164469,0.11767774053948739,0.9532641706364973,0.8893413203522694,0.00930628693202287,0.001677434787159455,0.10116221301250017,0.9652872577179369,0.930341418693187,1.062290639100944
2.5500000000000003,0.9,0.11974507744750452,0.01329337150263856,0.17958712125197285,0.8529278179527054,0.8304323672870101,0.021622145012223083,0.002898216563038654,0.11745577773542268,0.9542021925660726,0.88615411090998,0.00931780750259485,0.0016933661907388871,0.10083172335297036,0.9662411400658193,0.9282853772900693,1.0699752023272053
2.6,0.9,0.11642373548008302,0.013309419203538089,0.17990370532329633,0.8544104935714758,0.8258426694281182,0.02137586964760682,0.0029170038705602,0.11722813413178344,0.955107523607813,0.8829607639580733,0.009327119151011257,0.0017093981751721758,0.10050297729541306,0.9671564686877824,0.9262223658519514,1.077395458203401
2.6500000000000004,0.9,0.1131728688131136,0.013325521797789265,0.18019054910086155,0.8558954697628058,0.821255071070343,0.021128738733203485,0.0029358565462372973,0.11699490248673083,0.9559815779231919,0.8797623017306329,0.009334284145515266,0.0017255313775204559,0.10017595354064983,0.9680348569715749,0.9241530089639778,1.0845604974707015
2.7,0.9,0.10999259063559427,0.013341689777042767,0.18044795060988267,0.8573817190880934,0.8166710479895007,0.020880963174823707,0.002954775809609354,0.11675617658507549,0.9568257034470105,0.8765597043070201,0.009339364304331145,0.0017417664470224126,0.09985063089012154,0.9688778500359407,0.9220779073086972,1.0914790981980227
2.75,0.9,0.10688286730444384,0.013357933057982009,0.18067621717003618,0.8588682491660008,0.8120920068170204,0.020632744058517952,0.002973762877813306,0.11651205115870938,0.9576411849555543,0.8733539110885935,0.009342420907449595,0.0017581040447537848,0.09952698829484898,0.969686927560679,0.9199976384903493,1.0981597365362583
2.8000000000000003,0.9,0.10384353046100088,0.013374261009165818,0.18087566538596211,0.8603541031785062,0.8075192875758925,0.02038427289579548,0.0029928189651825753,0.11626262180799593,0.9584292470040243,0.870145822231597,0.009343514616647805,0.0017745448432993267,0.09920500489955948,0.9704635065072232,0.9179127578335052,1.1046105971026234
2.85,0.9,0.100874288504557,0.013390682476817215,0.18104662111783906,0.8618383601937659,0.8029541661428621,0.020135731875256524,0.003011945282877449,0.11600798492424076,0.9591910567375131,0.8669363000369589,0.00934270540329514,0.001791089526437044,0.09888466008231887,0.9712089437331989,0.9158237991566656,1.110839583007835
2.9000000000000004,0.9,0.09797473743674064,0.013407205809579388,0.18118941943084602,0.8633201353243299,0.7983978566376417,0.01988729411921022,0.003031143038545621,0.1157482376133532,0.959927726579801,0.8637261702977768,0.009340052483505078,0.001807738788834499,0.09856593348998774,0.9719245385043787,0.9137312755214217,1.11685432553841
2.95,0.9,0.09514437109269999,0.01342383888226189,0.18130440452252378,0.8647985797378661,0.7938515137400463,0.01963912394397022,0.0030504134360116526,0.11548347762079725,0.9606403168042247,0.860516223605295,0.009335614260204978,0.0018244933357569654,0.09824880506980303,0.9726115349074156,0.9116356799577858,1.122662193505945
3.0,0.9,0.09238259077676324,0.013440589118601765,0.18139192962725023,0.8662728805362409,0.78931623493606,0.019391377122633155,0.0030697576749941103,0.11521380325791997,0.9613298379908377,0.8573072166142105,0.009329448271707614,0.001841353882787199,0.09793325509736775,0.9732711241666812,0.9095374861662916,1.128270302274833
3.0500000000000003,0.9,0.08968871432162477,0.013457463513065555,0.1814523568972427,0.8677422605175731,0.7847930626939433,0.01914420114925249,0.00308917695084915,0.1149393133297356,0.9619972533740311,0.8540998732681616,0.009321611146381595,0.0018583211555565809,0.09761926420131446,0.9739044468684813,0.9074371491974695,1.133685522479473
3.1,0.9,0.08706198459115866,0.013474468651719215,0.18148605725969866,0.869205977834721,0.7802829865715665,0.018897735503421303,0.0031086724543393307,0.11466010706423417,0.9626434810847232,0.8508948859862726,0.009312158563031792,0.001875395889487377,0.09730681338489232,0.9745125950958626,0.9053351061092894,1.1389144884416573
3.1500000000000004,0.9,0.08450157744773205,0.013491610732193692,0.1814934102498798,0.8706633255625739,0.7757869452562296,0.01865211191437291,0.0031282453714264608,0.11437628404327474,0.963269396291155,0.8476929168116402,0.009301145216615405,0.0018925788295458541,0.09699588404471171,0.9750966144771555,0.9032317766031637,1.1439636062984442
3.2,0.9,0.08200660920541625,0.013508895582774481,0.18147480382013445,0.872113631185507,0.7713058285382881,0.018407454623797448,0.0031478968830873076,0.11408794413511572,0.9638758332422485,0.8444945985226555,0.00928862478893422,0.0019098707300059833,0.09668645798686587,0.9756575061513328,0.9011275636390956,1.1488390618504776
3.25,0.9,0.07957614359080276,0.013526328680643844,0.18143063412503682,0.8735562560154054,0.7668404792199501,0.018163880646656423,0.0031676281651510183,0.11379518742862668,0.9644635872173968,0.8413005357080646,0.009274649923958789,0.001927272354223458,0.09637851744063512,0.9761962286531931,0.8990228540305504,1.1535468281403656
3.3000000000000003,0.9,0.07720919823325462,0.013543915169304501,0.18136130528299882,0.8749905945497798,0.7623916949606553,0.017921500029355216,0.0031874403881571325,0.11349811416921948,0.9650334163864647,0.8381113058066695,0.009259272207455463,0.0019447844744197504,0.09607204506996592,0.9767136997213002,0.8969180190196182,1.1580926727704046
3.35,0.9,0.07490475070638494,0.013561659875213678,0.18126722911487927,0.876416073778668,0.7579602300604749,0.0176804161047065,0.003207334717233096,0.11319682469652985,0.9655860435836766,0.8349274601125755,0.00924254215060255,0.0019624078714759307,0.09576702398290457,0.9772107980315408,0.8948134148330329,1.162482164968614
3.4000000000000004,0.9,0.07266174414237891,0.013579567323656234,0.18114882486027525,0.8778321524482535,0.753546797182998,0.01744072574318526,0.003227312311990217,0.11289141938387452,0.9661221579989719,0.8317495247468862,0.00922450917729694,0.001980143334735966,0.09546343773915368,0.9776883648590815,0.8927093832195965,1.166720682411735
3.45,0.9,0.07047909244048249,0.013597641753885401,0.18100651887233077,0.8792383202884132,0.749152069019188,0.0172025196000388,0.003247374326437038,0.11258199857950346,0.9666424167902998,0.8285780015967448,0.009205221614867573,0.001997991661819223,0.09516127035590811,0.9781472056714314,0.8906062519695546,1.1708134178135594
3.5,0.9,0.06835568509059084,0.013615887133559297,0.18084074429203714,0.8806340972107515,0.7447766798937021,0.016965882357873406,0.0032675219089091253,0.11226866254966128,0.9671474466202222,0.825413369222612,0.009184726687926834,0.0020159536584418935,0.09486050631211675,0.9785880916552372,0.8885043354164548,1.174765385286651
3.5500000000000003,0.9,0.06629039163239721,0.013634307172500996,0.18065194070312784,0.88201903248306,0.740421227315177,0.01673089296439285,0.0032877562020143226,0.11195151142346743,0.9676378451200855,0.8222560837346664,0.00916307051510534,0.002034030138247071,0.09456113055130654,0.9790117611793614,0.886403934922012,1.1785814264852619
3.6,0.9,0.0642820657700254,0.013652905335809404,0.18044055376878587,0.8833927038855794,0.7360862734719807,0.01649762486501338,0.00330807834259254,0.11163064513961982,0.9681141822849133,0.8191065796391999,0.009140298108429652,0.002052221922643196,0.0942631284830958,0.9794189211967165,0.8843053393444922,1.1822662165369628
3.6500000000000004,0.9,0.062329549161477676,0.01367168485634767,0.18020703485148512,0.8847547168539125,0.7317723466749316,0.016266146230125202,0.0033284894616891878,0.11130616339492275,0.9685770018020654,0.8159652706558717,0.00911645337511613,0.0020705298406506084,0.09396648598351506,0.9798102485872479,0.8822088254911177,1.1858242697702608
3.7,0.9,0.06043167490159767,0.013690648746635213,0.17995184061737762,0.8861047036129572,0.7274799427484745,0.016036520176812057,0.003348990684541398,0.11097816559463587,0.9690268223166006,0.8128325505066735,0.009091579121567276,0.002088954728755929,0.09367118939424542,0.9801863914443858,0.8801146585549839,1.1892599452452142
3.75,0.9,0.05858727071658479,0.013709799810168852,0.1796754326267149,0.8874423223057802,0.7232095263717958,0.01580880498487841,0.0033695831305762154,0.11064675080463757,0.9694641386361753,0.8097087936774426,0.009065717059369793,0.0021074974307740174,0.09337722552087653,0.9805479703072069,0.8780230925369683,1.1925774520938275
3.8000000000000003,0.9,0.056795161887411016,0.013729140652197745,0.17937827691185537,0.8887672561209422,0.7189615323713452,0.015583054307068517,0.003390267913419967,0.11031201770539259,0.9698894228782023,0.8065943561527485,0.00903890781310577,0.002126158797717236,0.09308458163027934,0.9808955793404738,0.8759343706530995,1.1957808546767636
3.85,0.9,0.055054173918791756,0.013748673689976242,0.17906084354445967,0.8900792124214075,0.7147363669662133,0.015359317373392925,0.0034110461409180585,0.10997406454771116,0.970303125561895,0.8034895761249621,0.009011190929800314,0.002144939687671774,0.0927932454471813,0.9812297874646458,0.8738487257278453,1.1988740775626943
3.9000000000000004,0.9,0.05336313496965534,0.013768401162517922,0.17872360619351235,0.8913779218778247,0.710534408967798,0.01513763918950662,0.0034319189151644754,0.1096329891102836,0.970705676647715,0.8003947746783019,0.008982604889840174,0.002163840965680776,0.09250320515002605,0.981551139437882,0.8717663805737651,1.2018609103363866
3.95,0.9,0.05172087806034747,0.013788325139873386,0.1783670416758321,0.8926631376086455,0.7063560109351675,0.014918060729108628,0.0034528873325403026,0.10928888865897221,0.9710974865266468,0.7973102564486364,0.008953187119208835,0.002182863503634037,0.09221444936619293,0.981860156891986,0.8696875483579625,1.2047450122414194
4.0,0.0,0.05012624307110161,0.013808447531953595,0.17799162950074315,0.893934634329257,0.7022015002875116,0.01470061912035611,0.0034739524837606064,0.10894185990783983,0.971478946961622,0.7942363102598037,0.008922974002893781,0.0022020081801640175,0.0919269671666464,0.9821573393241754,0.8676124329557624,1.2075299166632127
4.05,0.0,0.048613195224626086,0.01382999885976148,0.17761377224688016,0.8951920006381868,0.6981565014464066,0.0144921557178566,0.0034953175482836506,0.10859832696524323,0.9718503875690803,0.7912360698071292,0.008894574962830724,0.002221355014452653,0.09164402998362631,0.9824431490218902,0.8655835505456035,1.1659974283484928
4.1000000000000005,0.0,0.04720991340845071,0.013854155040142051,0.17724947758974585,0.8964340844021808,0.6943004832930908,0.01429882094880462,0.003517181284388204,0.10826453339046517,0.9722119520669554,0.7883686483539446,0.008870458959815647,0.002240983499742803,0.09136880214454902,0.9827179652127217,0.8636409608119008,1.1258934326630727
4.15,0.0,0.045907315359996134,0.013880839176496271,0.17689862811586266,0.8976597185144753,0.6906248803852792,0.01411967507577722,0.003539538389083706,0.10794030554743443,0.9725637465480633,0.7856284989627341,0.008850459198649125,0.0022608937828927462,0.09110111766960963,0.9829821353559043,0.8617812891224816,1.08716879719821
4.2,0.0,0.04469722751832279,0.013909978432449706,0.17656109850973137,0.8988679193194501,0.6871215811092765,0.013953855136300718,0.0035623838700056146,0.10762547145844838,0.9729058846250909,0.7830103374111758,0.008834419343276667,0.0022810860786313613,0.09084081741144978,0.9832359922986125,0.8600013054494702,1.0497760794338882
4.25,0.0,0.04357228130526547,0.013941503771449471,0.17623675606590583,0.9000578633179854,0.6837828992531902,0.013800567756308045,0.0035857130311655627,0.10731986127292492,0.9732384860545314,0.780509127644719,0.008822192822629112,0.0023015606677773207,0.09058774880912795,0.9834798550222782,0.8582979172921194,1.0136694686157972
4.3,0.0,0.04252582259608429,0.013975349717067074,0.17592546129291323,0.9012288669045883,0.6806015476379753,0.013659082719977407,0.003609521459515141,0.10702330766727063,0.9735616755391014,0.7781200681658246,0.008813642184477395,0.0023223178955261263,0.09034176565053423,0.9837140293419785,0.8566681630013211,0.9788047296314331
4.3500000000000005,0.0,0.04155183254181016,0.014011454131993062,0.17562706857618293,0.9023803687173632,0.6775706136389825,0.013528727208201037,0.0036338050122711623,0.1067356461833183,0.9738755816860234,0.7758385792914588,0.008808638494309521,0.002343358169803144,0.09010272784290158,0.9839388085624278,0.855109205479672,0.9451391488165536
4.4,0.0,0.04064485818267531,0.0140497580139453,0.17534142687377202,0.9035119142438486,0.674683536445661,0.013408880629001769,0.0036585598049538566,0.10645671551207256,0.9741803361015133,0.7736602912159676,0.008807060776318962,0.002364681959680671,0.0898705011911024,0.9841544740937918,0.8536183262328716,0.9126314816255999
4.45,0.0,0.03979995152438188,0.014090205306916041,0.17506838042422432,0.9046231423778721,0.6719340859205769,0.013298969972782225,0.0036837822000927744,0.10618635772884524,0.9744760726043606,0.7715810328214961,0.008808795493701838,0.0023862897938569747,0.0896449571834482,0.9843612960302537,0.8521929197499787,0.8812419021019712
4.5,0.0,0.03901261594420248,0.014132742726358873,0.17480776945051352,0.9057137736665636,0.6693163429311267,0.013198465633573964,0.003709468796558271,0.10592441848526081,0.9747629265436919,0.7695968211827239,0.008813736065585696,0.0024081822591951975,0.08942597278473316,0.9845595336940128,0.8508304881916579,0.8509319540862488
4.55,0.0,0.03827875895834243,0.014177319597069422,0.17455943084783387,0.9067836000238625,0.6668246810383663,0.013106877644635896,0.0037356164194793195,0.10567074716306364,0.9750410342079163,0.767703851716886,0.008821782418048934,0.0024303599993199775,0.08921343023628145,0.9847494361471639,0.8495286363670369,0.8216645041025928
4.6000000000000005,0.0,0.0375946505208034,0.014223887702646747,0.1743231988461297,0.9078324757183849,0.6644537494373752,0.013023752282988856,0.003762222110711059,0.10542519699415971,0.9753105323135054,0.7658984889338967,0.008832840566831293,0.0024528237132696437,0.08900721686277242,0.9849312426737055,0.8482850669811581,0.7934036958655917
4.65,0.0,0.03695688614142926,0.014272401145538734,0.17409890564080344,0.9088603094702965,0.6621984570526327,0.01294866900289894,0.003789283119817958,0.10518762515087174,0.9755715575636912,0.7641772577448978,0.008846822229478874,0.0024755741542018487,0.0888072248856304,0.9851051832337367,0.8470975761362719,0.7661149063518294
4.7,0.0,0.03636235421039341,0.014322816216776836,0.17388638198710096,0.9098670575146357,0.6600539577000923,0.012881237663049069,0.0038167968955407773,0.10495789280997614,0.9758242462684152,0.7625368352907776,0.00886364446480873,0.002498612128150528,0.08861335124277528,0.9852714788917415,0.8459640490713859,0.7397647033823535
4.75,0.0,0.035808207001001395,0.014375091274595232,0.17368545775532365,0.9108527175079759,0.6580156362350964,0.012821096016262322,0.0038447610777176374,0.10473586519371875,0.9760687340179413,0.7609740432551444,0.008883229337716323,0.002521938492832109,0.08842549741453853,0.9854303422207008,0.8448824561255567,0.7143208046640752
4.800000000000001,0.0,0.03529183489473089,0.014429186631208643,0.17349596244532534,0.9118173231719334,0.6560790956120347,0.012767907434244151,0.003873173489631486,0.10452141159067052,0.9763051554034894,0.759485840628938,0.00890550360748252,0.002545554156498944,0.08824356925555622,0.9855819776836457,0.8438508489114085,0.689752038239925
4.8500000000000005,0.0,0.034810843433905767,0.014485064447093082,0.17331772565977874,0.9127609395812579,0.6542401447878081,0.012721358842963944,0.0039020321307580916,0.10431440535898157,0.9765336437790705,0.7580693168963422,0.008930398437864473,0.002569460076837981,0.0880674768324564,0.9857265819941335,0.8428673566862812,0.6660283042993077
4.9,0.0,0.03436303285995756,0.014542688632175884,0.17315057753649002,0.9136836590164479,0.6524947874067484,0.0126811588470596,0.003931335169890401,0.10411472391431942,0.9767543310594151,0.7567216856139248,0.008957849127375973,0.0025936572599127516,0.08789713426716357,0.985864344457019,0.8419301829092605,0.6431205383020709
4.95,0.0,0.033946379840247884,0.014602024753396637,0.17299434914064205,0.9145855973113234,0.650839211209742,0.012647036024073662,0.003961080938616689,0.10392224870453173,0.9769673475495197,0.7554402783570233,0.00898779485827747,0.0026181467591468075,0.08773245958564761,0.9859954472907903,0.8410376019731317,0.6210006753708102
5.0,0.0,0.03355902112506393,0.01466303994814979,0.17284887281829434,0.9154668906350167,0.6492697781149448,0.012618737371460317,0.003991267925131407,0.10373686517285266,0.9771728218018763,0.7542225390093051,0.009020178462903705,0.002642929674346799,0.08757337457194897,0.9861200659326433,0.840187956101029,0.5996416159078845
5.050000000000001,0.0,0.03319923890962171,0.014725702843163742,0.17271398251278902,0.9163276926556289,0.6477830149217058,0.012596026891177572,0.004021894768358985,0.10355846271127407,0.9773708804979333,0.7530660183731981,0.009054946206057898,0.0026680071507634534,0.08741980462731563,0.9862383693273855,0.839379652398224,0.5790171923950217
5.1000000000000005,0.0,0.03286544770453058,0.01478998347841053,0.17258951404593137,0.9171681720395221,0.6463756045931778,0.01257868429833094,0.004052960252372164,0.10338693460552427,0.9775616483507524,0.7519683690805016,0.009092047582295796,0.00269338037818877,0.08727167863429161,0.9863505202011755,0.8386111600501289,0.559102137334837
5.15,0.0,0.03255618254286907,0.014855853235675596,0.17247530536595318,0.9179885102460353,0.6450443780766185,0.012566503841792512,0.004084463301087582,0.10322217797293715,0.9777452480261932,0.7509273407839863,0.009131435127010767,0.0027190505900878134,0.0871289288256001,0.9864566753210413,0.8378810076581688,0.5398720522949891
5.2,0.0,0.032270088373371385,0.01492328477144884,0.17237119676434234,0.9187888995824484,0.6437863066236048,0.012559293226006879,0.004116402973222446,0.10306409369435118,0.9779218000802794,0.7499407756121592,0.009173064240312914,0.0027450190627635496,0.08699149065766815,0.9865569857410443,0.837187780705715,0.5213033780170506
5.25,0.0,0.03200591050771128,0.014992251953826792,0.17227703106364708,0.9195695414883898,0.6425984945753284,0.012556872624334237,0.004148778457497191,0.10291258634104918,0.9780914229106837,0.7490066038706414,0.009216893022771044,0.002771287114553224,0.08685930268864321,0.9866515970359027,0.8365301191467776,0.5033733655534706
5.300000000000001,0.0,0.031762486005906275,0.015062729803141498,0.17219265377835086,0.9203306450226838,0.6414781725808361,0.012559073775289682,0.004181589068069923,0.10276756409763438,0.978254232720515,0.7481228399747702,0.009262882122156691,0.0027978561050548516,0.0867323064607555,0.9867406495228268,0.8359067151106153,0.48606004839726996
5.3500000000000005,0.0,0.03153873589779749,0.015134694436055142,0.1721179132508712,0.9210724255289324,0.6404226912185441,0.012565739153931993,0.0042148342401893924,0.10262893868163553,0.9784103434928092,0.7472875785991172,0.009310994590394507,0.002824727434382438,0.08661044638688346,0.9868242784722706,0.8353163107158571,0.46934221557032385
5.4,0.0,0.031333658150685124,0.015208123012880432,0.17205266076467246,0.9217951034590083,0.6394295149936173,0.012576721211449253,0.004248513526054033,0.10249662526054085,0.9785598669743192,0.7464989910306071,0.009361195749983581,0.0028519025424486102,0.08649366964118323,0.9869026143082529,0.8347576959881299,0.4531993856372615
5.45,0.0,0.031146321303767335,0.015282993687906043,0.1719967506364026,0.922498903336144,0.6384962166858758,0.012591881676694316,0.00428262659086541,0.10237054236687862,0.9787029126673644,0.7457553217128425,0.009413453069209921,0.0028793829082733955,0.08638192605364627,0.9869757827988598,0.8342297068755635,0.4376117816131473
5.5,0.0,0.03097585869925558,0.015359285562523773,0.1719500402888749,0.9231840528414954,0.6376204720247943,0.012611090914051158,0.004317173209065119,0.10225061181188777,0.9788395878286517,0.7450548849700859,0.009467736045521718,0.002907170049317932,0.08627516800845307,0.9870439052374985,0.8337312233568897,0.4225603067342016
5.550000000000001,0.0,0.03082146324810495,0.015436978640969882,0.17191239030661815,0.9238507820099735,0.6368000546699051,0.012634227332572598,0.004352153260744861,0.1021367585982561,0.9789699974741082,0.74439606190014,0.009524016096486542,0.0029352655208419514,0.08617335034599391,0.9871070986154348,0.8332611676371783,0.40802652106187737
5.6000000000000005,0.0,0.03068238267536005,0.015516053788507565,0.17188366447561917,0.9244993225228182,0.6360328314765176,0.012661176841828863,0.00438756672822005,0.10202891083234449,0.9790942443888837,0.7437772974260907,0.009582266457793356,0.00296367091528393,0.08607643026843129,0.9871654757861112,0.832818502426556,0.39399261889163023
5.65,0.0,0.03055791519630931,0.015596492691890599,0.17186372980877934,0.9251299070858563,0.6353167580281447,0.012691832350352011,0.0044234136927579,0.1019269996362628,0.979212429141779,0.7431970974975503,0.00964246208780266,0.002992387861662832,0.08598436724868205,0.9872191456217118,0.832402229297533,0.38044140693870404
5.7,0.0,0.03044740558007844,0.015678277821960285,0.17185245655850576,0.9257427688836786,0.6346498744183793,0.012726093302959447,0.004459694331451465,0.10183095906011631,0.9793246501034492,0.7426540264326624,0.009704579578185369,0.003021418025000439,0.08589712294270055,0.9872682131624074,0.8320113871168288,0.36735628327420755
5.75,0.0,0.030350241562075254,0.015761392398238754,0.17184971821775882,0.9263381411011014,0.6340303012662136,0.01276386525359614,0.004496408914231654,0.10174072599469898,0.9794310034678083,0.7421467043927078,0.009768597070225345,0.0030507631057632915,0.08581466110494743,0.9873127797586908,0.8316450505478296,0.35472121698567577
5.800000000000001,0.0,0.030265850570908758,0.015845820355391768,0.17185539151078125,0.9269162565042769,0.6334562359499437,0.012805059470654351,0.004533557801009681,0.10165624008487291,0.979531583276131,0.7416738049816827,0.009834494176392235,0.0030804248393233036,0.08573694750693221,0.9873529432071801,0.8313023286200435,0.34252072853719806
5.8500000000000005,0.0,0.03019369673911807,0.015931546311443417,0.17186935637464135,0.9274773470746918,0.6329259490458587,0.012849592572015912,0.004571141438942889,0.10157744364383985,0.9796264814434091,0.7412340529637226,0.009902251906820455,0.0031104049954361673,0.08566394985872083,0.9873887978802507,0.8309823633621287,0.3307398708050512
5.9,0.0,0.03013327817032484,0.016018555537633497,0.17189149593263464,0.9280216436900656,0.6324377809588931,0.012897386187319013,0.00460916035981729,0.10150428156848064,0.9797157877865769,0.7408262220917008,0.009971852600357137,0.0031407053777366945,0.08559563773330267,0.9874204348498289,0.830684328495272,0.31936421076560395
5.95,0.0,0.030084124438320932,0.01610683392981621,0.17192169646050437,0.9285493758468429,0.6319901387333188,0.012948366645182341,0.004647615177540553,0.1014367012559124,0.9797995900542623,0.7404491330407613,0.010043279859866682,0.0031713278232502755,0.08553198249371487,0.9874479420056627,0.830407428183882,0.30837981181305896
6.0,0.0,0.030045794296168618,0.01619636798130592,0.171959847346362,0.9290607714195731,0.6315814930323863,0.013002464683326996,0.004686506585739547,0.10137465252138937,0.9798779739577704,0.7401016514409439,0.010116518491502491,0.003202274201919679,0.0854729572228246,0.9874714041683635,0.8301508958407351,0.29777321668536777
6.050000000000001,0.0,0.030017873575664336,0.01628714475708228,0.17200584104511465,0.9295560564530017,0.631210375276593,0.013059615179723594,0.004725835355456871,0.10131808751765278,0.9799510232030355,0.7397826860034258,0.010191554447677605,0.0032335464161464453,0.08541853665567342,0.9874909031974968,0.8299139929838748,0.2875314309774027
6.1000000000000005,0.0,0.02999997325953497,0.016379151869273148,0.17205957302813638,0.9300354549831676,0.6308753749309628,0.013119756903060378,0.004765602332941149,0.1012669606558164,0.9800188195233173,0.7394911867352528,0.01026837477348547,0.0032651464003461556,0.0853686971142905,0.9875065180949805,0.8296960081427197,0.27764190722118565
6.15,0.0,0.029991727710528507,0.01647237745383928,0.17212094172885567,0.9304991888842161,0.6305751369323821,0.013182832280980128,0.00480580843752615,0.10122122852785798,0.980081442712443,0.7392261432377474,0.010346967556340077,0.0032970761205168954,0.08532341644488466,0.987518325104037,0.8294962558109773,0.26809252951367124
6.2,0.0,0.029992793043155823,0.016566810148389878,0.17218984848487054,0.9309474777380008,0.6303083592486393,0.013248787184670848,0.00484645465959406,0.10118084983077232,0.980138970658423,0.7389865830840817,0.010427321878621332,0.0033293375738202573,0.08528267395732804,0.9875263978039274,0.829314075444095,0.2588715986732507
6.25,0.0,0.03000284562526078,0.01666243907106298,0.17226619747714697,0.9313805387238793,0.6300737905613805,0.01331757072851916,0.004887542058618544,0.10114578529242892,0.9801914793772907,0.7387715702717823,0.010509427773126866,0.0033619327881742505,0.08524645036684715,0.9875308072006842,0.8291488304991057,0.24996781790679182
6.300000000000001,0.0,0.030021580697862295,0.016759253800408918,0.17234989566680395,0.931798586526391,0.6298702280657109,0.013389135083647502,0.004929071761283427,0.10111599759916563,0.9802390430470385,0.7385802037461868,0.010593276181145679,0.0033948638218575192,0.08521472773783952,0.9875316218140471,0.8289999075148434,0.24137027896965474
6.3500000000000005,0.0,0.03004871110284266,0.01685724435621929,0.17244085272994095,0.9322018332587633,0.6296965153796565,0.013463435304257702,0.0049710449596730944,0.10109145132513996,0.9802817340415381,0.7384116159911185,0.010678858912982089,0.0034281327631242946,0.08518748942973717,0.9875289077607912,0.8288667152306135,0.23306844880172872
6.4,0.0,0.0300839661090666,0.01695640118124757,0.17253898099091877,0.9325904884004192,0.6295515405571442,0.013540429165795537,0.005013462909530907,0.10107211286345066,0.9803196229643492,0.738264971683266,0.010766168610770597,0.0034617417298295206,0.08516472004484078,0.98752272883463,0.8287486837415075,0.22505215662311642
6.45,0.0,0.03012709032841941,0.01705671512377099,0.17264419535446435,0.9329647587468626,0.6294342341985757,0.01362007701403424,0.0050563269285821425,0.10105795035903503,0.9803527786823346,0.7381394664069665,0.01085519871343344,0.0034956928690636304,0.0851464053780507,0.9875131465828622,0.8286452636886494,0.21731158147365698
6.5,0.0,0.030177842714062014,0.01715817742094665,0.17275641323693255,0.9333248483704928,0.6293435676534531,0.013702341624250696,0.005099638394918158,0.10104893364333983,0.9803812683590132,0.7380343254262859,0.01094594342364297,0.0035299883567964604,0.08513253236842369,0.987500220379922,0.8285559254827514,0.20983724018102198
6.550000000000001,0.0,0.030235995633926403,0.01726077968291766,0.1728755544970236,0.9336709585910657,0.6292785513098722,0.013787188069736793,0.005143398745438656,0.10104503417075875,0.9804051574875899,0.7379488025114719,0.01103839767666057,0.0035646303975298134,0.08512308905248682,0.9874840074979856,0.8284801585594419,0.20261997574264365
6.6000000000000005,0.0,0.030301334013126183,0.017364513877628114,0.17300154136622306,0.9340032879546537,0.6292382329660294,0.013874583598950989,0.005187609474349089,0.10104622495682357,0.9804245099236152,0.737882178817026,0.0111325571109327,0.003599621223958203,0.08511806451924188,0.9874645631747742,0.8284174706649134,0.19565094610724187
6.65,0.0,0.030373654539542164,0.017469372316308084,0.17313429837920274,0.9343220322200876,0.6292216962791989,0.013964497520671987,0.005232272131710419,0.10105248051813225,0.9804393879172305,0.7378337618088021,0.01122841804033282,0.0036349630966373268,0.08511744886679648,0.98744194067869,0.8283673871705082,0.18892161334220592
6.7,0.0,0.03045276492736896,0.0175753476395924,0.1732737523043945,0.934627384351975,0.6292280592879205,0.014056901096568288,0.005277388322038577,0.10106377681399295,0.9804498521449675,0.7378028842376856,0.01132597742794561,0.0036706583036598375,0.0851212331605599,0.9874161913714112,0.8283294504149358,0.18242373317355948
6.75,0.0,0.030538483233882252,0.017682432804239145,0.17341983207492453,0.9349195345194877,0.6292564730034074,0.014151767440644563,0.005322959702951118,0.1010800911897604,0.9804559617410723,0.7377889031575482,0.011425232861296873,0.0037067091603379915,0.08512940939294411,0.9873873647680664,0.8283032190728816,0.17614934488569434
6.800000000000001,0.0,0.03063063722511318,0.017790621070415878,0.17357246872007406,0.9351986701002031,0.6293061200664284,0.014249071425068906,0.005368987983858689,0.1011014023218374,0.9804577743283329,0.7377911989853043,0.011526182528939099,0.0037431180088927764,0.08514197044451219,0.9873555085951013,0.8282882675488296,0.17009076156849848
6.8500000000000005,0.0,0.030729063786501164,0.017899905989523582,0.17373159529741244,0.9354649756883604,0.6293762134661537,0.014348789591924283,0.005415474924699075,0.1011276901643129,0.9804553460483924,0.7378091746010161,0.011628825198308669,0.0037798872181491337,0.08515891004651893,0.9873206688459456,0.8282841853949813,0.16424056069993007
6.9,0.0,0.030833608374943994,0.018010281392530147,0.1738971468257301,0.9357186331069669,0.6294659953176641,0.014450900070463459,0.00546242233471166,0.1011589358972054,0.9804487315915349,0.7378422544861098,0.01173316019477633,0.003817019183236899,0.08518022274478985,0.9872828898345812,0.8282905767522107,0.15859157505250002
6.95,0.0,0.030944124508977978,0.018121741378786818,0.17406906021888233,0.9359598214232498,0.6295747356950284,0.014555382499479467,0.005509832071250303,0.10119512187627928,0.9804379842259361,0.7378898838978728,0.01183918738181774,0.0038545163252971066,0.08520590386488709,0.9872422142471076,0.8283070598130469,0.1531368839125222
7.0,0.0,0.03106047329410494,0.018234280305302747,0.17424727422064043,0.9361887169670068,0.6297017315170361,0.014662217954433733,0.005557706038632687,0.10123623158440033,0.98042315582637,0.7379515280785014,0.011946907142235758,0.0038923810911933128,0.08523594947851232,0.9871986831913949,0.8283332663057252,0.1478698046013739
7.050000000000001,0.0,0.031182522980539897,0.018347892776454103,0.17443172934063217,0.9364054933514583,0.6298463054828518,0.014771388879011475,0.005606046187024327,0.10128224958439558,0.9804042969023704,0.7380266714970649,0.012056320360370616,0.003930615953227601,0.08527035637109881,0.9871523362449125,0.8283688409983985,0.142783884288379
7.1000000000000005,0.0,0.0313101485508862,0.01846257363410573,0.17462236779144202,0.9366103214962503,0.6300078050550155,0.014882879020799121,0.005654854511355489,0.10133316147338198,0.9803814566258462,0.7381148171228382,0.012167428405238285,0.003969223408860954,0.08530912201054638,0.9871032115008114,0.8284134412226395,0.13787289208528364
7.15,0.0,0.03144323133545607,0.018578317948124482,0.17481913342693012,0.9368033696522947,0.6301856014873687,0.014996673370801671,0.005704133050269384,0.1013889538385279,0.9803546828581501,0.7382154857285395,0.012280233114541236,0.004008205980437672,0.08535224451705456,0.9870513456123406,0.8284667364154122,0.1331308114126391
7.2,0.0,0.031581658653146195,0.018695121007264698,0.1750219716818187,0.9369848034281703,0.6303790888956257,0.015112758106539009,0.005753883885100062,0.10144961421421096,0.9803240221766059,0.7383282152220884,0.012394736779499382,0.004047566214913555,0.08539972263401115,0.9869967738356702,0.8285284076787272,0.12855183262873976
7.25,0.0,0.03172532347595227,0.01881297831040728,0.17523082951258603,0.9371547858178412,0.6305876833684437,0.015231120538479678,0.005804109138878514,0.1015151310405355,0.9802895199004966,0.7384525600055722,0.012510942130452351,0.0040873066835875336,0.08545155569989478,0.9869395300711882,0.8285981473562325,0.12413034591208555
7.300000000000001,0.0,0.031874124115364416,0.018931885558135013,0.17544565533969939,0.937313477229476,0.6308108221169685,0.015351749059588478,0.005854810975365569,0.10158549362317332,0.9802512201165209,0.7385880903601767,0.01262885232318736,0.004127429981836497,0.0855077436211517,0.9868796469033411,0.8286756586260321,0.11986093438864939
7.3500000000000005,0.0,0.03202796392902978,0.01905183864462763,0.17566639899121156,0.9374610355151756,0.6310479626609471,0.015474633097780641,0.005905991598110231,0.10166069209449075,0.9802091657037235,0.7387343918559034,0.012748470925949846,0.004167938728853021,0.0855682868460082,0.9868171556390771,0.8287606551090507,0.11573836749552917
7.4,0.0,0.03218675104619955,0.019172833649861186,0.17589301164773832,0.9375976160014421,0.6312985820496113,0.015599763071090475,0.005957653249532168,0.101740717375926,0.980163398357908,0.7388910647849574,0.012869801907096728,0.00420883556738575,0.0856331863391821,0.9867520863449539,0.8288528604923013,0.11175759457285425
7.45,0.0,0.03235039811059718,0.019294866832096996,0.17612544578882894,0.9377233715202412,0.6315621761156324,0.01572713034537623,0.006009798210027133,0.10182556114158046,0.9801139586155397,0.7390577236177446,0.01299284962335468,0.004250123163482169,0.08570244355745732,0.9866844678829656,0.8289520081664382,0.10791373867609569
7.5,0.0,0.03251882203945378,0.01941793462064641,0.17636365514073613,0.9378384524405261,0.6318382587605463,0.015856727194395764,0.006062428797094143,0.10191521578298847,0.9800608858771486,0.7392339964804744,0.013117618808648153,0.004291804206233532,0.08577606042608761,0.9866143279451446,0.8290578408770096,0.1042020906011994
7.550000000000001,0.0,0.032691943797555925,0.019542033608898262,0.17660759462558737,0.9379430067001095,0.6321263612701367,0.015988546762099376,0.006115547364483307,0.10200967437503003,0.9800042184302408,0.7394195246534113,0.013244114563464056,0.004333881407521678,0.08585403931599635,0.9865416930869875,0.829170110388848,0.1006181031152225
7.6000000000000005,0.0,0.03286968818524217,0.019667160547596686,0.17685722031195508,0.9380371798377836,0.6324260316583442,0.016122583026997053,0.006169156301363232,0.10210893064295204,0.9799439934717296,0.7396139620888711,0.01337234234472204,0.004376357501767546,0.08593638302174067,0.9864665887597548,0.8292885771630649,0.09715738538540432
7.65,0.0,0.03305198363936759,0.019793312338357606,0.17711248936681986,0.9381211150255993,0.6327368340383548,0.016258830768467385,0.006223258031507008,0.10221297893046358,0.9798802471298946,0.7398169749480991,0.013502307956121255,0.004419235245681118,0.08602309474020944,0.9863890393416903,0.8294130100461383,0.09381569759984738
7.7,0.0,0.033238762046331666,0.019920486027412823,0.17737336000891718,0.9381949531012301,0.6330583480195849,0.016397285534884724,0.00627785501249578,0.10232181416887182,0.9798130144858819,0.7400282411562118,0.013634017538936198,0.004462517418012607,0.08611417805002573,0.9863090681682041,0.8295431859706066,0.09058894577321774
7.75,0.0,0.033429958566334426,0.020048678799571278,0.17763979146345552,0.9382588326003533,0.6333901681293591,0.016537943613449662,0.006332949734939011,0.10243543184722564,0.9797423295947519,0.7402474499744249,0.013767477563235925,0.00450620681930465,0.08620963689162552,0.9862266975610611,0.8296788896669025,0.08747317673110108
7.800000000000001,0.0,0.03362551146808941,0.020177887972387527,0.17791174391819115,0.93831288978899,0.6337319032581331,0.01668080200161584,0.006388544721710521,0.10255382798343471,0.9796682255060903,0.7404743015888264,0.01390269481950248,0.0045503062716453135,0.08630947554798543,0.9861419488566153,0.8298199133858823,0.08446457326686978
7.8500000000000005,0.0,0.03382536197328064,0.02030811099052811,0.1781891784808426,0.9383572586957571,0.6340831761271815,0.016825858380013423,0.006444642527199481,0.10267699909633228,0.9795907342841882,0.7407085067149909,0.014039676410625784,0.004594818618421711,0.08641369862597345,0.9860548424331279,0.8299660566316261,0.08155944946512758
7.9,0.0,0.034029454110104114,0.020439345420326886,0.17847205713782602,0.9383920711439865,0.6344436227777224,0.0169731110867763,0.006501245736575542,0.10280494217865126,0.9795098870278045,0.7409497862177645,0.01417842974425363,0.004639746724074022,0.08652231103829741,0.9859653977372045,0.8301171259041009,0.07875424618600241
7.95,0.0,0.034237734575283806,0.020571588944520915,0.17876034271429106,0.9384174567836745,0.6348128920805085,0.017122559093186426,0.006558356965067327,0.10293765467088309,0.979425713889521,0.7411978707455833,0.014318962525476637,0.004685093473849733,0.0866353179860272,0.9858736333093879,0.8302729344512993,0.07604552670475499
8.0,0.0,0.03445015260399714,0.020704839357158934,0.17905399883543502,0.9384335431232341,0.6351906452649623,0.017274201980554377,0.006615978857253542,0.10307513443599035,0.9793382440946995,0.7414525003787158,0.014461282749829262,0.00473086177355791,0.08675272494166734,0.9857795668089383,0.8304333020304818,0.07342997250136142
8.05,0.0,0.034666659847186594,0.020839094558674814,0.1793529898890727,0.9384404555610195,0.6355765554669809,0.017428039918260734,0.006674114086366009,0.10321737973494441,0.9792475059600514,0.7417134242908512,0.014605398696588988,0.004777054549323318,0.08687453763275786,0.9856832150378323,0.8305980546781658,0.07090437919491122
8.1,0.0,0.03488721025577224,0.020974352551118847,0.1796572809894376,0.9384383174166044,0.6359703072945825,0.017584073642887776,0.006732765353603924,0.10336438920306026,0.9791535269118314,0.7419804004234809,0.01475131892235692,0.004823674747340215,0.08700076202598171,0.9855845939640117,0.8307670244885225,0.06846565261784004
8.15,0.0,0.035111759971315167,0.021110611433540018,0.17996683794218965,0.9384272499617944,0.6363715964106065,0.01774230443837564,0.006791935387458703,0.10351616182710162,0.9790563335036636,0.7422531951725475,0.014899052254903919,0.0048707253336256395,0.08713140431175846,0.9854837187439103,0.8309400493998539,0.06611080502518765
8.200000000000001,0.0,0.035340267222714244,0.02124786939751282,0.18028162721060417,0.9384073724513587,0.6367801291317202,0.017902734117141387,0.006851626943048786,0.10367269692312983,0.9789559514340096,0.7425315830868584,0.01504860778726736,0.004918209293772028,0.08726647088930424,0.9853806037442869,0.8311169729888402,0.06383695143423672
8.25,0.0,0.03557269222854836,0.02138612472280245,0.18060161588291565,0.9383788021534705,0.6371956220430222,0.01806536500210343,0.006911842801463797,0.10383399411507119,0.9788524055632906,0.7428153465777854,0.015199994872084406,0.0049661296326989944,0.08740596835213915,0.98527526256339,0.831297644272256,0.06164130609004833
8.3,0.0,0.03580899710470392,0.021525375773162547,0.1809267716407906,0.9383416543798446,0.6376178016275679,0.018230199909557408,0.006972585769117491,0.10400005331397777,0.9787457199306696,0.743104275639793,0.01535322311614851,0.005014489374404105,0.08754990347402375,0.9851677080514797,0.8314819175158707,0.0595211790525639
8.35,0.0,0.036049145776952764,0.021665620992259958,0.18125706272890216,0.9382960425155676,0.6380464039101762,0.018397242132853136,0.007033858677108934,0.10417087469795784,0.9786359177705062,0.7433981675813599,0.015508302375176575,0.005063291561712502,0.08769828319530716,0.9850579523307313,0.831669652050258,0.05747397290109227
8.4,0.0,0.03629310389816902,0.021806858899721216,0.18159245792558018,0.9382420780486126,0.6384811741149066,0.018566495426825383,0.007095664380591384,0.10434645869275247,0.9785230215284898,0.7436968267658747,0.015665242748774937,0.005112539256025207,0.08785111460967014,0.9849460068145438,0.8318607120932519,0.05549717955214463
8.450000000000001,0.0,0.036540838769895195,0.02194908808729575,0.18193292651450982,0.9381798705990373,0.6389218663356274,0.018737963992934235,0.007158005758148368,0.10452680595293583,0.9784070528774625,0.7440000643621099,0.015824054575592935,0.005162235537065961,0.08800840495124677,0.984831882226274,0.8320549665787966,0.05358837718671867
8.5,0.0,0.03679231926798771,0.022092307215131068,0.18227843825745152,0.9381095279478618,0.639368243219123,0.018911652465073592,0.007220885711176466,0.10471191734371728,0.9782880327329392,0.7443076981038922,0.015984748428653495,0.005212383502626451,0.08817016158210954,0.9847155886174198,0.8322522889919491,0.051745227283267504
8.55,0.0,0.03704751577209062,0.022236515008155378,0.18262896336795614,0.9380311560656261,0.6398200756602128,0.0190875658960089,0.00728430716327432,0.10490179392332415,0.9781659812683328,0.7446195520586065,0.01614733511085069,0.005262986268309773,0.08833639198010286,0.9845971353852705,0.8324525572098015,0.04996547175271842
8.6,0.0,0.0373064000987034,0.022381710252563306,0.1829844724860483,0.937944859140626,0.6402771425083841,0.019265709744407642,0.0073482730596374415,0.10509643692594471,0.9780409179298934,0.7449354564041849,0.01631182565060481,0.005314046967271995,0.0885071037270109,0.9844765312900455,0.8326556533481015,0.04824693017203142
8.65,0.0,0.0375689454376246,0.022527891792400664,0.18334493665385165,0.9378507396068301,0.6407392302854585,0.019446089862428344,0.0074127863664583534,0.10529584774521168,0.9779128614513697,0.7452552472142485,0.016478231297665968,0.005365568749961681,0.08868230449704607,0.9843537844715393,0.8328614636133586,0.046587497112908396
8.700000000000001,0.0,0.037835126291567614,0.02267505852624432,0.18371032729213016,0.9377488981714789,0.6412061329138405,0.019628712483835967,0.007477850070331669,0.10550002791820699,0.977781829868398,0.7455787662510841,0.016646563519057692,0.005417554783857222,0.08886200204564519,0.9842289024652904,0.8330698781602277,0.04498513956238026
8.75,0.0,0.03810491841875876,0.022823209403973487,0.18408061617771923,0.9376394338423679,0.6416776514549118,0.01981358421261346,0.007543467177663694,0.10570897910996957,0.97764784053263,0.7459058607661511,0.01681683399515254,0.005470008253201872,0.08904620419856073,0.984101892218292,0.8332807909539782,0.04343789443211183
8.8,0.0,0.038378298778340196,0.022972343423628843,0.18445577542182184,0.9375224439548184,0.6421535938571603,0.02000071201204113,0.0076096407140861765,0.10592270309848821,0.9775109101256025,0.7462363833078267,0.01698905461587201,0.0055229323587363205,0.08923491884123533,0.9839727601042612,0.8334940996378559,0.04194386615337322
8.85,0.0,0.03865524547841206,0.023122459628356174,0.18483577744914395,0.9373980241983383,0.6426337747136482,0.020190103194217112,0.007676373723873807,0.1061412017601624,0.9773710546723603,0.7465701915361118,0.017163237477003553,0.0055763303174287,0.0894281539084481,0.983841511938481,0.8337097054051584,0.040501224354731136
8.9,0.0,0.03893573772655899,0.023273557103431285,0.18522059497784502,0.9372662686429777,0.643118015028443,0.020381765409993886,0.007743669269365142,0.1063644770557145,0.9772282895548345,0.7469071480440284,0.017339394876627803,0.005630205362201886,0.08962591737422165,0.983708152992233,0.8339275128758498,0.03910820161961503
8.950000000000001,0.0,0.03921975578271642,0.023425634973363123,0.1856102010002793,0.9371272697653826,0.643606141991652,0.02057570663930721,0.007811530430386582,0.10659253101653747,0.9770826295249877,0.747247120185454,0.017517539311649514,0.005684560741657974,0.08982821724197952,0.9835726880068328,0.8341474299775467,0.03776309132101082
9.0,0.0,0.0395072809142412,0.023578692399072215,0.1860045687645041,0.9369811184745508,0.6440979887627175,0.020771935181875253,0.007879960303679072,0.10682536573146253,0.976934088717728,0.7475899799091477,0.017697683474425973,0.005739399719799805,0.09003506153494396,0.9834351212072843,0.8343693678307156,0.03646424553062945
9.05,0.0,0.039798295353060016,0.023732728575141623,0.18640367175653158,0.9368279041372937,0.6445933942616443,0.02097045964824699,0.007948962002327212,0.10706298333393212,0.976782680663602,0.7479356035987312,0.017879840249487036,0.00579472557574942,0.09024645828676452,0.9832954563155646,0.8345932406379275,0.03521007299998868
9.1,0.0,0.04009278225477705,0.023887742727137784,0.1868074836833017,0.9366677146034095,0.6450922029678465,0.021171288951180183,0.008018538655190463,0.10730538598956381,0.9766284183012696,0.748283871918403,0.018064022710341184,0.005850541603463332,0.09046241553236818,0.983153696563555,0.83481896557702,0.033999037210934745
9.15,0.0,0.0403907256596299,0.024043734108998682,0.18721597845635357,0.9365006362305713,0.6455942647263146,0.021374432297330312,0.00808869340633615,0.10755257588409153,0.976471313989769,0.7486346696641646,0.018250244116362235,0.005906851111444491,0.09068294129902262,0.9830098447056282,0.8350464626980261,0.03282965449321554
9.200000000000001,0.0,0.04069211045518988,0.024200702000486973,0.18762913017617366,0.9363267539089348,0.6460994345608158,0.021579899179232993,0.008159429414473967,0.10780455521167079,0.9763113795205763,0.7489878856203569,0.01843851790975171,0.005963657422450836,0.09090804359760388,0.9828639030309052,0.8352756548237315,0.03170049220679903
9.25,0.0,0.04099692234070915,0.024358645704705736,0.18804691311719937,0.9361461510854693,0.6466075724938536,0.021787699367563314,0.008230749852391724,0.1080613261635353,0.9761486261294651,0.749343412421304,0.01862885771257196,0.0060209638732003174,0.09113773041406088,0.9827158733751933,0.8355064674537284,0.030610166986710135
9.3,0.0,0.041305147793023425,0.024517564545674695,0.1884693017134574,0.9359589097880177,0.6471185433731262,0.021997842903656542,0.008302657906392048,0.1083228909169928,0.9759830645081722,0.7497011464178756,0.01882127732384549,0.006078773814072283,0.09137200970106904,0.9825657571326164,0.8357388286718405,0.029557343048235624
9.35,0.0,0.04161677403392466,0.02467745786596477,0.18889627054481647,0.935765110649088,0.6476322167042308,0.02221034009227545,0.008375156775729795,0.10858925162474838,0.9758147048158752,0.7500609875487844,0.019015790716716115,0.00613709060880512,0.09161088936986571,0.982413555266949,0.8359726690567951,0.028540730550420886
9.4,0.0,0.04193178899892316,0.02483832502438901,0.18932779432383454,0.9355648329293822,0.6481484664893749,0.022425201494610386,0.00844824967204991,0.10886041040454386,0.975643556690485,0.7504228392164436,0.019212412035667707,0.006195917634190046,0.09185437728226087,0.9822592683226625,0.8362079215960275,0.02755908401585347
9.450000000000001,0.0,0.04225018130732392,0.02500016539374799,0.18976384788318165,0.9353581545410651,0.6486671710718653,0.022642437921498948,0.00852193981882552,0.10913636932910283,0.97546962925976,0.7507866081672145,0.019411155593796612,0.00625525827976095,0.09210248124281623,0.982102896435697,0.8364445216025023,0.026611200804797546
9.5,0.0,0.04257194023354619,0.02516297835862783,0.1902044061636192,0.9351451520707779,0.6491882129861541,0.02286206042685284,0.00859623045079599,0.10941713041637055,0.9752929311522468,0.7511522043758835,0.019612035870133885,0.006315115947480172,0.09235520899118675,0.9819444393439651,0.8366824066344453,0.02569591964180987
9.55,0.0,0.042897055679619815,0.025326763313249144,0.19064944420251762,0.9349259008023999,0.6497114788132297,0.02308408030128023,0.008671124813404759,0.10970269562003913,0.9751134705080501,0.751519540934212,0.019815067507013714,0.006375494051420134,0.09261256819461866,0.9817838963975994,0.8369215164178807,0.024812119193032167
9.600000000000001,0.0,0.04322551814879588,0.025491519659365226,0.19109893712289489,0.9347004747395629,0.6502368590411529,0.023308509065892425,0.00874662616223671,0.10999306682034819,0.9749312549894389,0.7518885339434112,0.02002026530748457,0.006436396017440721,0.09287456644059827,0.9816212665689514,0.8371617927718724,0.023958716692416972
9.65,0.0,0.04355731872021287,0.025657246804207938,0.1915528601229582,0.93446894662792,0.6507642479305433,0.02353535846628446,0.008822737762454897,0.11028824581515212,0.9747462917912918,0.7522591024103958,0.02022764423275974,0.006497825282862305,0.09314121122964646,0.9814565484623516,0.8374031795363738,0.023134666615203837
9.700000000000001,0.0,0.043892449024563074,0.025823944158479745,0.19201118846613244,0.9342313879771748,0.6512935433848295,0.023764640466679598,0.008899462888236388,0.11058823431124504,0.9745585876513859,0.7526311681476824,0.02043721939970406,0.006559785296134337,0.09341250996825366,0.9812897403236381,0.837645622502592,0.02233895939702079
9.75,0.0,0.04423090122070739,0.0259916111343905,0.1924738974715591,0.933987869082871,0.6518246468250863,0.02399636724422833,0.008976804822207082,0.11089303391593514,0.9743681488605339,0.7530046556767951,0.020649006078353835,0.0066222795164994,0.0936884699619507,0.9811208400494633,0.8378890693457776,0.021570620197041753
9.8,0.0,0.044572667973189546,0.02616024714373757,0.19294096250504958,0.9337384590479496,0.6523574630692879,0.02423055118345301,0.009054766854875274,0.11120264612886042,0.9741749812725728,0.7533794921350562,0.02086301968946697,0.006685311413652641,0.09396909840851086,0.980949845196385,0.8381334695603528,0.020828707703684654
9.850000000000001,0.0,0.04491774243060376,0.026329851596028044,0.1934123589704779,0.9334832258040722,0.6528919002158119,0.024467204870829602,0.00913335228406381,0.1115170723340382,0.9739790903142089,0.7537556071856351,0.021079275802100585,0.0067488844673964914,0.09425440239127914,0.9807767529897508,0.8383787743972964,0.020112312981387045
9.9,0.0,0.04526611820477252,0.026500423896641707,0.19388806230159775,0.9332222361327167,0.6534278695310392,0.02470634108949861,0.009212564414340658,0.11183631379214092,0.9737804809947221,0.75413293293074,0.021297790131213374,0.006813002167290585,0.09454438887262441,0.9806015603323828,0.8386249368037023,0.019420558357046404
9.950000000000001,0.0,0.04561778935069372,0.026671963445033645,0.19436804795426946,0.9329555556860473,0.6539652853408959,0.02494797281409751,0.00929240655644773,0.11216037163299153,0.9735791579155341,0.7545114038278389,0.02151857853529016,0.006877668012296802,0.09483906468751101,0.9804242638130694,0.8388719113644391,0.01875259634476085
10.0,0.9,0.04597275034721865,0.02684446963297532,0.19485229139908292,0.9326832490075591,0.6545040649261953,0.02519211320570755,0.009372882026727786,0.11248924684827152,0.9733751252796428,0.7548909566087991,0.02174165701398619,0.006942885510419336,0.09513843653718596,0.980244859714871,0.8391196542458316,0.01810760860755296
10.05,0.9,0.04629752916182704,0.02701554169592938,0.19532329599137607,0.9324056402474835,0.6549640805436858,0.025426827254334813,0.009453447768886099,0.11281635394798432,0.9731684862962716,0.7552115294821832,0.02196068909630028,0.007008408710872233,0.09543907786011266,0.9800633973660016,0.8393270845201468,0.06170641206417965
10.100000000000001,0.9,0.04655933893652479,0.027182842451962907,0.19576382597266614,0.9321240733634467,0.6552689685864297,0.025640301740075006,0.00953356849061746,0.11313508492477813,0.9729597338774993,0.755415915144383,0.02216937132559198,0.007073993572738891,0.09573752920672944,0.9798801352165271,0.8394550875045772,0.10380565284321916
10.15,0.9,0.04675937556364715,0.02734646689878126,0.1961742536001575,0.9318400891039662,0.6554242323502226,0.025832772076197445,0.009613259179609208,0.113445408085089,0.9727494387546418,0.7555082640847213,0.02236778127812177,0.007139646467641253,0.09603374742801281,0.9796953737362398,0.8395065112232826,0.14445690777811027
10.200000000000001,0.9,0.046899048243005996,0.027506510189279236,0.1965549585328759,0.9315551545757882,0.6554352875485876,0.026004522896197462,0.009692534838272277,0.11374729383029292,0.9725381474380183,0.7554926332856755,0.022556011565970112,0.007205373755238383,0.09632768908271137,0.9795094010182924,0.8394841263322219,0.18370997973859732
10.25,0.9,0.04697995680838187,0.027663067426886612,0.19690632781837372,0.9312706596127142,0.6553074568945426,0.026155883783075165,0.009771410464866967,0.11404071518629708,0.9723263815877607,0.7553729853503395,0.022734168688354293,0.007271181780354152,0.09661931072699596,0.9793224927647592,0.8393906270659786,0.22161295864547226
10.3,0.9,0.04700386935102732,0.027816233474371496,0.19722875580239574,0.93098791397798,0.6550459653867298,0.026287225078310376,0.009849901035767264,0.11432564826238992,0.9721146375517288,0.7551531879278305,0.02290237191477498,0.007337076870280843,0.09690856917616075,0.9791349123147636,0.8392286322693453,0.2582122803867402
10.350000000000001,0.9,0.04697270034131202,0.027966102775977365,0.1975226439747668,0.9307081453499745,0.6546559362529965,0.0263989537935849,0.00992802148883082,0.11460207264489941,0.971903386059298,0.7548370134118668,0.02306075220262285,0.007403065332251241,0.09719542174016914,0.9789469107116063,0.8390006865036147,0.29355278370738774
10.4,0.9,0.04688848942071523,0.02811276919269962,0.19778840076315765,0.9304324980375948,0.6541423875062206,0.026491509644895998,0.010005786707841137,0.11486997173097013,0.9716930720596686,0.7544281388891177,0.023209451151417326,0.007469153451072265,0.09747982643477139,0.9787587268054558,0.8387092612182341,0.3276777651424516
10.450000000000001,0.9,0.046753381008567484,0.028256325850443815,0.19802644128487923,0.9301620323691779,0.6535102290689417,0.026565361225500263,0.010083211507988,0.1151293330075103,0.9714841146933324,0.7539301463152712,0.023348619995426683,0.0075353474869135845,0.09776174216985098,0.9785705873882891,0.838356755979161,0.3606290320606874
10.5,0.9,0.046569604841584025,0.028396865000751483,0.19823718706546148,0.9298977246976236,0.6527642604251842,0.02662100233113772,0.010160310622351818,0.1153801482800874,0.9712769073854439,0.7533465228980643,0.023478418636030462,0.007601653673245057,0.09804112891658393,0.9783827073579131,0.8379454997458952,0.39244695388382317
10.55,0.9,0.04633945753956362,0.02853447789373023,0.1984210657314983,0.9296404679639053,0.6519091687597067,0.0266589484482208,0.010237098689357139,0.11562241385627252,0.9710718180500344,0.7526806616677815,0.023599014714829777,0.007668078214917111,0.09831794785492172,0.9781952899080395,0.8374777521897693,0.42317051154414814
10.600000000000001,0.9,0.0460652852678201,0.028669254662782837,0.1985785106840857,0.929391072761551,0.6509495275467859,0.026679733413134808,0.010313590241160398,0.11585613068765259,0.9708691893942817,0.7519358622169398,0.023710582728187737,0.007734627286378523,0.0985921615028338,0.9780085267415304,0.8369557050466531,0.4528373452410287
10.65,0.9,0.04574946754608281,0.02880128422069509,0.198709960758148,0.9291502688457329,0.649889795552502,0.026683906248486246,0.01038979969293676,0.11608130447445222,0.9706693393123924,0.7511153315920438,0.023813303183589006,0.007801307030026242,0.09886373382867185,0.9778225983040876,0.8363814834977626,0.48148380055485834
10.700000000000001,0.9,0.04539440223480035,0.028930654166613865,0.1988158598720298,0.9289187070322508,0.6487343162163538,0.02667202818004914,0.010465741333030886,0.11629794573643454,0.9704725613590455,0.7502221853214154,0.0239073617979435,0.007868123554682175,0.09913263034794464,0.9776376740358038,0.8357571475727763,0.5091449729749379
10.75,0.9,0.04500249171301986,0.029057450703425046,0.19889665667092707,0.9286969614337948,0.6474873173798559,0.026644669836292004,0.010541429313936467,0.11650606985348654,0.970279125292786,0.7492594485641721,0.02399294873772239,0.007935082934192018,0.09939881820572069,0.9774539126381472,0.8350846935699328,0.5358547508958376
10.8,0.9,0.04457613024726125,0.02918175856502507,0.1989528041670316,0.928485531983368,0.6461529113315705,0.0266024086307109,0.010616877644069505,0.11670569707904091,0.9700892776802325,0.7482300573664504,0.0240702579006038,0.008002191206141396,0.09966226624580558,0.9772714623540977,0.8343660554882377,0.5616458571349177
10.850000000000001,0.9,0.04411769253800027,0.02930366095296939,0.19898475937865984,0.9282848471975155,0.6447350951397814,0.026545826325737952,0.01069210018030057,0.11689685252924363,0.9699032425524541,0.7471368600119441,0.024139486238119245,0.008069454370684728,0.09992294506777312,0.9770904612593041,0.8336031064673234,0.5865498890218706
10.9,0.9,0.04362952341942981,0.02942323948197589,0.19899298297012571,0.9280952671349939,0.6432377512457287,0.02647550677572874,0.010767110621211554,0.11707956615054675,0.9697212221053927,0.7459826184547533,0.024200833118628223,0.008136878389482368,0.10018082707286337,0.9769110375622703,0.8327976602308982,0.6105973571094001
10.950000000000001,0.9,0.04311392867897943,0.029540574133760385,0.19897793889368595,0.9279170865096377,0.6416646482919783,0.02639203384544451,0.010841922501042886,0.11725387266818851,0.9695433974367229,0.7447700098234195,0.024254499729806398,0.008204469184741704,0.10043588649969784,0.9767333099117229,0.8319514725300929,0.6338177225524637
11.0,0.9,0.04257316695551923,0.029655743218684586,0.1989400940345293,0.9277505379193719,0.6400194421621068,0.026295989499523897,0.010916549184297616,0.11741981151781859,0.9693699293120713,0.7435016279858522,0.024300688519710494,0.008272232638357992,0.10068809945070084,0.9765573877094489,0.8310662425833528,0.6562394332018702
11.05,0.9,0.04200944266912708,0.029768823344703592,0.1988799178594899,0.9275957951565452,0.6383056772094196,0.026187952057671358,0.010991003860969415,0.11757742676233524,0.9692009589540406,0.7421799851656434,0.0243396026753794,0.008340174591150835,0.10093744391005839,0.9763833714270213,0.830143614509844,0.6778899584564536
11.100000000000001,0.9,0.041424899930625675,0.029879889393109815,0.19879788206993243,0.92745297656795,0.6365267876539079,0.026068494609662905,0.01106529954236211,0.11772676699582257,0.9690366088479965,0.7408075136010054,0.024371445637844324,0.008408300842192268,0.10118389975399039,0.9762113529249618,0.8291851787536444,0.6987958229165216
11.15,0.9,0.040821617375661305,0.0299890145005826,0.198694460259075,0.9273221484360309,0.6346860991280687,0.025938183583771965,0.01113944905746912,0.11786788523631046,0.9688769835590848,0.7393865672382715,0.024396420652349985,0.008476617148222551,0.10142744875405932,0.9760414157730081,0.8281924734962639,0.718982638879807
11.200000000000001,0.9,0.04020160386576761,0.030096270047067396,0.19857012757387882,0.9272033283558218,0.6327868303535651,0.02579757746183655,0.011213465049881877,0.11800083880892552,0.9687221705554319,0.737919423452558,0.024414730352532298,0.008545129223149827,0.10166807457418844,0.9758736355702728,0.8271669860552999,0.738475137719734
11.25,0.9,0.039566794997503846,0.030201725649024666,0.19842536038153508,0.9270964885850714,0.6308320949320032,0.02564722563391192,0.011287359975197185,0.11812568922085982,0.9685722410329579,0.7364082847888042,0.024426576377254795,0.008613842737629891,0.10190576276201539,0.9757080802641905,0.8261101542672717,0.757297200184444
11.3,0.9,0.038919050360253865,0.0303054491576065,0.1982606359405139,0.9270015593477979,0.6288249032343275,0.025487667385269155,0.011361146098894262,0.11824250202945207,0.9684272507376851,0.734855280716991,0.024432159018774588,0.008682763318722402,0.10214050073516193,0.9755448104672564,0.8250233678529014,0.7754718856536964
11.350000000000001,0.9,0.03826015148350124,0.030407506661337697,0.19807643207610112,0.926918432074139,0.6267681643745046,0.025319431008398795,0.011434835494653114,0.1183513467045555,0.9682872407818544,0.7332624693958837,0.0244316769008882,0.008751896549619952,0.10237227776295854,0.9753838797706598,0.8239079697633143,0.7930214603894928
11.4,0.9,0.037591800415246575,0.03050796249289775,0.19787322686033332,0.9268469625618285,0.6246646882542725,0.025143033032649694,0.011508440043086836,0.11845229648625535,0.9681522384505773,0.7316318394401531,0.024425326685696774,0.008821247969446487,0.10260108494412278,0.9752253350540105,0.8227652575058226,0.8099674248150314
11.450000000000001,0.9,0.03691561887460374,0.030606879239620185,0.1976514982962436,0.9267869740469222,0.6225171876667753,0.02495897756416737,0.011581971430861327,0.11854542823889683,0.9680222579961343,0.7299653116862094,0.02441330280762804,0.008890823073121643,0.10282691518085231,0.9750692167904458,0.8215964844481314,0.8263305398554133
11.5,0.9,0.03623314792340766,0.030704317757346177,0.1974117240063475,0.9267382601735158,0.6203282804478915,0.02476775572888418,0.011655441150176901,0.11863082230229051,0.9678973014173965,0.7282647409525248,0.02439579723335806,0.008960627311287652,0.10304976314975899,0.9749155593464873,0.8204028610999682,0.842130852372372
11.55,0.9,0.03554584810380345,0.030800337187289726,0.19715438092532606,0.9267005878541459,0.618100491664989,0.024569845211447915,0.011728860498587214,0.1187085623408771,0.9677773592221887,0.7265319177906393,0.024372999246288232,0.00903066609029557,0.10326962527003666,0.9747643912761002,0.8191855563712885,0.8573877197241848
11.600000000000001,0.9,0.034855099991187966,0.030894994975592043,0.19687994499689895,0.9266737000143419,0.6158362558337204,0.0243657098831482,0.011802240579131925,0.1187787351915544,0.9676624111707263,0.7247685702234271,0.02434509525425139,0.009100944772247604,0.10348649966922478,0.974615735608474,0.8179456988063439,0.8721198334808575
11.65,0.9,0.034162205114472745,0.030988346895262777,0.19658889087492123,0.9266573182164054,0.6135379191542821,0.024155799512104885,0.011875592300760476,0.11884143071079825,0.9675524269985553,0.7229763654675636,0.0243122686191445,0.009171468675092491,0.10370038614690058,0.9744696101291189,0.8166843777930284,0.8863452423236339
11.700000000000001,0.9,0.0334683871983714,0.031080447070225385,0.19628169162878129,0.9266511451589458,0.6112077417593396,0.023940549549213052,0.011948926379025327,0.11889674162164354,0.9674473671176929,0.7211569116374628,0.024274699507213462,0.00924224307277086,0.10391128613660562,0.9743260276539298,0.8154026447470321,0.900081374156887
11.75,0.9,0.03277479368523313,0.031171348001203057,0.19595881845322244,0.9266548670499966,0.6088478999665301,0.02372038098359009,0.012022253337023985,0.11894476336103176,0.9673471832949173,0.7193117594282669,0.024232564758747403,0.00931327319540767,0.10411920266628716,0.9741849962959321,0.8141015142704383,0.9133450574594815
11.8,0.9,0.03208249749680157,0.03126110059320011,0.1956207403827543,0.926668155852687,0.6064604885291349,0.023495700261536502,0.012095583506570104,0.1189855939279772,0.9672518193063825,0.7174424037757547,0.024186037775974792,0.00938456422954889,0.10432414031751089,0.9740465197244756,0.8127819652844963,0.9261525419017632
11.850000000000001,0.9,0.03139249899913623,0.03134975418435164,0.1952679240108623,0.9266906714034577,0.604047522879132,0.02326689926329927,0.012168927029574847,0.11901933373295441,0.9671612115679399,0.7155502854912991,0.02413528842799128,0.009456121318439628,0.10452610518367986,0.9739105974166943,0.8114449421363883,0.938519518253438
11.9,0.9,0.03070572813676028,0.03143735657593137,0.19490083321426258,0.9267220634036939,0.6016109413574287,0.023034355332211043,0.012242293859620687,0.119046085448864,0.9670752897407399,0.713636792870249,0.024080482971588837,0.00952794956234106,0.10472510482747356,0.9737772249010928,0.8100913556798921,0.9504611376067259
11.950000000000001,0.9,0.030023046704865955,0.03152395406332393,0.1945199288824835,0.926761973286416,0.599152607426614,0.022798431351066715,0.012315693763710663,0.11906595386389313,0.9669939773118513,0.7117032632723378,0.024021783986897,0.009600054018883562,0.10492114823770216,0.973646393993166,0.8087220843299112,0.9619920299383432
12.0,0.9,0.02934525073109629,0.03160959146778353,0.1941256686530853,0.9268100359603214,0.596674311862076,0.022559475860888033,0.01238913632417704,0.11907904573654923,0.9669171921497938,0.7097509846729231,0.023959350326789378,0.00967243970345355,0.10511424578575315,0.9735180930229921,0.8073379750909094,0.9731263220330533
12.05,0.9,0.028673072941011,0.031694312168815714,0.19371850665285348,0.9268658814340277,0.5941777749177934,0.02231782321751464,0.012462630940734156,0.11908546965311148,0.9668448470350085,0.7077811971840561,0.023893337079051884,0.009745111589611614,0.10530440918179106,0.9733923070547769,0.8059398445593483,0.9838776547907441
12.100000000000001,0.9,0.02800718528382255,0.03177815813703285,0.19329889324532074,0.9269291363238257,0.5916646484635487,0.022073793781743782,0.012536186832661101,0.1190853358877135,0.9667768501654186,0.7057950945445538,0.02382389554035269,0.009818074609539608,0.10549165143085545,0.9732690180983576,0.8045284799002765,0.9942591999382361
12.15,0.9,0.02734820149734523,0.03186116996734732,0.19286727478498514,0.9269994252486309,0.5891365180907024,0.021827694139019437,0.012609813041100641,0.1190787562652424,0.9667131056373306,0.7037938255784042,0.023751173201097757,0.009891333654514485,0.10567598678898867,0.9731482053127014,0.8031046397982698,1.0042836761662943
12.200000000000001,0.9,0.02669667969332875,0.03194338691237868,0.1924240933785994,0.9270763721161227,0.5865949051840446,0.021579817344943027,0.01268351843146165,0.11906584402721354,0.9666535139020261,0.7017784956209829,0.023675313740299433,0.0099648935754067,0.10585743071951098,0.9730298452014603,0.8016690553829615,1.0139633647116146
12.25,0.9,0.026053124946444205,0.03202484691596279,0.19196978665390835,0.9271596013042931,0.5840412689575728,0.0213304431931413,0.012757311695913003,0.11904671370075694,0.9665979721984685,0.6997501679126914,0.023596457029628946,0.010038759183201122,0.10603599984954928,0.9729139118006664,0.8002224311294417,1.0233101244028742
12.3,0.9,0.02541799187215216,0.03210558664666181,0.19150478753620753,0.9272487387427992,0.5814770084523634,0.021079838502281036,0.012831201355957656,0.11902148097083007,0.9665463749626225,0.6977098649597495,0.023514739145866315,0.010112935249538463,0.1062117119269137,0.9728003768586705,0.7987654457338376,1.0323354061892795
12.350000000000001,0.9,0.024791687180509874,0.032185641531184,0.19102952403308682,0.9273434128986338,0.5789034644949856,0.02082825741926467,0.012905195765076344,0.118990262555752,0.9664986142139389,0.6956585698619838,0.02343029239100321,0.010187426507275346,0.10638458577740642,0.9726892100084445,0.7972987529644154,1.0410502671694106
12.4,0.9,0.024174572194668714,0.03226504578763185,0.19054441902770952,0.9274432556706955,0.5763219216151745,0.02057594173587469,0.012979303111430947,0.11895317608613662,0.9664545799196085,0.6935972276075532,0.02334324531929548,0.01026223765106117,0.10655464126263738,0.9725803789323857,0.7958229824885716,1.0494653841375492
12.450000000000001,0.9,0.023566965324376517,0.032343832458505875,0.1900498900809591,0.9275479031978736,0.5737336099217157,0.020323121216357865,0.013053531420618303,0.11891033998728627,0.9664141603372279,0.6915267463346427,0.023253722770602045,0.010337373337930047,0.10672189923841244,0.9724738495197695,0.7943387406761011,1.0575910666640864
12.5,0.9,0.022969144486236423,0.03242203344339939,0.18954634924276326,0.9276569965852501,0.5711397069357185,0.02007001393365231,0.013127888558465776,0.1188618733650926,0.966377242336552,0.6894479985602403,0.023161845909385886,0.010412838187906148,0.106886381513752,0.9723695860170134,0.7928466113791531,1.0654372697260361
12.55,0.9,0.02238134946378845,0.03249967953132726,0.18903420287287986,0.927770182552987,0.5685413393806485,0.019816826612161373,0.013202382233860558,0.1188078958954783,0.9663437117010325,0.6873618223761783,0.02306773226879067,0.010488636784620881,0.1070481108105899,0.9722675511709221,0.7913471566892973,1.0730136059031257
12.600000000000001,0.9,0.021803784201677806,0.03257680043263852,0.18851385147140004,0.9278871140123994,0.565939584928679,0.019563754975167998,0.013277020001605177,0.11874852771740103,0.9663134534098627,0.6852690226126933,0.022971495799242944,0.010564773675940393,0.10720711072419616,0.9721677063650905,0.7898409176721399,1.0803293571544081
12.65,0.9,0.021236619029260217,0.03265342481046915,0.18798568951919306,0.9280074505736274,0.5633354739030778,0.019310984095161982,0.013351809265292258,0.11868388932943011,0.9662863519012572,0.683170371969811,0.022873246921065075,0.01064125337460196,0.10736340568436048,0.9720700117496506,0.7883284150799391,1.087393486189823
12.700000000000001,0.9,0.02067999280997568,0.03272958031169714,0.18745010532848388,0.9281308589892138,0.5607299909365024,0.019058688745520354,0.013426757280192091,0.11861410148989643,0.9662622913177062,0.6810666121169163,0.02277309258061791,0.010718080358857919,0.10751702091736792,0.971974426364551,0.7868101500426774,1.0942146474506358
12.75,0.9,0.02013401501370367,0.03280529359736742,0.18690748090372,0.9282570135377706,0.5581240765852051,0.018807033752138266,0.013501871156147012,0.11853928512060723,0.966241155733946,0.6789584547609139,0.022671136309524522,0.010795259073125835,0.10766798240879244,0.9718809082565637,0.7852866047380581,1.1008011977122112
12.8,0.9,0.01959876771010167,0.0328805903725591,0.18635819181284788,0.9283855963517861,0.5555186288992731,0.018556174343754603,0.0135771578604671,0.11845956121410894,0.9662228293683846,0.6768465826834237,0.022567478286557453,0.010872793928643702,0.10781631686712986,0.9717894145902128,0.7837582430408955,1.107161206322107
12.850000000000001,0.9,0.019074307481630966,0.032955495415672095,0.18580260706908316,0.9285162976934758,0.5529145049491359,0.018306256499853384,0.0136526242208221,0.11837505074447421,0.966207196778719,0.6747316507474922,0.022462215401801496,0.010950689304129001,0.10796205168828671,0.9716999017528247,0.7822255111523736,1.1133024650860348
12.9,0.9,0.0185606672555948,0.03303003260711405,0.18524108902322223,0.9286488161824331,0.5503125223086698,0.018057417295149102,0.01372827692812491,0.11828587458158218,0.9661941430424709,0.6726142868743278,0.022355441322732234,0.011028949546440538,0.10810521492093794,0.9716123254538975,0.7806888382096496,1.119232497813795
12.950000000000001,0.9,0.018057858055061077,0.0331042249573725,0.18467399326650583,0.9287828589786759,0.5477134604953136,0.017809785239782085,0.01380412253940232,0.11819215340885564,0.9661835539231565,0.6704950929905961,0.022247246561877487,0.011107578971242031,0.10824583523276265,0.9715266408189894,0.7791486368762788,1.1249585695368853
13.0,0.9,0.017565870669019577,0.03317809463446041,0.1841016685440102,0.9289181419245258,0.5451180623676858,0.017563480614458938,0.01388016748064912,0.1180940076444127,0.9661753160227968,0.6683746459468322,0.022137718545754193,0.011186581863666466,0.10838394187756359,0.9714428024783239,0.7776053039139372,1.1304876954090723
13.05,0.9,0.017084677242538742,0.03325166299072625,0.1835244566785054,0.9290543896485975,0.5425270354812619,0.017318615799873763,0.013956418049661972,0.11799155736558631,0.9661693169214547,0.6662534984075451,0.02202694168479749,0.011265962478980325,0.10851956466327341,0.9713607646503077,0.7760592207359172,1.1358266493008318
13.100000000000001,0.9,0.016614232788044157,0.03332495058902271,0.18294269250468762,0.9291913356350084,0.5399410534027269,0.01707529559983833,0.014032880418849803,0.1178849222367602,0.9661654453044728,0.6641321797136035,0.021914997444021537,0.011345725043246819,0.10865273392084797,0.9712804812201581,0.7745107539428663,1.1409819720981873
13.15,0.9,0.016154476619145416,0.03339797722823042,0.18235670381365876,0.9293287222607626,0.5373607569836687,0.016833617557634403,0.01410956063801777,0.1177742214404665,0.9661635910780658,0.6620111967175043,0.021801964414173203,0.011425873753987315,0.10878348047404428,0.9712019058138297,0.7729602558412396,1.1459599797161133
13.200000000000001,0.9,0.01570533370869484,0.03347076196813543,0.18176681130749692,0.9294663008041001,0.5347867555943239,0.016593672265179202,0.01418646463712214,0.11765957361168643,0.9661636454739038,0.6598910345921353,0.021687918383160122,0.011506412780840228,0.1089118356100789,0.9711249918674325,0.7714080649449278,1.15076677083632
13.25,0.9,0.015266715972975041,0.03354332315366107,0.18117332856373153,0.9296038314264485,0.5322196283181214,0.016355543664665986,0.014263598228993668,0.11754109677529287,0.9661655011432998,0.6577721576136475,0.02157293240755364,0.011587346266216644,0.10903783105116041,0.9710496926923253,0.7698545064605194,1.1554082343789023
13.3,0.9,0.014838523484086848,0.03361567843845669,0.18057656200951067,0.9297410831304568,0.5296599251078029,0.0161193093424065,0.014340967112027357,0.11741890828657088,0.9661690522415999,0.6556550099190599,0.02145707688398531,0.011668678325952047,0.10916149892688788,0.970975961536068,0.7682998927566523,1.1598900567170014
13.350000000000001,0.9,0.014420645612748842,0.033687844807847235,0.17997681090522274,0.9298778336964466,0.5271081679039237,0.01588504081466074,0.014418576872836672,0.11729312477474997,0.9661741945033472,0.6535400162392179,0.021340419620272326,0.011750413049953515,0.10928287174750585,0.9709037516394111,0.7667445238178984,1.1642177286433242
13.4,0.9,0.014012962103828002,0.03375983860114911,0.1793743673373123,0.9300138695994679,0.5245648517165589,0.0156528038052927,0.01449643298887051,0.11716386208948025,0.9661808253087737,0.6514275826077311,0.021223025906123155,0.011832554502841833,0.10940198237800489,0.9708330162894971,0.765188687683623,1.1683965520970505
13.450000000000001,0.9,0.013615344087001604,0.03383167553335896,0.1787695162200092,0.9301489859090069,0.5220304456710557,0.015422658515138793,0.014574540830991462,0.11703123525018266,0.9661888437421507,0.6493180970465112,0.02110495858328943,0.01191510672458799,0.10951886401305554,0.9707637088694432,0.7636326608722518,1.1724316466593712
13.5,0.9,0.013227655025006401,0.033903370716223,0.17816253530567217,0.9302829861732608,0.5195053940186856,0.015194659883018827,0.014652905666014043,0.11689535839820261,0.9661981506425087,0.6472119302285297,0.020986278115043895,0.01199807373114357,0.10963355015276266,0.9706957829044711,0.762076708791369,1.1763279558256152
13.55,0.9,0.012849751601965314,0.03397493867869562,0.17755369520343198,0.9304156822897623,0.5169901171130571,0.014968857838358107,0.014731532659201798,0.11675634475169483,0.9662086486472129,0.6451094361184116,0.02086704265487714,0.012081459515064591,0.109746074579226,0.9706291921047452,0.7605210861340662,1.18009025306165
13.600000000000001,0.9,0.012481484554296976,0.034046393386796554,0.17694325940580552,0.9305468943640142,0.5144850123531585,0.014745297545423846,0.014810426876722295,0.11661430656316694,0.9662202422288639,0.6430109525914736,0.020747308114317794,0.012165268046128374,0.1098564713338922,0.9705638904050746,0.7589660372619491,1.1837231476519732
13.65,0.9,0.01212269944671209,0.034117748262876904,0.17633148432294105,0.9306764505576752,0.5119904550938975,0.014524019639209745,0.014889593288059251,0.1164693550796082,0.9662328377259684,0.6409168020318109,0.02062712822979199,0.01224950327194307,0.10996477469568298,0.9704998320016308,0.757411796575205,1.187231090346663
13.700000000000001,0.9,0.011773237395784647,0.0341890162043045,0.175718619324145,0.9308041869277274,0.5095067995250092,0.01430506045302981,0.014969036768381076,0.11632160050512992,0.9662463433678045,0.63882729191003,0.02050655462844829,0.012334169118549489,0.1100710191598832,0.9704369713858267,0.7558585888701219,1.190618378814103
13.75,0.9,0.011432935743557925,0.03426020960157995,0.17510490678633414,0.9309299472579443,0.5070343795191967,0.014088452237906385,0.01504876210086535,0.11617115196604352,0.9662606692938899,0.6367427153412129,0.020385636892883786,0.012419269491014904,0.11017523941777255,0.9703752633755003,0.7543066296844451,1.1938891629061636
13.8,0.9,0.011101628683606443,0.03433134035589486,0.17449058214905103,0.9310535828838822,0.5045735094503672,0.013874223373858312,0.015128773978978804,0.11601811747830255,0.9662757275684349,0.634663351623694,0.020264422624715957,0.012504808274018576,0.11027747033698412,0.9703146631435369,0.7527561256309444,1.1970474497422898
13.850000000000001,0.9,0.010779147841927487,0.0344024198961441,0.17387587397567775,0.9311749525125164,0.5021244849828165,0.01366239857321328,0.015209077008712518,0.1158626039172348,0.9662914321901496,0.6325894667592193,0.020142957506953062,0.012590789332428692,0.11037774694257264,0.9702551262440653,0.7512072747195612,1.2000971086187227
13.9,0.9,0.01046532281498085,0.03447345919540434,0.17326100402048142,0.9312939220375561,0.4996875838322098,0.013452999076084101,0.01528967571077213,0.11570471698949122,0.96630769909775,0.6305213139550462,0.020021285365123386,0.012677216511870523,0.1104761043987751,0.9701966086363518,0.7496602666684908,1.2030418757488712
13.950000000000001,0.9,0.01015998166713438,0.034544468786891123,0.1726461873011248,0.9314103643513846,0.49726306649919205,0.013246042838161998,0.015370574522722976,0.11554456120713885,0.9663244461714959,0.6284591341085347,0.01989944822713056,0.012764093639285566,0.11057257799144651,0.9701390667065164,0.7481152832045511,1.2058853588406413
14.0,0.0,0.009862951389707076,0.0346154587794069,0.17203163217627732,0.9315241591544904,0.49485117697645464,0.013041544710991254,0.01545177780109014,0.11538223986382506,0.9663415932310684,0.6264031562747682,0.01977748638180859,0.012851424523481493,0.11066720311115319,0.9700824572871877,0.7465724983531764,1.2086310415163286
14.05,0.0,0.009580978882579553,0.03468952289186358,0.1714328147222272,0.9316351541482982,0.49251231188038214,0.012845549657735546,0.01553418772061277,0.1152245518020423,0.9663590172812707,0.6244031942906189,0.01966112225887604,0.012939673397555529,0.11076398719703885,0.9700266927840705,0.7450685036105942,1.1670606804711166
14.100000000000001,0.0,0.009319710080246122,0.03476963209425508,0.1708643859595587,0.931743061483658,0.4903026910819711,0.01266346567363463,0.015618682818685408,0.11507808384011009,0.9663764279000628,0.6225059663895041,0.019555686177916337,0.013029295831271298,0.11086688913012978,0.969971513936816,0.7436378073555807,1.1269201146719883
14.15,0.0,0.009077458288981629,0.03485561860508988,0.17032534149224857,0.9318475931644105,0.4882165221808247,0.012494409134285052,0.015705233126233953,0.11494262291773533,0.9663935172002059,0.6207072072683586,0.019460657568275672,0.013120283037136153,0.1109758707939407,0.9699166368261356,0.7422775486460433,1.0881601669072398
14.200000000000001,0.0,0.00885270429809494,0.0349473229468962,0.16981471560900943,0.9319484980353916,0.4862483173383786,0.01233756928738137,0.015793810195325008,0.1148179597418686,0.9664100043591543,0.6190028523284195,0.019375551521193746,0.013212626757787324,0.11109089328920795,0.9698617980204076,0.7409849885252646,1.0507333513948725
14.25,0.0,0.008644077431730015,0.035044593460918184,0.169331579999477,0.9320455573684852,0.48439287421385574,0.012192201343611833,0.015884387023986476,0.11470388908166793,0.9664256331053965,0.6173890265797541,0.019299915969674977,0.013306319244374197,0.11121191715741255,0.9698067530147695,0.7397575040645846,1.0145938156065717
14.3,0.0,0.008450338988106577,0.03514728585567291,0.16887504247041843,0.9321385810022809,0.4826452582822206,0.01205762030426936,0.015976937985560002,0.11460021000746715,0.9664401694614139,0.6158620342608191,0.019233329121116548,0.01340135323601658,0.11133890257886678,0.9697512748023802,0.7385925827442607,0.9796972840926286
14.350000000000001,0.0,0.008270367736817106,0.03525526278660442,0.1684442456696402,0.9322274039614191,0.4810007864216622,0.01193319543890491,0.016071438762265206,0.11450672608044446,0.96645339971461,0.6144183491207764,0.019175397117594035,0.013497721940274763,0.11147180954775263,0.9696951525654421,0.7374878171504904,0.9460010042389773
14.4,0.0,0.00810314719394268,0.03536839346433262,0.1680383658239966,0.932311883492257,0.47945501166820037,0.011818345337449385,0.01616786628268138,0.11442324549897566,0.9664651285910386,0.6130546053165224,0.019125751901426062,0.013595419014571425,0.11161059802629154,0.9696381904748437,0.7364408999681884,0.9134636938898981
14.450000000000001,0.0,0.007947754436040831,0.03548655328922777,0.1676566114967698,0.9323918964604372,0.4780037090440967,0.011712533470798325,0.01626619866287583,0.11434958120701506,0.9664751776097666,0.6117675888802379,0.019084049266041878,0.013694438548509446,0.11175522808003334,0.9695802065884187,0.7354496192505776,0.8820454907722156
14.5,0.0,0.007803350248828695,0.03560962351024927,0.16729822236870395,0.9324673370635375,0.476642862374964,0.011615264202116428,0.016366415150929344,0.11428555096926825,0.9664833835983372,0.6105542297167873,0.019049967074299855,0.013794775047033313,0.11190565999607577,0.9695210318388259,0.7345118539480154,0.8517079036590297
14.55,0.0,0.007669170435729873,0.03573749090617291,0.16696246804611237,0.9325381148184442,0.4753686520178919,0.011526079198266733,0.016468496074628677,0.11423097741739957,0.9664895973520886,0.6094115940935099,0.019023203628285027,0.013896423414385224,0.11206185438586531,0.9694605091029502,0.7336255696797248,0.8224137652131505
14.600000000000001,0.0,0.007544518136274216,0.03587004748749747,0.16664864689873152,0.9326041527886028,0.4741774434296292,0.011444554196962796,0.01657242279211356,0.11418568807104974,0.966493682422086,0.6083368775878769,0.019003476176280003,0.01399937893881015,0.11222377227408163,0.9693984923455299,0.7327888147332533,0.7941271864524634
14.65,0.0,0.007428757025378738,0.036007190217470945,0.16635608492935208,0.93266538602101,0.47306577650995124,0.011370296090617824,0.016678177645281986,0.11414951533701873,0.9664955140181712,0.6073273984611819,0.018990519544081853,0.014103637277967061,0.11239137517497326,0.9693348458304272,0.7319997162775483,0.7668135127814389
14.700000000000001,0.0,0.007321305282408705,0.036148820750811134,0.16608413467670807,0.9327217601668404,0.47203035566086243,0.011302940292537903,0.01678574391577223,0.11412229648959318,0.9664949780151748,0.6063805914288815,0.018984084879150563,0.014209194445006235,0.1125646251573886,0.9692694433936013,0.7312564767765183,0.7404392815349208
14.75,0.0,0.00722163023412892,0.036294845188816593,0.165832174152637,0.9327732302630549,0.47106804050729284,0.011242148355175409,0.016895105783353494,0.11410387363466118,0.9664919700516758,0.6054940018004605,0.018983938497242288,0.014316046795275072,0.11274348489963337,0.9692021677724141,0.7305573705908558,0.7149721809821767
14.8,0.0,0.007129243588628217,0.03644517384967347,0.16559960581412805,0.9328197596553107,0.47017583722949896,0.011187605813707131,0.01700624828656956,0.1140940936599557,0.9664863947118808,0.6046652799637563,0.018989860822219994,0.014424191013617273,0.11292791773518268,0.9691329099864101,0.7299007407567397,0.6903810107409892
14.850000000000001,0.0,0.007043697188386215,0.036599721052862605,0.16538585557054253,0.9328613190450389,0.4693508904615128,0.011139020231300726,0.017119157285491123,0.11409280817350008,0.9664781647822345,0.6038921761905666,0.01900164541066043,0.01453362410223233,0.11311788769018231,0.9690615687651755,0.7292849959308056,0.6666356435532861
14.9,0.0,0.006964579220143281,0.03675840491666118,0.16519037182601365,0.932897885645764,0.46859047571374596,0.011096119425143979,0.01723381942644282,0.11409987343208827,0.9664672005752888,0.6031725357421055,0.019019098053702724,0.014644343369064401,0.11331335951358766,0.9689880500192882,0.7287086074914932,0.6437069883754826
14.950000000000001,0.0,0.006891510827376859,0.036921147167814354,0.1650126245568023,0.9329294424356351,0.46789199228128053,0.0110586498546859,0.01735022210858068,0.11411515026141902,0.9664534293141701,0.6025042942544625,0.019042035949322023,0.014756346416691499,0.11351429870071099,0.9689122663507468,0.7281701067875421,0.6215669547383162
15.0,0.0,0.006824143078184824,0.037087872962526476,0.16485210442319728,0.9329559774947819,0.4672529566024964,0.011026375155621857,0.017468353452204412,0.11413850396931213,0.9664367845716968,0.601885473385685,0.019070286938871417,0.014869631131687714,0.11372067151087663,0.9688341365995952,0.7276680825250235,0.6001884183325097
15.05,0.0,0.006762154247400984,0.03725851071798853,0.16470832191539556,0.9329774834175323,0.4666709960355315,0.010999074804984852,0.017588202268697093,0.11416980425326541,0.9664172057588317,0.6013141767074525,0.01910368880232601,0.014984195674432843,0.11393244497981862,0.9687535854237626,0.7272011782848633,0.5795451877781006
15.100000000000001,0.0,0.006705247376963938,0.0374329919537199,0.16458080653267512,0.9329939567907616,0.46614384302266526,0.010976542904314924,0.01770975803199232,0.11420892510345917,0.9663946376577153,0.6007885858255472,0.019142088607192013,0.015100038469345323,0.1141495869273965,0.9686705429094071,0.7267680901633427,0.5596119725367268
15.15,0.0,0.00665314808304982,0.03761125114205829,0.16446910599507775,0.933005397730714,0.46566932961508534,0.010958587069296737,0.017833010851475747,0.11425574470218094,0.9663690299950195,0.6003069567144681,0.019185342106518347,0.015217158195515834,0.11437206596115114,0.9685849442092961,0.7263675645285488,0.5403643519275545
15.200000000000001,0.0,0.006605602582364793,0.03779322556718282,0.1643727854867439,0.9330118094715701,0.465245382332664,0.010945027415506294,0.017957951446234268,0.11431014532052294,0.9663403370518069,0.5998676162525837,0.019233313181874,0.01533555377772027,0.11459985147617367,0.9684967292069737,0.7259983958862081,0.5217787452088916
15.25,0.0,0.006562375913361392,0.037978855192101826,0.1642914269299876,0.9330131979998454,0.46487001733534905,0.010935695631012507,0.018084571120572067,0.11437201321309882,0.9663085173064653,0.5994689589451883,0.019285873327537326,0.015455224377792015,0.1148329136517159,0.9684058422046701,0.725659424848751,0.5038323826888302
15.3,0.0,0.006523250331067548,0.03816808253307965,0.1642246282891598,0.9330095717294126,0.46454133588458674,0.010930434127556498,0.018212861740718095,0.11444123851143131,0.9662735331076435,0.5991094438237176,0.019342901172487586,0.015576169386334679,0.11507122344493015,0.968312231633079,0.725349536201854,0.486503277829528
15.350000000000001,0.0,0.006488023856760845,0.038360852541015844,0.16417200290332254,0.9330009412125594,0.46425752007485255,0.010929095262896624,0.018342815712654635,0.11451771511657839,0.9662353503744182,0.5987875915102046,0.019404282037099027,0.0156983884147575,0.11531475258208962,0.968215849781301,0.7250676570630663,0.46977020031094985
15.4,0.0,0.006456508965936387,0.038557112489326,0.16413317884674275,0.9329873188830334,0.46401682881688544,0.010931540627674383,0.01847442596100123,0.11460134059149138,0.966193938321202,0.5985019814368145,0.019469907521717088,0.015821881287616676,0.1155634735476068,0.9681166525453896,0.7248127551274695,0.45361265002107176
15.450000000000001,0.0,0.006428531399949831,0.03875681186790642,0.16410779831620825,0.9329687188274999,0.4638175940556149,0.010937640390837248,0.01860768590889258,0.11469201605353181,0.9661492692051492,0.598251249211003,0.01953967512454825,0.01594664803524686,0.11581735957113684,0.9680145991940758,0.7245838369956324,0.4380108319406807
15.5,0.0,0.006403929088406316,0.038959902282795014,0.164095517044172,0.9329451565822516,0.4636582172070486,0.01094727269825971,0.01874258945879302,0.11478964606751565,0.9661013180940355,0.5980340841174868,0.01961348788652249,0.016072688886667904,0.1160763846130253,0.967909652150367,0.7243799465794183,0.4229456318920008
15.55,0.0,0.006382551170844119,0.03916633736116864,0.16409600373673908,0.9329166489523769,0.4635371657995618,0.01096032311974227,0.018879130974193862,0.11489413853960127,0.9660500626527861,0.5978492267488202,0.01969125406099281,0.016200004262752882,0.116340523348334,0.9678017767878218,0.7242001635814729,0.4083985931214363
15.600000000000001,0.0,0.006364257107557266,0.03937607266134271,0.16410893953552522,0.9328832138509086,0.4634529703061085,0.010976684140047875,0.019017305262143402,0.11500540461229161,0.965995482947003,0.5976954667569226,0.019772886806322235,0.01632859476964405,0.11660975114965628,0.9676909412404099,0.7240436020444789,0.3943518936877403
15.65,0.0,0.006348915870538092,0.03958906558746247,0.16413401750243375,0.9328448701557609,0.4634042211548648,0.010996254690063137,0.019157107556562525,0.11512335856078042,0.9659375612620004,0.5975716407184182,0.01985830389957691,0.01645846119240435,0.11688404406891166,0.9675771162249491,0.7239094089664986,0.3807883246279091
15.700000000000001,0.0,0.006336405206519874,0.03980527530859701,0.16417094212641936,0.932801637582508,0.46338956590672675,0.01101893971455366,0.019298533502301828,0.1152479176908364,0.9658762819360003,0.5974766301071243,0.01994742746969639,0.016589604488892573,0.11716337881829111,0.9674602748751987,0.7237967629789464,0.36769126887405046
15.75,0.0,0.006326610964978844,0.04002466268196719,0.16421942885133095,0.9327535365712758,0.4634077065889242,0.011044649773324281,0.019441579139899006,0.11537900223838717,0.9658116312062659,0.5974093593674663,0.020040183748650464,0.016722025783851072,0.11744773275050693,0.9673403925867629,0.7237048730839428,0.35504468089539815
15.8,0.0,0.00631942648472979,0.040247190180057096,0.164279203623952,0.9327005881862127,0.46345739717478435,0.011073300672900594,0.019586240890997704,0.11551653527093733,0.965743597067067,0.5973687940830051,0.020136502839217335,0.016855726363195475,0.11773708383848538,0.9672174468720258,0.7236329774479914,0.34283306704053057
15.850000000000001,0.0,0.006314752033433113,0.04047282182137585,0.16435000246138393,0.9326428140261745,0.4635374412003901,0.01110481312612175,0.019732515544391573,0.11566044259092982,0.9656721691384731,0.5973539392346434,0.02023631849813189,0.016990707668496422,0.11803141065462615,0.9670914172244027,0.7235803422490996,0.33104146655571076
15.9,0.0,0.006312494294935409,0.04070152310465218,0.16443157103694575,0.9325802361454099,0.46364668950953625,0.011139112437280082,0.019880400242659375,0.11581065264113817,0.9655973385450632,0.5973638375434286,0.02033956793345644,0.017126971291643932,0.11833069234973968,0.9669622849912474,0.7235462605746373,0.31965543325609236
15.950000000000001,0.0,0.006312565899900061,0.040933260946259084,0.16452366428379317,0.9325128769831647,0.46378403811898994,0.01117612821066329,0.020029892469359163,0.11596709641215834,0.9655190978037264,0.5973975678931973,0.02044619161512052,0.017264518969685463,0.11863490863176171,0.9668300332548115,0.7235300513673774,0.3086610178273373
16.0,0.0,0.00631488499565785,0.0411680036206791,0.1646260460154879,0.9324407593012439,0.4639484261966218,0.011215794080552984,0.020180990036751414,0.11612970735205183,0.9654374407197984,0.59745424382861,0.020556133097662164,0.017403352579829244,0.1189440397443336,0.9666946467206949,0.7235310584173145,0.2980447507359615
16.05,0.0,0.006319374851627474,0.04140572070383354,0.1647384885627781,0.9323639061286723,0.4641388341454901,0.011258047460911393,0.020333691074022872,0.11629842127817717,0.9653523622908537,0.5975330121244058,0.020669338854281252,0.01754347413460489,0.11925806644532741,0.9665561116132724,0.7235486493969947,0.28779362572747247
16.1,0.0,0.006325963497028796,0.04164638301911048,0.16486077242587913,0.9322823407126885,0.4643542817874366,0.011302829313148377,0.020487994015984504,0.11647317629123419,0.9652638586175271,0.5976330514219712,0.020785758121386857,0.01768488577717374,0.11957696998538593,0.9664144155776205,0.7235822149382153,0.2778950838920814
16.150000000000002,0.0,0.006334583387943169,0.041889962585937086,0.16499268594157243,0.9321960864753912,0.46459382664019383,0.011350083930505373,0.020643897592218595,0.11665391269153406,0.9651719268207994,0.5977535709295599,0.02090534275288554,0.017827589776781744,0.1199007320865398,0.9662695475875072,0.7236311677480768,0.2683369982784684
16.2,0.0,0.006345171101070297,0.042136432570751954,0.16513402496446808,0.9321051669754273,0.4648565622824121,0.011399758737723227,0.020801400816651393,0.11684057289749882,0.9650765649652319,0.5978938091827279,0.021028047083517028,0.017971588524348124,0.1202293349209566,0.9661214978590345,0.7236949417624811,0.25910765903675104
16.25,0.0,0.0063576670517940855,0.04238576724024228,0.1652845925618045,0.9320096058741774,0.46514161680139005,0.011451804104778559,0.020960502977529216,0.117033101366385,0.9649777719876733,0.5980530328617597,0.021153827800597977,0.018116884528183365,0.12056276108987045,0.9659702577695638,0.7237729913352751,0.25019575907245417
16.3,0.0,0.0063720152344045565,0.04263794191671947,0.16544419872118454,0.9319094269059539,0.46544815131864353,0.01150617317357964,0.021121203627777113,0.1172314445172196,0.964875547631015,0.5982305356630597,0.021282643823584226,0.018263480409830442,0.12090099360273444,0.965815819781573,0.7238647904613394,0.24159038019390558
16.35,0.0,0.006388162982532479,0.04289293293551461,0.1656126600706741,0.9318046538517777,0.46577535858877156,0.011562821696609021,0.021283502575720432,0.1174355506559295,0.9647698923825965,0.5984256372216648,0.021414456190907424,0.018411378900023482,0.12124401585663307,0.9656581773711256,0.7239698320320136,0.23328097973608602
16.400000000000002,0.0,0.0064060607480407395,0.04315071760428289,0.16578979961071347,0.9316953105163432,0.466122461667376,0.011621707886587201,0.021447399876150762,0.11764536990264085,0.9646608074169041,0.5986376820822061,0.021549227953583515,0.01856058283475837,0.12159181161598676,0.9654973249606534,0.7240876271213366,0.2252573776445466
16.45,0.0,0.006425661896784208,0.0434112741641128,0.1659754464573169,0.9315814207078273,0.4664887126440724,0.011682792276310592,0.021612895821718773,0.11786085412111989,0.9645482945422355,0.5988660387158099,0.021686924075128785,0.01871109515147009,0.1219443649925765,0.9653332578557785,0.7242177043016643,0.21750974400356918
16.5,0.0,0.006446922519800157,0.043674581752342574,0.16616943559605843,0.9314630082202299,0.4668733914368865,0.011746037587888636,0.021779990934637453,0.11808195685032322,0.9644323561510267,0.5991100985805714,0.02182751133735417,0.018862918885311865,0.12230166042591227,0.965165972185916,0.7243596089873016,0.21002858699329074
16.55,0.0,0.006469801258626105,0.04394062036699221,0.16637160764636486,0.9313400968179695,0.46727580464456975,0.011811408610669911,0.021948685958680218,0.11830863323802196,0.9643129951735689,0.5993692752233813,0.02197095825164062,0.01901605716553134,0.12266368266396548,0.9649954648484222,0.7245129028048588,0.20280474126103726
16.6,0.0,0.006494259143563011,0.04420937083272508,0.1665818086356589,0.9312127102224859,0.46769528445359126,0.011878872087206095,0.022118981851459146,0.1185408399764621,0.9641902150348614,0.5996430034210101,0.022117234975327905,0.019170513211939424,0.1230304167442827,0.964821733456066,0.7246771629891116,0.19582935669262078
16.650000000000002,0.0,0.00652025944381057,0.0444808147682584,0.16679988978291546,0.9310808721006271,0.4681311875967694,0.011948396606656362,0.022290879776969516,0.11877853524002058,0.9640640196143703,0.5999307383584774,0.022266313232876242,0.019326290331467457,0.12340184797549451,0.9646447762876202,0.724851981803205,0.1890938875698431
16.7,0.0,0.00654776752849925,0.0447549345551466,0.16702570729121446,0.9309446060546218,0.4685828943606991,0.012019952505083656,0.0224643810983875,0.1190216786248155,0.963934413208481,0.6002319548428504,0.022418166241485224,0.019483391914808745,0.12377796191923117,0.9644645922413801,0.7250369659821053,0.18259008210092248
16.75,0.0,0.006576750737731883,0.045031713307866254,0.16725912214889307,0.9308039356134608,0.46904980763930887,0.01209351177213873,0.02263948737110863,0.11927023109022714,0.9638014004954489,0.6005461465507175,0.02257276864087732,0.019641821433140562,0.12415874437245401,0.9642811807914338,0.7252317361982565,0.17630997231101708
16.8,0.0,0.006607178262827133,0.045311134845135576,0.16749999993891762,0.9306588842255269,0.46953135203104884,0.012169047963668463,0.022816200336015308,0.11952415490228561,0.9636649865026711,0.6008728253076855,0.022730096426974454,0.019801582434923016,0.12454418135020996,0.9640945419465178,0.7254359265484546,0.1702458642804595
16.85,0.0,0.006639021035028862,0.045593183662405154,0.16774821065611384,0.9305094752523334,0.4700269729773655,0.012246536119821927,0.022994521912962303,0.11978341357888023,0.9635251765761125,0.6012115203983422,0.02289012688921561,0.019962678542771277,0.12493425906881389,0.9639046762113053,0.725649184061001,0.16439032871874337
16.900000000000002,0.0,0.006672251622010203,0.045877844905460693,0.1680036285319102,0.9303557319632412,0.4705361359402629,0.012325952688261423,0.02317445419446971,0.12004797183674507,0.9633819763517384,0.6015617779052107,0.023052838551281322,0.020125113450397882,0.12532896392946258,0.9637115845499822,0.7258711682222454,0.15873619186271348
16.95,0.0,0.006706844131559739,0.04616510434508172,0.16826613186626546,0.9301976775310434,0.4710583256168848,0.012407275452116626,0.023355999439613428,0.1203177955401754,0.963235391728812,0.6019231600753062,0.023218211115007506,0.020288890919621955,0.12572828250228202,0.9635152683519792,0.7261015505216698,0.15327652668780914
17.0,0.0,0.0067427741218901455,0.046454948352703494,0.16853560286646657,0.9300353350283155,0.47159304518917755,0.012490483462348129,0.023539160068103828,0.12059285165142904,0.9630854288449296,0.6022952447129825,0.023386225407286375,0.020454014777442367,0.12613220151080867,0.9633157293997326,0.7263400140147117,0.14800464442159297
17.05,0.0,0.006780018518057668,0.04674736387703258,0.16881192749249765,0.9298687274244393,0.47213981560680945,0.012575556974212507,0.02372393865454359,0.1208731081827672,0.9629320940526762,0.6026776245978244,0.023556863329766232,0.020620488913171964,0.12654070781690427,0.9631129698383598,0.7265862529025608,0.1429140863491684
17.1,0.0,0.006818555534024303,0.04704233842156911,0.16909499530869476,0.9296978775832213,0.47269817490163296,0.012662477387544646,0.02391033792285634,0.12115853415008955,0.9627753938977919,0.6030699069264147,0.02373010781117504,0.02078831727563017,0.12695378840610214,0.9629069921471385,0.7268399721282026,0.13799861590044646
17.150000000000002,0.0,0.006858364599934023,0.04733986002299163,0.16938469934141406,0.9295228082610325,0.47326767753207577,0.012751227190594726,0.024098360740878087,0.12144909952811862,0.96261533509875,0.6034717127768623,0.02390594276210469,0.020957503870391348,0.1273714303733828,0.9626977991126893,0.7271008869880158,0.1332522110095676
17.2,0.0,0.006899426294210217,0.047639917230362844,0.16968093594245418,0.9293435421054054,0.4738478937559437,0.01284178990717713,0.024288010115103804,0.12174477520708922,0.9624519245276534,0.603882676595041,0.024084353032104044,0.0211280527570865,0.12779362090937527,0.9624853938037652,0.7273687227582676,0.12866905673711823
17.25,0.0,0.006941722280114086,0.04794249908511688,0.16998360465798468,0.9291601016540313,0.47443840903020584,0.0129341500469067,0.024479289185582006,0.122045532950899,0.9622851691923638,0.6043024457015438,0.024265324368939137,0.021299968046755893,0.1282203472869798,0.9622697795475599,0.7276432143358774,0.12424353814610278
17.3,0.0,0.006985235246433361,0.04824759510179095,0.17029260810274507,0.9289725093341068,0.4750388234364157,0.013028293058314546,0.024672201220950485,0.12235134535667716,0.9621150762197859,0.6047306798184084,0.024448843379888535,0.021473253899250443,0.12865159684840766,0.9620509599074502,0.7279241058928535,0.11997023342294398
17.35,0.0,0.007029948851997675,0.04855519524946628,0.17060785183928853,0.928780787461984,0.47564875113049954,0.013124205284650943,0.024866749613606683,0.12266218581572891,0.9619416528402316,0.6051670506147216,0.024634897494950632,0.021647914520679656,0.12908735699263219,0.961828938662095,0.7282111505438329,0.11584390723508331
17.400000000000002,0.0,0.007075847673741466,0.048865289933885184,0.17092924426205577,0.9285849582430843,0.4762678198157163,0.013221873922196974,0.025062937875006568,0.12297802847581409,0.9617649063727995,0.6056112412702532,0.02482347493184791,0.021823954160904147,0.12952761516324582,0.9616037197858172,0.7285041100261832,0.11185950431704407
17.45,0.0,0.007122917158057707,0.049177869980212806,0.17125669648607394,0.9283850437720402,0.47689567023766005,0.013321286980919576,0.025260769631086148,0.12329884820471929,0.9615848442117044,0.6060629460563169,0.02501456466272083,0.022001377111070745,0.12997235883671662,0.9613753074301993,0.7288027543921484,0.10801214327709914
17.5,0.0,0.007171143575206175,0.049492926616414044,0.17159012224008485,0.9281810660330335,0.47753195570024076,0.013422433247316616,0.02546024861780008,0.12362462055508351,0.9614014738135002,0.6065218699330962,0.025208156382411025,0.022180187701188386,0.13042157551103792,0.9611437059068285,0.7291068617125465,0.10429711061695583
17.55,0.0,0.007220513976558635,0.04981045145721742,0.1719294377639158,0.9279730469003019,0.4781763416016378,0.01352530224930962,0.02566137867677205,0.12395532173043852,0.9612148026851426,0.606987728162709,0.025404240478240095,0.022360390297742984,0.13087525269476427,0.9609089196711301,0.729416217791548,0.10070985495713113
17.6,0.0,0.00727101615448037,0.05013043648863945,0.17227456170991484,0.9277610081387891,0.4788285049892771,0.013629884223051935,0.025864163751051942,0.12429092855242578,0.9610248383728416,0.607460245937326,0.02560280800119632,0.022541989301349628,0.13133337789642677,0.9606709533072315,0.729730615892087,0.09724598146094282
17.650000000000002,0.0,0.0073226386046630655,0.05045287405304429,0.1726254150482803,0.9275449714049178,0.47948813413293456,0.013736170081529492,0.026068607880974978,0.12463141842915287,0.9608315884516567,0.607939158021688,0.025803850638447364,0.022724989144440478,0.13179593861432054,0.9604298115138042,0.7300498564714754,0.09390124645028508
17.7,0.0,0.007375370490738338,0.05077775683471493,0.17298192097612228,0.9273249582474643,0.4801549281151173,0.013844151384839937,0.026274715200118308,0.12497676932465329,0.9606350605157936,0.6084242084094024,0.026007360687102243,0.022909394288986838,0.132262922326657,0.9601854990908324,0.7303737469268119,0.09067155220659223
17.75,0.0,0.007429201611014269,0.05110507784591319,0.1733440048301008,0.9271009901085212,0.480828596437921,0.01395382031204391,0.026482489931350713,0.12532695972941438,0.9604352621695605,0.6089151499924281,0.026213331029150706,0.023095209224253954,0.13273431648207362,0.9599380209272599,0.7307021013497949,0.08755294195062115
17.8,0.0,0.007484122367189265,0.051434830413407365,0.17371159400249278,0.9268730883245303,0.4815088586456042,0.014065169634489606,0.026691936382971293,0.12568196863193912,0.9602322010189481,0.6094117442431882,0.02642175510751283,0.023282438464587128,0.13321010849049345,0.9596873819894719,0.7310347402905644,0.08454159499490203
17.85,0.0,0.007540123734908557,0.051767008165446986,0.17408461786054633,0.9266412741273751,0.48219544396216113,0.014178192690518563,0.02690305894493323,0.12604177549130852,0.9600258846637985,0.609913760908776,0.026632626903135784,0.023471086547227824,0.13369028571432723,0.959433587310568,0.7313714905302179,0.08163382206291857
17.900000000000002,0.0,0.00759719723603874,0.05210160501916564,0.17446300766898698,0.926405568645521,0.482888090943212,0.014292883361466942,0.02711586208514889,0.1264063602107122,0.9598163206905298,0.6104209777167463,0.02684594091307872,0.023661158030158513,0.13417483546001013,0.9591766419803868,0.731712184861657,0.07882606076928289
17.95,0.0,0.007655334912544996,0.05243861516839346,0.17484669651554707,0.9261659929051945,0.48358654714156746,0.014409236048882359,0.027330350345872702,0.12677570311191574,0.9596035166653881,0.6109331800920079,0.027061692129530395,0.023852657489975025,0.13466374496986583,0.958916551136244,0.7320566618784397,0.07611487125536816
18.0,0.0,0.0077145293018641625,0.05277803307186207,0.1752356192393949,0.9259225678315915,0.4842905687858548,0.014527245652881772,0.027546528340158423,0.12714978491063453,0.9593874801281967,0.6114501608843567,0.027279876019707616,0.024045589519785283,0.13515700141429035,0.9586533199543495,0.732404765771325,0.07349693197505162
18.05,0.0,0.007774773413674615,0.05311985344178537,0.17562971236234545,0.9256753142501097,0.4849999204716278,0.014646907551580894,0.02776440074838757,0.12752858669278389,0.9591682185865784,0.611971720106209,0.027500488506585735,0.024239958727133293,0.13565459188424817,0.9583869536418683,0.7327563461322119,0.07096903562540537
18.1,0.0,0.007836060707971151,0.05346407123280068,0.1760289140227404,0.9254242528875977,0.4857143748644096,0.014768217581530263,0.027983972314865914,0.12791208989157768,0.9589457395106242,0.6124976646801189,0.027723525950415478,0.024435769731947374,0.13615650338407312,0.9581174574295936,0.7331112577651856,0.06852808521734921
18.150000000000002,0.0,0.007898385074359672,0.053810681631255325,0.17643316391188923,0.9251694043736164,0.4864337124141476,0.014891172019097367,0.028205247844485148,0.12830027626544685,0.9587200503279878,0.6130278081956768,0.02794898513098313,0.024633027164511597,0.13666272282456693,0.9578448365652031,0.7334693605043983,0.0661710902814519
18.2,0.0,0.007961740812492586,0.05415968004482448,0.17684240321296882,0.9249107892417088,0.48715772108058525,0.015015767562738258,0.02842823219944686,0.1286931278767513,0.9584911584193821,0.6135619706754121,0.02817686323057373,0.024831735663459517,0.13717323701638798,0.9575690963070683,0.7338305190385209,0.06389516320423219
18.25,0.0,0.008026122613571442,0.05451106209244697,0.1772565745422826,0.9246484279306731,0.48788619606907985,0.015142001316105755,0.028652930296046222,0.1290906270712591,0.9582590711144597,0.6140999783493336,0.028407157817599362,0.025031899873789277,0.1376880326637231,0.9572902419185908,0.7341946027415164,0.06169751569047123
18.3,0.0,0.00809152554284857,0.05486482359456617,0.1776756218927854,0.9243823407858393,0.48861893957642044,0.01526987077194478,0.02887934710151279,0.12949275645836747,0.9580237956880568,0.6146416634377635,0.02863986683085688,0.025233524444899215,0.13820709635823558,0.9570082786630394,0.7345614855094912,0.059575455347202384
18.35,0.0,0.008157945023064208,0.05522096056366384,0.17809949057978353,0.9241125480603433,0.4893557605462199,0.015399373796728592,0.029107487630905995,0.12989949889204153,0.9577853393567837,0.6151868639421315,0.02887498856438158,0.025436614028643178,0.13873041457328228,0.9567232117988639,0.7349310456033971,0.0575263823851932
18.400000000000002,0.0,0.008225376818760092,0.05557946919507544,0.17852812718872374,0.9238390699164005,0.49009647443347765,0.015530508615992618,0.02933735694406305,0.1303108374524467,0.957543709275945,0.6157354234434147,0.029112521652865264,0.025641173277404745,0.13925797365839301,0.9564350465754623,0.7353031654973599,0.05554778643387855
18.45,0.0,0.00829381702141455,0.05594034585807578,0.178961479524989,0.9235619264265745,0.4908409029779295,0.01566327380032539,0.02956896014259699,0.1307267554282524,0.9572989125367742,0.6162871909079193,0.02935246505760904,0.025847206842189628,0.13978975983400566,0.95614378822938,0.7356777317324246,0.05363724346584287
18.5,0.0,0.008363262035347901,0.0563035870872246,0.1793994965656214,0.9232811375750419,0.49158887398581735,0.015797668251978612,0.02980230236694283,0.13114723629958455,0.9570509561639671,0.6168420205001173,0.02959481805298296,0.026054719370735554,0.14032575918645038,0.9558494419809188,0.7360546347755125,0.05179241282708345
18.55,0.0,0.008433708564350518,0.05666918957396211,0.17984212841289693,0.9229967232588517,0.49234022111973175,0.01593369119206083,0.030037388793449714,0.13157226372160571,0.9567998471135005,0.6173997714022607,0.029839580213366156,0.026263715505638937,0.14086595766317647,0.9555520130311381,0.736433768883396,0.05001103436941669
18.6,0.0,0.008505153598989058,0.05703715015844491,0.1802893262496795,0.9227087032891792,0.4930947836961951,0.016071342148281372,0.030274224631517247,0.1320018215087022,0.9565455922707242,0.6179603076405092,0.030086751400542757,0.02647419988249774,0.14141034106821573,0.9552515065592267,0.736815031971503,0.04829092568151396
18.650000000000002,0.0,0.008577594404549483,0.05740746582161325,0.18074104229648502,0.9224170973925744,0.4938524064906697,0.01621062094321333,0.030512815120774094,0.13243589361925825,0.9562881984487114,0.6185234979173208,0.030336331751530252,0.0266861771280699,0.14195889505787593,0.95494792772023,0.7371983254873727,0.046629979415174896
18.7,0.0,0.00865102850957816,0.05778013367748097,0.18119722977018873,0.922121925212205,0.4946129395496893,0.01635152768304624,0.03075316552829714,0.13287446414099785,0.9560276723868585,0.6190892154498597,0.03058832166681828,0.026899651858446772,0.1425116051366587,0.954641281643113,0.7375835542885891,0.04502616070356237
18.75,0.0,0.008725453694984972,0.058155150965639946,0.18165784284431252,0.9218232063090941,0.49537623800982705,0.01649406274680102,0.030995281145869535,0.13331751727687582,0.9557640207497212,0.6196573378141954,0.030842721798997164,0.02711462867724103,0.1430684566533958,0.9543315734291459,0.7379706265250265,0.043477504668236196
18.8,0.0,0.00880086798367474,0.05853251504397103,0.18212283661083084,0.9215209601633529,0.4961421619232258,0.016638226775981306,0.031239167287276014,0.1337650373315001,0.9554972501260781,0.620227746795067,0.03109953304175664,0.02733111217378853,0.14362943479759796,0.9540188081505927,0.73835945352525,0.04198211401193139
18.85,0.0,0.008877269630675493,0.058912223381554094,0.18259216704343711,0.9212152061754098,0.49691057608942946,0.016784020664636953,0.03148482928563399,0.1342170086980678,0.95522736702821,0.620800328241003,0.031358756519236315,0.027549106921363673,0.144194524596011,0.9537029908496922,0.7387499496869159,0.0405381566941318
18.900000000000002,0.0,0.008954657113734138,0.05929427355176998,0.18306579096221423,0.9209059636672349,0.4976813498932658,0.016931445549816952,0.031732272490758974,0.1346734158457984,0.9549543778913868,0.6213749719245933,0.031620393575710504,0.027768617475407775,0.14476371090937346,0.9533841265379144,0.739142032371027,0.03914386368659144
18.95,0.0,0.009033029124352053,0.059678663225587486,0.18354366599965583,0.9205932518835627,0.4984543571485425,0.01708050280239035,0.03198150226656292,0.13513424330784798,0.9546782890735536,0.6219515714077185,0.03188444576559101,0.02798964837177006,0.14533697842937057,0.9530622201954799,0.7395356217999017,0.0377975268060537
19.0,0.0,0.00911238455923485,0.0600653901650289,0.1840257505679864,0.9202770899931121,0.49922947594732897,0.017231194018215046,0.03223252398848419,0.13559947566968877,0.9543991068552046,0.6225300239115491,0.03215091484373236,0.02821220412496088,0.1459143116757797,0.9527372767711302,0.7399306409587202,0.036497496621513296
19.05,0.0,0.009192722512132262,0.06045445221680778,0.1845120038277313,0.9199574970898047,0.5000065885146058,0.01738352100963559,0.03248534304094789,0.136069097557939,0.9541168374394408,0.6231102301911374,0.032419802756024844,0.028436289226416715,0.14649569499380152,0.9524093011821346,0.7403270155005199,0.03524218043345706
19.1,0.0,0.009274042266045586,0.06084584730613311,0.1850023856574889,0.9196344921939834,0.500785581068075,0.01753748579729213,0.032739964814855346,0.13654309362962863,0.9538314869522002,0.6236920944144296,0.03269111163026165,0.028661908142776728,0.14708111255157277,0.9520782983145246,0.7407246736545134,0.03403004032260792
19.150000000000002,0.0,0.009356343285781605,0.06123957343067402,0.18549685662485962,0.9193080942536306,0.5015663436829318,0.017693090602223824,0.03299639470510163,0.13702144856188678,0.9535430614426552,0.6242755240455339,0.032964843767266834,0.02888906531417042,0.14767054833785537,0.9517442730235416,0.7411235461376083,0.03285959126578149
19.200000000000003,0.0,0.009439625210833191,0.061635628654679704,0.18599537795848842,0.9189783221455877,0.5023487701614074,0.01785033783825092,0.03325463810811999,0.13750414704203762,0.9532515668837692,0.6248604297320863,0.03324100163227201,0.029117765152516184,0.14826398615989736,0.9514072301342902,0.7415235660690155,0.03172939931654701
19.25,0.0,0.009523887848568096,0.06203401110324931,0.18649791152117845,0.9186451946767769,0.5031327579069013,0.01800923010462067,0.03351470041945221,0.13799117375809142,0.9529570091730065,0.6254467251965642,0.033519587846529995,0.02934801203983041,0.1488614096414612,0.9510671744425844,0.7419246688878323,0.03063807984846371
19.3,0.0,0.00960913116770851,0.06243471895674684,0.18700441978403626,0.9183087305854247,0.5039182078025293,0.018169770178903102,0.03377658703134385,0.13848251338961826,0.9526593941331881,0.6260343271314001,0.03380060517915438,0.029579810326546902,0.14946280222101502,0.9507241107159784,0.7423267922734946,0.029584295858740273
19.35,0.0,0.009695355292085135,0.06283775044535624,0.18751486580160956,0.9179689485422908,0.50470502409392,0.018331961010123493,0.03404030333036347,0.13897815059899246,0.9523587275134878,0.6266231550977582,0.03408405653917469,0.029813164329846386,0.15006814715008246,0.9503780436949716,0.7427298760689958,0.02856675633023927
19.400000000000002,0.0,0.009782560494650462,0.06324310384377214,0.18802921318798105,0.9176258671518989,0.505493114276101,0.018495805712119107,0.03430585469504495,0.1394780700229959,0.9520550149905633,0.6272131314278394,0.03436994496779718,0.030048078331995857,0.15067742749174706,0.9500289780943796,0.7431338622067712,0.027584214649819753
19.450000000000003,0.0,0.00987074719173692,0.06365077746602205,0.18854742609378214,0.9172795049537742,0.5062823889843199,0.018661307557108514,0.03457324649355206,0.1399822562647687,0.9517482621698149,0.627804181130584,0.034658273630862046,0.030284556578697584,0.15129062611930708,0.9496769186048617,0.743538694637156,0.026635467081080312
19.5,0.0,0.00995991593754641,0.06406076966041543,0.18906946918409318,0.9169298804236858,0.5070727618886562,0.018828469969462445,0.034842484081364415,0.1404906938860971,0.9514384745867686,0.628396231800652,0.03494904581148818,0.030522603277447585,0.15190772571507677,0.9493218698945975,0.7439443192593213,0.02571935128963147
19.55,0.0,0.010050067418858576,0.06447307880461625,0.1895953076171969,0.9165770119748955,0.5078641495922825,0.01899729651966578,0.03511357279898411,0.14100336740002717,0.9511256577085764,0.6289892135305593,0.03524226490289717,0.030762222595903416,0.15252870876933045,0.9489638366111037,0.7443506838546032,0.02483474491909074
19.6,0.0,0.010141202449945942,0.06488770330083454,0.19012490702415383,0.9162209179594134,0.5086564715332392,0.019167790918460832,0.03538651796966237,0.14152026126379486,0.9508098169356303,0.6295830588258575,0.035537934401408594,0.031003418660261108,0.15315355757938542,0.9486028233831842,0.7447577380221387,0.023980564216055735
19.650000000000002,0.0,0.01023332196768472,0.06530464157113389,0.19065823348916947,0.9158616166692607,0.5094496498895955,0.019339957011162697,0.03566132489714535,0.14204135987206254,0.9504909576032838,0.6301777025232466,0.035836057899599226,0.031246195553641148,0.1537822542488204,0.9482388348230057,0.7451654331167256,0.023155762702370748
19.700000000000003,0.0,0.0103264270268508,0.06572389205285091,0.191195253530724,0.9154991263377404,0.5102436094878718,0.019513798772137856,0.03593799886343865,0.14256664755045234,0.9501690849836781,0.6307730817115154,0.036136639079619004,0.03149055731448338,0.1544147806868254,0.9478718755282921,0.7455737221888294,0.02235932989306018
19.75,0.0,0.01042051879559103,0.06614545319412364,0.191735934083437,0.9151334651407167,0.5110382777146045,0.019689320299437825,0.03621654512658976,0.1430961085493675,0.9498442042876659,0.631369135655209,0.036439681706657144,0.031736507934950725,0.1550511186076805,0.9475019500846306,0.7459825599266606,0.021590290058358105
19.8,0.0,0.010515598551060521,0.06656932344952547,0.19228024248063985,0.9147646511979018,0.5118335844309396,0.019866525809580014,0.036496968918487964,0.14362972703809293,0.9495163206668312,0.631965805720925,0.03674518962255202,0.03198405135934167,0.15569124953035926,0.9471290630678829,0.7463919026002487,0.020847701028317317
19.85,0.0,0.010611667675217193,0.0669955012758016,0.19282814643763035,0.9143927025741532,0.5126294618901455,0.020045419632468423,0.0367792754426811,0.14416748709916646,0.9491854392155992,0.6325630353061442,0.03705316673953883,0.03223319148251138,0.15633515477825408,0.9467532190466962,0.7468017080074437,0.02013065303853335
19.900000000000002,0.0,0.01070872765076537,0.06742398512770512,0.1933796140355848,0.9140176372807784,0.5134258446579391,0.020226006206447232,0.03706346987220871,0.14470937272301262,0.9488515649734326,0.633160769770508,0.03736361703412936,0.032483932148301524,0.15698281547902024,0.9463744225851061,0.7472119354217768,0.01943826761556933
19.950000000000003,0.0,0.010806780057240641,0.06785477345392972,0.19393461370610332,0.9136394732768511,0.5142226695355255,0.020408290073480655,0.03734955734745105,0.14525536780283124,0.9485147029271112,0.6337589563694518,0.03767654454111851,0.03273627714797863,0.15763421256453544,0.9459926782452275,0.7476225455421142,0.0187696965007162
20.0,0.9,0.010905826567228707,0.06828786469313658,0.19449311421636617,0.9132582284705347,0.515019875485253,0.02059227587445288,0.03763754297399355,0.14580545612973322,0.9481748580130893,0.6343575441901154,0.03799195334771246,0.032990230218681034,0.15828932677097185,0.9456079905900269,0.7480335004440429,0.018124120610769737
20.05,0.9,0.010997920344459065,0.06871714854861125,0.19503772870653885,0.9128739755562784,0.5157543847027595,0.020768210429864865,0.037925240278663605,0.14635112815980686,0.9478321128279713,0.634906048913017,0.0382987739970977,0.033244612837306356,0.15894245145467314,0.9452204526701256,0.7484081734610797,0.06172235614392621
20.1,0.9,0.011075239643199022,0.06913666352940473,0.19555166085216527,0.9124870030590754,0.5163659633245761,0.020926475074177175,0.03821050373217585,0.14688401939465462,0.9474868550068993,0.6353563274536792,0.038586102697167605,0.033498268141896256,0.1595879251866641,0.9448305038060902,0.7487116666876702,0.10382104853298663
20.150000000000002,0.9,0.011138015919263222,0.06954663113942634,0.19603575730984377,0.912097644117206,0.5168587762402758,0.021067308105131497,0.03849339964849847,0.14740433008683543,0.9471395335626569,0.635711787194598,0.03885421180204321,0.03375123212234748,0.16022579728236577,0.9444386504887782,0.7489464855561151,0.14447177393954344
20.200000000000003,0.9,0.011186532743961376,0.06994727240748382,0.1964908536195874,0.9117062195753051,0.5172369291572578,0.021190987322989727,0.03877399404322255,0.14791225931980634,0.9467905790305825,0.6359757616250923,0.03910339803954282,0.03400354049048331,0.16085611833556546,0.9440453759192357,0.7491150684710304,0.1837243345846026
20.25,0.9,0.011221120692068856,0.07033880750950312,0.19691777384059736,0.9113130368905945,0.5175044640044761,0.02129782633786821,0.039052352555611326,0.14840800519179528,0.9464404028675013,0.6361515094269196,0.03933398007870222,0.0342552286581141,0.16147894027164766,0.9436511400479632,0.7492197875718559,0.22162681976253076
20.3,0.9,0.011242152266126619,0.07072145542017383,0.19731733022481424,0.9109183892167105,0.5176653548895298,0.021388170964301217,0.03932854037634417,0.14889176496972084,0.9460893969885438,0.6362422138133956,0.03954629619629089,0.03450633171673274,0.16209431638446054,0.9432563796970707,0.749262949573284,0.2582256647564533
20.35,0.9,0.011250036904914832,0.07109543359282604,0.19769032292536784,0.9105225546577284,0.5177235045735835,0.021462395721431646,0.03960262218073617,0.14936373521562207,0.9457379334331882,0.6362509821014979,0.03974070204588314,0.034756884418785466,0.16270230135864774,0.9428615087578222,0.749246796674656,0.2935657077272817
20.400000000000002,0.9,0.011245216117532673,0.07146095766633347,0.19803753973738794,0.9101257956838971,0.5176827414297759,0.02152090045425303,0.03987466206721418,0.14982411188798056,0.9453863641516842,0.6361808454975465,0.039917568531968796,0.035006921160458206,0.16330295127912803,0.942466918456338,0.7491735075300047,0.32769024464606666
20.450000000000003,0.9,0.011228158778316073,0.07181824119783177,0.19835975586893145,0.9097283586997421,0.5175468168520291,0.02156410708854976,0.04014472350083066,0.15027309042022197,0.945035020902941,0.6360347590781434,0.04007727979062024,0.03525647596591895,0.16389632362926507,0.9420729776805079,0.7490451982710122,0.3606410823369757
20.5,0.9,0.011199356611910847,0.07216749542004179,0.19865773374003287,0.9093304737545609,0.5173194030824816,0.02159245652961138,0.04041286926159798,0.15071086577857706,0.9446842152549855,0.6358156019491071,0.04022023127736828,0.03550558247295711,0.1644824772791376,0.9416800333614814,0.7488639235757201,0.39245858969587977
20.55,0.9,0.01115931989224881,0.07250892902199288,0.19893222280809855,0.9089323543848968,0.5170040914271019,0.0216064057124361,0.04067916139742731,0.15113763250136772,0.9443342386791915,0.635526177566163,0.04034682796217147,0.035754273919961055,0.16506147246519562,0.9412884109034215,0.7486316777763573,0.4231817471472976
20.6,0.9,0.01110857337399134,0.07284274795195228,0.19918395941804776,0.9085341975783248,0.5166043908304039,0.021606424808989187,0.04094366118145878,0.15155358472166428,0.9439853627296553,0.6351692142021397,0.04045748263068831,0.036002583134175696,0.16563337076247184,0.9408984146555412,0.7483503960001606,0.45284819440028967
20.650000000000002,0.9,0.011047652470237113,0.07316915524138191,0.1994136666757581,0.9081361838477806,0.5161237267815492,0.021592994596140985,0.04120642907357235,0.15195891617513962,0.9436378392993185,0.6347473655463721,0.04055261429047229,0.03625054252118276,0.16619823505040857,0.9405103284207811,0.7480219553375326,0.4814942765618073
20.700000000000003,0.9,0.010977099685954719,0.0734883508487631,0.19962205434350375,0.907738477405714,0.5155654405254898,0.021566603986172293,0.04146752468587221,0.15235382019482369,0.9432919009447223,0.6342632114229292,0.04063264668020081,0.036498184055547056,0.1667561294732597,0.9401244159958234,0.747648176032333,0.5091550886639931
20.75,0.9,0.010897461312702493,0.07380053152215316,0.19980981875618653,0.9073412264275061,0.5149327885541573,0.021527747720194213,0.04172700675194124,0.15273848969434273,0.9429477612715911,0.6337192586151589,0.04069800687961438,0.036745539272573034,0.16730711939593318,0.9397409217374811,0.7472308226895199,0.5358645186599829
20.8,0.9,0.01080928438673453,0.07410589067936406,0.19997764275725377,0.9069445633938621,0.5142289423540398,0.021476924223476745,0.04198493309966653,0.15311311714111056,0.9426056153738006,0.6331179417848833,0.04074912401747697,0.036992639261117025,0.16785127135605274,0.9393600711508326,0.7467716054957522,0.5616552889408853
20.85,0.9,0.010713113909553202,0.07440461830468252,0.20012619565327636,0.9065486055022391,0.5134569883878027,0.021414633620505417,0.04224136062744134,0.15347789452082608,0.9422656403186546,0.6324616244753749,0.040786428074565034,0.037239514657401517,0.1683886530129384,0.9389820714948055,0.746272181448937,0.5865589964248021
20.900000000000002,0.9,0.010609490327338912,0.07469690086108291,0.20025613318622862,0.9061534551377949,0.5126199282888839,0.021341375906576893,0.04249634528355409,0.1538330132945226,0.941927995671792,0.6317526001880086,0.04081034877844775,0.0374861956397791,0.16891933309413104,0.9386071124012333,0.7457341555930544,0.6106061512670029
20.950000000000003,0.9,0.010498947263446851,0.07498292121691777,0.2003680975225688,0.9057592003948152,0.5117206792492452,0.02125764927189163,0.04274994204857987,0.15417866434931093,0.9415928240554486,0.6309930935232068,0.04082131458662723,0.03773271192439499,0.16944338134001977,0.9382353665037225,0.7451590822549158,0.6338262142386802
21.0,0.9,0.010382009496284384,0.0752628585861064,0.20046271725826822,0.9053659156400978,0.510762074581667,0.02116394857339225,0.04300220492059592,0.15451503794386037,0.9412602517342064,0.6301852613769815,0.040819751754461314,0.03797909276169836,0.16996086844706865,0.9378669900729714,0.744548466279819,0.6562476328200777
21.05,0.9,0.010259191173345552,0.07553688848087856,0.2005406074389794,0.904973662110315,0.5097468644391384,0.021060763949018457,0.04325318690304783,0.1548423236495681,0.9409303892227742,0.6293311941850293,0.040806083484187065,0.03822536693375397,0.17047186601008343,0.9375021236554696,0.7439037642633469,0.6778978760522096
21.1,0.9,0.010130994250953287,0.07580518267616809,0.2006023695945694,0.9045824885359414,0.5086777166750239,0.020948579568591495,0.043502939995099264,0.15516071028828143,0.9406033319107554,0.6284329172069479,0.040780729151296505,0.03847156275230724,0.17097644646390764,0.9371408927127902,0.7432263857768217,0.6988034681898708
21.150000000000002,0.9,0.009997907148317409,0.0760679091847896,0.20064859178727676,0.904192431784906,0.5075572178287597,0.020827872515191415,0.04375151518430405,0.15547038586735523,0.9402791606997528,0.627492391843726,0.04074410360448251,0.03871770805755726,0.17147468302489044,0.9367834082589477,0.742517694584173,0.7189900211971649
21.200000000000003,0.9,0.009860403603828841,0.07632523224256987,0.20067984867277752,0.9038035175197028,0.5063878742228727,0.020699111790638155,0.04399896244144543,0.15577153751275055,0.9399579426485581,0.6265115169822021,0.040696616535368636,0.038963830217593615,0.17196664963242708,0.9364297674935506,0.7417790098482115,0.7384822661253626
21.25,0.9,0.00971894172105021,0.07657731230264485,0.20069670157347044,0.9034157608622547,0.5051721131580985,0.02056275743852138,0.04424533071739351,0.15606435140081062,0.9396397316225515,0.6254921303607069,0.040638671914257886,0.03920995612845459,0.17245242089083362,0.9360800544287133,0.7410116073245083,0.7573040834115313
21.3,0.9,0.009573963191603023,0.07682430603817138,0.20069969856331385,0.903029167061389,0.5039122841943198,0.020419259778134625,0.04449066794183802,0.15634901268928383,0.9393245689438013,0.6244360099505839,0.04057066748817877,0.03945611221476589,0.17293207201178373,0.9357343405079201,0.7402167205412842,0.7754785321350562
21.35,0.9,0.009425892682066452,0.07706636635274138,0.20068937456356548,0.9026437321583106,0.5026106605059371,0.020269058742646583,0.04473502102375975,0.1566257054481033,0.9390124840387067,0.6233448753487395,0.04049299433756945,0.039702324430920255,0.17340567875750354,0.9353926852152402,0.7393955419638921,0.7930278782678958
21.400000000000002,0.9,0.009275137372067916,0.07730364239782392,0.20066625144879607,0.9022594436459821,0.5012694403011397,0.020112583314877815,0.04497843585351002,0.1568946125903764,0.9387034950803587,0.622220389176799,0.04040603648801881,0.039948618262760305,0.17387331738489262,0.9350551366734968,0.7385492241426495,0.8099736219531809
21.450000000000003,0.9,0.009122086630938803,0.07753627959659783,0.20063083816256327,0.9018762811188076,0.4998907482953446,0.019950251054136184,0.04522095730637369,0.1571559158039859,0.9383976096231107,0.6210641584828424,0.040310170573575485,0.040195018729728076,0.17433506459071405,0.9347217322301734,0.7376788808429323,0.8263365238455784
21.5,0.9,0.008967111820608569,0.07776441967357371,0.20058363084214925,0.9014942169094854,0.49847663722983493,0.019782467707691688,0.045462629247497215,0.15740979548415757,0.9380948252271499,0.6198777361420666,0.040205765548238084,0.04044155038744657,0.17479099745797358,0.9343924990300122,0.7367855881565905,0.8421366305456889
21.55,0.9,0.008810566212798195,0.07798820068943968,0.20052511295178022,0.901113216710331,0.49702908942734925,0.01960962690063383,0.04570349453806892,0.1576564306673045,0.9377951300711391,0.6186626222530698,0.04009318244235197,0.04068823733069991,0.1752411934035875,0.9340674545734214,0.7358703855938749,0.8573932991596382
21.6,0.9,0.008652785009031981,0.07820775708059939,0.20045575542376068,0.900733240176781,0.49555001837704665,0.019432109898046147,0.045943595042644725,0.1578959989664203,0.9374985035512614,0.6174202655267733,0.039972774160756154,0.04093510319678034,0.17568573012742106,0.9337466072599515,0.7349342771551931,0.8721252210139534
21.650000000000002,0.9,0.008494085452499465,0.07842321970290413,0.20037601680697023,0.9003542415111707,0.49404127034191264,0.019250285433647252,0.046182971637517924,0.15812867650825468,0.9372049168652433,0.6161520646653035,0.039844885319647715,0.04118217116917168,0.17612468556276292,0.9334299569162386,0.7339782323821215,0.8863504445547739
21.700000000000003,0.9,0.008334767021352734,0.07863471587911289,0.2002863434221839,0.899976170025223,0.4925046259822673,0.019064509599280542,0.04642166422003725,0.15835463787247417,0.9369143335801574,0.614859369728432,0.039709852119258704,0.0414294639815403,0.17655813782828653,0.9331174953079352,0.7330031873872058,0.9000863974594547
21.75,0.9,0.008175111693606485,0.07884236944964496,0.20018716952369175,0.8995989706800138,0.49094180198959814,0.018875125789881243,0.04665971171878266,0.158574056032978,0.9366267101830139,0.613543483485435,0.03956800224956998,0.041677003922006184,0.176986165181537,0.9328092066352627,0.7320100458621807,0.9133499079876505
21.8,0.9,0.00801538427440795,0.07904630082621922,0.2000789174667072,0.8992225846024667,0.48935445272546596,0.018682464698805464,0.04689715210451359,0.1587871023015136,0.9363419966133416,0.6122056627504726,0.03941965482641751,0.04192481283766784,0.17740884597397047,0.9325050680119237,0.7309996800643197,0.926157225598037
21.85,0.9,0.007855832777052015,0.0792466270480025,0.19996199788006738,0.8988469495776976,0.487744171860721,0.018486844358668056,0.04713402240180921,0.15899394627370986,0.9360601367771324,0.6108471196998151,0.039265120355477474,0.04217291213935633,0.177826258607563,0.9322050499272042,0.7299729317807137,0.9385240408559302
21.900000000000002,0.9,0.007696688849725638,0.07944346183991646,0.19983680984374316,0.8984720005167682,0.486112494010727,0.01828857022310107,0.04737035870132523,0.15919475577762404,0.9357810690416851,0.609469023169445,0.039104700721746787,0.04242132280659499,0.17823848149299762,0.9319091166911834,0.7289306132703415,0.95046550465619
21.950000000000003,0.9,0.007538168240568124,0.07963691567277785,0.19970374107069025,0.8980976698996196,0.48446089636271517,0.018087935285110057,0.04760619617259633,0.1593896968248776,0.9355047267110255,0.6080724999317592,0.03893868920226411,0.042670065392742436,0.17864559300943014,0.9316172268630407,0.7278735081838688,0.9619962467849607
22.0,0.9,0.007380471294224526,0.07982709582497174,0.19956316809258762,0.8977238881931475,0.4827908002917897,0.017885220227968804,0.0478415690773177,0.1595789335644375,0.935231038481711,0.6066586359502696,0.03876737049994292,0.04291916003029806,0.17904767146582778,0.9313293336625221,0.7268023724611643,0.9731303938429884
22.05,0.9,0.0072237834736437355,0.08001410644538012,0.1994154564490236,0.8973505842445479,0.4811035729624735,0.017680693604852617,0.048076510783043584,0.15976262823908272,0.9349599288789457,0.6052284776113603,0.03859102079651177,0.04316862643635011,0.17944479506386904,0.9310453853646857,0.7257179352065831,0.9838815865524732
22.1,0.9,0.007068275901427042,0.08019804861731022,0.1992609608797044,0.8969776856502056,0.47940052891302654,0.017474612043664312,0.048311053777244685,0.15994094114458093,0.9346913186730333,0.603783032932313,0.03840990782267707,0.0434184839181477,0.17983704186238803,0.930765325678101,0.7246208995421086,0.9942629964686588
22.150000000000002,0.9,0.0069141059155642766,0.08037902042318774,0.19910002551927536,0.8966051191005268,0.47768293162008607,0.017267220473754206,0.04854522968167023,0.16011403059158602,0.9344251252762896,0.6023232727449427,0.0382242909437409,0.043668751378779166,0.1802244897433424,0.930489094106724,0.7235119434384947,1.0042873421166352
22.200000000000003,0.9,0.006761417634900903,0.0805571170097994,0.19893298409435875,0.8962328107012218,0.4759519950414715,0.017058752371474747,0.048779069266964264,0.16028205287025554,0.9341612631206166,0.6008501318543178,0.03803442125901881,0.04391944732294038,0.18060721637928018,0.9302166262957119,0.7223917205245842,1.013966904573121
22.25,0.9,0.006610342530159134,0.08073243065388754,0.1987601601224286,0.8958606862716392,0.47420888513526765,0.016849430021740917,0.04901260246748925,0.16044516221757626,0.9338996440160116,0.5993645101721459,0.03784054171351178,0.044170589862777394,0.1809852992022776,0.9299478543614753,0.7212608608750176,1.0233135425123192
22.3,0.9,0.006460999996788294,0.08090505082791706,0.19858186711215625,0.895488671620822,0.4724547213535499,0.016639464792988775,0.049245858396313395,0.16060351078737567,0.9336401774903451,0.5978672738245157,0.03764288722039075,0.04442219672378902,0.18135881537431808,0.9296827072062983,0.7201199717765747,1.0323387067342744
22.35,0.9,0.006313497926343747,0.08107506426585061,0.19839840876487738,0.8951166928020262,0.4706905781093455,0.01642905742313577,0.04947886536032141,0.16075724862298957,0.9333827711107973,0.5963592562337792,0.03744168479295241,0.04467428525077577,0.18172784175907952,0.9294211108178826,0.7189696384734214,1.0410534541935357
22.400000000000002,0.9,0.006167933273489677,0.08124255502878339,0.19821007917684438,0.8947446763464837,0.46891748621563617,0.016218398314347675,0.0497116508754114,0.1609065236325475,0.9331273307873825,0.5948412591744437,0.037237153684800774,0.0449268724138225,0.18209245489509615,0.9291629885541921,0.7178104248915564,1.0494684615453074
22.450000000000003,0.9,0.006024392616088958,0.08140760457030304,0.19801716304194508,0.8943725494772343,0.46713643429540075,0.01600766783460782,0.04994424168174348,0.16105148156683158,0.9328737610590343,0.5933140538030217,0.037029505537099966,0.04517997481430289,0.18245273097025905,0.9289082614139942,0.7166428743427748,1.057594038225687
22.5,0.9,0.005882952706183913,0.08157029180145306,0.19781993585458216,0.8940002403038771,0.46534837016187575,0.015797036624264748,0.05017666375900839,0.16119226599965797,0.9326219653627501,0.5917783816618577,0.03681894453183075,0.04543360869089491,0.18280874579761924,0.928656848293507,0.7154675102084821,1.0654401390820136
22.55,0.9,0.005743681009985548,0.0817306931551907,0.1976186641124242,0.8936276779991092,0.46355420216837245,0.0155866659059045,0.05040894234168698,0.16132901831072588,0.932371846286322,0.5902349556570151,0.036605667550065474,0.04568778992559694,0.18316057479245565,0.9284086662295733,0.7142848366037098,1.0730163765688
22.6,0.9,0.005606636235276758,0.08188888265024154,0.19741360551875303,0.8932547929579311,0.4617548005271384,0.015376707796053669,0.05064110193427398,0.16146187767087355,0.932123305805198,0.588684461010362,0.03638986433435415,0.04594253404973513,0.18350829295057047,0.9281636306297892,0.7130953390216959,1.080332032524191
22.650000000000002,0.9,0.005471868844898147,0.08204493195426377,0.1972050091841477,0.8928815169404015,0.45995099859688543,0.015167305617369058,0.05087316632644142,0.1615909810296781,0.9318762455040321,0.5871275561860476,0.036171717654388084,0.046197856249953324,0.1838519748277735,0.9279216554900229,0.7118994849594038,1.087396069541377
22.700000000000003,0.9,0.005339421555224474,0.0821989104462448,0.19699311582725954,0.8925077831988201,0.45814359413872907,0.014958594210109914,0.051105158608119705,0.16171646310533175,0.9316305667834938,0.5855648737916056,0.03595140347517687,0.04645377137417732,0.18419169452051742,0.9276826535997592,0.710697724524365,1.0942171419488895
22.75,0.9,0.005209329818756704,0.08235088527806213,0.19677815797444756,0.8921335265902076,0.45633335054039487,0.01475070024181916,0.05133710118447585,0.16183845637672578,0.9313861710529088,0.5839970214539613,0.035729091127040195,0.046710293937546166,0.18452752564764582,0.9274465367357091,0.7094904910232338,1.100803606413237
22.8,0.9,0.0050816222901502815,0.08250092143514878,0.19656036015805775,0.8917586836749435,0.45452099800864765,0.014543742514261378,0.05156901579077068,0.1619570910776697,0.9311429599093113,0.5824245826706563,0.035504943476777254,0.04696743812830358,0.18485954133321583,0.9272132158441212,0.7082782015324531,1.1071635321768647
22.85,0.9,0.004956321275175987,0.08264908179621148,0.19633993911314318,0.8913831928023987,0.45270723472998975,0.01433783226677783,0.051800923507078364,0.1620724951931732,0.9309008353034814,0.5808481176366351,0.03527911709943425,0.047225217813643236,0.1851878141903578,0.9269826012122295,0.7070612574514296,1.1133047109439873
22.900000000000002,0.9,0.004833443162266757,0.08279542719195668,0.19611710397243637,0.8910069941843859,0.4508927279997553,0.014133073475322859,0.052032844772853346,0.16218479445771597,0.9306596996935416,0.5792681640469645,0.03505176245014471,0.04748364654550217,0.18551241630613483,0.9267546026292681,0.7058400450386222,1.119234666426399
22.950000000000003,0.9,0.004712998836443464,0.08294001646278652,0.1958920564593984,0.8906300299572222,0.4490781153198007,0.013929563146541988,0.05226479940133136,0.16229411235543,0.9304194561866774,0.5776852378758828,0.034823024035567536,0.04774273756629719,0.18583341922736546,0.9265291295374778,0.7046149359309487,1.1249606635609624
23.0,0.9,0.0045949940755361076,0.08308290651543267,0.19566499107918198,0.890252244233179,0.44726400546505474,0.01372739160634044,0.05249680659375257,0.1624005701221187,0.9301800086695439,0.5760998341325946,0.034593040584495166,0.048002503814599404,0.18615089394737316,0.9263060911735232,0.7033862876469145,1.1304897174100637
23.05,0.9,0.004479429928725379,0.08322415237850145,0.19543609530735911,0.8898735831420611,0.44545097951925167,0.013526642782471818,0.05272888495339633,0.1625042867490363,0.9299412619279026,0.5745124275942439,0.03436194521724805,0.04826295793074271,0.18646491089362746,0.9260853967007322,0.7021544440738676,1.1358286017559416
23.1,0.9,0.004366303077524303,0.08336380725690916,0.19520554977627566,0.8894939948636336,0.44363959188021784,0.013327394480750971,0.05296105249941821,0.16260537898835173,0.92970312175603,0.5729234735165141,0.0341298656135124,0.04852411226236236,0.18677553991624188,0.9258669553325586,0.7009197359397835,1.1409838573994173
23.150000000000002,0.9,0.004255606179401772,0.0835019225851907,0.19497352845890753,0.8891134296515826,0.4418303712351303,0.013129718654562831,0.0531933266804812,0.162703961360221,0.9294654950564195,0.5713334083223137,0.03389692417831639,0.04878597886986014,0.18708285027729465,0.9256506764476642,0.6996824812699785,1.145961800173193
23.200000000000003,0.9,0.0041473281943203225,0.08363854807966915,0.19474019885010452,0.8887318398496685,0.44002382150620195,0.012933681667400691,0.05342572438817408,0.16280014616139274,0.9292282899302898,0.5697426502690184,0.03366323820587498,0.049048569531793075,0.18738691064093918,0.9254364696970029,0.6984429858291482,1.1507685286795373
23.25,0.9,0.00404145469452054,0.08377373178947789,0.1945057221451193,0.8883491799006982,0.43822042276728346,0.012739344548223439,0.05365826197021087,0.16289404347527234,0.928991415759395,0.5681516000947434,0.03342892004106626,0.04931189575018301,0.18768778906427172,0.9252242451032813,0.6972015435491266,1.1554099317618345
23.3,0.9,0.003937968157934933,0.08390752014643005,0.19427025341532914,0.8879654063489124,0.4364206321318992,0.012546763239471948,0.05389095524340634,0.16298576118337102,0.9287547832796181,0.5665606416441307,0.03319407723833221,0.049575968755744645,0.1879855529889251,0.9250139131531595,0.69595843694275,1.159891695719155
23.35,0.9,0.0038368482456559118,0.08403995801373355,0.19403394178106914,0.8875804778363569,0.4346248846132604,0.01235598883763057,0.054123819506423324,0.1630754049780671,0.928518304646813,0.564970142474134,0.03295881271782467,0.04984079951302996,0.1882802692333576,0.9248053848825456,0.6947139375042136,1.1642193112726817
23.400000000000002,0.9,0.0037380720639165347,0.08417108873355293,0.1937969305815049,0.8871943550937714,0.432833593956818,0.01216706782626081,0.05435686955228843,0.16316307837660823,0.9282818934953444,0.5633804544402912,0.03272322491864286,0.0501063987254872,0.18857200398580737,0.9245985719553248,0.6934683060962965,1.1683980802925307
23.450000000000003,0.9,0.0036416144110696983,0.08430095417342127,0.19355935754148226,0.8868070009265062,0.431047153445935,0.011980042301471094,0.054590119680673496,0.16324888273628424,0.9280454649897593,0.561791914263969,0.032487407949032196,0.050372776840433064,0.1888608227978836,0.924393386735855,0.6922217933248276,1.1724331222932045
23.5,0.9,0.0035474480100721973,0.08442959477150867,0.19332135493530078,0.8864183801959419,0.4292659366812715,0.011794950189819447,0.05482358370994071,0.16333291727070215,0.9278089358700043,0.5602048440810706,0.03225145173343598,0.050639944053936646,0.18914679057876643,0.9241897423555478,0.69097463990076,1.1763293807056379
23.55,0.9,0.0034555437269952714,0.08455704958075493,0.19308304974736626,0.8860284597968648,0.4274902983344855,0.011611825458675064,0.05505727498895016,0.1634152790670962,0.927572224490591,0.5586195519726873,0.032015442156310976,0.050907910315614285,0.18942997158998842,0.9239875527738447,0.689727076990213,1.180091628933518
23.6,0.9,0.0033658707760935128,0.08468335631187668,0.19284456382968543,0.8856372086312192,0.42572057487686155,0.011430698319090628,0.055291206408628876,0.16349606310460715,0.9273352508540902,0.5570363324781796,0.0317794612026362,0.05117668533333445,0.1897104294407717,0.9237867328338836,0.6884793265528341,1.1837244762013015
23.650000000000002,0.9,0.0032783969119698922,0.08480855137526053,0.1926060140561739,0.8852445975786326,0.4239570852834825,0.011251595421259891,0.055525390413301186,0.1635753622734676,0.9270979366393246,0.5554554670911637,0.03154358709506058,0.05144627857783206,0.1899882270838952,0.9235871983131446,0.6872316016688295,1.1872323732010905
23.700000000000003,0.9,0.0031930886093767537,0.08493266992175515,0.1923675124737558,0.8848505994640855,0.42220013171356446,0.011074540042654932,0.05575983901178054,0.16365326739503064,0.9268602052246073,0.553877224738877,0.03130789442765009,0.051716699287231896,0.19026342681206754,0.9233888659693483,0.6859841068550004,1.190619617545287
23.75,0.9,0.0031099112311913668,0.08505574588237691,0.1921291664502402,0.88445518902307,0.42045000016757444,0.010899552268954693,0.05599456378822349,0.16372986724258184,0.9266219817063641,0.552301862245391,0.031072454296208668,0.051987956471480856,0.19053609025478224,0.9231916535818712,0.6847370383701189,1.193890359031705
23.8,0.9,0.0030288291851005,0.08517781200694438,0.19189107881896583,0.8840583428645606,0.418706961121751,0.01072664916789125,0.05622957591274685,0.16380524856287643,0.9263831929134554,0.5507296247791319,0.030837334425159346,0.052260058916688966,0.19080627837563213,0.9229954799889326,0.6834905845099669,1.1970486047275917
23.85,0.9,0.0029498060695218615,0.08529889990165827,0.19165334802021206,0.8836600394320961,0.41697127014064317,0.010555844956152909,0.05646488615180942,0.1638794960983444,0.9261437674175045,0.5491607462851648,0.03060259929098328,0.05253301518937927,0.19107405147006137,0.922800265120796,0.6822449258923576,1.2000982238787863
23.900000000000002,0.9,0.0028728048092815333,0.08541904006564414,0.19141606823937915,0.8832602589632503,0.4152431684682821,0.01038715115949386,0.05670050487836006,0.1639526926099096,0.9259036355395184,0.5475954499026882,0.030368310242224195,0.052806833640646866,0.19133946916353367,0.9226059300292172,0.6810002357324485,1.2030429526500297
23.950000000000003,0.9,0.0027977877815560225,0.08553826192647584,0.19117932954194677,0.8828589834477492,0.4135228835985914,0.010220576766208998,0.0569364420817541,0.16402491890036938,0.925662729353077,0.5460339483681792,0.030134525616074815,0.053081522410227365,0.19160259041009658,0.9224123969133621,0.6797566801086488,1.205886398702233
24.0,0.0,0.002724716932575569,0.08565659387469844,0.19094321800522396,0.8824561965844715,0.41181062982563876,0.010056128374139689,0.05717270737744042,0.16409625383828413,0.9254209826843506,0.5444764444046204,0.029901300851569772,0.053357089430475325,0.19186347349132216,0.9222195891424078,0.6785144182194177,1.208632045612314
24.05,0.0,0.0026554704871765184,0.08578168933360687,0.19072476449501913,0.8820518782894072,0.41015670419801314,0.009898458703431753,0.05741262792236467,0.16417627349399758,0.9251783003816726,0.5429662526996435,0.029677266602323445,0.05363544966774095,0.19212903016334118,0.9220273691760008,0.6773067121863456,1.167061650031639
24.1,0.0,0.0025916401247679612,0.0859208763477846,0.19054007324930433,0.8816459904975507,0.4086080201111084,0.009751715667309679,0.05765942603033417,0.1642741568137517,0.9249344729937455,0.5415440441274989,0.029470401675846386,0.053918464430853366,0.19240596226513965,0.9218353632752478,0.6761649510988742,1.1269210508848806
24.150000000000002,0.0,0.002532793274554025,0.08607371083608063,0.19038788297747133,0.8812384968316662,0.40715990003157165,0.009615194244427448,0.05791295857134775,0.16438939927750454,0.9246892801122578,0.5402061821425214,0.029279829692468926,0.0542060631033159,0.1926940177921862,0.9216431660353978,0.6750865648918569,1.08816107091948
24.200000000000003,0.0,0.002478540424484505,0.0862397694931573,0.1902669903272188,0.8808293676257566,0.4058079109323705,0.0094882476126824,0.05817308853347084,0.1645215141334605,0.9244425209177658,0.5389492004564794,0.029104734183492794,0.05449817774685122,0.19299295140752523,0.9214504028192395,0.6740690926664613,1.0507342243139883
24.25,0.0,0.0024285302503755397,0.08641864859549643,0.19017624671119568,0.8804185790309936,0.40454784899880564,0.009370281605108558,0.058439684707661164,0.16467003174900718,0.9241940123679916,0.5377697936397082,0.028944353781019817,0.054794742976922724,0.19330252429187741,0.9212567274059618,0.6731101773683162,1.0145946585019985
24.3,0.0,0.0023824453585242714,0.08660996288798185,0.1901145553294886,0.8800061122402072,0.40337572544417666,0.009260749759225109,0.0587126213917571,0.1648344989786432,0.9239435875722501,0.5366648083282307,0.028797977845355642,0.05509569584496401,0.1936225039918218,0.921061819841834,0.6722075607677488,0.9796980979970183
24.35,0.0,0.0023399985572093557,0.0868133445448466,0.19008086837511257,0.8795919528145846,0.402287753344751,0.009159148889757888,0.058991778112265816,0.16501447854962542,0.9236910943311369,0.5356312349925384,0.028664942485799774,0.055400975726881845,0.19395266426672478,0.9208653844734491,0.671359078722439,0.9460017901494647
24.400000000000002,0.0,0.0023009295850861355,0.08702844219931118,0.19007418441049048,0.8791760900986135,0.401280335411771,0.009065015123659424,0.059277039362699034,0.16520954846583943,0.9234363938231398,0.5346662002272903,0.028544626935516893,0.0557105242174308,0.19429278493501517,0.9206671481462803,0.6705626567042482,0.9134644527693219
24.450000000000003,0.0,0.0022650022350872378,0.08725492003672532,0.19009354590368976,0.8787585167113161,0.4003500526255352,0.008977920344113769,0.05956829435730462,0.1654193014302055,0.923179359422043,0.5337669595244564,0.02843645024548363,0.056024285030087655,0.19464265172034365,0.9204668585530877,0.6698163055732962,0.8820462235502978
24.5,0.0,0.002232001821368384,0.08749245694646465,0.19013803691392492,0.8783392281035273,0.3994936536631845,0.008897468996910499,0.05986543679913376,0.1656433442857717,0.9229198756309099,0.5329308904954176,0.028339868266295285,0.056342203902081195,0.19500205609810614,0.9202642827182984,0.6691181175835766,0.851708611233515
24.55,0.0,0.002201732944376029,0.0877407457282319,0.19020678091653195,0.8779182221724193,0.39870804505779195,0.008823295218363244,0.06016836466146647,0.1658812974755098,0.9226578371201016,0.5321554865102577,0.02825437088996256,0.056664228504258014,0.1953707951427579,0.920059205605885,0.6684662626055169,0.8224144484509062
24.6,0.0,0.0021740175154889687,0.08799949234877248,0.19029893875827647,0.8774954989257082,0.39799028203175124,0.0087550602489633,0.06047697998169384,0.1661327945207159,0.9223931478582512,0.531438350724976,0.028179479526785504,0.05699030835548783,0.19574867137629404,0.9198514288395286,0.667858984551919,0.7941278461905411
24.650000000000002,0.0,0.002148693008090722,0.08826841524534206,0.19041370673447283,0.8770710601890248,0.39733755995235376,0.008692450101309458,0.060791188666824786,0.1663974815178244,0.9221257203263903,0.530777190469625,0.028114744795008997,0.05732039474133314,0.19613549261822738,0.9196407695249619,0.6672945979946734,0.7668141498281005
24.700000000000003,0.0,0.002125610906520714,0.08854724467256082,0.19055031477996812,0.876644909350832,0.39674720636187727,0.008635173454635254,0.061110900309847914,0.16667501665336734,0.9218554748065417,0.5301698119724632,0.02805974440328291,0.05765444063672719,0.19653107183735158,0.9194270591653902,0.6667714849605092,0.7404398966706278
24.75,0.0,0.00210463532826044,0.08883572208956028,0.19070802476658383,0.8762170511400335,0.39621667353853546,0.008582959751544562,0.061436028016237036,0.16696506973674738,0.9215823387370763,0.5296141153971214,0.02801408120800763,0.0579924006324222,0.19693522700553895,0.9192101426617735,0.6662880918948629,0.7149727749605475
24.8,0.0,0.0020856417980441733,0.08913359958457448,0.19088612890011247,0.8757874914320773,0.3957435315482924,0.008535557475433872,0.0617664882399417,0.16726732175044456,0.9213062461279908,0.5291080901715334,0.02797738142947291,0.05833423086498605,0.19734778095378766,0.9189898773905489,0.6658429267836907,0.6903815842897214
24.85,0.0,0.002068516155432488,0.08944063933435273,0.19108394821043614,0.8753562370799179,0.39532546175086875,0.008492732589582736,0.06210220062825251,0.16758146441723676,0.9210271370300249,0.528649810588981,0.0279492930123234,0.05867988895014098,0.19776856123070022,0.9187661323520891,0.6654345564237465,0.6666361973750485
24.900000000000002,0.0,0.0020531535798260577,0.08975661309597587,0.19130083112877314,0.8749232957666844,0.39496025072628893,0.00845426712108232,0.06244308787497557,0.16790719978398425,0.9207449570521998,0.5282374316630828,0.027929484117331087,0.05902933391925154,0.19819739996354685,0.9185387873838219,0.6650616038324877,0.6437075231487763
24.950000000000003,0.0,0.002039457718989641,0.09008130172884553,0.1915361521464672,0.8744886758773188,0.39464578459106997,0.008419957874688173,0.06278907558139118,0.1682442398215067,0.9204596569229541,0.5278691852199014,0.02791764173274483,0.05938252615878214,0.1986341337220407,0.9183077324325166,0.6647227457893646,0.6215674711183053
25.0,0.0,0.002027339908954498,0.09041449474478733,0.19178931055011472,0.8740523863868057,0.39438004367565904,0.008389615263363518,0.06314009212450943,0.1685923060400659,0.9201711920905666,0.527543376211591,0.027913470394638092,0.059739427352556246,0.19907860338492847,0.9180728668807518,0.6644167105007984,0.6001889169518242
25.05,0.0,0.002016718474715812,0.09075598988436566,0.1920597292281799,0.8736144367629215,0.3941610975370127,0.008363062243754648,0.06349606853216988,0.16895112911995674,0.9198795223590234,0.5272583792371452,0.027916691006704387,0.06010000042666052,0.1995306540094787,0.9178340989230414,0.6641422753816624,0.5795456692476115
25.1,0.0,0.002007518102477147,0.09110559271765148,0.19234685354457717,0.873174836881702,0.393987100282296,0.00834013334613741,0.06385693836456464,0.16932044855670583,0.9195846115558834,0.5270126352568615,0.027927039750869558,0.06046420949684716,0.19999013470393096,0.9175913449875117,0.6638982649465545,0.5596124374462944
25.150000000000002,0.0,0.001999669275347805,0.09146311626781628,0.1926501502750075,0.8727335969540544,0.3938562861815841,0.008320673789515995,0.06422263760179285,0.16970001232037385,0.9192864272290688,0.5268046484880967,0.027944267080913434,0.06083201981829732,0.20045689850295226,0.9173445291993976,0.6636835488045846,0.5403648008467513
25.200000000000003,0.0,0.0019931077653975713,0.0918283806560461,0.19296910660212044,0.8722907274621399,0.3937669655491871,0.008304538673562456,0.0645931045370823,0.17008957652846188,0.9189849403698156,0.5266329834707894,0.027968136792031348,0.06120339773761722,0.2009308022461318,0.917093582882959,0.6634970397518088,0.5217791786876996
25.25,0.0,0.0019877741758390598,0.09220121276638053,0.1933032291658386,0.8718462391043285,0.39371752087481304,0.008291592239974617,0.06496827967533854,0.17048890513192602,0.9186801251593122,0.5264962622920364,0.02799842515992815,0.06157831064694655,0.20141170645953194,0.9168384440987271,0.6633376919558198,0.5038328012583153
25.3,0.0,0.001983613527859607,0.09258144592918385,0.19365204316542922,0.8714001427476754,0.39370640318723593,0.00828170719661611,0.06534810563670503,0.17089776961381203,0.9183719587368028,0.5263931619597749,0.028034920143631945,0.06195672694006656,0.20189947524030105,0.916579057213262,0.6632044992273517,0.48650368200249006
25.35,0.0,0.001980574887278485,0.09296891962204862,0.19401509151013502,0.8709524493870002,0.39373212863447155,0.008274764098498115,0.06573252706483908,0.17131594870003058,0.9180604209871575,0.5263224119163149,0.028077420646749365,0.06233861597040208,0.20239397614434376,0.9163153724988521,0.6630964933740859,0.4697705905825513
25.400000000000002,0.0,0.0019786110267747308,0.0933634791870191,0.19439193401539193,0.8705031701097634,0.3937932752656836,0.008270650780279025,0.06612149053962832,0.17174322808180462,0.917745494346113,0.5262827916831144,0.028125735832365325,0.06272394801081824,0.20289508007703483,0.9160473457608093,0.6630127426321455,0.4536130268694441
25.450000000000003,0.0,0.0019776781199277852,0.09376497556310084,0.19478214664185786,0.8700523160660338,0.3938884800011624,0.008269261835505493,0.06651494449409054,0.17217940014933134,0.9174271636215658,0.526273128628785,0.028179684487223466,0.06311269421511885,0.2034026611869546,0.9157749379902189,0.6629523501710479,0.43801119582751025
25.5,0.0,0.001977735463747306,0.09417326503309625,0.19518532077466189,0.8695998984429277,0.3940164357777469,0.008270498138304487,0.0669128391352167,0.17262426373621412,0.9171054158294606,0.5262922958528643,0.028239094431214275,0.06350482658115902,0.20391659676261742,0.9154981150401857,0.6629144526681495,0.4229459832630945
25.55,0.0,0.0019787452267484287,0.0945882089838734,0.19560106254045465,0.8691459284429737,0.3941758888580028,0.008274266403668367,0.06731512636853271,0.1730776238742326,0.9167802400429567,0.5263392101784027,0.028303801968550445,0.06390031791548972,0.20443676713215791,0.9152168473237843,0.6628982189488575,0.4083989324072676
25.6,0.0,0.0019806722199617113,0.09500967367923786,0.1960289921599999,0.8686904172659253,0.3943656362923359,0.008280478782860147,0.06772175972617005,0.17353929155803263,0.9164516272536887,0.5264128302468806,0.028373651377327596,0.06429914179945709,0.2049630555659351,0.9149311095320745,0.6629028486891143,0.39435222130397685
25.650000000000002,0.0,0.001983483688559183,0.09543753004463464,0.19646874333419573,0.8682333760936,0.39458452352401785,0.008289052490809409,0.06813269429824892,0.1740090835193316,0.9161195702440454,0.5265121547094109,0.028448494434456486,0.06470127255668393,0.20549534818200993,0.91464088037068,0.662927571176871,0.3807886409759217
25.700000000000003,0.0,0.0019871491220347023,0.09587165346296074,0.19691996266155185,0.867774816077373,0.3948314421278317,0.00829990946267576,0.06854788666739003,0.17448682201024843,0.9157840634694991,0.5266362205085822,0.028528189973213425,0.06510668522186476,0.20603353385444748,0.9143461423135522,0.6629716441294625,0.367691574341405
25.75,0.0,0.0019916400811028226,0.09631192358081796,0.19738230908527754,0.8673147483280006,0.3951053276737207,0.008312976037030611,0.06896729484618296,0.17497233459538183,0.9154451029501065,0.5267841012456738,0.028612603470891736,0.06551535551081028,0.20657750412439302,0.914046881372655,0.6630343525639858,0.3550449758563303
25.8,0.0,0.0019969300396795093,0.09675822412458078,0.19785545336825472,0.8668531839074832,0.3954051577074431,0.00832818266335292,0.06939087821744978,0.1754654539522735,0.9151026861703864,0.5269549056283211,0.028701606664251082,0.0659272597916804,0.20712715311386753,0.9137430868824131,0.6631150077179493,0.3428333518564044
25.85,0.0,0.0020029942404837797,0.09721044272569683,0.19833907759428135,0.8663901338227155,0.3957299498408095,0.008345463631753956,0.06981859747715291,0.17596601767990752,0.9147568119868541,0.5271477759940298,0.028795077190655688,0.06634237505734877,0.2076823774422265,0.9134347512978546,0.6632129460176274,0.3310417415754613
25.900000000000002,0.0,0.0020098095629546156,0.09766847075467586,0.19883287469407432,0.8659256090206983,0.3960787599446044,0.008364756823042729,0.07025041457980512,0.17647386811491023,0.9144074805425588,0.5273618869052359,0.02889289825296876,0.06676067889884489,0.20824307614522453,0.9131218700054704,0.6633275280917006,0.3196556988166532
25.950000000000003,0.0,0.002017354402314859,0.0981322031632596,0.19933654799461695,0.8654596203851161,0.39645068043778214,0.008386003477420197,0.07068629268624901,0.17698885215512805,0.9140546931880295,0.5275964438118884,0.02899495830643078,0.06718214947982297,0.2088091505966265,0.9128044411458884,0.6634581378279046,0.30866127425405326
26.0,0.0,0.0020256085587354905,0.09860153833429837,0.19984981079052652,0.8649921787341033,0.3968448386669751,0.008409147980248858,0.07112619611368094,0.1775108210902739,0.9136984524080919,0.5278506817777859,0.029101150765894993,0.06760676551200955,0.20938050443230546,0.9124824654475318,0.6636041814705415,0.2980449983429874
26.05,0.0,0.0020345531356616197,0.09907637793889115,0.2003723859362006,0.8645232948190456,0.397260395370767,0.008434137663486873,0.07157009028780208,0.17803963043934534,0.9133387617540663,0.5281238642671379,0.02921137373192623,0.06803450623158462,0.20995704347676675,0.9121559460704968,0.6637650867568284,0.28779386481815794
26.1,0.0,0.0020441704464573404,0.09955662680037504,0.20090400545757892,0.8640529793242805,0.39769654322356734,0.008460922621504122,0.07201794169698664,0.17857513979452963,0.9129756257808997,0.5284152819880458,0.02932552973439005,0.06846535137645345,0.2105386756720372,0.9118248884599469,0.6639403020901781,0.27789531475934237
26.150000000000002,0.0,0.0020544439286118276,0.10004219276477641,0.20144441018243053,0.8635812428675755,0.3981525054542771,0.008489455540113221,0.07246971784836355,0.17911721267132333,0.9126090499888283,0.528724251789805,0.029443525492269407,0.06889928116436865,0.21112531100885884,0.9114893002083706,0.6641292957486056,0.26833722120514614
26.200000000000003,0.0,0.0020653580648248835,0.1005329865773613,0.20199334938814353,0.8631080960012769,0.39862753453526356,0.008519691537752717,0.07292538722571439,0.17966571636460485,0.9122390407691982,0.52905011561112,0.029565271688546654,0.06933627627186446,0.2117168614601259,0.911149190926104,0.6643315551265654,0.2591078742959586
26.25,0.0,0.002076898310357738,0.10102892176494538,0.2025505804660579,0.8626335492140353,0.3991209109374646,0.008551588017853775,0.07338491924909579,0.18022052181041,0.9118656053541105,0.5293922394765069,0.029690682759080586,0.0697763178139669,0.21231324091650464,0.9108045721195638,0.6645465860086097,0.250195966927911
26.3,0.0,0.002089051026095202,0.10152991452364568,0.20311586860144096,0.8621576129330241,0.3996319419477244,0.008585104531506724,0.07384828423610038,0.18078150345317104,0.9114887517695822,0.5297500125383223,0.02981967669449205,0.0702193873246457,0.21291436512417616,0.9104554570766773,0.6647739118733519,0.2415905809002606
26.35,0.0,0.0021018034168191397,0.10203588361177605,0.2036889864682605,0.8616802975265762,0.400159960544722,0.00862020264962065,0.07431545336467485,0.1813485391181899,0.9111084887919418,0.5301228461620143,0.02995217485414852,0.07066546673797575,0.21352015162464205,0.9101018607590367,0.6650130732263002,0.23328117353922959
26.400000000000002,0.0,0.002115143474241371,0.10254675024760691,0.2042697139379611,0.8612016133071747,0.40070432433009495,0.008656845843838846,0.07478639863741898,0.18192150988912678,0.9107248259072053,0.5305101730523369,0.03008810179140822,0.07111453836997739,0.2141305196965347,0.9097437997003375,0.6652636269602061,0.22525756478191178
26.450000000000003,0.0,0.002129059924387241,0.10306243801172747,0.2048578378014981,0.8607215705347386,0.40126441451158396,0.008694999375535976,0.07526109284729345,0.182500299990294,0.9103377732731971,0.530911446418403,0.030227385089348715,0.07156658490110641,0.21474539029937395,0.9093812919106958,0.6655251457416425,0.21750992470442265
26.5,0.0,0.0021435421789597034,0.10358287275376447,0.2054531515039282,0.8602401794201522,0.40183963493523267,0.008734630192279949,0.07573950954466853,0.1830847966735547,0.9099473416842037,0.531326139175579,0.030369955206263895,0.07202158935936656,0.2153646860192129,0.9090143567864677,0.6657972174225971,0.21002876147901364
26.55,0.0,0.0021585802903484287,0.10410798250322668,0.20605545489089724,0.8597574501289927,0.40242941116386677,0.008775706831193423,0.0762216230056498,0.18367489010963484,0.9095535425379626,0.5317537431823416,0.030515745330267248,0.07247953510401815,0.21598833101611714,0.9086430150252206,0.6660794444759329,0.20280490974539642
26.6,0.0,0.0021741649099795567,0.1046376973842585,0.20666455396640537,0.8592733927854178,0.40303318959925805,0.008818199328696923,0.07670740820162036,0.18427047328366455,0.9091563878048089,0.5321937685103264,0.03066469124238906,0.07294040580985849,0.21661625097342171,0.9082672885455347,0.666371443453623,0.1958295193820306
26.650000000000002,0.0,0.0021902872497296844,0.10517194953409902,0.20728026066126634,0.858788017476174,0.4036504366455432,0.008862079136158463,0.07719684076994263,0.18487144189477425,0.9087558899988141,0.5326457427459037,0.030816731187600647,0.07340418545205024,0.2172483730487125,0.9078872004113311,0.6666728444667287,0.18909404466361845
26.700000000000003,0.0,0.002206939046152842,0.10571067302505507,0.2079023926117117,0.8583013342546977,0.404280637911622,0.008907319041013459,0.0776898969857658,0.18547769425957714,0.9083520621507686,0.5331092103217092,0.030971805753240638,0.07387085829147595,0.2178846258264785,0.9075027747604489,0.6669832906861424,0.1825902337915229
26.75,0.0,0.002224112527291883,0.10625380378980856,0.20853077294762298,0.8578133531452803,0.4049232974504034,0.008953893092954284,0.07818655373488838,0.1860891312193785,0.9079449177828683,0.5335837318766512,0.03112985775435684,0.0743404088605972,0.2185249392723836,0.9071140367372108,0.6673024378631653,0.1763101187842825
26.8,0.0,0.00224180038186614,0.10680127954988838,0.20916523008990467,0.8573240841472713,0.40557793703290057,0.00900177653482109,0.0786867884876275,0.18670565605095818,0.9075344708849796,0.5340688836429973,0.03129083212551261,0.07481282194979867,0.21916924468910742,0.9067210124287352,0.6676299538690399,0.170246005715838
26.85,0.0,0.0022599957306456437,0.10735303974714805,0.20980559755653935,0.8568335372393004,0.40624409545530127,0.009050945737855049,0.07919057927364985,0.18732717438077973,0.9071207358923667,0.5345642568592242,0.03145467581863928,0.07528808259419789,0.21981747467370544,0.9063237288047697,0.6679655182525998,0.16439046528951096
26.900000000000002,0.0,0.002278692099838863,0.1079090254780987,0.2104517137768921,0.8563417223834975,0.40692132787725493,0.009101378141002078,0.07969790465772114,0.1879535941024866,0.9067037276647746,0.5350694572073865,0.03162133770654626,0.0757661760609026,0.22046956307644067,0.9059222136608374,0.6683088218152443,0.15873632373618643
26.950000000000003,0.0,0.0022978833963359685,0.10846917943095633,0.21110342191385625,0.8558486495296949,0.4076092051897259,0.009153052193979673,0.08020874371633364,0.18858482529755108,0.9062834614667694,0.5355841042738325,0.03179076849172806,0.07624708783669866,0.22112544496103967,0.9055164955644982,0.668659566202482,0.15327665402554894
27.0,0.0,0.002317563884663271,0.10903344582527005,0.21176056969345589,0.8553543286195973,0.4083073134108621,0.009205947303841982,0.08072307601517335,0.1892207801589481,0.9058599529492463,0.5361078310321544,0.031962920620133145,0.0767308036161519,0.22178505656632735,0.9051066038045459,0.6690174635113264,0.14800476737960427
27.05,0.0,0.002337728165516814,0.109601770354006,0.21242300924154137,0.8548587695909059,0.4090152531084238,0.009260043784798777,0.08124088158739028,0.1898613729177316,0.9054332181320214,0.5366402833473282,0.032137748199582955,0.07721730929010853,0.222448335269196,0.9046925683429681,0.6693822359128626,0.14291420507809016
27.1,0.0,0.0023583711557542955,0.1101741001279684,0.21309059692723534,0.8543619823813859,0.40973263884740135,0.00931532281106281,0.08176214091263764,0.1905065197723962,0.9050032733874327,0.5371811195000489,0.0323152069225513,0.07770659093457935,0.22311521954886498,0.9042744197695116,0.6697536152893364,0.13799873054573641
27.150000000000002,0.0,0.0023794880697346507,0.11075038362244609,0.21376319321280526,0.8538639769328674,0.4104590986615365,0.009371766372517278,0.08228683489684722,0.19115613882091229,0.9045701354248776,0.5377300097303259,0.03249525399303444,0.07819863479999334,0.2237856489523896,0.9038521892587047,0.6701313428851489,0.13325232171168058
27.200000000000003,0.0,0.0024010744019038435,0.11133057062597936,0.21444066250965635,0.8533647631951711,0.4111942735475338,0.009429357233010905,0.08281494485270993,0.1918101499953277,0.9041338212762247,0.5382866357994481,0.03267784805726069,0.07869342730080757,0.2244595640613773,0.9034259085291966,0.6705151689711699,0.12866916363167816
27.25,0.0,0.0024231259105338037,0.11191461219114723,0.21512287304015582,0.8528643511299523,0.4119378169808226,0.009488078891102673,0.08334645248083235,0.19246847499883293,0.903694348282037,0.5388506905694809,0.03286294913800565,0.0791909550054604,0.2251369064598724,0.9029956098052849,0.6709048525218111,0.12424364136406886
27.3,0.0,0.002445638602529062,0.1125024605872815,0.21580969670501476,0.8523627507144558,0.41268939445179553,0.009547915543091496,0.08388133985154139,0.19313103724519262,0.9032517340785553,0.539421877599497,0.033050518572295046,0.07969120462665584,0.22581761870336986,0.902561325780509,0.6713001609043261,0.11997033309077113
27.35,0.0,0.0024686087192225896,0.11309406925501848,0.2165010089559693,0.8518599719451762,0.4134486830215113,0.009608852048178393,0.08441958938731078,0.1937977618004489,0.902805996585387,0.539999910757789,0.03324051895229193,0.08019416301196744,0.22650164428892133,0.9021230895831952,0.6717008695798313,0.11584400347487707
27.400000000000002,0.0,0.0024920327230886605,0.11368939276260459,0.21719668867351577,0.8513560248414205,0.4142153708959077,0.009670873895619929,0.0849611838457842,0.19446857532680725,0.9023571539938551,0.5405845138493455,0.033432914069178574,0.0806998171347506,0.22718892762629653,0.9016809347438475,0.6721067618155633,0.11185959724671023
27.450000000000003,0.0,0.002515907285306339,0.11428838676387629,0.21789661804946875,0.8508509194487675,0.41498915701762623,0.009733967173742001,0.08550610630337145,0.19514340602861893,0.9019052247559646,0.541175420257916,0.03362766885985611,0.08120815408535279,0.2278794140101649,0.9012348951642822,0.6725176284079116,0.10801223301048815
27.5,0.0,0.0025402292741124465,0.11489100795783928,0.2186006824741219,0.8503446658424207,0.4157697506745979,0.009798118540692619,0.08605434013939499,0.19582218360037756,0.9014502275739444,0.5417723726020182,0.033824749356296695,0.08171916106261137,0.22857304959326347,0.9007850050884142,0.6729332674157885,0.10429719726400231
27.55,0.0,0.002564995743887679,0.1154972140497758,0.2193087704278043,0.8498372741304547,0.4165568711245913,0.009863315196821003,0.08660586902076545,0.19650483917665132,0.9009921813903288,0.542375122404278,0.03402412263739384,0.08223282536562977,0.22926978136051748,0.9003312990746036,0.673353483903915,0.10070993862398855
27.6,0.0,0.0025902039249239405,0.11610696371381257,0.22002077337663492,0.8493287544569484,0.4173502472349641,0.00992954485857846,0.08716067688716564,0.19719130528387538,0.9005311053785423,0.5429834297735231,0.03422575678316664,0.08274913438582226,0.2299695571040817,0.8998738119694834,0.6737780896956237,0.09724606225011355
27.650000000000002,0.0,0.0026158512138249788,0.11672021655688583,0.22073658567228838,0.8488191170050081,0.4181496171369056,0.009996795733843903,0.0877187479367238,0.19788151579393234,0.9000670189339591,0.5435970630990772,0.03442962083118305,0.08326807559921907,0.23067232539927143,0.8994125788831856,0.6742069031347957,0.09390132446074595
27.700000000000003,0.0,0.0026419351644960884,0.11733693308404267,0.22145610445559533,0.8483083719996756,0.41895472789349253,0.01006505649858374,0.08828006661215752,0.19857540587945158,0.8995999416654036,0.5442157987567325,0.0346356847350761,0.08378963655902304,0.23137803558135275,0.8989476351658964,0.6746397488565673,0.0906716275339158
27.75,0.0,0.002668453479682027,0.1179570746650216,0.22217922956380873,0.8477965297107227,0.41976533518092096,0.010134316274762217,0.08884461758737097,0.19927291197076114,0.8991298933870671,0.5448394208259031,0.03484391932503498,0.08431380488840995,0.23208663772316301,0.8984790163856671,0.6750764575664571,0.08755301468709281
27.8,0.0,0.0026954040030153768,0.1185806035020579,0.22290586344137697,0.8472836004553306,0.42058120298230944,0.01020456460942414,0.08941238575448847,0.199973971714429,0.8986568941108145,0.5454677208174838,0.03505429627016049,0.08484056827356487,0.23279808261353319,0.8980067583074186,0.6755168658275805,0.08454166522963306
27.85,0.0,0.0027227847115404167,0.11920748259886203,0.22363591105407218,0.846769594600653,0.42140210329350125,0.010275791454877285,0.08998335621130876,0.2006785239333325,0.898180964038857,0.5461004974119666,0.035266788042581404,0.08536991445694697,0.23351232173648462,0.897530896873076,0.6759608158556344,0.08163388988195529
27.900000000000002,0.0,0.00275059370868019,0.11983767573072238,0.2243692798063298,0.8462545225662659,0.4222278158403244,0.010347987149906855,0.0905575142491647,0.201386508588198,0.8977021235567687,0.5467375562073832,0.035481367883234756,0.08590183123077601,0.23422930725117377,0.8970514681827754,0.6764081553213447,0.0788261262557121
27.950000000000003,0.0,0.0027788292176168304,0.12047114741568556,0.22510587946166286,0.8457383948265003,0.4230581278067965,0.010421142401958945,0.09113484534117396,0.20209786674055466,0.8972203932268267,0.5473787094766672,0.0356980097692192,0.0864363064307335,0.2349489919725592,0.896568508477089,0.6768587371600889,0.07611493448941892
28.0,0.0,0.0028074895750574164,0.12110786288677036,0.22584562206602068,0.8452212219126615,0.42389283357378804,0.010495248270234224,0.091715335130867,0.20281254051704872,0.8967357937816557,0.5480237759340475,0.03591668838263618,0.08697332792987235,0.23567132935276594,0.8960820541202149,0.6773124193884121,0.07349699303419355
28.05,0.0,0.0028365732253596548,0.12174778806517315,0.2265884218739689,0.8447030144151343,0.4247317344676832,0.010570296149637089,0.09229896942117917,0.2035304730750672,0.8962483461181593,0.5486725805100996,0.03613737908083908,0.08751288363272855,0.2363962734631234,0.8955921415840842,0.6777690649271718,0.07096909458444355
28.1,0.0,0.002866078714993543,0.1223908895344249,0.22733419527757265,0.8441837829853747,0.42557463851860156,0.010646277755529149,0.0928857341637944,0.20425160856962132,0.8957580712917206,0.5493249541351046,0.03636005786801518,0.08805496146962911,0.2371237789768532,0.8950988074333378,0.6782285414310549,0.06852814214851584
28.150000000000002,0.0,0.0028960046873168933,0.12303713451546186,0.22808286073787157,0.8436635383377893,0.4264213602277647,0.01072318510923934,0.09347561544882868,0.20497589212144274,0.8952649905106574,0.5499807335303775,0.03658470136803011,0.08859954939119061,0.23785380115238497,0.89460208831113,0.6786907211242238,0.06617114525449479
28.200000000000003,0.0,0.002926349877644176,0.1236864908425738,0.22883433871883974,0.8431422912515042,0.4272717203436151,0.01080101052428613,0.0940685994948417,0.20570326978624684,0.8947691251309176,0.5506397610072434,0.03681128679846866,0.08914663536300263,0.23858629581727783,0.8941020209257158,0.6791554806418558,0.06389521628650016
28.25,0.0,0.0029571131085895986,0.12433892694019529,0.2295885516237292,0.8426200525720229,0.4281255456463121,0.010879746593270213,0.09466467263916595,0.2064336885251198,0.8942704966509999,0.5513018842733566,0.03703979194580969,0.08969620736049128,0.2393212193527268,0.8935986420377847,0.6796227008773534,0.06169756694699671
28.3,0.0,0.0029882932856666895,0.12499441180050747,0.23034542373370062,0.8420968332127762,0.42898266874025076,0.010959386175398782,0.09526382132854283,0.20716709617598775,0.8937691267070891,0.551966956246067,0.03727019514167688,0.09024825336395731,0.24005852867863386,0.8930919884485017,0.6800922668350093,0.05957550484078103
28.35,0.0,0.0030198893931278996,0.12565291496181888,0.23110488114864855,0.8415726441565647,0.4298429278542645,0.011039922384605053,0.09586603211005583,0.20790344142612732,0.8932650370683919,0.5526348348725573,0.037502475240110265,0.09080276135378434,0.2407981812392239,0.8925820969882206,0.6805640674879203,0.05752643017646083
28.400000000000002,0.0,0.003051900490028882,0.12631440648769587,0.231866851730134,0.8410474964568955,0.43070616664919126,0.011121348578229025,0.09647129162235119,0.20864267378567986,0.8927582496326641,0.5533053829564829,0.037736611595807,0.09135971930581244,0.24154013498918636,0.8920690045058367,0.6810379956409536,0.05554783258138545
28.450000000000003,0.0,0.003084325706503175,0.12697885694681404,0.23263126504634007,0.8405214012392138,0.4315722340324973,0.011203658346227666,0.0970795865871371,0.20938474356213155,0.8922487864219175,0.5539784679908586,0.03797258404328259,0.09191911518687249,0.24228434838032462,0.8915527478587464,0.6815139477985748,0.0536372880261255
28.5,0.0,0.0031171642402340024,0.12764623739350364,0.23339805231897115,0.839994369702033,0.4324409839796673,0.011286845500884737,0.09769090380095276,0.21012960183572443,0.8917366695782959,0.5546539619969494,0.03821037287690706,0.09248093695047725,0.24303078034869496,0.8910333639033826,0.6819918240373567,0.05179245585473373
28.55,0.0,0.0031504153531108046,0.1283165193489635,0.2341671463720191,0.8394664131179628,0.43331227536208494,0.011370904066992375,0.09830523012719873,0.21087720043576383,0.8912219213601138,0.5553317413689325,0.03844995883177269,0.09304517253266495,0.2437793903022182,0.8905108894862991,0.6824715278829949,0.050011075917148866
28.6,0.0,0.0031840783680589773,0.1289896747831182,0.2349384815823238,0.838937542834638,0.43418597178113877,0.01145582827247831,0.09892255248842097,0.21162749191778957,0.8907045641380459,0.5560116867241062,0.03869132306535292,0.09361180984799124,0.24453013810874716,0.889985361435774,0.6829529661916623,0.0482909658002292
28.650000000000002,0.0,0.0032181526660320504,0.12966567609709584,0.23571199383185845,0.8384077702755502,0.43506194140830345,0.011541612539454228,0.09954285785884058,0.21238042954157932,0.8901846203914608,0.5566936827584337,0.03893444713991403,0.09418083678566601,0.24528298408457416,0.8894568165539085,0.6834360490355426,0.04663001815402364
28.700000000000003,0.0,0.0032526376831562907,0.13034449610630292,0.2364876204616731,0.8378771069407832,0.4359400568309557,0.011628251475662328,0.10016613325712233,0.21313596724995376,0.8896621127048916,0.5573776181072172,0.039179313005643646,0.09475224120583117,0.24603788898336296,0.8889252916091946,0.6839206895923879,0.04502619811000456
28.75,0.0,0.0032875329080183685,0.13102610802407577,0.2372653002274331,0.8373455644076538,0.43682019490369745,0.011715739866298562,0.10079236573937451,0.2138940596483546,0.8891370637646345,0.5580633852107068,0.039425902984461886,0.09532601093597591,0.24679481398549002,0.8883908233295287,0.6844068040389546,0.043477540788099386
28.8,0.0,0.003322837879087356,0.13171048544588745,0.23804497325649163,0.8368131543312615,0.43770223660496715,0.011804072666192333,0.10142154239237391,0.214654661985167,0.8886094963554703,0.5587508801844568,0.03967419975448318,0.09590213376748605,0.24755372068778078,0.8878534483956481,0.6848943114481719,0.04198214888946693
28.85,0.0,0.0033585521822629065,0.1323976023340907,0.23882658100643803,0.8362798884449465,0.43858606689873253,0.011893244992323736,0.10205365032700896,0.21541773013276005,0.8880794333575007,0.5594400026942519,0.03992418633509836,0.09648059745232415,0.24831457109362692,0.8873132034349703,0.6853831336899104,0.04053819037206904
28.900000000000002,0.0,0.0033946754485420097,0.13308743300317802,0.23961006622506692,0.8357457785606603,0.4394715746010653,0.011983252116660502,0.10268867667193528,0.2161832205692187,0.8875468977430951,0.5601306558354284,0.04017584607264848,0.09706138969983734,0.24907732760347104,0.8867701250158129,0.6858731953352165,0.03914389620619006
28.950000000000003,0.0,0.0034312073517971976,0.13377995210554108,0.24039537291171445,0.8352108365692488,0.4403586522514083,0.012074089459297969,0.10332660856743751,0.21695109036074278,0.8870119125739397,0.5608227460164293,0.04042916262666328,0.09764449817368948,0.24984195300564568,0.8862242496419752,0.6863644235638889,0.03779755820715428
29.0,0.0,0.003468147606659568,0.13447513461771202,0.24118244627991087,0.8346750744406505,0.4412471959883546,0.012165752581886348,0.10396743315949174,0.21772129714468863,0.8864745009981854,0.5615161828464331,0.04068411995663879,0.09822991048891515,0.25060841046755417,0.8856756137476643,0.6868567480752747,0.03649752694258611
29.05,0.0,0.003505495966500406,0.1351729558270703,0.24197123272130092,0.8341385042240124,0.4421371054297646,0.012258237181330546,0.10461113759402303,0.2184937991132307,0.8859346862476882,0.5622108790269061,0.040940702309329884,0.0988176142090922,0.25137666352718097,0.8851242536927455,0.6873501010021693,0.03524220971164921
29.1,0.0,0.003543252221505596,0.13587339131899936,0.24276167977078508,0.8336011380477243,0.44302828355705576,0.012351539083748642,0.105257709011353,0.21926855499762032,0.8853924916353381,0.5629067502469328,0.04119889420653501,0.09940759684363036,0.25214667608491986,0.8845702057583017,0.6878444168277075,0.03403006859378885
29.150000000000002,0.0,0.0035814161968373923,0.13657641696447756,0.24355373607283706,0.8330629881193743,0.4439206366035073,0.01244565423867599,0.10590713454083205,0.22004552405302094,0.8848479405524698,0.5636037150821857,0.041458680433351436,0.09999984584517313,0.2529184123957083,0.8840135061424859,0.6883396323051398,0.032859618564586926
29.200000000000003,0.0,0.00361998775087846,0.1372820089080893,0.24434735134895458,0.8325240667256266,0.4448140739464274,0.012540578713502646,0.10655940129565167,0.22082466604389847,0.8843010564663539,0.5643016948974,0.041720046026880564,0.10059434860711036,0.2536918370614575,0.8834541909566496,0.6888356863803887,0.03172942567642141
29.25,0.0,0.0036589667735534336,0.1379901435564422,0.24514247636620246,0.8319843862320242,0.44570850800303874,0.01263630868813258,0.10721449636783212,0.22160594122994742,0.8837518629177603,0.5650006137522264,0.04198297626536401,0.10119109246119913,0.25446691502376695,0.8828922962217345,0.6893325201172857,0.030638105301701215
29.3,0.0,0.0036983531847235365,0.13870079756697687,0.24593906290680834,0.8314439590827181,0.4466038541299429,0.01273284044985376,0.1078724068233808,0.2223893103525335,0.8832003835185933,0.5657003983103374,0.04224745665773205,0.10179006467529032,0.2552436115569137,0.8823278578649119,0.6898300766253945,0.02958432043652428
29.35,0.0,0.00373814693265009,0.13941394783715652,0.24673706373877338,0.8309027978001244,0.4475000305260317,0.012830170388408906,0.10853311969761717,0.22317473462163434,0.8826466419495929,0.5664009777516693,0.04251347293354711,0.10239125245115879,0.2560218922611059,0.8817609117164567,0.6903283009903266,0.028566780062680635
29.400000000000002,0.0,0.00377834799252301,0.14012957149402416,0.24753643258746164,0.8303609149845128,0.4483969581387169,0.012928294991257189,0.10919662199065995,0.22396217570326044,0.8820906619580983,0.5671022836876886,0.04278101103332575,0.1029946429224346,0.25680172305599147,0.8811914935068437,0.6908271402064621,0.027584237565993687
29.450000000000003,0.0,0.0038189563650506296,0.14084764588411527,0.24833712410813302,0.8298183233135256,0.44929456057335715,0.013027210839017846,0.10986290066307268,0.2247515957073394,0.8815324673558711,0.5678042500795695,0.04305005709922363,0.1036002231526333,0.2575830701744127,0.8806196388640535,0.6913265431119887,0.02663548920906199
29.5,0.0,0.0038599720751074187,0.14156814856371472,0.24913909385938662,0.8292750355416315,0.45019276400576513,0.013126914601087072,0.11053194263166358,0.22554295717604705,0.8809720820169739,0.5685068131591817,0.04332059746606852,0.10420798013328308,0.25836590015639715,0.8800453833110755,0.6918264603261786,0.025719372656530442
29.55,0.0,0.0039013951704363905,0.1422910572894471,0.24994229827748213,0.8287310644995154,0.4510914970976823,0.013227403031420134,0.11120373476543619,0.22633622307256915,0.8804095298757013,0.569209911352786,0.0435926186527274,0.10481790078214669,0.2591501798433771,0.8794687622635986,0.6923268441888222,0.024834765551084124
29.6,0.0,0.003943225720403181,0.1430163500091896,0.25074669465150856,0.828186423093405,0.4519906909151139,0.013328672964471041,0.11187826388168703,0.22713135677027896,0.8798448349245613,0.5699134852073404,0.04386610735379424,0.10542997194153603,0.25993587637262866,0.878889811027877,0.692827648701745,0.023980584138420306
29.650000000000002,0.0,0.003985463814798978,0.14374400485329764,0.2515522410993703,0.8276411243043373,0.4528902788494211,0.013430721311282593,0.11255551674224692,0.2279283220423155,0.8792780212123023,0.5706174773193256,0.04414105043158575,0.10604418037671774,0.26072295717192245,0.878308564798762,0.693328829472331,0.02315578193951389
29.700000000000003,0.0,0.004028109562689652,0.1444740001261331,0.25235889654456245,0.8270951811873665,0.4537901965410715,0.013533545055719987,0.11323548004986246,0.2287270830515483,0.8787091128419836,0.5713218322659975,0.044417434908433084,0.10666051277440755,0.26151138995437845,0.8777250586578896,0.6938303436589853,0.0223593484685498
29.75,0.0,0.004071163091308606,0.14520631429788627,0.25316662069370743,0.8265486068707137,0.4546903818059518,0.013637141250841556,0.11391814044471449,0.22952760434091513,0.8781381339690888,0.5720264965389843,0.0446952479592581,0.10727895574135171,0.26230114271351707,0.8771393275720146,0.6943321499184658,0.0215903079949515
29.8,0.0,0.004114624544991011,0.145940925996682,0.253975374014827,0.826001414554863,0.4555907745641528,0.01374150701540059,0.11460348450107054,0.2303298508241193,0.8775651087996751,0.5727314184801414,0.044974476904423084,0.10789949580299373,0.2630921837184994,0.8765514063914819,0.6948342083550186,0.020847718347989055
29.85,0.0,0.004158494084147251,0.1466778140009615,0.25478511771632395,0.8254536175116022,0.4564913167711381,0.013846639530472474,0.11529149872406796,0.23113378777667387,0.8769900615885604,0.5734365482195878,0.04525510920284383,0.10852211940222457,0.26388448150954974,0.8759613298488271,0.6953364804712552,0.020130669762502194
29.900000000000002,0.0,0.004202771884273506,0.14741695723213136,0.25559581372664925,0.824905229083013,0.45739195235121205,0.013952536036201746,0.115982169546625,0.2319393808272802,0.8764130166375435,0.5741418376158449,0.045537132445355955,0.10914681289821469,0.26467800489355314,0.875369132557498,0.6958389291207092,0.019438283764324233
29.950000000000003,0.0,0.004247458134997576,0.14815833474747192,0.25640742467463085,0.8243562626804108,0.45829262713320723,0.014059193828663937,0.11667548332647693,0.23274659594952934,0.8758339982936553,0.574847240198006,0.04582053434832525,0.1097735625653262,0.26547272293982194,0.8747748490106884,0.6963415184620152,0.018769712094041408
30.0,0.9,0.004292553039158109,0.1489019257332967,0.257219913870442,0.8238067317832355,0.4591932887883119,0.01416661025683734,0.11737142634333447,0.23355539945391462,0.87525303094744,0.5755527111098632,0.046105302747492964,0.11040235459210344,0.26626860497602467,0.8741785135802779,0.6968442139146517,0.01812413566776902
30.05,0.9,0.0043349257396912136,0.14963440940217587,0.25801032508650124,0.8232566527339773,0.46003768353780045,0.014268079561248603,0.11806316380601917,0.2343522157053764,0.8746701806137706,0.5762124386350247,0.04637801757609922,0.1110292292645617,0.2670561123732908,0.873580254036335,0.6973128920729547,0.061722370683046285
30.1,0.9,0.004371484946571615,0.1503428684917763,0.2587566152367691,0.8227060532870535,0.4607720332367885,0.01435702782987859,0.11874404109248539,0.23512394840454415,0.8740856760656379,0.5767827018832723,0.046625580501979014,0.11165034083241714,0.2678260137725489,0.8729805623033279,0.6977150248252795,0.10382106257203971
30.150000000000002,0.9,0.004402307473315861,0.15102788498430408,0.25946010409974835,0.8221549643409131,0.4613999671099252,0.01443367161149145,0.11941431280880913,0.2358712743669953,0.8734997775056624,0.5772665457136417,0.046848483772966173,0.11226584479575395,0.2685787333293092,0.872379996576656,0.6980529250880079,0.14447178749572914
30.200000000000003,0.9,0.004427491569387631,0.15169003678554852,0.2601220922756471,0.821603416762634,0.46192506656727056,0.01449825378657396,0.12007423089700721,0.23659485865741506,0.8729127336599993,0.5776669506611187,0.04704724593980126,0.11287589450603977,0.2693146869257979,0.8717790854619277,0.698328844560884,0.18372434767452894
30.25,0.9,0.004447154907502673,0.1523298969281558,0.2607438601065527,0.8210514409850812,0.46235086093689315,0.014551040817312861,0.12072404440315522,0.23729535443548855,0.8723247814271654,0.5779868320017844,0.04722240855210519,0.11348064108572843,0.2700342822363472,0.8711783282105295,0.6985449743859212,0.22162683240223455
30.3,0.9,0.00446143257772907,0.15294803284767608,0.26132666673094324,0.820499066650433,0.4626808236904022,0.014592320080462481,0.12136399926750427,0.23797340283274665,0.8717361456156179,0.5782290390497847,0.047374533017834175,0.11408023335629888,0.27073791879776576,0.8705781950534849,0.6987034458803865,0.25822567696141974
30.35,0.9,0.004470475108215887,0.15354500572760008,0.26187174926342244,0.8199463222994112,0.46291836913043427,0.014622397295184029,0.12199433813548054,0.23862963285809605,0.8711470387642812,0.5783963546676846,0.04750419762857341,0.11467481777434847,0.2714259880844118,0.8699791276235366,0.6988063313355303,0.2935657195124634
30.400000000000002,0.9,0.004474446529807626,0.15412136990967035,0.26238032209099904,0.8193932351050279,0.4630668495101015,0.014641594055727365,0.12261530018847518,0.23926466132990998,0.8705576610401098,0.5784914949727432,0.047611994751607704,0.11526453837536109,0.2720988735876856,0.869381539455813,0.6988556448733129,0.32769025602590196
30.450000000000003,0.9,0.004473522499302592,0.15467767236583208,0.26285357627765793,0.8188398306492299,0.4631295525554585,0.01465024547678042,0.12322712099335793,0.23987909283269118,0.8699682002067332,0.5785171092226171,0.04769852818845074,0.11584953672477477,0.2727569508996573,0.8687858165578929,0.6988533433539207,0.36064109332540634
30.5,0.9,0.004467888493722018,0.15521445222827787,0.26329267906939063,0.818286132740464,0.4631096993631446,0.014648697957434835,0.12383003236967549,0.2404735196964443,0.8693788316582584,0.5784757798649287,0.04776441069841147,0.11642995187597777,0.2734005878005433,0.8681923180405577,0.6988013273273921,0.3924586003063679
30.55,0.9,0.0044577380856982455,0.15573224037413858,0.26369877349226084,0.8177321632699078,0.46301044264649177,0.014637307068009522,0.1244242622735243,0.24104852199701177,0.8687897185123795,0.5783700227360504,0.04781026168481773,0.11700592033486847,0.2740301443497455,0.8676013768010072,0.698701442023161,0.4231817573928425
30.6,0.9,0.004443271307982798,0.15623155906147657,0.26407297803647733,0.8171779421038983,0.4628348653045451,0.014616435562434943,0.12501003469711788,0.24160466757573615,0.8682010117570709,0.5782022873953329,0.04783670504069265,0.11757757603062106,0.2746459729801687,0.867013300250807,0.6985554783717945,0.45284820429344325
30.650000000000002,0.9,0.0044246931131312756,0.1567129216133482,0.2644163864198317,0.8166234870099379,0.4625859792896105,0.014586451517525918,0.12558756958310016,0.2421425120769131,0.8676128504453058,0.5779749575818515,0.04784436714998007,0.11814505029230667,0.2752484185955368,0.8664283710813352,0.6983651740536383,0.48149428611469
30.700000000000003,0.9,0.004402211932649284,0.15717683214681594,0.2647300674242297,0.8160688136135672,0.46226672475011416,0.01454772659925396,0.12615708275268767,0.24266259900159418,0.8670253619324385,0.577690351781565,0.047833875039830644,0.11870847183102806,0.2758378186704297,0.8658468480599855,0.6981322145694995,0.5091550978883084
30.75,0.9,0.004376038338285259,0.1576237853439083,0.2650150647994031,0.8155139353833404,0.46187996942672305,0.014500634455064351,0.1267187858467573,0.24316545977638757,0.8664386621511121,0.5773507238935587,0.047805854678980776,0.11926796672723532,0.276414503352771,0.8652689668508723,0.6978582343288865,0.5358645275670317
30.8,0.9,0.004346383806731699,0.158054266261646,0.2652723972282325,0.8149588636411428,0.46142850828082604,0.014445549230360321,0.12727288627902858,0.2436516138359878,0.8658528559187977,0.576958263984794,0.047760929416872905,0.11982365842289898,0.27697879556850163,0.8646949408542607,0.6975448177516909,0.56165529754158
30.85,0.9,0.004313459587742471,0.15846875017837309,0.26550305834844334,0.8144036075951168,0.4609150633356088,0.014382844206487656,0.12781958720052314,0.24412156871824392,0.865268037273331,0.5765150991235041,0.047699718557868656,0.12037566771822783,0.27753101112818285,0.864124962059406,0.697193500379541,0.5865590047296794
30.900000000000002,0.9,0.004277475674584687,0.15886770247375423,0.26570801682575246,0.8138481743925285,0.46034228371106334,0.014312890556888771,0.12835908747451782,0.2445758201706488,0.8646842898320809,0.5760232942820537,0.04762283606468733,0.12092411277262853,0.2780714588352794,0.8635592019059397,0.6968057699933814,0.6106061592862373
30.950000000000003,0.9,0.0042386398748113655,0.1592515785399206,0.26588821647384503,0.8132925691899976,0.4597127458353552,0.014236056217545832,0.12889158166124137,0.24501485226720152,0.8641016871706627,0.5754848533007306,0.04753088938505258,0.1214691091096152,0.27860044059588346,0.862997812149368,0.6963830677341324,0.6338262219820964
31.0,0.9,0.004197156978556473,0.1596208237213677,0.26604457641685164,0.8127367952386177,0.4590289538160195,0.01415270486738831,0.12941726001159748,0.24543913753465957,0.8635202932173873,0.5749017199045544,0.04742447839544266,0.12201076962538791,0.27911825152964775,0.8624409257266651,0.6959267892235677,0.6562476402971622
31.05,0.9,0.004153228020906789,0.1599758732813276,0.26617799129026914,0.8121808539816272,0.4582933399554746,0.014063195013991846,0.12993630846923093,0.24584913708725945,0.8629401626599162,0.5742757787657667,0.04730419445580605,0.12254920460081024,0.2796251800817077,0.8618886576183385,0.6954382856828136,0.6778978832721229
31.1,0.9,0.004107049634384501,0.16031715239245617,0.26628933147653183,0.8116247451624203,0.45750826539632117,0.013967879179632972,0.13044890868028533,0.24624530076904133,0.8623613413608697,0.5736088566052264,0.04717061956911899,0.12308452171652698,0.2801215081353813,0.8613411057037159,0.6949188650461177,0.6988034751614581
31.150000000000002,0.9,0.004058813487169331,0.16064507614979076,0.26637944337168845,0.8110684669408417,0.45667602088283765,0.013867103182579145,0.1309552380102333,0.24662806730296882,0.8617838667794053,0.5729027233264475,0.047024325639716674,0.12361682607097454,0.280607511125445,0.8607983516065599,0.6943697930677662,0.7189900279289675
31.200000000000003,0.9,0.004008705802388018,0.1609600496040461,0.2664491496798767,0.8105120160158532,0.45579882762598756,0.013761205508376922,0.13145546956719176,0.24699786444608587,0.861207768396048,0.5721590931765167,0.046865873824421075,0.12414622020104747,0.2810834581517971,0.8602604615284498,0.6937922944202443,0.7384822726256277
31.25,0.9,0.003956906953591143,0.16126246781342665,0.2664992497325119,0.8099553877528206,0.4548788382601185,0.01365051676584484,0.1319497722311652,0.24735510915000186,0.860633068138307,0.5713796259285856,0.04669581397060936,0.12467280410519553,0.2815496120933255,0.8597274870676814,0.6931875537819291,0.7573040896882225
31.3,0.9,0.0039035911314116364,0.16155271591223905,0.2665305198293184,0.8093985763138178,0.45391813788035995,0.013535359222473804,0.13243831068869003,0.24770020772604168,0.8600597808048612,0.5705659280810738,0.04651468413551287,0.125196675268737,0.28200622972181283,0.859199466021729,0.6925567169127945,0.7754785381958632
31.35,0.9,0.003848926076345648,0.16183116919469198,0.2665437135985347,0.8088415747895026,0.452918745150513,0.013416046413979534,0.13292124547238238,0.24803355601444152,0.8594879144863259,0.5697195540691233,0.04632301018120376,0.1257179286911842,0.2824535618157165,0.8586764231715853,0.6919008917167753,0.7930278841202438
31.400000000000002,0.9,0.003793072872604963,0.16209819321236976,0.26653956237381127,0.8082843753312633,0.4518826134719721,0.013292882822832069,0.1333987330049198,0.2483555395570116,0.8589174709808378,0.5688420074842351,0.046121305439909666,0.12623665691538782,0.28289185327367644,0.8581583710465479,0.6912211492895964,0.8099736276042399
31.450000000000003,0.9,0.0037361857980516095,0.1623541438839614,0.26651877558550285,0.8077269692824828,0.4508116322049296,0.013166163620700434,0.13387092564701455,0.2486665337727263,0.8583484462029044,0.567934742298372,0.045910070444493835,0.12675295005831747,0.28332134322760827,0.8576453106682533,0.6905185249510248,0.8263365293022716
31.5,0.9,0.0036784122253313437,0.1625993676159194,0.2664820411642236,0.8071693473079016,0.4497076279337839,0.013036174469890796,0.1343379717489631,0.24896690413573896,0.8577808305841595,0.5669991640891557,0.04568979271914435,0.12726689584330486,0.28374226515525386,0.8571372322729743,0.6897940192606297,0.8421366358147014
31.55,0.9,0.00361989256946543,0.16283420143280944,0.2664300259546952,0.8066114995201961,0.44857236576930737,0.012903191379018696,0.1348000157053812,0.24925700635535286,0.8572146094648541,0.566036631263093,0.04546094662553,0.12777857963358696,0.2841548469920665,0.8566341160113939,0.6890485990162692,0.8573933042474253
31.6,0.9,0.0035607602773325853,0.16305897311619735,0.26636337613806854,0.8060534156030084,0.4474075506807281,0.012767480608335668,0.13525719801275898,0.24953718655751303,0.8566497634750795,0.5650484562740665,0.04522399325989843,0.128288084466995,0.28455931124232053,0.8561359326252488,0.6882831982346337,0.8721252259267482
31.650000000000002,0.9,0.003501141854668654,0.16327400135099865,0.2662827176610399,0.8054950849297843,0.44621482885144353,0.012629298620323741,0.13570965532949347,0.24980778146741453,0.856086268904884,0.5640359068345943,0.04497938039681279,0.12879549109164476,0.284955875089341,0.8556426441003981,0.6874987191132804,0.8863504492985952
31.700000000000003,0.9,0.0034411569264249263,0.16347959587829358,0.266188656670218,0.8049364966778795,0.444995789052614,0.012488892071374371,0.1361575205380787,0.2500691185928517,0.8555240980625866,0.5630002071176179,0.0447275424754439,0.12930087800249268,0.2853447505047598,0.8551542042960237,0.6866960329736965,0.9000864020401143
31.75,0.9,0.0033809183265519033,0.16367605765368215,0.2660817799503217,0.8043776399374979,0.4437519640293817,0.012346497840577949,0.136600922809155,0.25032151640796085,0.8549632196207285,0.5619425389468173,0.04446890062455502,0.12980432147863022,0.2857261443567113,0.8546705595497986,0.6858759811850121,0.9133499124107601
31.8,0.9,0.0033205322135093814,0.16386367901032278,0.26596265536490626,0.8038185038151152,0.4424848318949267,0.012202343091863625,0.13703998766713962,0.25056528453703486,0.8544035989492293,0.5608640429736668,0.044203862722533,0.13030589562119743,0.2861002585168884,0.8541916492589858,0.6850393760680693,0.9261572298690157
31.85,0.9,0.0032600982080421277,0.16404274382586356,0.26583183229842705,0.8032590775311241,0.44119581752800807,0.01205664536594413,0.13747483705718,0.25080072393811226,0.8538451984354211,0.5597658198396525,0.043932823489033296,0.13080567239180474,0.28646728996638887,0.8537174064375312,0.6841870017796281,0.9385240449800104
31.900000000000002,0.9,0.003199709549999866,0.16421352769253617,0.2656898420985511,0.8026993505115159,0.4398862939700464,0.011909612698734681,0.13790558941319012,0.2510281270860676,0.8532879777907417,0.5586489313222601,0.04365616460501435,0.13130372165135915,0.2868274309002861,0.8532477582493152,0.6833196151765568,0.950465508638424
31.950000000000003,0.9,0.003139453271218023,0.16437629808974102,0.2655371985177257,0.8021393124734767,0.4385575838181839,0.011761443763127046,0.13833235972674754,0.2512477781549503,0.8527318943439585,0.5575144014635129,0.043374254858140046,0.13180011119919827,0.2871808688308678,0.852782626517808,0.6824379466599183,0.9619962506302274
32.0,0.9,0.0030794103817093437,0.16453131455850692,0.26537439815310193,0.8015789535048431,0.43721096061111314,0.011612328031207963,0.13875525961664578,0.251459953199341,0.8521769033208729,0.556363217680004,0.04308745031072518,0.13229490681244274,0.28752778668949097,0.8523219282124511,0.6815427009989179,0.9731303975559988
32.050000000000004,0.9,0.0030196560666441966,0.16467882887725963,0.2652019208839963,0.8010182641374095,0.43584765020479554,0.011462445954214192,0.13917439739891216,0.2516649203345131,0.851622958110536,0.5551963318535126,0.04279609448758857,0.13278817228548373,0.28786836292700785,0.8518655759121488,0.6806345581347323,0.9838815901377762
32.1,0.9,0.0029602598918175545,0.16481908523838268,0.26502023030615246,0.8004572354141322,0.4344688321354965,0.011311969157713424,0.13958987815711674,0.2518629399152057,0.8510700105180641,0.554014661401432,0.04250051858136101,0.1332799694695288,0.28820277161272334,0.8514134782463122,0.6797141739642817,0.9942629999306469
32.15,0.9,0.0029012860155121336,0.16495232042509864,0.2648297741621385,0.7998958589503128,0.43307564096784906,0.011161060649690364,0.14000180381281133,0.25205426471283127,0.8505180110042052,0.5528190903263602,0.042201041672970015,0.1337703583121352,0.28853118253184945,0.8509655403139432,0.6787821811040524,1.0042873454595496
32.2,0.9,0.002842793404868979,0.16507876398824184,0.26463098476728353,0.7993341269888813,0.43166916762592134,0.01100987503939991,0.1404102731959519,0.2522391400909572,0.8499669089118553,0.5516104702443211,0.041897970965190566,0.13425939689666508,0.28885376128142787,0.8505216640812893,0.6778391896341112,1.0139669078010574
32.25,0.9,0.00278483605506833,0.16519863842253335,0.26442427943062163,0.7987720324499267,0.4302504607055051,0.010858558765023958,0.1408153821151691,0.2524178041789162,0.8494166526797658,0.5503896213911864,0.041591602027310486,0.13474714148160247,0.2891706693646955,0.8500817487586286,0.6768857878224875,1.023313545629232
32.300000000000004,0.9,0.0027274632098043686,0.16531215934200574,0.26421006087036986,0.7982095689746518,0.42882052776607027,0.010707250328334826,0.14121722342776458,0.25259048804341355,0.848867190043723,0.5491573336069685,0.041282219049110544,0.13523364653967748,0.2894820642838732,0.8496456911567778,0.6759225428301311,1.0323387097439822
32.35,0.9,0.002670719581707277,0.16541953565426049,0.2639887176235229,0.7976467309639462,0.42738033660103497,0.010556080534726077,0.14161588710932058,0.2527574158580143,0.8483184682255093,0.5479143672977372,0.04097009510250316,0.1357189647967469,0.2897880996313614,0.8492133860239302,0.6749500013966734,1.0410534570997259
32.4,0.9,0.002614645571524722,0.16552096973327218,0.26376062444919707,0.7970835136117906,0.4259308164851936,0.010405172737121026,0.14201146032282222,0.25291880507040426,0.8477704341099843,0.5466614543749981,0.04065549240930955,0.13620314727038543,0.29008892517933055,0.8487847263634546,0.6739686905072516,1.0494684643515404
32.45,0.9,0.0025592774850226067,0.16561665759048494,0.26352614272540464,0.7965199129337169,0.42447285939831925,0.01025464308240993,0.14240402748720005,0.2530748665673312,0.8472230344106436,0.5453992991724381,0.040338662613783514,0.1366862433081464,0.29038468696769726,0.8483596037332918,0.6729791180406682,1.057594040935401
32.5,0.9,0.002504647746701761,0.16570678904397299,0.2632856208389826,0.7959559257905605,0.4230073212241191,0.010104600759199235,0.1427936703452106,0.25322580483714396,0.8466762158240296,0.5441285793400125,0.04001984705861092,0.13716830062545368,0.29067552739048114,0.8479379085275952,0.6719817733991803,1.0654401416985282
32.550000000000004,0.9,0.002450785109553476,0.16579154788546413,0.2630393945684407,0.795391549907745,0.421535022923868,0.009955148245780235,0.14318046803058088,0.25337181812985654,0.8461299251733854,0.5428499467154057,0.039699277063227824,0.1376493653430912,0.2909615852805394,0.847519530241268,0.6709771281202261,1.0730163790953204
32.6,0.9,0.00239771486019277,0.16587111204504879,0.26278778745953124,0.7948267838903466,0.42005675168418016,0.009806381557340345,0.14356449713435043,0.2535130986146747,0.845584109541947,0.541564028172951,0.039377174203406515,0.13812948202425965,0.29124299599268044,0.8471043577180458,0.6699656364704115,1.080332034963813
32.65,0.9,0.0023454590188143505,0.16594565375341858,0.2625311111933768,0.7942616272341854,0.4185732620385022,0.00965839049154808,0.14394583177035253,0.2536498325349307,0.8450387163962808,0.5402714264501443,0.039053750591158856,0.13860869371117315,0.29151989148515844,0.846692279382775,0.6689477360220866,1.0873960718970892
32.7,0.9,0.0022940365335129185,0.16601533970149998,0.26226966594702494,0.7936960803331916,0.41708527696202236,0.009511258871743113,0.14432454363978228,0.25378220036038107,0.8444936937000729,0.5389727209519259,0.03872920915409947,0.13908704196117155,0.29179240039955523,0.8462831834585308,0.6679238482128559,1.094217144223578
32.75,0.9,0.0022434634685971067,0.16608033119736687,0.2620037407463264,0.7931301444832916,0.4155934889397921,0.009365064787055672,0.14470070209480654,0.25391037693682966,0.8439489900187794,0.5376684685329488,0.03840374391349838,0.13956456688232752,0.2920606481390564,0.8458769581692114,0.6668943788883697,1.1008036086096884
32.800000000000004,0.9,0.0021937531866055605,0.16614078432033305,0.26173361381106186,0.7925638218830564,0.4140985610079484,0.009219880828865327,0.1450743742011756,0.25403453163304485,0.8434045546155478,0.536359204258078,0.03807754026033376,0.1400413071685294,0.2923247569451319,0.845473491928236,0.665859718828751,1.1071635342977701
32.85,0.9,0.0021449165238048634,0.1661968500721423,0.2614595528922653,0.791997115631351,0.4126011277680089,0.009075774323088415,0.1454456247998033,0.2541548284849479,0.8428603375388111,0.5350454421414029,0.03775077522873072,0.14051730013402414,0.29258484597263146,0.8450726735139646,0.6648202442590169,1.1133047129919451
32.9,0.9,0.0020969619590127347,0.1662486745251878,0.2611818156017149,0.7914300297222131,0.41110179637428507,0.008932807557855926,0.14581451656728583,0.25427142633705446,0.8423162897019584,0.5337276758640646,0.03742361776624183,0.14099258174740623,0.2928410313633096,0.8446743922324441,0.6637763173438573,1.1192346684039183
32.95,0.9,0.00204989577564667,0.1662963989677063,0.2609006497335829,0.7908625690371891,0.40960114749452836,0.008791038006210408,0.14618111007533574,0.25438447898115735,0.8417723629554731,0.5324063794712284,0.03709622900048989,0.14146718666504113,0.29309342631779256,0.8442785380680707,0.6627282866671335,1.1249606654704658
33.0,0.9,0.0020037222169484474,0.16634016004590477,0.26061629357825433,0.7902947393353423,0.40809973624398227,0.008650518543511317,0.14654546384911069,0.25449413529224507,0.8412285101519271,0.531082008048547,0.03676876250175303,0.14194114826391357,0.29334214116600554,0.8438850018227485,0.6616764876964617,1.1304897192538905
33.050000000000004,0.9,0.0019584436343791783,0.16638008990298866,0.26032897622834056,0.7897265472411436,0.4065980930930678,0.008511297659293733,0.14690763442442148,0.25460053936165356,0.8406846852042077,0.529754998378479,0.036441364541127515,0.14241449867389291,0.2935872834360752,0.8434936752441028,0.6606212432332467,1.1358286035363507
33.1,0.9,0.0019140606292182994,0.16641631631507048,0.2600389178769301,0.7891580002304432,0.405096724748978,0.008373419663375847,0.1472676764038068,0.2547038306274554,0.8401408431373466,0.5284257695768417,0.036114174343954114,0.14288726880940944,0.29382895792172714,0.8431044511432964,0.6595628638485274,1.14098385911859
33.15,0.9,0.0018705721874335314,0.16644896282394758,0.25974633010813153,0.7885891066147181,0.4035961150114975,0.008236924886056301,0.14762564251146612,0.254804144002093,0.8395969401343091,0.5270947237099891,0.03578732433824083,0.14335948840053725,0.2940672667481967,0.8427172235029761,0.6585016483049981,1.1459618018332354
33.2,0.9,0.0018279758079178116,0.16647814886674592,0.25945141617997647,0.788019875523774,0.40209672560340226,0.008101849872283746,0.14798158364704483,0.254901609997268,0.83905293357609,0.5257622463930135,0.03546094039785721,0.1438311860234806,0.2943023094366739,0.8423318875758635,0.6574378839655628,1.150768530282483
33.25,0.9,0.001786267624213936,0.1665039899024342,0.25915437129976143,0.7874503168870772,0.40059899697582463,0.007968227569718126,0.14833554893826892,0.25499635484610106,0.8385087820764547,0.5244287073693805,0.03513514208031483,0.14430238913046198,0.29453418296730216,0.841948339974484,0.6563718471887791,1.1554099333096477
33.300000000000004,0.9,0.0017454425198685244,0.16652659753522,0.2588553828919167,0.7868804414138808,0.3991033490889984,0.00783608751063649,0.14868758579242858,0.2550885006225804,0.837964445511648,0.5230944610724102,0.03481004285898398,0.14477312407901152,0.2947629818407536,0.8415664787525123,0.6553038037115447,1.1598916972137316
33.35,0.9,0.0017054942375742982,0.16654607963484527,0.2585546308584997,0.7863102605722971,0.39761018216882144,0.0077054559876659,0.14903773994671313,0.25517816535832055,0.8374198850453844,0.5217598471690226,0.03448575034962932,0.14524341616065847,0.29498879813840195,0.8411862034781957,0.6542340090193739,1.164219312715853
33.4,0.9,0.0016664154822738947,0.16656254045380456,0.258252287832418,0.7857397865674648,0.3961198774396938,0.007576356223352438,0.14938605551740106,0.2552654631566545,0.8368750631494226,0.520425191086169,0.03416236653117674,0.14571328962902624,0.2952117215811159,0.8408074153002978,0.6531627087046074,1.1683980816860648
33.45,0.9,0.0016281980184098333,0.16657608074151387,0.2579485194234922,0.7851690323189455,0.3946327978341071,0.007448808533598735,0.14973257504791154,0.25535050430408623,0.8363299436200088,0.51909080452037,0.03383998796065035,0.14618276772733388,0.29543183958669583,0.8404300170069884,0.6520901388128947,1.1724331236388088
33.5,0.9,0.0015908327615141164,0.1665867978554628,0.2576434844574782,0.7845980114374783,0.39314928867947335,0.007322830485023061,0.15007733955572522,0.25543339537913196,0.8357844915904709,0.5177569859307841,0.033518705982242866,0.14665187271530722,0.29564923732597675,0.8400539130780899,0.6510165261782822,1.1763293820049605
33.550000000000004,0.9,0.00155430986433755,0.16659478586938634,0.2573373352081695,0.7840267382012107,0.3916696783626937,0.007198437046311049,0.15042038857818363,0.2555142393585805,0.8352386735402245,0.516424021016227,0.03319860693050434,0.14712062589550437,0.2958639977776216,0.8396790097310705,0.6499420887472338,1.180091630188151
33.6,0.9,0.0015186187977234643,0.16660013567849616,0.2570302176227066,0.7834552275315174,0.3901942789729756,0.007075640733646819,0.15076176021717805,0.2555931357212051,0.8346924573004463,0.5150921831765625,0.032879772327653836,0.14758904763906,0.2960762017816279,0.8393052149611615,0.6488670358919066,1.183724477412782
33.65,0.9,0.0014837484264333537,0.16660293510181412,0.2567222715402245,0.7828834949685088,0.38872338692341385,0.006954451750323772,0.1511014911827401,0.2556701805489614,0.8341458120566537,0.5137617339588808,0.03256227907503617,0.1480571574108545,0.2962859280915717,0.8389324385759575,0.6477915687129976,1.1872323743709028
33.7,0.9,0.0014496870801332159,0.16660326898165356,0.25641363090397,0.7823115566463253,0.387257283551854,0.006834878120646911,0.1514396168355469,0.2557454666257054,0.8335987083484239,0.5124329234888779,0.0322461996387614,0.14852497379411392,0.29649325342561306,0.8385605922248417,0.6467158803324693,1.190619618674864
33.75,0.9,0.0014164226197493036,0.16660121928029623,0.2561044239670262,0.7817394292683039,0.38579623570156085,0.00671692581824827,0.1517761712283554,0.2558190835334704,0.8330511180664669,0.5111059908878446,0.03193160222957864,0.14899251451444742,0.29669825251628634,0.8381895894235668,0.6456401561764599,1.1938903601224307
33.800000000000004,0.9,0.001383942499400728,0.16659686517391392,0.2557947734917795,0.7811671300820976,0.3843404962822134,0.006600598888945214,0.1521111871463807,0.2558911177463381,0.8325030144472646,0.5097811646756698,0.03161855097704806,0.1494597964633294,0.29690099815910015,0.8378193455743012,0.6445645742486723,1.1970486057808023
33.85,0.9,0.0013522338241140875,0.16659028314378665,0.25548479694326925,0.7805946768548221,0.38289030481174874,0.006485899568277986,0.15244469614663408,0.25596165272194493,0.8319543720654683,0.5084586631602566,0.03130710609808566,0.14992683572103394,0.29710156125996956,0.8374497779814407,0.6434893053945339,1.2000982248957721
33.9,0.9,0.0013212834035221483,0.1665815470648695,0.2551746066765591,0.7800220878482957,0.38144588793957385,0.006372828393868235,0.15277672859623764,0.2560307689906612,0.8314051668242446,0.5071386948137429,0.03099732405996465,0.15039364757902904,0.2973000108815056,0.8370808058634687,0.6424145135564093,1.2030429536320366
33.95,0.9,0.0012910778017447325,0.16657072829176164,0.25486431011826954,0.7794493817944343,0.3800074599516619,0.006261384312744402,0.15310731370973213,0.2560985442424846,0.830855375943744,0.5058214586359145,0.030689257737865717,0.15086024656183947,0.2974964142881847,0.836712350361134,0.6413403560201443,1.2058863996504643
34.0,0.0,0.0012616033836454826,0.16655789574213242,0.2545540099424124,0.7788765778708562,0.3785752232580444,0.006151564783782839,0.1534364795853956,0.25616505341168855,0.8303049779478602,0.5045071445051901,0.030382956567075008,0.15132664644838606,0.2976908369904223,0.8363443345422041,0.6402669836532098,1.2086320465279314
34.050000000000004,0.0,0.0012337358614154356,0.16655791941159914,0.254266383061455,0.7783037096656843,0.37719543274886247,0.006046204830004879,0.1537731373720635,0.25624516409366194,0.8297539460277434,0.5032358963938705,0.030087162616838064,0.15179825577464,0.2978939366928417,0.8359766340205295,0.6392257875291694,1.167061650915764
34.1,0.0,0.0012082260315460786,0.1665849374130566,0.2540228094857018,0.7777308656337135,0.3759112770815968,0.005947813439088195,0.15412583708850708,0.25635299565250874,0.8292022309235677,0.502045434874375,0.029809877409965827,0.1522802770913722,0.2981158862841356,0.8356089390725011,0.6382464037537683,1.1269210517385966
34.15,0.0,0.0011848881097186968,0.16663795556756178,0.25382150894152383,0.7771581444733133,0.37471852492999513,0.005855929035030244,0.15449408007180765,0.25648753111379985,0.8286497851575868,0.5009324301529293,0.029550092507683146,0.1527724225802297,0.29835604077491323,0.8352409197147338,0.6373264257311259,1.0881610717438326
34.2,0.0,0.0011635548873636607,0.16671602607519392,0.25366078486567545,0.7765856408328723,0.3736131654378733,0.00577012825766273,0.15487738776819615,0.2566477950296134,0.8280965694146901,0.49989370783906134,0.02930686854272053,0.15327441458384,0.2986137783700906,0.8348722752418815,0.6364635488275125,1.0507342251099876
34.25,0.0,0.0011440756206610528,0.1668182448479329,0.25353901961976827,0.7760134454021784,0.37259139443403416,0.005690022299435347,0.15527530070449252,0.2568328514460389,0.8275425516634828,0.49892624037445876,0.02907932963082349,0.15378598513718103,0.29888849951163743,0.8345027318856745,0.6356555654066213,1.0145946592706196
34.300000000000004,0.0,0.0011263141864018935,0.1669437490230338,0.2534546700247354,0.7754416450139782,0.3716496016478381,0.005615253636470458,0.15568737752246714,0.2570418019869354,0.8269877063740915,0.498027139014616,0.02886665829502297,0.15430687552521943,0.299179625966758,0.8341320406794449,0.634900360146649,0.9796980987392031
34.35,0.0,0.0011101474677750833,0.16709171464302164,0.25340626319131404,0.7748703227526486,0.37078435884392735,0.005545493107103784,0.15611319407167232,0.2572737840465259,0.8264320138213638,0.4971936463228185,0.028668090850464966,0.15483683586506952,0.29948659995905125,0.8337599755081689,0.634195905620829,0.9460017908661223
34.4,0.0,0.0010954639386719302,0.16726135448961724,0.2533923926245333,0.7742995580675165,0.3699924088019005,0.005480437297165755,0.1565523425566485,0.25752796908391695,0.8258754594635462,0.49642312913928516,0.02848291320341175,0.15537562471105948,0.299808883340343,0.8333863313261768,0.6335402581243909,0.9134644534613304
34.45,0.0,0.0010821624197413819,0.16745191605998047,0.25341171458197714,0.7737294268888549,0.36927065507331863,0.005419806196458323,0.15700443073473344,0.25780356101309915,0.8253180333877587,0.49571307199127324,0.028310457023140646,0.15592300868121534,0.30014595680102446,0.8330109225265541,0.6329315537321537,0.8820462242185051
34.5,0.0,0.0010701509833356201,0.16766267967463158,0.2534629446672243,0.7731600017449881,0.3686161524543746,0.005363341095367343,0.15746908116099895,0.2580997946824231,0.824759729814649,0.49506107091267343,0.02815009624996942,0.1564787621037856,0.3004973191168589,0.8326335814479223,0.6323680045720915,0.8517086118787397
34.550000000000004,0.0,0.0010593459877811376,0.16789295670729554,0.25354485464135373,0.7725913518792714,0.36802609811793696,0.005310802694426066,0.15794593047710778,0.2584159344379498,0.8242005466555384,0.4944648276441112,0.028001243906608485,0.15704266668253214,0.3008624864303412,0.8322541570057598,0.6318478953012532,0.8224144490739387
34.6,0.0,0.0010496712241964815,0.1681420879277182,0.25365626943676767,0.77202354336598,0.3674978233535519,0.005261969402999424,0.15843462874113118,0.25875127276545273,0.8236404851161774,0.4939221441868424,0.027863349183546424,0.15761451117960645,0.3012409915648054,0.8318725134367358,0.6313695797713829,0.7941278467921448
34.65,0.0,0.001041057161438279,0.16840944194923324,0.2537960643588266,0.7714566392243634,0.3670287858683985,0.005216635806166688,0.15893483879559092,0.2591051290062,0.8230795493419303,0.49343091768581054,0.027735894772275616,0.15819409111491767,0.3016323833695826,0.8314885291456966,0.6309314778724722,0.7668141504090122
34.7,0.0,0.0010334402767611956,0.168694413773524,0.2539631624619308,0.7708906995303028,0.36661656260619324,0.005174611281405085,0.15944623567119695,0.25947684814197125,0.8225177460998264,0.4929891356191366,0.02761839442290916,0.15878120848097577,0.3020362260946086,0.8311020956459795,0.6305320725432987,0.7404398972315593
34.75,0.0,0.0010267624614823951,0.1689964234256308,0.25415653208772454,0.7703257815251547,0.3662588430446716,0.0051357187488731484,0.15996850602393956,0.2598657996450687,0.8219550844934462,0.49259487127305274,0.027510390705173002,0.15937567147226758,0.302452098792973,0.8307131165846591,0.6301699069387582,0.714972775502186
34.800000000000004,0.0,0.0010209704923944511,0.16931491467280527,0.2543751845540553,0.769761939721484,0.36595342293557026,0.005099793541005657,0.1605013476033684,0.2602713763893619,0.8213915757070821,0.49224627948289096,0.027411452953916015,0.15997729422828832,0.3028795947499884,0.830321506845153,0.629843581744502,0.6903815848127305
34.85,0.0,0.001016015560912044,0.16964935382131965,0.25461817198419323,0.7691992260054832,0.3656981984540324,0.005066682378801107,0.16104446875004955,0.26069299361867176,0.8208272327760245,0.4919415926221997,0.02732117538219907,0.16058589658941344,0.3033183209374376,0.8299271917203564,0.6295517526300338,0.666636197880069
34.9,0.0,0.0010118528530001334,0.16999922858579752,0.25488458526662156,0.7686376897359563,0.365491160727084,0.005036242443641097,0.16159758792033738,0.2611300879690411,0.8202620703801844,0.49167911682340687,0.027239175346730583,0.16120130386485151,0.30376789749173444,0.8295301061501317,0.6292931278320223,0.6437075236364268
34.95,0.0,0.001008441173842163,0.17036404702605484,0.2551735521364417,0.768077377839802,0.3653303907133111,0.005008340534757204,0.16216043323673235,0.2615821165416669,0.8196961046585771,0.49145722841468037,0.027165091751935856,0.16182334661197062,0.30422795721480245,0.8291301940175742,0.6290664658601363,0.6215674715891834
35.0,0.0,0.001005742611989276,0.1707433365468252,0.2554842353701159,0.7675183349039847,0.36521405440813004,0.004982852303579366,0.16273274206221927,0.2620485560234829,0.819129353042475,0.49127437055877277,0.027098583580302683,0.1624518604263391,0.30469814509654447,0.8287274074990045,0.6288705733182256,0.6001889174065065
35.050000000000004,0.0,0.001003722238404834,0.17113664295609554,0.25581583108588823,0.7669606032640155,0.3651403983511034,0.004959661557181285,0.16331426059709414,0.2625289018525747,0.8185618341052775,0.491129050080677,0.027039328537855366,0.16308668574186527,0.30517811785783744,0.8283217064631111,0.6287043028341445,0.5795456696866552
35.1,0.0,0.001002347836398978,0.17154352957810284,0.2561675671427974,0.7664042230889999,0.36510774541363666,0.004938659623900993,0.16390474349689255,0.26302266742579555,0.8179935674273645,0.49101983447188047,0.02698702180469032,0.16372766764046146,0.3056675435130459,0.827913057915098,0.6285665510919539,0.5596124378702374
35.15,0.0,0.0010015896589492391,0.17196357641733748,0.25653870163171794,0.7658492324633278,0.3651144908471075,0.004919744774973816,0.16450395351012895,0.2635293833461208,0.8174245734743903,0.4909453490598875,0.026941374881473534,0.16437465567069628,0.30616610095110336,0.8275014354820739,0.6284562569606518,0.540364801256113
35.2,0.0,0.0010014202103368185,0.17239637937017246,0.2569285214523495,0.7652956674650996,0.36515909857304957,0.004902821696683975,0.1651116611346457,0.2640485967074364,0.8168548734876413,0.4909042743324915,0.02690211452366626,0.16502750367493285,0.30667347953426133,0.8270868189362666,0.6283723997139544,0.5217791790829814
35.25,0.0,0.001001814049403907,0.17284154948098668,0.25733634097051894,0.7647435622413955,0.3652400976984482,0.00488780100813134,0.1657276442914528,0.2645798704146071,0.8162844893852316,0.49089534340702956,0.02686898175602183,0.16568606962448418,0.30718937871365676,0.8266691937529556,0.6283139973360093,0.5038328016400015
35.300000000000004,0.0,0.0010027476120635147,0.17329871223988044,0.25776150075056714,0.764192949080502,0.36535607924051755,0.004874598820231446,0.16635168801501557,0.2651227825368053,0.815713443673041,0.4909173396355418,0.026841730960593238,0.1663502154623461,0.30771350766089217,0.8262485507002988,0.6282801049082436,0.48650368237104835
35.35,0.0,0.0010041990509767956,0.17376750691929266,0.25820336635797136,0.7636438584812154,0.36550569304653296,0.00486313633202831,0.16698358415901757,0.26567692569221185,0.8151417593644168,0.49096909433739555,0.026820129032117297,0.16701980695309665,0.308245584914868,0.8258248854584815,0.6282698130728576,0.46977059093843315
35.4,0.0,0.0010061480905596888,0.17424758594702358,0.25866132722770024,0.7630963192193457,0.3656876448953919,0.0048533394608083185,0.16762313111669197,0.26624190646231843,0.8145694599077642,0.49104948465152265,0.026803954595203964,0.16769471353957605,0.30878533804314606,0.8253981982658446,0.6282822465687561,0.4536130272130856
35.45,0.0,0.0010085758956959708,0.17473861431334572,0.2591347955941195,0.7625503584115437,0.36590069376858964,0.004845138502865992,0.16827013355487377,0.2668173448341728,0.8139965691212426,0.49115743150096197,0.026792997278266315,0.1683748082059861,0.30933250331716267,0.8249684935898547,0.6283165628359723,0.43801119615933237
35.5,0.0,0.0010114649527218204,0.17524026901005105,0.2596232054785623,0.7620060015765753,0.3661436492792203,0.004838467822094323,0.16892440216098228,0.2674028736690127,0.8134231111338656,0.4912918976629018,0.02678705703958312,0.16905996734706955,0.3098868254006439,0.8245357798209683,0.6283719506848837,0.42294598358350377
35.550000000000004,0.0,0.0010147989614114467,0.17575223849943408,0.2601260117309513,0.7614632726941631,0.3664153692484662,0.0048332655638586115,0.16958575340219428,0.2679981381958304,0.8128491103323754,0.4914518859378805,0.026785943541297794,0.16975007064305114,0.31044805705061235,0.8241000689876086,0.6284476290267499,0.40839893271665656
35.6,0.0,0.0010185627368373927,0.17627422221135136,0.2606426891221112,0.7609221942615151,0.36671475741981985,0.004829473391867416,0.17025400929611698,0.26860279552850047,0.8122745913133288,0.49163643741223345,0.026789475567529218,0.1704450009400414,0.3110159588304043,0.8236613764906294,0.6285428456623094,0.3943522216027245
35.65,0.0,0.001022742120105492,0.17680593006662704,0.26117273148364517,0.760382787347653,0.36704076130200086,0.004827036245981296,0.1709289971923139,0.26921651420518816,0.8116995788398856,0.49184462980827437,0.02679748048310575,0.1711446441356218,0.3115902988341477,0.823219720855777,0.6286568761253772,0.38078864126439405
35.7,0.0,0.0010273238970754752,0.17734708202519395,0.2617156508924624,0.7598450716456538,0.36739237013219195,0.004825902119102507,0.17161054956407878,0.26983897374883375,0.8111240978028464,0.4920755759170629,0.026809793729737564,0.1718488890693476,0.3121708524221797,0.822775123502789,0.6287890225785628,0.36769157461995544
35.75,0.0,0.0010322957242758792,0.17789740765747053,0.26227097689724466,0.7593090655229088,0.3677686129518251,0.004826021851469711,0.1722985038098909,0.2704698642475821,0.8105481731855285,0.49232842210895694,0.026826258356717335,0.17255762741791902,0.31275740196690865,0.8223276085298845,0.6289386127584056,0.3550449761253001
35.800000000000004,0.0,0.0010376460613079474,0.17845664573757583,0.2628382557843245,0.7587747860695019,0.3681685567877106,0.004827348940843469,0.17299270206402065,0.27110888595409577,0.8099718300321125,0.4926023469174602,0.026846724583488406,0.17327075359478764,0.31334973660865223,0.8218772025125005,0.6291049989673823,0.3428333521161231
35.85,0.0,0.0010433641091090854,0.17902454385707972,0.2634170498806176,0.7582422491448059,0.3685913049318155,0.004829839367213064,0.1736929910157884,0.27175574890275245,0.809395093419127,0.492896559692172,0.026871049391645467,0.1739881646539768,0.31394765202100555,0.8214239343152282,0.6292875571103923,0.331041741826247
35.9,0.0,0.0010494397535134722,0.17960085805807305,0.2640069368914113,0.7577114694223867,0.36903599531347675,0.0048334514307849085,0.17439922173700953,0.27241017254379,0.8088179884297729,0.49321029931691707,0.02689909614413773,0.1747097601979092,0.3145509501853167,0.8209678349159862,0.6294856857734665,0.31965569905881325
35.95,0.0,0.0010558635136066927,0.18018535248442347,0.2646075092709579,0.7571824604333036,0.3695017989582698,0.004838145602129118,0.1751112495171885,0.2730718853935158,0.8082405401308174,0.4935428329893862,0.026930734229630774,0.17543544228904565,0.3151594391738688,0.8205089372415477,0.6296988053425766,0.30866127448788433
36.0,0.0,0.0010626264944237588,0.18077779905015826,0.26521837362395667,0.7566552346078892,0.3699879185281614,0.00484388438346532,0.17582893370605057,0.2737406246997507,0.8076627735518135,0.4938934550588542,0.026965838730152483,0.1761651153651501,0.31577293294138636,0.8200472760136092,0.6299263571605435,0.298044998568776
36.050000000000004,0.0,0.0010697203435864164,0.18137797712398485,0.2658391501361361,0.7561298033160845,0.37049358693794726,0.004850632180162654,0.17655213756302574,0.2744161361217271,0.8070847136664275,0.49426148591875874,0.0270042901103025,0.17689868615800758,0.31639125112450417,0.8195828876046547,0.6301678027201588,0.2877938650361806
36.1,0.0,0.0010771372115169573,0.18198567322902467,0.26646947203226373,0.7556061769064043,0.3710180660433221,0.0048583551816133936,0.17728072811332263,0.2750981734237055,0.8065063853756733,0.4946462709511282,0.027045973926444773,0.1776360636154301,0.3170142188488543,0.8191158099029273,0.6304226228917412,0.27789531496986625
36.15,0.0,0.001084869714902471,0.18260068075689606,0.2671089850600208,0.7550843647436011,0.37156064539624833,0.004867021250715706,0.17801457601025122,0.2757864981816172,0.8059278134928758,0.49504717952003324,0.027090780554430573,0.17837715882639543,0.31764166654344317,0.818646082185876,0.6306903171834465,0.26833722140842914
36.2,0.0,0.0010929109031161462,0.18322279969533747,0.2677573469982801,0.7545643752450918,0.37212064106358544,0.004876599821269633,0.1787535554034746,0.27648087950208117,0.8053490227302007,0.4954636040114151,0.027138604934515805,0.17912188494917208,0.3182734297620084,0.8181737450014933,0.6309704030327491,0.25910787449224976
36.25,0.0,0.0011012542273313472,0.18385183636861457,0.26841422718841773,0.7540462159162089,0.37269739450521583,0.0048870618026522795,0.179497543812888,0.2771810937531802,0.8047700376866042,0.4958949589168044,0.0271893463322428,0.17987015714229193,0.3189093490110575,0.8176988400570081,0.6312624151275971,0.2501959671174508
36.300000000000004,0.0,0.0011098935120901483,0.18448760319000237,0.26907930608737946,0.7535298933843313,0.37329027150815497,0.004898379491194063,0.18024642200784197,0.2778869243064166,0.8041908828370682,0.49634067995859943,0.027242908114153835,0.18062189249823926,0.31954926958430824,0.8172214101144343,0.6315659047558259,0.24159058108328121
36.35,0.0,0.0011188229291112014,0.18512991842567883,0.26975227484130065,0.7530154134319492,0.3738986611733697,0.004910526487728408,0.18100007389144224,0.2785981612893012,0.8036115825230026,0.49680022325471235,0.02729919753729243,0.18137700997973208,0.3201930414032609,0.8167414988925196,0.6318804391814954,0.2332811737159553
36.4,0.0,0.0011280369731425308,0.18577860596940793,0.2704328348785572,0.752502781028712,0.3745219749522448,0.004923477620832979,0.1817583863896751,0.2793146013480595,0.8030321609437034,0.49727306452052616,0.027358125551529527,0.18213543035847857,0.3208405188636475,0.8162591509746693,0.632205601046885,0.2252575649525591
36.45,0.0,0.0011375304396834046,0.18643349512742877,0.2711206975211928,0.751992000362506,0.37515964572983995,0.004937208875321946,0.18252124934512096,0.28003604741996835,0.8024526421487702,0.4977586983062272,0.027419606613826097,0.18289707615629705,0.32149156068751467,0.8157744117224545,0.6325409877989507,0.21750992486920065
36.5,0.0,0.0011472984044160442,0.18709442041300378,0.27181558361373526,0.7514830748696038,0.3758111269522655,0.004951697325586298,0.18328855541503283,0.2807623085148632,0.8018730500313898,0.49825663726769437,0.02748355851361164,0.18366187158849448,0.3221460297807074,0.8152873271943417,0.6328862111391138,0.21002876163812417
36.550000000000004,0.0,0.001157336204202841,0.18776122135011253,0.2725172231684741,0.7509760072639275,0.3764758917956802,0.00496692107341324,0.18406019997356893,0.2814931995053823,0.8012934083224079,0.49876641146923273,0.02754990220852048,0.1844297425094034,0.32280379309553375,0.8147979440693085,0.6332408964953063,0.2028049098990344
36.6,0.0,0.001167639419518126,0.1884337422858091,0.27322535502632983,0.7504707995654628,0.3771534323745744,0.004982859189946649,0.18483608101798019,0.28222854092553645,0.8007137405851129,0.499287567716541,0.02761856166978492,0.1852006163599827,0.32346472149839883,0.8143063095750347,0.6336046825152615,0.1958295195303843
36.65,0.0,0.0011782038581955691,0.18911183221079028,0.2739397265324976,0.7499674531278568,0.377843258987151,0.0049994916614786175,0.18561609907856536,0.28296815877721737,0.8001340702106648,0.4998196689183947,0.027689463736636853,0.1859744221173924,0.32412868964220737,0.8138124714203804,0.6339772205800837,0.1890940448068696
36.7,0.0,0.0011890255403830996,0.18979534458774874,0.27466009322609736,0.7494659686652358,0.3785448993957579,0.005016799338787672,0.186400157132216,0.2837118843442772,0.799554420414109,0.5003622934756159,0.02776253797911762,0.18675109024645725,0.32479557584334323,0.8133164777318844,0.6343581743371881,0.18259023392984697
36.75,0.0,0.001200100684606985,0.19048413718711193,0.27538621854310946,0.7489663462782704,0.37925789814045274,0.005034763889762488,0.18718816051938392,0.2844595540138319,0.798974814230918,0.5009150346959814,0.027837716568740182,0.18753055265293803,0.32546526196304293,0.8128183769940336,0.6347472192517435,0.17631011891784898
36.800000000000004,0.0,0.0012114256948554893,0.19117807192978953,0.27611787353191686,0.7484685854795177,0.37998181588390195,0.005053367755071115,0.18798001686431268,0.2852110091044604,0.7983952745140128,0.5014775002337994,0.02791493415648848,0.1883127426385339,0.32613763329298795,0.8123182179930734,0.6351440421757976,0.17024600584481053
36.85,0.0,0.0012229971486004557,0.19187701473657615,0.27685483658081583,0.7479726852180664,0.3807162287859288,0.0050725941066550135,0.1887756359983833,0.2859660957009882,0.7978158239312161,0.502049311552955,0.027994127757676308,0.1890975948575427,0.32681257844495,0.8118160497641449,0.6355483409343059,0.16439046541404753
36.9,0.0,0.0012348117856823219,0.19258083538387571,0.277596893156895,0.7474786439035097,0.38146072790612834,0.005092426808844837,0.18957492988643257,0.2867246644955603,0.797236484963096,0.5026301034122922,0.028075236643222517,0.18988504527510974,0.3274899892443289,0.8113119215415493,0.6359598239273243,0.15873632385643963
36.95,0.0,0.0012468664979905426,0.19328940736543362,0.2783438355557163,0.7469864594292683,0.3822149186330644,0.005112850381910945,0.1903778125559098,0.28748657063472494,0.7966572799011638,0.5032195233722667,0.028158202236931232,0.1906750311269989,0.32816976062743225,0.8108058827119534,0.6363782097476613,0.15327665414166608
37.0,0.0,0.0012591583198772595,0.19400260775978118,0.27909546266126634,0.746496129195285,0.38297842013865535,0.005133849967876361,0.1911842000287449,0.2882516735722628,0.796078230846389,0.503817231321856,0.028242968018394977,0.19146749088082374,0.3288517905423497,0.810297982770364,0.6368032268133238,0.1480047674917276
37.050000000000004,0.0,0.0012716844192473557,0.19472031710311336,0.27985157971567526,0.7460076501301109,0.38375086485643817,0.0051554112984332975,0.19199401025580765,0.2890198369275106,0.7954993597080023,0.5044228990247752,0.028329479431165757,0.19226236419867804,0.32953597985328453,0.8097882712787091,0.6372346130141195,0.14291420518635706
37.1,0.0,0.0012844420892728498,0.19544241926733713,0.2806119980982304,0.7455210187124025,0.38453189798248055,0.005177520664816677,0.19280716305384407,0.28979092834894155,0.7949206882025568,0.5050362096840968,0.02841768379586399,0.19305959190110974,0.33022223224820846,0.8092767978268764,0.6376721153718136,0.1379987306502795
37.15,0.0,0.0012974287406839445,0.1961688013430425,0.2813765351132383,0.7450362309918447,0.3853211769977829,0.005200164889499323,0.1936235800447819,0.2905648193827753,0.7943422378532208,0.5056568575244184,0.028507530227918264,0.19385911593238328,0.33091045414971315,0.8087636119960683,0.6381154897132629,0.13325232181262797
37.2,0.0,0.0013106418945930144,0.19689935352716192,0.28214501378631374,0.7445532826095187,0.386118371211082,0.005223331299583834,0.1944431845973024,0.29134138534640386,0.793764029989281,0.5062845473907739,0.02859896955965022,0.19466087932697926,0.3316005546289364,0.8082487633243409,0.6385645003559842,0.1286691637291535
37.25,0.0,0.0013240791758114161,0.19763396901509744,0.28291726266869854,0.744072168817728,0.3869231613210307,0.005247007701775578,0.19526590177058167,0.29212050520642896,0.7931860857458315,0.5069189943635212,0.02869195426643842,0.19546482617728184,0.33229244532244656,0.8077323012742078,0.6390189198056313,0.12424364145819157
37.300000000000004,0.0,0.0013377383066222905,0.19837254389710657,0.28369311564923433,0.7435928844992973,0.387735238996789,0.005271182358829969,0.1960916582601086,0.2929020614611171,0.7926084260636317,0.507559923388483,0.02878643839671339,0.1962709016024071,0.3329860403519743,0.8072142752021897,0.639478528464889,0.11997033318165652
37.35,0.0,0.0013516171009755064,0.19911497705874956,0.2844724117736346,0.7431154241863578,0.38855430647611733,0.005295843967375099,0.1969203823454922,0.2936859400270881,0.792031071689113,0.5082070689216548,0.028882377505552802,0.19707905171812748,0.33368125624688433,0.8066947343302056,0.6399431143533091,0.1158440035626365
37.4,0.0,0.0013657134590736235,0.199861170085212,0.2852549950707208,0.7426397820786312,0.38938007618011455,0.005320981637018184,0.19775200384017477,0.2944720301300619,0.7914540431745201,0.5088601745878285,0.02897972859166134,0.19788922360784963,0.33437801186928484,0.8061737277187035,0.6404124728376391,0.1118595973314512
37.45,0.0,0.0013800253623202292,0.20061102716932572,0.28604071438530504,0.7421659520612245,0.3902122703437935,0.005346584870650964,0.1985864540429718,0.295260224199497,0.7908773608781706,0.5095189928525159,0.02907845003753427,0.19870136529460478,0.3350762283416775,0.8056513042414372,0.6408864063722133,0.1080122330923145
37.5,0.0,0.0013945508686042784,0.2013644550231214,0.28682942321741983,0.7416939277219458,0.3910506206617313,0.005372643545875421,0.19942366569136324,0.2960504177669615,0.7903010449648208,0.5101832847065856,0.02917850155261708,0.1995154257140127,0.3357758289770534,0.8051275125617987,0.6413647242489973,0.10429719734301429
37.550000000000004,0.0,0.001409288107896128,0.2021213627927549,0.28762097956760996,0.7412237023681526,0.39189486794807477,0.005399147897476859,0.20026357291646468,0.2968425093680865,0.789725115406124,0.5108528193630579,0.029279844119286063,0.2003313546881821,0.33647673921134486,0.8046024011106269,0.6418472423568954,0.10070993870028294
37.6,0.0,0.0014242352781328599,0.20288166197665744,0.2884152457880187,0.7407552690431427,0.39274476181022244,0.00542608850087667,0.20110611119961,0.2976364004479564,0.7891495919811721,0.511527373965531,0.0293824399414861,0.20114910290051177,0.33717888653814787,0.8040760180654098,0.6423337829499473,0.09724606232378383
37.65,0.0,0.0014393906413722132,0.203645266346768,0.28921208843901264,0.7402886205420957,0.39360006033554074,0.00545345625650191,0.20195121733048088,0.29843199526980113,0.7885744942771089,0.5122067333077358,0.02948625239587268,0.20196862187135844,0.33788220044563094,0.8035484113308113,0.6428241744240575,0.09390132453188237
37.7,0.0,0.0014547525201960398,0.2044120918727132,0.29001137815110406,0.7398237494275756,0.39446052979050833,0.005481242375013312,0.20279882936672128,0.29922920082685717,0.787999841689807,0.512890689563744,0.029591245985315092,0.20278986393453904,0.3385866123555522,0.80301962852045,0.6433182511019194,0.09067162760260551
37.75,0.0,0.0014703192943456467,0.2051820566488078,0.29081298949194173,0.7393606480446026,0.395325944331715,0.005509438363337463,0.20364888659497782,0.3000279267572749,0.787425653424599,0.5135790420283766,0.029697386294626975,0.2036127822146359,0.3392920555643081,0.8024897169398673,0.6438158530258066,0.08755301475341996
37.800000000000004,0.0,0.0014860893975727275,0.20595508082375413,0.29161680083815306,0.7388993085353014,0.3961960857281727,0.005538036011452661,0.2045013294933103,0.3008280852619516,0.7868519484970574,0.5142715968673821,0.029804639948398895,0.20443733060507543,0.3399984651859403,0.801958723570623,0.6443168257579227,0.08454166529367893
37.85,0.0,0.001502061314690809,0.20673108653292632,0.2924226942518311,0.7384397228531357,0.39707074309442597,0.005567027379881525,0.20535609969491841,0.30162959102517783,0.786278745733814,0.5149681668769744,0.029912974570815726,0.20526346374695154,0.3407057780970313,0.80142669505546,0.6448210201880125,0.08163388994379832
37.9,0.0,0.0015182335788132648,0.2075099978331299,0.2932305553614712,0.7379818827767347,0.39794971263397433,0.005596404787846617,0.20621313995313403,0.30243236113798794,0.7857060637734145,0.5156685712523403,0.030022358747348883,0.20609113700856654,0.3414139328834206,0.8008936776844845,0.6453282923479496,0.07882612631542807
37.95,0.0,0.0015346047687649794,0.2082917406397335,0.2940402732471708,0.7375257799233192,0.39883279739254845,0.005626160802048402,0.20707239410762993,0.3032363150241118,0.7851339210672024,0.516372635364746,0.03013276198822047,0.20692030646566353,0.3421228697886773,0.8003597173823093,0.6458385032330316,0.07611493454708099
38.0,0.0,0.0015511735066557045,0.20907624266607422,0.2948517403299162,0.7370714057617359,0.39971980702080195,0.005656288226027594,0.20793380705179862,0.3040413743684287,0.7845623358802268,0.5170801905468877,0.03024415469354277,0.20775092888232494,0.34283253066426633,0.7998248596961134,0.6463515186297191,0.07349699308987236
38.050000000000004,0.0,0.0015679384556040183,0.2098634333650431,0.2956648522647878,0.736618751625104,0.40061055754600633,0.005686780090076549,0.208797324701257,0.3048474630478285,0.7839913262921702,0.5177910738861506,0.03035650812004249,0.20858296169251325,0.34354285892134945,0.7992891497845701,0.6468672089495746,0.0709690946382073
38.1,0.0,0.0015848983176016105,0.21065324387276163,0.2964795078379247,0.7361678087230835,0.40150487115235656,0.005717629641666731,0.20966289396343402,0.3056545070643904,0.7834209101982907,0.5185051280254538,0.030469794349284807,0.20941636298223118,0.3442537994841623,0.798752632407601,0.6473854490691601,0.06852814220043042
38.15,0.0,0.0016020518315083556,0.2114456069542649,0.29729560886709594,0.7357185681537692,0.4024025759695152,0.005748830336361482,0.21053046270820108,0.30646243448079225,0.7828511053103787,0.5192222009713751,0.030583986257317387,0.2102510914722786,0.3449652987449135,0.7982153519169148,0.6479061181756657,0.06617114530462379
38.2,0.0,0.0016193977711693277,0.2122404569511106,0.29811306010573385,0.7352710209152188,0.4033035058690414,0.005780375829185383,0.21139997973950636,0.30727117535786785,0.7822819291577199,0.5199421459092638,0.03069905748565944,0.2110871065015856,0.3456773045201519,0.7976773522472924,0.6484290996180536,0.063895216334905
38.25,0.0,0.0016369349436455396,0.21303772973083723,0.29893176915029224,0.7348251579166193,0.40420750026837016,0.005812259966423391,0.21227139476797557,0.3080806616942336,0.7817133990880655,0.5206648210250623,0.030814982413565433,0.21192436801110082,0.34638976600855126,0.7971386769085801,0.6489542807635051,0.061697566993736686
38.300000000000004,0.0,0.0016546621875507756,0.21383736263819833,0.2997516463507974,0.7343809699890993,0.40511440394202164,0.005844476777824701,0.21314465838444427,0.30889082736790757,0.7811455322686061,0.5213900893335695,0.030931736131497196,0.2127628365282159,0.3471026337500631,0.7965993689783575,0.6494815528589722,0.0595755048859134
38.35,0.0,0.0016725783714874266,0.21463929444810312,0.30057260472446684,0.7339384478961924,0.40602406683973913,0.005877020469187898,0.21401972203438702,0.30970160807984987,0.7805783456869457,0.5221178185128933,0.031049294415742276,0.2136024731517071,0.34781585958639055,0.796059471095246,0.6500108108976416,0.05752643022004089
38.400000000000006,0.0,0.0016906823925747383,0.21544346532019712,0.3013945598722769,0.7334975823439573,0.40693634391126626,0.005909885415305523,0.21489653799321146,0.31051294129935325,0.7800118561520758,0.522847880744848,0.03116763370411987,0.21444323953717592,0.3485293966227374,0.7955190254528263,0.6505419534901257,0.055547832623466596
38.45,0.0,0.0017089731750633411,0.21624981675501925,0.30221742989836486,0.7330583639907606,0.40785109493749,0.0059430661532475565,0.2157750593423857,0.3113247662112186,0.7794460802953459,0.5235801525610649,0.03128673107271932,0.2152850978829716,0.34924319919078906,0.7949780737941353,0.6510748827402061,0.053637288066759284
38.5,0.0,0.001727449669030364,0.21705829155167516,0.30304113533215693,0.7326207834567282,0.40876818436768836,0.00597655737596465,0.21665523994636918,0.3121370236646501,0.7788810345714307,0.5243145146945947,0.03140656421361919,0.21612801091657868,0.3499572228128829,0.7944366574067145,0.651609504124958,0.05179245589396993
38.550000000000004,0.0,0.0017461108491498255,0.21786883376696867,0.30386559905311883,0.7321848313328706,0.4096874811626346,0.006010353926193155,0.21753703443031863,0.3129496561238106,0.778316735259291,0.5250508519367885,0.03152711141353812,0.21697194188145377,0.3506714241673274,0.7938948171181813,0.6521457263790943,0.050011075955035546
38.6,0.0,0.0017649557135333666,0.21868138867593662,0.3046907462180293,0.7317504981898875,0.41060885864332125,0.0060444507906451455,0.21842039815854125,0.3137626076199757,0.7777531984631288,0.5257890529992557,0.03164835153337131,0.2178168545242959,0.35138576105483116,0.7933525932922989,0.6526834613833733,0.048290965836812784
38.650000000000006,0.0,0.001783983282636726,0.219495902733734,0.3055165041906818,0.7313177745866575,0.4115321943450782,0.006078843094467669,0.219305287213669,0.31457582370523307,0.7771904401133335,0.5265290103807041,0.031770263988569296,0.21866271308273566,0.352100192366004,0.7928100258255196,0.6532226240569193,0.04663001818934895
38.7,0.0,0.0018031925982276798,0.22031232353881952,0.306342802473925,0.7308866510784184,0.4124573698768708,0.006113526095956467,0.22019165837652857,0.31538925140767055,0.7766284759674202,0.5272706202384758,0.03189282873031796,0.21950948227342923,0.35281467804989397,0.792267154143979,0.6537631322533144,0.04502619814411486
38.75,0.0,0.0018225827224114559,0.22113059979739272,0.3071695726439534,0.7304571182246431,0.4133842707855721,0.006148495181510313,0.22107946910668297,0.31620283918800224,0.7760673216109594,0.528013782264602,0.032016026227481204,0.22035712728054285,0.3535291790835251,0.791724017200917,0.6543049066603203,0.043477540821036484
38.800000000000004,0.0,0.001842152736709908,0.22195068128903742,0.3079967482867679,0.7300291665966165,0.4143127864250143,0.006183745860812982,0.22196867752362104,0.317016536897582,0.7755069924584952,0.5287583995662063,0.032139837449269806,0.22120561374461517,0.35424365744240244,0.7911806534745068,0.654847870703101,0.04198214892127117
38.85,0.0,0.001861901741190986,0.2227725188335267,0.30882426493672444,0.7296027867847197,0.4152428098296326,0.006219273762230644,0.22285924238857274,0.31783029573775684,0.7749475037544553,0.5295043785500916,0.032264243848601944,0.22205490775178444,0.3549580760719518,0.7906371009660699,0.655391950450817,0.04053819040277938
38.900000000000006,0.0,0.0018818288536452737,0.22359606425874765,0.3096520600170971,0.7291779694054247,0.41617423759252337,0.0062550746284132505,0.22375112308692857,0.31864406822051344,0.7743888705740485,0.5302516288113571,0.0323892273461229,0.2229049758233682,0.3556723988598629,0.7900933971986582,0.655937074526468,0.03914389623584413
38.95,0.0,0.001901933208806586,0.22442127036970524,0.3104800727825812,0.7287547051080081,0.41710696974774664,0.006291144312089146,0.2246442796112426,0.3194578081303741,0.7738311078241521,0.5310000630258931,0.03251477031485322,0.22375578490578396,0.3563865906093056,0.789549579215986,0.6564831740198688,0.03779755823578841
39.0,0.0,0.0019222139576138154,0.22524809091856676,0.31130824426366804,0.7283329845809855,0.4180409096567098,0.006327478772042808,0.22553867254479879,0.320271470487499,0.7732742302441885,0.53174959684661,0.03264085556543616,0.22460730236079907,0.35710061701299056,0.7890056835816921,0.6570301824036432,0.03649752697023538
39.050000000000004,0.0,0.0019426702665114144,0.22607648057570956,0.3121365172128238,0.7279127985582746,0.41897596389847763,0.006364074069266216,0.2264342630457221,0.3210850115119539,0.77271825240699,0.5325001488032665,0.03276746633195701,0.22545949595609907,0.35781444462804535,0.7884617463789174,0.6575780354521286,0.0352422097383475
39.1,0.0,0.001963301316786066,0.2269063949017366,0.3129648360524092,0.7274941378250909,0.41991204216386,0.006400926363274913,0.2273310128316152,0.3218983885891038,0.7721631887196524,0.53325164020576,0.03289458625830822,0.2263123338561639,0.35852804085168016,0.7879178032101807,0.6581266711630853,0.03403006861956886
39.150000000000006,0.0,0.0019841063039372684,0.22773779032042582,0.3137931468242778,0.7270769932235812,0.4208490571531348,0.006438031908580363,0.22822888416470377,0.3227115602360945,0.771609053424378,0.5340039950507576,0.033022199385075654,0.22716578461344167,0.35924137389761585,0.7873738891975373,0.6586760296821123,0.03285961858948024
39.2,0.0,0.0020050844370797056,0.2285706240925801,0.31462139714099474,0.7266613556582013,0.42178692447727034,0.006475387051310695,0.22912783983747279,0.32352448606938555,0.7710558605993066,0.5347571399315415,0.03315029013692277,0.2280198171598101,0.3599544127732497,0.7868300389830069,0.6592260532296701,0.03172942570045854
39.25,0.0,0.002026234938375418,0.22940485429074725,0.31544953613861954,0.7262472161008412,0.42272556256251703,0.006512988225972383,0.23002784315877767,0.3243371267732996,0.7705036241593362,0.5355110039509552,0.03327884331045046,0.22887440079831634,0.36066712725753464,0.7862862867292555,0.65977668603062,0.030638105324911593
39.300000000000004,0.0,0.0020475570424939257,0.23024043977477887,0.31627751443099755,0.7258345655957046,0.42366489255824363,0.006550831952345857,0.23092885794041426,0.32514944406955365,0.7699523578569321,0.5362655186373358,0.033407844062511724,0.2297295051951857,0.361379487879548,0.7857426661205186,0.6603278742461888,0.029584320458936345
39.35,0.0,0.0020690499960985694,0.23107734016819992,0.3171052840655094,0.7254233952639467,0.42460483824789874,0.006588914832508432,0.23183084848413263,0.3259614006877399,0.7694020752829263,0.537020617863327,0.03353727789896126,0.23058510037209068,0.36209146589772745,0.7851992103637525,0.6608795659082735,0.028566780084321845
39.400000000000006,0.0,0.002090713057357462,0.2319155158353607,0.3179327984802275,0.7250136963080767,0.42554532596298283,0.006627233547978339,0.23273377956907967,0.32677296033672515,0.768852789867306,0.5377762377674665,0.03366713066382111,0.23144115669867157,0.3628030332797524,0.7846559521900022,0.6614317108560027,0.027584237586890558
39.45,0.0,0.002112545495477539,0.23275492785934468,0.3187600124624315,0.7246054600161282,0.4264862844999217,0.0066657848569739615,0.23363761643965664,0.32758408767693764,0.7683045148799916,0.5385323166784518,0.033797388528844556,0.23229764488530047,0.363514162683049,0.7841129238559724,0.6619842606744761,0.026635489229240125
39.5,0.0,0.0021345465902603018,0.23359553802060629,0.3195868821084373,0.7241986777656051,0.4274276450397357,0.006704565591782773,0.23454232479377765,0.32839474829351234,0.7677572634316059,0.5392887950419849,0.03392803798346115,0.2331545359760807,0.3642248274358996,0.7835701571457935,0.6625371686356027,0.025719372676014554
39.550000000000004,0.0,0.0021567156316779426,0.23443730877631427,0.32041336478469357,0.7237933410272052,0.4283693410704041,0.006743572656234713,0.2354478707715163,0.32920490867026697,0.7672110484742324,0.5400456153501075,0.03405906582508692,0.23401180134207403,0.36493500151913566,0.7830276833729676,0.6630903896409671,0.02483476556989809
39.6,0.0,0.0021790519194686254,0.2352802032403764,0.32123941909010506,0.723389441368329,0.4293113083118282,0.006782803023275095,0.23635422094412734,0.3300145361644808,0.7666658828021662,0.5408027220729361,0.03419045914978433,0.23486941267474792,0.36564465954839576,0.7824855333824883,0.6636438801666498,0.02398058415658717
39.650000000000006,0.0,0.0022015547627497723,0.23612418516412303,0.3220650048195394,0.7229869704563774,0.43025348464329943,0.006822253732632367,0.23726134230343138,0.3308235989824507,0.7661217790526546,0.5415600615927124,0.03432220534325742,0.23572734197963605,0.36635377675693054,0.7819437375531215,0.6641975982099347,0.023155781957055914
39.7,0.0,0.0022242234796482916,0.23696921891762712,0.32289008292847954,0.7225859200618437,0.43119581003338464,0.0068619218885763306,0.23816920225155075,0.3316320661557987,0.7655787497066298,0.5423175821400885,0.03445429207216835,0.23658556157020488,0.36706232897893615,0.7814023257998398,0.6647515032378372,0.022359348485488473
39.75,0.0,0.0022470573969467465,0.23781526947163972,0.3237146154987826,0.7221862820612045,0.43213822647214156,0.006901804657762657,0.2390777685909849,0.33243990751850705,0.7650368070894341,0.5430752337325668,0.034586707275762164,0.23744404406191957,0.3677702926333997,0.7808613275763991,0.6653055561373883,0.021590308011307575
39.800000000000004,0.0,0.002270055849744532,0.2386623023801205,0.32453856570550893,0.7217880484396146,0.43308067790558347,0.006941899267159761,0.23998700951501442,0.33324709368465655,0.7644959633715367,0.5438329681150196,0.03471943915778712,0.23830276236650286,0.36847764470843986,0.780320771878052,0.6658597191676158,0.02084771836378257
39.85,0.0,0.002293218181133188,0.23951028376334352,0.32536189778478575,0.7213912112934117,0.43402311017231343,0.006982203002054313,0.24089689359842323,0.33405359602684637,0.7639562305692433,0.5445907387022153,0.03485247617869886,0.23916168968638046,0.3691843627461262,0.7797806872443862,0.6664139559131601,0.020130669777752498
39.900000000000006,0.0,0.0023165437418850385,0.24035918029155928,0.32618457700267156,0.7209957628324335,0.43496547094225235,0.007022713204131867,0.24180738978852812,0.3348593866552725,0.7634176205453997,0.5453485005232823,0.034985807048136856,0.24002079950930702,0.369890424827763,0.7792411017622821,0.6669682312394714,0.019438283779050013
39.95,0.0,0.0023400318901543936,0.24120895916919488,0.32700656962498825,0.7206016953821551,0.43590770965738795,0.007063427269629268,0.24271846739650615,0.33566443839744425,0.762880145010088,0.546106210168041,0.035119420717662435,0.2408800656031668,0.3705958095596212,0.7787020430689823,0.6675225112495299,0.0187697121082607
40.0,0.9,0.002363681991190607,0.2420595881195745,0.32782784288808925,0.7202090013856486,0.4368497774744746,0.007104342647555692,0.24363009608901018,0.3364687247785183,0.7623438155213172,0.5468638257351403,0.035253306373747975,0.24173946201094318,0.37130049605910465,0.7781635383552632,0.668076763242039,0.018124135681499245
40.050000000000004,0.9,0.0023857707611393674,0.2428894514401046,0.3286191809374545,0.7198176415244576,0.4377381517990499,0.007142101835138346,0.24452812186979556,0.33725275012810446,0.7618086385515375,0.5475778151129179,0.03537722601736436,0.2425903432778636,0.3719912420362791,0.7776256637030902,0.6685982705985338,0.061722370696304256
40.1,0.9,0.0024046025770673696,0.24367773546857407,0.3293526409210663,0.719427452498594,0.43852163826271184,0.007173439288482701,0.24539890055106073,0.3379978647660867,0.7612746010750632,0.5482066148498964,0.03548128503453075,0.24342439247554473,0.37265537811984123,0.7770886856995111,0.6690558369885827,0.10382106258484168
40.150000000000006,0.9,0.0024202278372822215,0.24442560129139476,0.3300300776229241,0.71903824861487,0.43920365170059533,0.007198500417873511,0.2462431577478037,0.3387052918286663,0.7607416859747043,0.5487530929422123,0.03556600093648645,0.24424206958048855,0.37329372721011106,0.7765529022207532,0.6694516671381257,0.1444717875080908
40.2,0.9,0.0024327087323455436,0.24513419559582197,0.3306533145451054,0.7186498542110317,0.4397875636829027,0.007217442741019556,0.24706160678042888,0.3393762278553674,0.7602098768215687,0.5492200577304059,0.03563190646260136,0.24504382513023323,0.37390709118415244,0.7760185917026821,0.6697879078221677,0.18372434768646545
40.25,0.9,0.0024421180653512575,0.24580464946473485,0.33122414258259775,0.7182621033127112,0.4402766983791249,0.007230434384664191,0.24785494832548116,0.3400118426456889,0.7596791576353563,0.5496102569545781,0.03567954687590064,0.24583010016893247,0.3744962511844572,0.7754860134292232,0.670066648465464,0.2216268324137605
40.300000000000004,0.9,0.002448538082803202,0.24643807730614004,0.33174431888782246,0.7178748392884968,0.44067432889101177,0.0072376526453033635,0.24862387012001116,0.3406132791847386,0.7591495126752925,0.549926377030798,0.03570947742212958,0.2466013262139277,0.3750619679231666,0.7749554078829427,0.6702899218151218,0.2582256769725492
40.35,0.9,0.0024520593271493657,0.24703557590922742,0.33221556591143275,0.717487914505979,0.4409836740251344,0.007239282614267924,0.24936904671597487,0.3411816536320124,0.7586209262601633,0.5501710425313302,0.03572226095139742,0.24735792524186517,0.3756049819998564,0.7744269971503303,0.6704597046771388,0.2935657195232101
40.400000000000006,0.9,0.0024527795204913744,0.24759822361905728,0.33263957060659033,0.7171011899911552,0.44120789547678646,0.0072355158712346605,0.25009113928122095,0.3417180553678323,0.7580933826157895,0.5503468158521714,0.0357184657003761,0.24810030969296568,0.3761260142310531,0.773900985374719,0.6705779187094463,0.32769025603627905
40.45,0.9,0.002450802487506877,0.24812707962222325,0.33301798378454356,0.7167145350931403,0.4413500953979402,0.007226549249142176,0.2507907954437687,0.34222354709229197,0.7575668657481907,0.5504561970522908,0.035698663232113924,0.2488288824921085,0.37662576598978453,0.7733775592501819,0.6706464312645508,0.36064109333542654
40.5,0.9,0.0024462371242163785,0.24862318333611255,0.33335241960994155,0.7163278271557506,0.44141331432298836,0.007212583672503521,0.2514686491762284,0.34269916497188235,0.7570413593406342,0.5505016238498427,0.035663426529745294,0.2495440370854477,0.3771049195535953,0.7728568885501546,0.67066705627536,0.39245860031604346
40.550000000000004,0.9,0.0024391964179079203,0.2490875538946704,0.3336444552249211,0.7159409511971866,0.44140052942705704,0.007193823070225552,0.2521253207173635,0.34314591882927453,0.7565168466727379,0.5504854717614768,0.03561332823972557,0.2502461574913342,0.3775641384595744,0.7723391266849446,0.670641555178253,0.4231817574021852
40.6,0.9,0.002429796522312084,0.2495211897238668,0.3338956304915914,0.7155537995987431,0.44131465309274676,0.007170473363262491,0.2527614165279389,0.34356479237203175,0.7559933105597924,0.550410054371695,0.03554893905968322,0.25093561836437234,0.3780040678650568,0.771824411282703,0.6705716378678946,0.4528482043024647
40.650000000000006,0.9,0.002418155891002074,0.2499250682003588,0.3341074478431173,0.7151662718032168,0.4411585317622492,0.007142741526743942,0.25337752927814383,0.34395674345630156,0.755470733310489,0.5502776237200016,0.03547082626555082,0.25161278507149437,0.37842533491276537,0.771312864788833,0.6704589636787182,0.4814942861234011
40.7,0.9,0.002404394470982193,0.2503001453871377,0.33428137223415877,0.7147782740234587,0.44093494505287795,0.007110834725621101,0.25397423786401635,0.3443227043818035,0.7549490967012743,0.5500903707943597,0.035379552372301275,0.2522780137789926,0.3788285490992584,0.7708045950792152,0.6703051423883898,0.5091550978967199
40.75,0.9,0.0023886329575234766,0.2506473558402451,0.3344188311819656,0.7143897189613327,0.44064660511513937,0.007074959522363571,0.2545521074504344,0.34466358221468024,0.7544283819656052,0.5498504261202046,0.035275673922366295,0.2529316515494997,0.37921430264564077,0.7702996960830066,0.6701117352389472,0.5358645275751539
40.800000000000004,0.9,0.00237099211050623,0.2509676124809365,0.3345212148899484,0.71400052553718,0.4402961562135477,0.007035321154807417,0.2551116895383711,0.3449802591350186,0.7539085697964427,0.549559860434966,0.03515974039564217,0.2535740364479628,0.37958317086958426,0.7697982484111523,0.6698802559716497,0.5616552975494228
40.85,0.9,0.0023515921318325726,0.2512618065279585,0.3345898764460496,0.7136106186297609,0.4398861745114494,0.006992122881896863,0.2556535220542417,0.34527359280607317,0.7533896403603929,0.5492206854387306,0.03503229323488352,0.2542054976557078,0.37993571255778386,0.7693003199870994,0.66961217187191,0.5865590047372524
40.900000000000006,0.9,0.0023305521028735006,0.2515308074848912,0.33462613208872016,0.7132199288265402,0.4394191680421618,0.006945565394771319,0.256178129459294,0.3455444167624388,0.7528715733219883,0.548834854612315,0.03489386498024191,0.2548263555917407,0.380272470338053,0.7688059666765528,0.6693089048209836,0.6106061592935499
40.95,0.9,0.002307989480409,0.2517754631777858,0.33463126153377193,0.7128283921840926,0.4388975768497453,0.0068958462904200645,0.25668602287711684,0.3457935408146199,0.7523543478766852,0.54840426409463,0.03474497850671442,0.255436922040481,0.38059397105033327,0.7683152329134347,0.6689718323513821,0.6338262219891575
41.0,0.9,0.002284019649100274,0.25199659983859746,0.33460650835581635,0.7124359499983463,0.43832377328371636,0.006843159604953094,0.2571777002374557,0.34602175146763564,0.7518379427912442,0.5479307536118025,0.03458614635832121,0.25603750028517197,0.3809007261159586,0.7678281523195191,0.6686022887032492,0.6562476403039805
41.050000000000004,0.9,0.0022587555281935634,0.25219502223017776,0.33455308041842363,0.7120425485843274,0.43770006243296317,0.006787695403412444,0.2576536464346392,0.34622981235147876,0.7513223364502509,0.547416107451069,0.03441787017292365,0.2566283852462558,0.3811932319045792,0.7673447483155045,0.6682015658791868,0.6778978832787067
41.1,0.9,0.0022323072298885307,0.2523715138088467,0.3344721503475376,0.7116481390650362,0.4370286826850485,0.00672963942296828,0.2581143334990266,0.3464184646614147,0.7508075069076285,0.5468620554729757,0.0342406401917202,0.25720986362404885,0.3814719700982056,0.7668650347215633,0.6677709146952586,0.6988034751678156
41.150000000000006,0.9,0.0022047817666036623,0.2525268369208094,0.33436485604306404,0.7112526771690634,0.436311806397973,0.00666917276630286,0.25856022077998964,0.3465884276062674,0.7502934319420824,0.5462702741559192,0.03405493484761013,0.257782214045093,0.38173740805188966,0.7663890163456576,0.6673115458261178,0.7189900279351062
41.2,0.9,0.0021762828042298297,0.2526617330289209,0.3342323012239139,0.7108561230365396,0.4355515406723239,0.006606471641978206,0.25899175513904227,0.3467403988629863,0.7497800891155101,0.5456423876675183,0.033861220426790836,0.25834570721160144,0.3819899991506086,0.7659166895581537,0.6668246308424087,0.7384822726315553
41.25,0.9,0.0021469104583741816,0.2527769229665301,0.3340755560021243,0.7104584410330094,0.43474992821255165,0.006541707148605328,0.2594093711518247,0.3468750550359288,0.7492674558334967,0.5449799689577548,0.033659950798147965,0.2589006060534564,0.3822301831619651,0.7654480428514859,0.6663113032387854,0.7573040896939462
41.300000000000004,0.9,0.0021167611305534743,0.25287310721535156,0.3338956574820081,0.7100595995708232,0.4339089482668958,0.006475045099679804,0.25981349131773884,0.34699305211942477,0.7487555094071014,0.5442845408692292,0.03345156720520538,0.25944716588225436,0.3824583865843603,0.7649830573838244,0.665772659451067,0.7754785382013901
41.35,0.9,0.0020859273812926017,0.2529509662045242,0.33369361038058815,0.709659570937647,0.43303051763622424,0.00640664588601657,0.26020452627611745,0.3470950259623117,0.7482442271152222,0.5435575772602654,0.03323649811562025,0.2599856345469302,0.3826750229903368,0.7645217075058908,0.6652097598612123,0.7930278841255807
41.400000000000006,0.9,0.002054497837114687,0.25301116062821233,0.3334703876658625,0.7092583311317039,0.4321164917427584,0.006336664372802179,0.26058287502789124,0.34718159273324334,0.7477335862669054,0.5428005041369651,0.03301515912343419,0.2605162525905261,0.38288049336482616,0.7640639612702348,0.6646236297889508,0.8099736276093932
41.45,0.9,0.0020225571284682494,0.25305433177929737,0.3332269312097204,0.708855859703377,0.4311686657503255,0.006265249828382466,0.26094892516179374,0.34725334938568375,0.7472235642630395,0.5420147007906504,0.03278795289952166,0.2610392534077044,0.38307518643807026,0.7636097809224458,0.6640152604690468,0.8263365293072477
41.5,0.9,0.001990185855719763,0.2530811018968851,0.33296415245258487,0.7084521396028199,0.430188775728416,0.0061925458820143555,0.2613030530842188,0.3473108741215968,0.746714138656942,0.541201500937456,0.03255526918590963,0.2615548634026345,0.38325947901301755,0.763159123373911,0.6633856100133046,0.8421366358195063
41.550000000000004,0.9,0.001957460580441852,0.25309207452552634,0.3326829330770994,0.7080471570332433,0.42917849985292494,0.006118690507930077,0.2616456242519124,0.34735472685293606,0.7462052872134163,0.5403621938571279,0.03231748482987491,0.26206330214691276,0.38343373628702515,0.7627119406558656,0.6627356043565438,0.857393304252065
41.6,0.9,0.0019244538393443755,0.25308783488421016,0.3323841256884028,0.7076409013095617,0.42813945963702155,0.00604381603318776,0.2619769934067472,0.34738544966012724,0.745696987965912,0.5394980255283656,0.032074963853956855,0.26256478253720383,0.3835983121677251,0.7622681803545934,0.6620661381858811,0.8721252259312282
41.650000000000006,0.9,0.0018912341783241353,0.25306895024333986,0.3320685544987477,0.7072333647221133,0.4270732211861282,0.005968049166912387,0.2622975048118889,0.3474035672468143,0.7451892192714846,0.5386101997583039,0.031828057558251036,0.263059510952317,0.3837535495829376,0.7618277860277421,0.6613780758527633,0.8863504493029211
41.7,0.9,0.0018578662042456687,0.25303597030804825,0.33173701601441746,0.7068245424051782,0.4259812964714906,0.005891511048663484,0.26260749248872167,0.3474095873902186,0.7446819598632964,0.5376998793039746,0.03157710465157284,0.26354768740945683,0.38389978078453835,0.7613906976018093,0.660672252267284,0.9000864020442914
41.75,0.9,0.0018244106522077512,0.25298942760634185,0.3313902797230813,0.7064144322100478,0.4248651446172936,0.005814317313799262,0.26290728045395323,0.3474040013865277,0.744175188900453,0.536768186983807,0.03132243140829792,0.2640295057194109,0.38403732764620674,0.760956851750938,0.6599494737744058,0.9133499124147936
41.800000000000004,0.9,0.0017909244661954119,0.25292983788069356,0.3310290887799016,0.7060030345824136,0.4237261731967213,0.0057365781738397655,0.2631971829563732,0.347387284490798,0.7436688860150114,0.5358162067774451,0.031064351847898033,0.2645051536404592,0.3841665019550028,0.7605261822572326,0.6592105190117895,0.9261572298729104
41.85,0.9,0.001757460891163332,0.2528577004818208,0.33065416069086745,0.7055903524438657,0.4225657395327721,0.005658398509962895,0.2634775047127838,0.34735989635091213,0.7431630313560358,0.5348449849123411,0.03080316793439518,0.2649748130308109,0.384287605696737,0.7600986203528706,0.6584561397490001,0.9385240449837711
41.900000000000006,0.9,0.001724069574741705,0.2527734987635003,0.3302661879919809,0.7051763910773075,0.42138515200002985,0.005579877977895951,0.2637485411426691,0.3473222814351921,0.742657605630613,0.5338555309357751,0.0305391697931539,0.2654386599993941,0.38440093133511477,0.759674095044337,0.6576870617079301,0.9504655086420554
41.95,0.9,0.001690796676898482,0.2526777004773734,0.3298658389230609,0.7047611580161106,0.4201856713239523,0.005501111122590834,0.2640105786012086,0.34727486945331587,0.742152590141772,0.5328488187711091,0.030272635942620387,0.2658968650548414,0.3845067620846512,0.7592525334191599,0.6569039853643368,0.9619962506337338
42.0,0.9,0.0016576849860311937,0.25257075816679686,0.32945375809506094,0.7043446629368515,0.418968511874576,0.0054221875011925885,0.2642638946102819,0.3472180757702365,0.7416479668232797,0.5318257877572408,0.030003833538797594,0.26634959325253244,0.38460537217736496,0.7588338609355613,0.6561075867304459,0.9731303975593847
42.050000000000004,0.9,0.0016247740400962482,0.2524531095588826,0.32903056714991685,0.7039269175554811,0.4177348429518519,0.0053431918129281395,0.26450875808714736,0.3471523018128447,0.7411437182713126,0.5307873436703616,0.029733018630417735,0.26679700433957004,0.3846970271232742,0.7584180016954736,0.6552985181186246,0.9838815901410456
42.1,0.9,0.0015921002515129738,0.25232517795395754,0.32859686541205274,0.7035079355267987,0.41648579006011616,0.005264204034654355,0.26474542957051034,0.3470779354691565,0.740639827773024,0.5297343597272561,0.02946043642293697,0.26723925289758105,0.3847819839647255,0.7580048787013987,0.6544774088861691,0.9942629999338038
42.150000000000006,0.9,0.0015596970347031194,0.2521873726117528,0.3281532305307775,0.7030877323471074,0.4152224361694731,0.005185299560911857,0.2649741614437299,0.34699535147984534,0.7401362793320472,0.5286676775694957,0.02918632154963218,0.26767648848324765,0.3848604915246001,0.7575944140976064,0.6536448661612947,1.004287345462598
42.2,0.9,0.0015275949352436258,0.252040089133706,0.32770021911289965,0.7026663252599429,0.41394582296211874,0.005106549347432921,0.2651951981549417,0.3469049118219709,0.7396330576909939,0.5275881082279943,0.028910898348226233,0.2681088557664876,0.3849327906484473,0.7571865293961907,0.6528014755504501,1.0139669078040008
42.25,0.9,0.0014958217597209513,0.2518837098408286,0.3272383673449763,0.7022437331647756,0.41265695206186437,0.005028020057148392,0.26540877643390076,0.3468069660847895,0.7391301483510161,0.5264964330674893,0.02863438114160626,0.2685364946662131,0.3849991144406061,0.7567811456885093,0.6519478018271124,1.023313545632074
42.300000000000004,0.9,0.0014644027054789115,0.2517186041466534,0.326768191604694,0.7018199765285957,0.41135678624533556,0.004949774207829676,0.265615125505376,0.3467018518375586,0.7386275375885196,0.5253934047106067,0.028356974521329466,0.26895954048361054,0.38505968849438044,0.7563781838425456,0.6510843896022466,1.0323387097467267
42.35,0.9,0.0014333604895488278,0.25154512892483727,0.32629018906095425,0.7013950773002969,0.4100462506335208,0.004871870320587557,0.2658144672989481,0.34658989498927434,0.7381252124691203,0.5242797479412522,0.02807887363273297,0.2693781240328917,0.38511473111634253,0.755977564686734,0.6502117639766384,1.041053457102376
42.400000000000006,0.9,0.0014027154761407988,0.2513636288710463,0.32580483826230516,0.7009690588277833,0.40872623386252527,0.004794363068529944,0.26600701665508647,0.3464714101403055,0.7376231608589483,0.5231561605871455,0.02780026446057833,0.26979237176947873,0.38516445354484125,0.7555792091807925,0.6493304311753348,1.0494684643540992
42.45,0.9,0.0013724858021582072,0.25117443685880314,0.3253125997134239,0.7005419457777274,0.4073975892325545,0.004717303424955695,0.2661929815274006,0.34634670092590747,0.737121371433407,0.5220233143813865,0.027521324114268213,0.270202405915592,0.38520906016280065,0.755183038574106,0.6484408791644432,1.0575940409378717
42.5,0.9,0.0013426875002743345,0.25097787428902013,0.32481391643941293,0.7001137640579157,0.4060611358343056,0.0046407388105316125,0.26637256318097796,0.3462160603516207,0.7366198336835041,0.5208818558030036,0.027242221111772113,0.2706083445832187,0.3852487487048957,0.7547889745522,0.6475435782505589,1.0654401417009138
42.550000000000004,0.9,0.0013133346191803626,0.25077425143298576,0.32430921453772554,0.6996845407421167,0.4047176596520869,0.004564713238964651,0.26654595638673906,0.34607977112057675,0.7361185379198714,0.5197324068964934,0.02696311566149066,0.27101030189444786,0.38528371045919685,0.7543969393718386,0.6466389816631075,1.0730163790976242
42.6,0.9,0.001284439340678357,0.2505638677686101,0.3237989037175849,0.6992543039974174,0.4033679146431143,0.004489267460741499,0.2667133496117549,0.34593810595274793,0.7356174752745928,0.5185755660704088,0.02668415994137401,0.27140838809916407,0.3853141304633778,0.754006855985274,0.6457275261198973,1.0803320349660375
42.650000000000006,0.9,0.0012560120933513192,0.2503470123097706,0.32328337782680444,0.6988230830139708,0.40201262379255204,0.004414439104563271,0.26687492520548656,0.3457913278961952,0.7351166377009666,0.5174119088751039,0.026405498374689487,0.27180270969009696,0.38534018769558503,0.753618648154164,0.6448096323761916,1.0873960718992373
42.7,0.9,0.0012280616625953574,0.25012396392863273,0.3227630153659578,0.6983909079371032,0.4006524801439727,0.004340262816154146,0.26703085958191874,0.34563969063037875,0.734616017971321,0.5162419887597816,0.02612726790190736,0.2721933695152319,0.3853620552600671,0.7532322405536674,0.6438857057576198,1.0942171442256523
42.75,0.9,0.0012005952968467597,0.24989499167084922,0.3222381799898826,0.6979578098017312,0.39928814780500876,0.00426677039416974,0.26718132339757256,0.34548343876160875,0.7341156096730072,0.5150663378090272,0.02584959824824154,0.27258046688758936,0.3853799005676659,0.75284755886721,0.6429561366772489,1.1008036086116912
42.800000000000004,0.9,0.0011736188098795874,0.2496603550635686,0.32170922099653504,0.6975238204690385,0.39792026292805754,0.004193990922973979,0.26732648172539125,0.34532280811072436,0.7336154072026899,0.5138854674590484,0.025572612186444705,0.272964097692388,0.38539388551127257,0.7524645298724068,0.64202130113715,1.1071635342997042
42.85,0.9,0.0011471366790876372,0.2494203044162092,0.3211764738032422,0.6970889725653681,0.39654943466598086,0.004121950902092442,0.26746649422450497,0.3451580259930972,0.7331154057590571,0.5126998691938639,0.025296425794514833,0.2733443544916081,0.3854041666363517,0.7520830815186091,0.6410815612147928,1.1133047129938125
42.900000000000006,0.9,0.0011211521396985744,0.24917508111397632,0.3206402604104248,0.69665329942328,0.39517624610281366,0.004050674372185814,0.2676015153058866,0.34498931149106443,0.7326156013340627,0.5115100152217158,0.025021148708022897,0.2737213266259777,0.38541089530663813,0.7517031429965332,0.6401372655346089,1.1192346684057213
42.95,0.9,0.0010956672748980232,0.24892491790412097,0.3201008898528877,0.6962168350247327,0.39380125515956055,0.003980183037419472,0.26773169429392146,0.34481687571890357,0.7321159907028197,0.5103163591319992,0.02474688436681974,0.27409510031440626,0.3854142178651118,0.7513246448004102,0.6391887497250627,1.1249606654722066
43.0,0.9,0.0010706831018677174,0.24867003917495628,0.31955865863879634,0.6957796139463408,0.3924249954752179,0.003910496384134445,0.26785717558391864,0.34464092208046676,0.7316165714122533,0.509119336533022,0.024473730255924267,0.2744657587508939,0.38541427579035525,0.750947518783087,0.6382363368615733,1.1304897192555716
43.050000000000004,0.9,0.001046199653764746,0.24841066122766509,0.3190138511764758,0.6953416713066664,0.39104797726321117,0.0038416317957513653,0.2679780987955992,0.34446164651959854,0.7311173417686218,0.5079193656709265,0.024201778140435073,0.274833382198947,0.38541120584839905,0.7505716982044862,0.6372803378956302,1.135828603537974
43.1,0.9,0.001022216057688774,0.24814699254094574,0.3184667401891865,0.6949030427154987,0.3896706881434835,0.003773604663862651,0.2680945989226023,0.3442792377634642,0.7306183008240095,0.5067168480301177,0.023931114294344268,0.2751980480835331,0.38540514024016,0.7501971177738239,0.6363210520704422,1.1409838591201575
43.150000000000006,0.9,0.0009987306087011249,0.24787923402855694,0.31791758711804485,0.6944637642250798,0.38829359395051266,0.003706428495489315,0.26820680647805445,0.3440938775589213,0.7301194483618922,0.5055121689155536,0.023661819723165035,0.27555983108061105,0.385396206744576,0.7498237136859649,0.6353587673234619,1.145961801834749
43.2,0.9,0.0009757408399740497,0.24760757928983418,0.3173666425132693,0.69402387228323,0.38691713951756973,0.003640115016497594,0.26831484763625313,0.34390574090206877,0.7296207848818703,0.5043056980172657,0.02339397038031447,0.2759188032042725,0.3853845288575416,0.7494514236522818,0.634393760676122,1.1507685302839448
43.25,0.9,0.000953243589160606,0.24733221485326015,0.31681414641394473,0.6935834036883327,0.3855417494375639,0.0035746742711872687,0.26841884437051833,0.34371499626111096,0.7291223115836615,0.5030977899574831,0.023127637377219932,0.2762750338915341,0.3853702259267469,0.7490801869263686,0.6334262986111201,1.155409933311059
43.300000000000004,0.9,0.0009312350610855626,0.24705332041318123,0.3162603287165063,0.6931423955461314,0.3841678288008463,0.0035101147180782205,0.26851891458727006,0.34352180579267616,0.7286240303504408,0.5018887848207415,0.02286288718714132,0.2766285900848207,0.3853534132825212,0.7487099443249432,0.6324566374375828,1.1598916972150946
43.35,0.9,0.0009097108868658401,0.24677106905976948,0.3157054095321522,0.6927008852282986,0.3827957639103685,0.003446443321934644,0.2686151722563928,0.3433263255517301,0.7281259437316111,0.5006790086673613,0.022599781842723207,0.27697953631217964,0.38533420236478266,0.7483406382442616,0.631485023644438,1.1642193127171692
43.400000000000006,0.9,0.0008886661795753875,0.24648562750233705,0.3151495995334025,0.6922589103327302,0.3814259229746121,0.0033836656420775314,0.2687077275379499,0.34312870569522674,0.727628054925083,0.4994687740306845,0.02233837912730984,0.27732793476526957,0.3853127008461932,0.7479722126723479,0.630511694242319,1.1683980816873356
43.45,0.9,0.0008680955865742729,0.24619715628611535,0.3145931002900245,0.6918165086455235,0.3800586567787223,0.0033217859170457105,0.26879668690531383,0.3429290906796383,0.7271303677591376,0.4982583803984598,0.022078732760073234,0.2776738453751659,0.3852890127516166,0.747604613197334,0.6295368770943206,1.1724331236400358
43.5,0.9,0.0008479933386252907,0.2459058100026168,0.3140361045945525,0.6913737181045946,0.37869429933429327,0.0032608071456739934,0.2688821532647791,0.3427276194525071,0.7266328866739453,0.49704811467876664,0.021820892575019284,0.2780173258860266,0.3852632385739773,0.7472377870121848,0.628560791235921,1.1763293820061453
43.550000000000004,0.9,0.0008283532959237249,0.24561173749370083,0.31347879677762996,0.6909305767648918,0.3773331685082632,0.003200731164664006,0.2689642260717274,0.3425244256381622,0.726135616702803,0.49583825165086926,0.02156490469395029,0.27835843192666276,0.3852354753866144,0.7468716829160763,0.6275836471843794,1.180091630189295
43.6,0.9,0.000809168991167192,0.24531508204946992,0.31292135301340773,0.6904871227651618,0.3759755666313875,0.003141558722729119,0.2690430014434141,0.3423196377177417,0.7256385634531552,0.49462905440138966,0.02131081169347348,0.27869721708005724,0.38520581695222483,0.7465062513126747,0.6266056472379135,1.1837244774138866
43.650000000000006,0.9,0.0007904336697928576,0.24501598160012353,0.31236394161523073,0.690043394296225,0.3746217810867639,0.0030832895513997127,0.26911857226844826,0.34211337920366347,0.7251417330874554,0.49342077474618606,0.02105865276615522,0.27903373295087736,0.38517435382848864,0.7461414442055568,0.6256269857649546,1.1872323743719695
43.7,0.9,0.0007721403275088913,0.24471456890190063,0.3118067233218486,0.6895994295707174,0.3732720848788897,0.0030259224325788767,0.2691910283130364,0.341905768808683,0.7246451323039227,0.4922136536383214,0.020808463875928974,0.279368029231025,0.38514117347046567,0.7457772151909984,0.6246478494837744,1.1906196186758942
43.75,0.9,0.0007542817452459113,0.24441097171724296,0.3112498515743848,0.6891552667942568,0.3719267371837321,0.0029694552629416777,0.26926045632406276,0.34169692060967854,0.7241487683172433,0.4910079215625019,0.02056027790787235,0.27970015376326923,0.38510636032985374,0.7454135194483417,0.6236684177327689,1.1938903601234252
43.800000000000004,0.9,0.0007368505216524632,0.24410531298931243,0.31069347278429854,0.6887109441379891,0.3705859838802967,0.0029138851152733744,0.2693269401290789,0.34148694420630055,0.7236526488392655,0.48980379891636117,0.020314124812474528,0.2800301526030062,0.3850699959511944,0.7450503137281477,0.622688862731681,1.1970486057817626
43.85,0.9,0.0007198391032563748,0.24379771101099645,0.31013772659257344,0.6882664997124743,0.36925005806417643,0.002859208296843554,0.2693905607332735,0.34127594487462143,0.7231567820597298,0.48860149637896244,0.0200700317445204,0.28035807007818986,0.3850321590651125,0.7446875563383222,0.6217093498340356,1.2000982248966994
43.900000000000006,0.9,0.0007032398124112074,0.24348827958853586,0.3095827461203642,0.6878219715428705,0.3679191805435645,0.0028054204049141338,0.2694513964134959,0.3410640237159203,0.7226611766270755,0.4874012152668837,0.019828023196721604,0.2806839488474785,0.38499292567867277,0.7443252071283976,0.6207300377710575,1.203042953632932
43.95,0.9,0.0006870448731440553,0.24317712819990953,0.3090286582113322,0.6873773975453723,0.36659356031820906,0.0027525163794796053,0.2695095228094046,0.34085127780073443,0.72216584162936,0.48620314787824653,0.019588121128227894,0.2810078299566396,0.3849523691629353,0.7439632274721393,0.6197510788873324,1.2058863996513287
44.0,0.0,0.0006712464350176963,0.24286436214810952,0.3084755836658974,0.6869328155048663,0.36527339504178785,0.0027004905533378675,0.26956501301181196,0.34063780030830826,0.7216707865753248,0.48500747782504333,0.01935034508815441,0.2813297528932575,0.38491056033779036,0.7436015802486381,0.6187726193684683,1.208632046528766
44.050000000000004,0.0,0.00065630962217027,0.2425716378838335,0.3079509795622614,0.6864882975880214,0.36400332180876005,0.002650581091244158,0.2696335115843502,0.3404433305040509,0.7211760428128272,0.4838528021950367,0.019120238456834082,0.2816597653969956,0.38488124291983083,0.7432402176968842,0.6178249987929862,1.16706165091657
44.1,0.0,0.0006426322353696275,0.2423194265626336,0.30748065542257275,0.6860440491065413,0.36282503852234965,0.0026038760115936715,0.2697298948193156,0.3402865181328267,0.7206817257182541,0.48277540220838344,0.01890282642332366,0.2820074503984117,0.3848774467397991,0.7428790492805962,0.6169368681216008,1.1269210517393748
44.150000000000006,0.0,0.0006301137309802087,0.2421061130151522,0.30706234136186816,0.6856002967346406,0.3617344924420624,0.002560158688522882,0.269853116141312,0.34016586918538816,0.7201879666827068,0.4817720977251612,0.018697389466358794,0.2823721680154378,0.3848981993779952,0.7425179849399223,0.6161059126251938,1.0881610717445842
44.2,0.0,0.0006186636468511189,0.24193015892811826,0.30669387555375316,0.6851572535593579,0.36072784167742683,0.002519230548200479,0.27000217315953995,0.34007995345153014,0.7196948912889676,0.48083985676192265,0.018503257821273923,0.28275330270942983,0.3849425662439616,0.7421569470308124,0.6153299154881897,1.0507342251107132
44.25,0.0,0.0006082004504771266,0.24179009839414153,0.3063731980233451,0.6847151198702123,0.35980144200682435,0.0024809093268818062,0.27017610540549786,0.3400274012942984,0.7192026194723151,0.47997578732437157,0.01831980742943915,0.28315026217132033,0.38500964890116474,0.7417958691236174,0.6146067530445238,1.0145946592713202
44.300000000000004,0.0,0.0005986505334504781,0.24168453376470653,0.3060983448582711,0.6842740838950521,0.35895183465334424,0.0024450275176124687,0.27037399220893427,0.34000690061688127,0.718711265684986,0.4791771297668748,0.018146456261820258,0.28356247626946657,0.3850985834782128,0.7414346949168379,0.613934390284024,0.9796980987398796
44.35,0.0,0.0005899473318712731,0.24161213178290925,0.3058674428060023,0.6838343224859492,0.35817573493971,0.002411430983071861,0.2705949507023069,0.3400171940090509,0.7182209390625683,0.4784412496402488,0.017982660978336458,0.283989396055147,0.38520853916146075,0.7410733772543128,0.613310876611585,0.9460017908667755
44.400000000000006,0.0,0.0005820305554383731,0.2415716199744939,0.305678704228449,0.683396001758761,0.3574700217512992,0.0023799777149676,0.2708381339447752,0.34005707606101,0.717731743590936,0.47776563099237945,0.017827913888982912,0.2844304928219638,0.3853387167641952,0.740711877235418,0.6127343418427971,0.913464453461961
44.45,0.0,0.0005748455105059232,0.24156178327757075,0.3055304223871416,0.6829592776897417,0.35683172774257904,0.002350536722904349,0.271102729157455,0.3401253908334051,0.7172437782725978,0.4771478700890787,0.017681740186457257,0.2848852572156899,0.3854883473679091,0.7403501634089737,0.6122029924208694,0.8820462242191139
44.5,0.0,0.0005683425045464733,0.24158146089305063,0.3054209670345116,0.682524296672362,0.35625803022796915,0.00232298703781609,0.2713879560623055,0.3402210294731026,0.7167571372915587,0.4765856695251778,0.017543695423349326,0.28535319839135453,0.38565669103147143,0.739988211042556,0.6117151078407786,0.8517086118793276
44.550000000000004,0.0,0.0005624763212791346,0.24162954333933173,0.30534878028877876,0.6820911960372763,0.3557462427032922,0.002297216816920659,0.27169306531760506,0.34034292796509,0.7162719101759767,0.4760768326982278,0.017413363209878883,0.28583384321459526,0.38584303556426963,0.7396260014597914,0.6112690372675735,0.8224144490745062
44.6,0.0,0.0005572057572567085,0.24170496969613867,0.30531237277176954,0.681660104538169,0.3552938069486301,0.002273122538772504,0.2720173370435106,0.34049006501157086,0.7157881819580518,0.4756192586193466,0.017290353110747822,0.2863267355045205,0.38604669535965824,0.7392635214389981,0.6108631963366895,0.7941278467926928
44.650000000000006,0.0,0.0005524932120058065,0.24180672502365258,0.3053103199906488,0.681231142806016,0.3548982856676255,0.0022506082783905904,0.27236007943168494,0.3406614600299717,0.7153060333307141,0.4752109370377304,0.017174298721954393,0.2868314353155238,0.38626701028528193,0.7389007626672257,0.6104960641249815,0.7668141504095414
44.7,0.0,0.0005483043249170511,0.24193383794419943,0.3053412589460616,0.6808044237741089,0.3545573556220947,0.002229585053654088,0.2727206274334291,0.3408561712621776,0.7148255408007826,0.47484994385716545,0.017064855910435005,0.28734751825567234,0.3865033446270614,0.7385377212443688,0.6101661802819677,0.7404398972320703
44.75,0.0,0.0005446076530202875,0.24208537837479113,0.3054038849505662,0.6803800530760195,0.3542688012242918,0.0022099702352150917,0.27309834152116885,0.3410732939878643,0.7143467768383559,0.47453443682453417,0.016961701201186893,0.28787457483945944,0.3867550860838348,0.7381743972325707,0.6098721423115063,0.7149727755026793
44.800000000000004,0.0,0.0005413743845787198,0.24226045539975063,0.30549694864250193,0.6799581294185161,0.3540305085523166,0.002191687013097456,0.2734926065185248,0.34131195883530463,0.7138698100222663,0.4742626514718327,0.01686453029811024,0.2884122098728649,0.387021644809838,0.737810794246627,0.6096126029947961,0.6903815848132069
44.85,0.0,0.0005385780841178976,0.2424582152735066,0.3056192531815962,0.679538744931292,0.35384045975702844,0.0021746639139527883,0.2739028304945447,0.34157133018349506,0.7133947051814922,0.4740328972946143,0.016773056726216335,0.2889600418688085,0.38730245250238204,0.7374469190815274,0.6093862679462146,0.666636197880529
44.900000000000006,0.0,0.0005361944650887907,0.2426778395444237,0.30576965161367164,0.679121985495225,0.3536967278314324,0.002158834363644909,0.27432844371799575,0.3418506046498819,0.7129215235324667,0.47384355415105245,0.016687010584099864,0.28951770249121234,0.38759696153225404,0.7370827813736662,0.6091918932940813,0.6437075236368709
44.95,0.0,0.0005342011868640234,0.2429185432912474,0.30594704439278586,0.678707931050755,0.35359747171588246,0.002144136290446498,0.27476889766791146,0.34214900965836675,0.7124503228122668,0.47369306886699525,0.016606137396687558,0.2900848360260097,0.38790464411451775,0.7367183932925955,0.6090282834789656,0.6215674715896121
45.0,0.0,0.0005325776731954365,0.24317957346439426,0.3061503770500273,0.6782966558878458,0.353540931714606,0.0021305117646679512,0.27522366409685894,0.3424658020826414,0.7119811574076915,0.4735799520334624,0.016530197059268118,0.2906610988775484,0.38822499151753614,0.7363537692605021,0.6088942891626508,0.6001889174069206
45.050000000000004,0.0,0.0005313049496301959,0.2434602073249157,0.3063786379990045,0.6778882289188807,0.35352542520102886,0.002117906671008853,0.27569223414364175,0.3428002669602413,0.7115140784802709,0.4735027749840306,0.016458962864693973,0.2912461590889395,0.3885575133081698,0.7359889256968702,0.6087888052413217,0.5795456696870551
45.1,0.0,0.0005303654977006344,0.24375975097450958,0.30663085646881716,0.6774827139357411,0.35354934259117793,0.0021062704103356005,0.27617411749238574,0.34315171627302676,0.7110491340872613,0.47346016694046705,0.016392220606436386,0.29183969588500003,0.38890173663122996,0.7356238807860336,0.6087107689569692,0.5596124378706235
45.150000000000006,0.0,0.0005297431239774492,0.24407753797045503,0.30690610055598416,0.6770801698522178,0.35361114356608214,0.0020955556279520387,0.2766688415751675,0.3435194877900901,0.7105863692987014,0.47345081231581243,0.01632976775088262,0.2924413992365228,0.38925720552138177,0.7352586542655472,0.6086591581013918,0.5403648012564858
45.2,0.0,0.0005294228423131566,0.24441292801980577,0.3072034753874363,0.6766806509328142,0.3537093535255939,0.0020857179657499795,0.2771759508155419,0.34390294396935955,0.7101258263106155,0.4734734481648891,0.016271412672896803,0.29305096944469267,0.3896234802458003,0.734893267233504,0.6086329893075455,0.5217791790833415
45.25,0.0,0.0005293907678081893,0.24476530574759842,0.3075221213872627,0.6762842070089216,0.3538425602574266,0.002076715835908647,0.2776950059105062,0.3443014709144207,0.7096675445544574,0.4735268617729257,0.016216973949233292,0.2936681167445408,0.39000013667598427,0.7345277419731027,0.6086313164233241,0.5038328016403493
45.300000000000004,0.0,0.0005296340212102821,0.24513407953422056,0.3078612126404345,0.6758908836832666,0.3540094108064587,0.0020685102140612886,0.2782255831486078,0.3447144773833097,0.7092115608028969,0.47360988837364615,0.016166279704899932,0.2942925609264011,0.3903867656872268,0.7341621017929302,0.608653228963173,0.48650368237138414
45.35,0.0,0.0005301406426126714,0.24551868041743852,0.3082199553472217,0.6755007225234616,0.3542086085305068,0.0020610644500675137,0.27876727376205523,0.345141393846246,0.7087579092720543,0.47372140898878157,0.016119167008025365,0.29492403097439784,0.3907829725843299,0.7337963708815708,0.608697850633225,0.4697705909387574
45.400000000000006,0.0,0.0005308995134514252,0.24591856105491308,0.30859758636247286,0.6751137612454261,0.3544389103298227,0.0020543440947249554,0.279319683310839,0.34558167158947445,0.7083066217202887,0.4738603483815209,0.016075481309194957,0.2955622647210541,0.39118837655223343,0.7334305741752779,0.6087643379259237,0.4536130272133987
45.45,0.0,0.0005319002859197004,0.24633319474333235,0.3089933718143444,0.6747300338873837,0.354699124038537,0.0020483167409267606,0.27988243109699873,0.34603478186257014,0.7078577275436528,0.4740256731169377,0.016035075921589145,0.296207008517167,0.391602610130305,0.7330647372375673,0.6088518787803475,0.4380111961596347
45.5,0.0,0.0005331333190192877,0.24676207449056886,0.3094066057974522,0.6743495709750865,0.354988105967157,0.0020429518779248286,0.2804551496072988,0.34650021506673245,0.70741125386812,0.47421638972290686,0.01599781153859056,0.2968580169161489,0.392025318709111,0.7326988861496897,0.6089596913046869,0.42294598358379565
45.550000000000004,0.0,0.0005345896205594621,0.2472047121375236,0.309836609135774,0.6739723996788666,0.3553047585860427,0.0020382207574950674,0.2810374839826873,0.3469774799817545,0.7069672256386932,0.4744315429454692,0.01596355578582592,0.29751505237208176,0.3924561600485555,0.732333047411042,0.6090870225575415,0.4083989327169384
45.6,0.0,0.0005362607944916674,0.24766063752655543,0.3102827282109573,0.6735985439630694,0.3556480283405298,0.002034096270922213,0.2816290915130206,0.34746610302950237,0.7065256657055027,0.474670214093011,0.01593218280487914,0.2981778849507787,0.39289480381633707,0.7319672478486553,0.609233147384913,0.39435222160299666
45.650000000000006,0.0,0.0005381389930373965,0.24812939771361248,0.31074433385199396,0.6732280247283772,0.35601690358905835,0.0020305528358297753,0.2822296411556323,0.34796562757187705,0.706086594906997,0.474931519464005,0.01590357286615629,0.29884629205318697,0.39334093114573426,0.7316015145349819,0.6093973673099528,0.38078864126465684
45.7,0.0,0.0005402168731270728,0.24861055622138226,0.3112208202824985,0.6728608599474947,0.35641041265629664,0.00202756629197699,0.2828388130764183,0.3484756132413598,0.7056500321503283,0.4752146088534096,0.01587761200860367,0.29952005815050925,0.39379423421178367,0.7312358747132681,0.6095790094727086,0.3676915746202092
45.75,0.0,0.0005424875567208866,0.24910369233096316,0.31171160412208976,0.6724970647946293,0.3568276219938314,0.002025113805230632,0.2834562982121941,0.3489956353023618,0.7052159944890329,0.4755186641331498,0.01585419170418001,0.300198974530454,0.3942544158249692,0.7308703557298665,0.6097774256172718,0.35504497612554514
45.800000000000004,0.0,0.0005449445946293396,0.24960840040973178,0.3122161234386127,0.6721366517691675,0.3572676344415322,0.00202317377899637,0.2840817978531586,0.34952528404170935,0.7047844971981018,0.4758428979024041,0.015833208545164592,0.3008828390540624,0.39472118904158754,0.7305049849728967,0.6099919911238865,0.3428333521163597
45.85,0.0,0.0005475819334925075,0.2501242892732383,0.3127338368481594,0.6717796308139143,0.3577295875831909,0.0020217257724630855,0.28471502324437276,0.3500641641867001,0.7043555538465343,0.4761865522037015,0.015814563952546833,0.3015714559225895,0.39519427679000313,0.7301397898167173,0.6102221040837235,0.3310417418264755
45.900000000000006,0.0,0.0005503938856134669,0.25065098157910964,0.31326422266005394,0.6714260094282387,0.35821265219049203,0.0020207504250751252,0.285355695205229,0.3506118943492617,0.7039291763674652,0.4765488973010923,0.01579816390389163,0.3022646354539501,0.39567341151204594,0.7297747975717156,0.610467184414156,0.31965569905903385
45.95,0.0,0.0005533751013735305,0.2511881132510754,0.313806778064155,0.671075792776436,0.35871603074979,0.002020229386702645,0.286003543765952,0.35116810649483443,0.7035053751259505,0.47692923051689784,0.015783918679209526,0.3029621938682643,0.39615833481884893,0.7294100354389695,0.6107266730125025,0.3086612744880973
46.0,0.0,0.0005565205439854438,0.25173533293135775,0.3143610183580073,0.6707289837916,0.35923895606655676,0.0020201452530297253,0.28665830782022833,0.35173244543468296,0.7030841589844948,0.47732687512376754,0.015771742623483454,0.30366395308206695,0.3966487971604575,0.7290455304693699,0.6110000309463148,0.29804499856898165
46.050000000000004,0.0,0.0005598254663659612,0.25229230145978293,0.3149264762115348,0.6703855832752696,0.3597806899427201,0.0020204815057244373,0.28731973479311995,0.3523045683404206,0.7026655353664011,0.4777411792889804,0.01576155392461511,0.3043697405107689,0.3971445575085795,0.7286813095268292,0.6112867386784056,0.28779386503637916
46.1,0.0,0.0005632853899316348,0.25285869137807954,0.31550270096712213,0.6700455899930994,0.3603405219224454,0.0020212224569950287,0.2879875803234661,0.3528841442796024,0.7022495103170167,0.47817151506812067,0.015753274405655573,0.30507938887897984,0.3976453830518792,0.7283173992552346,0.6115862953249053,0.277895314970058
46.150000000000006,0.0,0.0005668960851415743,0.2534341864579299,0.31608925797306897,0.6697090007667789,0.36091776810221704,0.0020223531981724287,0.28866160796002704,0.3534708537713111,0.701836088562951,0.47861727744543836,0.01574682933027702,0.30579273603832585,0.39815104890324704,0.727953826048832,0.6118982179447425,0.26833722140861427
46.2,0.0,0.0005706535536286469,0.2540184812514337,0.31668572794853467,0.6693758105624141,0.36151177000135937,0.00202385955199171,0.2893415888706668,0.3540643883607242,0.7014252735693327,0.4790778834183717,0.015742147220526675,0.3065096247924138,0.39866133781851015,0.7275906160257535,0.6122220408590243,0.2591078744924285
46.25,0.0,0.0005745540117763712,0.2546112806627287,0.3172917063782105,0.6690460125755645,0.36212189348939955,0.002025728028274407,0.2900273015639147,0.35466445021170906,0.7010170675951749,0.47955277112386524,0.015739159685980764,0.307229902728614,0.39917603992607376,0.7272277950044276,0.6125573149988828,0.2501959671176234
46.300000000000004,0.0,0.0005785938756128279,0.25521229953959423,0.31790680293507023,0.668719598313114,0.36274752776691455,0.002027945782740011,0.2907185316222838,0.3552707517165487,0.7006114717469112,0.4800413990042623,0.015737801263486503,0.30795342205635035,0.3996949524670105,0.7268653884826287,0.612903607280432,0.24159058108344786
46.35,0.0,0.0005827697469054651,0.2558212622839385,0.31853064092965355,0.6683965576721445,0.3633880843967309,0.0020305005786988247,0.2914150714467605,0.35588301512195303,0.7002084860301638,0.4805432450106856,0.015738009266743996,0.30868003945160366,0.40021787954514043,0.7265034216189481,0.6132605000055525,0.2332811737161162
46.400000000000006,0.0,0.0005870784003519067,0.256437902480138,0.3191628567844359,0.6680768790159635,0.36404299638255283,0.002033380751399951,0.2921167200119143,0.35650097217055843,0.6998081093998034,0.4810578058419465,0.01573972364503854,0.30940961590734967,0.400744631886666,0.7261419192164823,0.6136275902872913,0.22525756495271446
46.45,0.0,0.0005915167717719057,0.2570619625402646,0.31980309953192737,0.6677605492474298,0.3647117172922866,0.0020365751748277192,0.29282328263110763,0.35712436375716433,0.6994103398083548,0.48158459621714,0.015742886850487355,0.31014201658966795,0.40127502660894926,0.7257809057085544,0.6140044894987305,0.21750992486935067
46.5,0.0,0.0005960819472145839,0.25769319336529306,0.32045103033522854,0.6674475538797068,0.3653937204235095,0.0020400732307575657,0.2935345707313157,0.35775293959899734,0.6990151742528034,0.4821231481801941,0.01574744371321368,0.31087711069927165,0.40180888699803907,0.7254204051462974,0.6143908227442402,0.21002876163826903
46.550000000000004,0.0,0.0006007711529031595,0.2583313540214405,0.3211063220298498,0.6671378771045672,0.36608849800869564,0.0020438647798984217,0.29425040163709454,0.35838645791933416,0.6986226088198532,0.4826730104347429,0.015753341323906177,0.3116147713382208,0.402346042294575,0.7250604411879435,0.6147862283520851,0.20280490989917427
46.6,0.0,0.0006055817459466005,0.2589762114308389,0.32176865868567345,0.666831501858361,0.3667955604579662,0.0020479401349632396,0.2949705983632602,0.35902468514385094,0.6982326387296856,0.4832337477077896,0.01576052892326265,0.31235487538159445,0.40288632748771375,0.7247010370896766,0.6151903573874148,0.19582951953051933
46.650000000000006,0.0,0.0006105112057541491,0.2596275400757924,0.3224377351880068,0.6665284098857522,0.36751443563727476,0.002052290035522515,0.2956949894158679,0.35966739560910205,0.6978452583782647,0.48380494014071407,0.01576895779785483,0.3130973033539083,0.40342958311674043,0.7243422156979132,0.6156028731847122,0.18909404480699998
46.7,0.0,0.0006155571260945054,0.2602851217159151,0.3231132568367371,0.6662285818013203,0.3682446681800711,0.002056905624507683,0.29642340860110217,0.36031437128256416,0.6974604613782365,0.48438618270626527,0.015778581181985673,0.31384193931007487,0.40397565508004407,0.7239839994428954,0.6160234508988268,0.18259023392997287
46.75,0.0,0.0006207172077467291,0.26094874511748706,0.32379493896266026,0.6659319971491183,0.3689858188306106,0.0020617784262422162,0.29715569484170923,0.3609654014937119,0.697078240598462,0.48497708465025396,0.015789354165142374,0.3145886707207144,0.40452439445115146,0.7236264103334791,0.6164517770737635,0.17631011891797055
46.800000000000004,0.0,0.0006259892516946615,0.26161820579440737,0.3244825065601084,0.6656386344602704,0.3697374638171913,0.0020669003258882144,0.2978916920006253,0.3616202826756202,0.6966985882022286,0.4855772689567371,0.015801233604677577,0.31533738836163266,0.40507565730152895,0.7232694699530194,0.6168875492284384,0.1702460058449279
46.85,0.0,0.0006313711528209521,0.26229330576015836,0.32517569393505535,0.6653484713086867,0.3704991942537086,0.002072263550205342,0.2986312487114712,0.3622788181166156,0.6963214956841777,0.48618637183555186,0.015814178043378143,0.3160879862072931,0.40562930452987456,0.7229131994562558,0.617330475458656,0.16439046541416089
46.900000000000006,0.0,0.0006368608940606412,0.26297385329022926,0.32587424436792567,0.6650614843649695,0.371270615568016,0.0020778606495272653,0.29937421821560223,0.3629408177215249,0.6959469539059863,0.4868040422311229,0.015828147631605574,0.3168403613281167,0.4061852016976366,0.7225576195671121,0.6177802740545979,0.15873632385654907
46.95,0.0,0.0006424565409777441,0.2636596626944815,0.3265779097903793,0.6647776494485768,0.37205134695567404,0.0020836844808682763,0.30012045820541927,0.36360609778209146,0.6955749531308413,0.4874299413515246,0.015843104053714967,0.31759441379145326,0.40674321887050713,0.722202750577331,0.6182366731331479,0.15327665414177177
47.0,0.0,0.0006481562367314446,0.2643505540989653,0.3272864504753852,0.6644969415783077,0.37284102085775606,0.002089728192079712,0.30086983067366097,0.3642744807561541,0.6952054830567396,0.4880637422168387,0.01585901045848041,0.318350046566074,0.4073032304656495,0.7218486123458687,0.6186994102844151,0.14800476749182967
47.050000000000004,0.0,0.0006539581974013698,0.26504635323672815,0.32799963473993665,0.6642193350211689,0.3736392824614596,0.0020959852069820564,0.30162220176841403,0.36494579505520336,0.6948385328486488,0.48870512922589765,0.01587583139327399,0.319107165430043,0.407865115104432,0.7214952242989839,0.6191682322318444,0.1429142051864556
47.1,0.0,0.0006598607076440131,0.2657468912471792,0.32871723865979985,0.6639448033396753,0.3744457892223482,0.0021024492114044076,0.3023774416535897,0.36561987483994995,0.6944740911695622,0.489353797740557,0.015893532741763527,0.3198656788818316,0.40842875547044816,0.7211426054309561,0.6196428945053358,0.13799873065037466
47.150000000000006,0.0,0.0006658621166547267,0.2664520044836004,0.32943904579571825,0.6636733194376403,0.3752602104071179,0.0021091141400682526,0.3031354243746298,0.36629655982355896,0.6941121462104772,0.49000945368668236,0.01591208166491056,0.32062549805454643,0.4089940381726151,0.7207907743053785,0.6201231611268226,0.13325232181271984
47.2,0.0,0.0006719608344118465,0.26716153432841694,0.3301648469305315,0.6634048556045009,0.3760822266558483,0.002115974164257333,0.30389602772921587,0.3669756950822211,0.6937526857193307,0.4906718131710845,0.015931446545065293,0.3213865366331482,0.40956085361315114,0.720439749056971,0.6206088043077819,0.12866916372924223
47.25,0.0,0.0006781553281814524,0.26787532701586164,0.330894439816695,0.6631393835582254,0.3769115295627607,0.002123023680219818,0.30465913314276793,0.3676571308727483,0.6933956970289179,0.4913406021136732,0.015951596932969377,0.32214871077454227,0.41012909586024193,0.7200895473938644,0.6210996041581801,0.12424364145827725
47.300000000000004,0.0,0.0006844441192630376,0.26859323346168795,0.33162762893371617,0.6628768744868456,0.3777478212745602,0.002130257298253063,0.3054246255485295,0.3683407224568974,0.6930411670838255,0.4920155558941417,0.015972503497490215,0.32291193903043053,0.41069866252521287,0.7197401866003124,0.6215953484063782,0.11997033318173926
47.35,0.0,0.000690825779957969,0.2693151090996053,0.3323642252550498,0.6626172990886547,0.37859081410549483,0.0021376698324249636,0.30619239327204534,0.36902632993213935,0.692689082466405,0.4926964190125279,0.01599413797792268,0.3236761422728159,0.4112694546440345,0.7193916835397872,0.6220958321295408,0.11584400356271639
47.400000000000006,0.0,0.0006972989307440907,0.270040813724128,0.3331040460240191,0.6623606276111088,0.3794402301683131,0.0021452562908893394,0.3069623279198486,0.3697138180686059,0.6923394294218139,0.4933829447630342,0.016016473138705082,0.324441243622058,0.41184137656299435,0.7190440546584247,0.6226008574941211,0.11185959733152835
47.45,0.0,0.0007038622376411551,0.27077021133954615,0.3338469145383532,0.6621068298884684,0.3802958010203488,0.002153011866755928,0.30773432427218306,0.3704030561519589,0.6919921938821497,0.4940748949205175,0.016039482726406654,0.32520716837738234,0.4124143358283755,0.718697315988779,0.6231102335060068,0.108012233092389
47.5,0.0,0.000710514409752995,0.27150317001474167,0.33459265994295406,0.6618558753782146,0.3811572673240055,0.0021609319294784725,0.3085082801795936,0.37109391783193857,0.6916473614897026,0.49477203943909376,0.01606314142885324,0.32597384394974865,0.41298824307999055,0.7183514831538583,0.623623775769936,0.10429719734308622
47.550000000000004,0.0,0.0007172541969734574,0.2722395617435886,0.33534111703052527,0.6616077331962716,0.3820243785209533,0.0021690120167270352,0.3092840964632278,0.37178628097636063,0.691304917619351,0.4954741561623274,0.016087424836266816,0.3267411997969908,0.4135630119484249,0.7180065713714101,0.6241413062578077,0.1007099387003524
47.6,0.0,0.0007240803878441469,0.2729792623106892,0.33609212604971533,0.6613623721510682,0.38289689251939063,0.0021772478267131396,0.31006167681869756,0.3724800275303411,0.6909648474001229,0.4961810305445036,0.016112309404302555,0.3275091673611411,0.4141385589558493,0.7176625954584277,0.6246626530855296,0.0972460623238509
47.650000000000006,0.0,0.0007309918075529547,0.27372215116221127,0.3368455325204464,0.6611197607764661,0.38377457539375776,0.0021856352109385834,0.31084092772335753,0.3731750433805392,0.6906271357359471,0.4968924553825076,0.01613777241887487,0.32827768000785884,0.4147148034202691,0.7173195698358542,0.6251876502980612,0.09390132453194713
47.7,0.0,0.0007379873160632059,0.27446811128160403,0.33760118705611586,0.660879867363585,0.38465720109632334,0.002194170167340865,0.311621758346864,0.37387121822421876,0.6902917673256158,0.4976082305578562,0.01616379196267081,0.32904667296788387,0.41529166736308115,0.7169775085334594,0.6257161376623273,0.09067162760266805
47.75,0.0,0.0007450658063640405,0.2752170290699812,0.33835894519237464,0.6606426599915503,0.3855445511800971,0.002202848833810074,0.31240408046488394,0.37456844544293666,0.6899587266819801,0.498328162788452,0.01619034688325581,0.3298160832804414,0.415869075419816,0.7166364251948687,0.6262479604676883,0.08755301475348035
47.800000000000004,0.0,0.0007522262028333604,0.2759687942309711,0.33911866722220135,0.6604081065571907,0.3864364145325508,0.0022116674820538687,0.3131878083758299,0.3752666219806768,0.689627998150401,0.49905206538964986,0.016217416762682856,0.3305858497385253,0.4164469547539483,0.7162963330827232,0.6267829693336723,0.08454166529373723
47.85,0.0,0.0007594674597053361,0.2767232996598431,0.33988021803700535,0.6601761748037097,0.38733258711965757,0.002220622511788817,0.3139728588205024,0.3759656482262557,0.6892995659264746,0.49977975804424607,0.016244981888521783,0.3313559128359925,0.41702523497366156,0.7159572450839544,0.6273210200246816,0.08163388994385462
47.900000000000006,0.0,0.0007667885596350668,0.2774804413367302,0.340643466973505,0.6599468323483549,0.3882328717397863,0.0022297104452378585,0.31475915090452733,0.3766654278998341,0.6889734140730532,0.5005110665810186,0.0162730232262307,0.33212621471640175,0.4176038480514606,0.7156191737151549,0.6278619732714035,0.07882612631548243
47.95,0.0,0.0007741885123535502,0.2782401182237753,0.34140828766614073,0.6597200467091103,0.3891370777870114,0.0022389279219150746,0.3155466060234791,0.3773658679433757,0.6886495265365815,0.501245822761466,0.0163015223927964,0.3328966991235341,0.41818272824652597,0.7152821311280304,0.6284056945986639,0.07611493454713347
48.0,0.0,0.0007816663534066225,0.27900223216603853,0.3421745579047936,0.6594957853304316,0.39004502102342165,0.0022482716936802235,0.316335147790588,0.37806687841490244,0.6883278871627657,0.5019838640744072,0.016330461631575213,0.3336673113535351,0.41876181202971263,0.7149461291149187,0.6289520541594755,0.07349699308992304
48.050000000000004,0.0,0.0007892211429720061,0.27976668779601016,0.3429421594975921,0.6592740156080481,0.39095652336003417,0.002257738620046704,0.3171247019669321,0.3787683723864011,0.6880084797115966,0.5027250335381229,0.016359823788269952,0.33443799820862014,0.41934103801109635,0.7146111791143632,0.6295009265750413,0.07096909463825624
48.1,0.0,0.0007968519647490297,0.2805333924415812,0.3437109781385991,0.6590547049128518,0.3918714126459388,0.002267325663727714,0.31791519639402027,0.37947026584524307,0.6876912878717432,0.5034691795097314,0.01638959228798259,0.3352087079522875,0.4199203468699759,0.714277292216727,0.6300521907804855,0.06852814220047766
48.150000000000006,0.0,0.0008045579249159893,0.28130225603733133,0.34448090328018294,0.6588378206138937,0.3927895224653177,0.0022770298864063987,0.3187065609286757,0.3801724775989849,0.6873762952743343,0.5042161555015077,0.016419751113285985,0.3359793902659862,0.4204996812872437,0.7139444791698385,0.630605729876094,0.0661711453046694
48.2,0.0,0.0008123381511504831,0.28207319103899997,0.34525182800988397,0.658623330100509,0.39371069194200375,0.00228684844471673,0.3194987273801345,0.3808749291834236,0.6870634855061482,0.5049658200038689,0.016450284783261382,0.33674999620718665,0.42107898588003906,0.713612750384658,0.6311614309838542,0.06389521633494905
48.25,0.0,0.0008201917917083947,0.28284611234101326,0.346023648931598,0.6584112008035883,0.3946347655512568,0.0022967785864227465,0.320291629449276,0.38157754477378447,0.6867528421222231,0.5057180363147592,0.016481178333451658,0.33752047816880554,0.42165820713860436,0.7132821159409544,0.6317191851090936,0.061697566993779214
48.300000000000004,0.0,0.0008281180145575109,0.28362093719694514,0.3467962660509058,0.6582014002160165,0.3955615929384542,0.002306817646784585,0.3210852026699069,0.38228025109892694,0.6864443486579098,0.5064726723751806,0.01651241729668322,0.33829078983993777,0.42223729336526405,0.7129525855929854,0.6322788870070257,0.059575504885954464
48.35,0.0,0.0008361160065620511,0.2843975851427967,0.3475695826643868,0.6579938959122961,0.3964910287444066,0.0023169630451005205,0.3218793843520229,0.38298297735845555,0.686137988640379,0.5072296006106295,0.01654398768471231,0.33906088616784924,0.4228161946154529,0.7126241687751725,0.6328404350540182,0.05752643022008054
48.400000000000006,0.0,0.0008441849727146504,0.28517597792298327,0.3483435052527608,0.6577886555673741,0.3974229324370236,0.0023272122814149013,0.322674113526976,0.3836856551426312,0.6858337455996008,0.5079886977782063,0.01657587597065403,0.33983072332118786,0.4233948626407204,0.7122968746077637,0.6334037311234074,0.05554783262350488
48.45,0.0,0.0008523241354125879,0.2859560394189234,0.34911794337771074,0.6575856469746906,0.3983571681490684,0.0023375629333825536,0.32346933089447766,0.38438821835497955,0.6855316030788126,0.5087498448191771,0.016608069072154865,0.3406002586543701,0.4239732508336422,0.7119707119024771,0.6339686804656888,0.05363728806679625
48.5,0.0,0.0008605327337752786,0.2867376955801298,0.34989280958224434,0.6573848380634657,0.39929360452175217,0.00234801265328081,0.32426497877137167,0.3850906031374994,0.6852315446444891,0.5095129267167772,0.016640554335271764,0.3413694506731032,0.4245513141745713,0.7116456891681199,0.6345351915929219,0.05179245589400562
48.550000000000004,0.0,0.0008688100230002588,0.28752087435770535,0.3506680192944604,0.6571861969152429,0.4002321145539311,0.002358559165160904,0.3250610010421129,0.38579274779837663,0.6849335538958305,0.5102778323590544,0.01667331951902292,0.3421382590010039,0.4251290091801657,0.7113218146161775,0.6351031761671931,0.05001107595507002
48.6,0.0,0.000877155273755093,0.2883055056401524,0.3514434907345903,0.6569896917797062,0.40117257545668106,0.0023692002621309794,0.32585734311089054,0.3864945927421145,0.6846376144737826,0.5110444544065584,0.016706352780577444,0.34290664434727675,0.42570629385362924,0.7109990961663669,0.6356725488929863,0.04829096583684607
48.650000000000006,0.0,0.0008855677716028073,0.28909152119140774,0.3522191448251914,0.656795291089786,0.4021148685130339,0.0023799338037634654,0.32665395185533785,0.387196080401993,0.6843437100696036,0.5118126891646915,0.01673964266105295,0.3436745684754155,0.42628312763660714,0.7106775414521509,0.6362432274133188,0.04663001818938109
48.7,0.0,0.0008940468164586272,0.28987885459101936,0.3529949051043751,0.6566029634760723,0.40305887894267123,0.002390757713620023,0.3274507755817709,0.3878971551747748,0.684051824432992,0.512582436460544,0.016773178071891836,0.3444419941728937,0.4268594713626787,0.7103571578262082,0.6368151322095038,0.04502619814414589
48.75,0.0,0.0009025917220759495,0.2906674411763843,0.35377069764195607,0.6564126777805501,0.4040044957713793,0.0024016699768876814,0.3282477639819036,0.3885977633575786,0.683761941379788,0.5133535995240458,0.01680694828178865,0.34520888522181065,0.4274352872123918,0.7100379523658567,0.6373881865044067,0.043477540821066446
48.800000000000004,0.0,0.0009112018155596256,0.29145721798697116,0.3545464509584153,0.6562244030696733,0.40495161170507965,0.002412668638120189,0.32904486809098604,0.38929785308684256,0.6834740447992627,0.5141260848732696,0.01684094290414252,0.34597520637046114,0.428010538669786,0.7097199318784249,0.6379623161690684,0.0419821489213001
48.85,0.0,0.0009198764369047649,0.29224812371045317,0.35532209594657344,0.6560381086467929,0.4059001230082559,0.002423751799078973,0.329842040247317,0.38999737427930486,0.6831881186610079,0.5148998022037332,0.01687515188500998,0.34674092330579737,0.42858519048035343,0.7094031029065714,0.6385374496325741,0.040538190402807324
48.900000000000006,0.0,0.0009286149385593932,0.2930400986306824,0.35609756579587554,0.6558537640639547,0.40684992938660813,0.0024349176166684337,0.33063923405308193,0.39069627857493083,0.6829041470214398,0.5156746642815496,0.01690956549153497,0.3475060026267541,0.42915920861038775,0.7090874717335466,0.6391135177950478,0.03914389623587112
48.95,0.0,0.0009374166850094162,0.29383308457743634,0.3568727959191926,0.6556713391330828,0.4078009338737718,0.0024461643009606295,0.3314364043364711,0.3913945192817186,0.6826221140299273,0.516450586840284,0.01694417430083394,0.34827041181840795,0.42973256020767403,0.7087730443883962,0.6396904539436624,0.03779755823581447
49.0,0.0,0.0009462810523844446,0.29462702487787307,0.3576477238820491,0.655490803936563,0.40875304272194596,0.002457490113304705,0.33223350711503313,0.39209205132231795,0.6823420039345605,0.5172274884813793,0.016978969189315275,0.3490341192269434,0.4303052135634734,0.7084598266511037,0.640268193671555,0.03649752697026054
49.050000000000004,0.0,0.0009552074280831385,0.2954218643096331,0.3584222893341893,0.655312128837241,0.4097061652962828,0.0024688933645166957,0.3330304995602214,0.3927888311824,0.682063801087567,0.51800529057802,0.017013941322413316,0.3497970940353983,0.430877138075759,0.7081478240576708,0.6408466747995432,0.03524220973837179
49.1,0.0,0.000964195210416819,0.29621754905552783,0.35919643394339895,0.655135284487851,0.4106602139728966,0.002480372413145594,0.33382733996309244,0.3934848168607168,0.6817874899503923,0.5187839171823081,0.017049082144718303,0.3505593062401644,0.4314483042136597,0.7078370419051326,0.6414258373005434,0.03403006861959232
49.150000000000006,0.0,0.0009732438082701844,0.2970140266597584,0.35997010133150253,0.654960241839889,0.4116151040403563,0.0024919256638118196,0.33462398770111673,0.39417996782079345,0.6815130550984513,0.51956329493563,0.017084383370484568,0.3513207266282164,0.4320186834830719,0.7075274852565075,0.6420056232265926,0.0328596185895029
49.2,0.0,0.0009823526407780453,0.29781124598560943,0.36074323701245864,0.6547869721519446,0.41257075360453205,0.002503551565614453,0.33542040320606414,0.39487424494419615,0.6812404812255661,0.5203433529820989,0.017119836974500202,0.35208132675504755,0.4325882483933983,0.7072191589456804,0.6425859766383827,0.03172942570048041
49.25,0.0,0.0009915211370170685,0.298609157174566,0.3615157883324806,0.6546154469975057,0.41352708349667144,0.0025152486106038052,0.3362165479329272,0.39556761048532285,0.680969753148098,0.521124022884961,0.01715543518330232,0.3528410789232872,0.43315697242537765,0.7069120675822174,0.6431668435372161,0.030638105324932715
49.300000000000004,0.0,0.0010007487357115896,0.2994077116068028,0.36228770441211067,0.6544456382722513,0.41448401718458616,0.0025270153323161027,0.33701238432984726,0.3962600280276644,0.6807008558087859,0.5219052385458586,0.017191170466722847,0.353599956161979,0.43372482999996614,0.7066062155561116,0.643748171799299,0.02958432045895674
49.35,0.0,0.0010100348849526185,0.30020686186299744,0.3630589360901802,0.6542775182008441,0.41544148068683556,0.002538850304367245,0.3378078758090095,0.39695146244148666,0.6804337742803009,0.5226869361268478,0.01722703552975049,0.35435793220649753,0.4342917964482374,0.70630160704246,0.6443299111122873,0.02856678008434154
49.400000000000006,0.0,0.001019379041929219,0.30100656168742146,0.36382943586959043,0.6541110593432385,0.4163994024897975,0.0025507521391027695,0.33860298671847433,0.3976418798428851,0.6801684937685284,0.5234690539750716,0.017263023304695393,0.3551149814790837,0.4348578479822653,0.7059982460060693,0.6449120129140071,0.027584237586909574
49.45,0.0,0.0010287806726715048,0.30180676595226386,0.36459915786485086,0.6539462346005166,0.4173577134675219,0.0025627194863013206,0.3393976823149133,0.39833124755416605,0.6799049996155854,0.5242515325499937,0.01729912694364346,0.3558710790699777,0.4354229616669574,0.7056961362059916,0.6454944303332724,0.026635489229258485
49.5,0.0,0.0010382392518045423,0.30260743062314477,0.36536805775131503,0.6537830172202655,0.4183163468042665,0.0025747510319290754,0.34019192873721976,0.39901953406550916,0.6796432773025856,0.5250343143531022,0.017335339811188212,0.356626200719131,0.43598711539280666,0.705395281199989,0.6460771181327262,0.025719372676032283
49.550000000000004,0.0,0.0010477542623124978,0.30340851272577773,0.3661360927160556,0.6536213808015099,0.41927523791961907,0.0025868454969427165,0.3409856929809647,0.39970670899786936,0.679383312452159,0.5258173438599957,0.017371655477428433,0.3573803227984784,0.4365502878495313,0.7050956843489272,0.6466600326536346,0.02483476556991521
49.6,0.0,0.0010573251953124182,0.30420997031374086,0.36690322141032244,0.6534612992992112,0.42023432439611264,0.002599001636138682,0.34177894287366967,0.4003927430670756,0.6791250908307376,0.5266005674547662,0.01740806771122059,0.35813342229475276,0.4371124585005727,0.704797348821098,0.6472431317625649,0.0239805841566037
49.650000000000006,0.0,0.0010669515498370674,0.3050117624373184,0.36766940390353103,0.6533027470283482,0.4211935459092459,0.002611218237046543,0.34257164705086934,0.40107760804908726,0.6788685983506141,0.5273839333666005,0.017444570473675446,0.35888547679282345,0.43767360755842244,0.7045002775964697,0.6478263747998814,0.023155781957071877
49.7,0.0,0.0010766328326262875,0.3058138491133768,0.36843460163872793,0.6531456986675903,0.4221528441598237,0.0026234941188644817,0.34336377493293824,0.40176127674636897,0.6786138210717843,0.5281673916085187,0.01748115791188887,0.3596364644595438,0.4382337159607522,0.7042044734708676,0.6484097225299963,0.022359348485503888
49.75,0.0,0.0010863685579263844,0.30661619129623835,0.3691987773894849,0.6529901292625762,0.42311216280853486,0.0026358281314349504,0.34415529670265543,0.40244372295534764,0.6783607452035805,0.5289508939181776,0.017517824352897258,0.36038636402808966,0.438792765347318,0.7039099390600823,0.6489931370933141,0.02159030801132246
49.800000000000004,0.0,0.0010961582472970763,0.30741875084952025,0.3699618952181731,0.6528360142288103,0.4240714474126903,0.0026482191542586994,0.34494618328348364,0.40312492143491474,0.6781093571061045,0.5297343937006661,0.017554564297848508,0.36113515478277425,0.4393507380376144,0.7036166768039082,0.6495765819598104,0.02084771836379694
49.85,0.0,0.0011060014294255692,0.3082214905189044,0.3707239204355707,0.6526833293541899,0.4250306453650446,0.002660666095545453,0.34573640631853847,0.40380484787594007,0.6778596432914694,0.5305178459732222,0.01759137241637986,0.36188281654432347,0.43990761700925335,0.7033246889701109,0.6501600218841885,0.020130669777766372
49.900000000000006,0.0,0.0011158976399473605,0.30902437390580756,0.37148481956176077,0.6525320508011729,0.42598970583462903,0.0026731678912996107,0.34652593815022553,0.40448347887176334,0.6776115904248556,0.5313012073118054,0.01762824354119432,0.36262932965559785,0.4404633858770438,0.703033977658325,0.6507434228625588,0.019438283779063408
49.95,0.0,0.0011258464212733914,0.30982736544192097,0.37224456028827513,0.6523821551086001,0.42694857970952693,0.0026857235044394335,0.3473147518005234,0.4051607918896311,0.6773651853253921,0.5320844357994613,0.017665172662827862,0.3633746749677462,0.4410180288727484,0.7027445448038814,0.6513267520905889,0.018769712108273634
50.0,0.9,0.001135847322423199,0.31063043036459,0.3730031114414435,0.6522336191931819,0.42790721954152294,0.0026983319239482573,0.3481028209518913,0.40583676524304846,0.6771204149668678,0.5328674909764135,0.017702154924599787,0.3641188338267778,0.4415715308254955,0.7024563921815669,0.6519099779230723,0.018124135681511735
