source_row,observed_rank,onehot_ridge,existing_sequence_features_ridge,hrl_sequence_graph
0,0.083682008,0.6403287649154663,0.42967188358306885,0.4505451457673178
1,0.868206522,0.6827806830406189,0.872585654258728,0.8434321233231232
2,0.184100418,0.5227544903755188,0.3756648898124695,0.3650649901193337
3,0.432065217,0.42742326855659485,0.23293650150299072,0.2367598223231483
4,0.149350649,0.3520711064338684,0.11187461018562317,0.13876686408016442
5,0.239130435,0.677685022354126,0.5751397013664246,0.5752965468531167
6,0.1882845189999999,0.7859946489334106,0.7292014360427856,0.7151301440820987
7,0.533967391,0.49874505400657654,0.6168639063835144,0.6096476147790517
8,0.579004329,0.4292697012424469,0.41038042306900024,0.4298141981011598
9,0.612554113,0.4292697012424469,0.41038042306900024,0.415538360312206
10,0.084210526,0.5886231660842896,0.7698310613632202,0.7393220999338614
11,0.188311688,0.5494099855422974,0.6066239476203918,0.6106829240497982
12,0.71559633,0.580022931098938,0.8033871650695801,0.7896910587493808
13,0.581227437,0.6320251226425171,0.6698278784751892,0.6383307465373482
14,0.34375,0.4781678020954132,0.6455872058868408,0.6590200477862287
15,0.282608696,0.43755611777305603,0.4509515166282654,0.4562788381190665
16,0.677419355,0.6256970167160034,0.6448060274124146,0.6620779943006845
17,0.2467532469999999,0.7015196681022644,0.7003846168518066,0.7039923610224982
18,0.5625,0.6995484828948975,0.5537865161895752,0.5343030586487894
19,0.100543478,0.6561415195465088,0.6184486746788025,0.6305942100824208
20,0.692307692,0.6229545474052429,0.583791971206665,0.576929821519268
21,0.975543478,0.5863722562789917,0.369500994682312,0.35959923581521075
22,0.4429347829999999,0.7629854083061218,0.7659132480621338,0.7664103718439873
23,0.0135135139999999,0.36318132281303406,0.3259095549583435,0.3458771877681023
24,0.715481172,0.571561336517334,0.6212319135665894,0.6073386487662469
25,0.198051948,0.5429927110671997,0.7213157415390015,0.6989979570354617
26,0.1504329,0.5429927110671997,0.7213157415390015,0.7034046535420384
27,0.632286996,0.5410543084144592,0.8519962430000305,0.8325151971732632
28,0.071428571,0.5121951103210449,0.5812479257583618,0.5739382425086056
29,0.477272727,0.4622446298599243,0.2821527421474457,0.2798948474269037
30,0.533549784,0.4622446298599243,0.2821527421474457,0.28184126445484436
31,0.126315789,0.534334659576416,0.6808423399925232,0.71153010324197
32,0.657039711,0.4536864757537842,0.6797319650650024,0.6963123212069801
33,0.0072463769999999,0.23673459887504578,0.14302173256874084,0.15465901870958945
34,0.8365800870000001,0.6332612037658691,0.6225470304489136,0.6019821363188378
35,0.851731602,0.6332612037658691,0.6225470304489136,0.613097766216721
36,0.139013453,0.41797569394111633,0.29535841941833496,0.29674673707522803
37,0.996389892,0.6617016196250916,0.9004988670349121,0.8969040681345904
38,0.644927536,0.6114794611930847,0.5878911018371582,0.5900857086483691
39,0.6902173909999999,0.6735875606536865,0.605150043964386,0.6346383628366992
40,0.937219731,0.6013613343238831,0.6513469219207764,0.656120073376899
41,0.725631769,0.5494850873947144,0.7205063104629517,0.7034778994305261
42,0.2640692639999999,0.5852395296096802,0.5228381156921387,0.5485707056192353
43,0.405405405,0.4787335991859436,0.47890394926071167,0.48892483836368555
44,0.279220779,0.4488176703453064,0.47976067662239075,0.4716261531298712
45,0.964673913,0.6978554725646973,0.7909387350082397,0.7775897215094041
46,0.369565217,0.6159522533416748,0.46110111474990845,0.4726133978100734
47,0.62987013,0.5378838777542114,0.4376051723957062,0.4468436192502412
48,0.568807339,0.6920454502105713,0.9036346673965454,0.8721939423833335
49,0.439461883,0.5944239497184753,0.591128945350647,0.5775116837280775
50,0.669836957,0.5418142676353455,0.2735971510410309,0.2732781480138694
51,0.23853211,0.5228305459022522,0.8774135112762451,0.8481092750453105
52,0.266304348,0.6888617873191833,0.8985432386398315,0.8704019064846553
53,0.653429603,0.5730845928192139,0.4967861771583557,0.484865291867234
54,0.6008968610000001,0.7640123963356018,0.6532300710678101,0.6425321433302381
55,0.506493506,0.4565487205982208,0.629865288734436,0.6119434027457235
56,0.6536796539999999,0.39317968487739563,0.21417251229286194,0.21513897750025884
57,0.7629870129999999,0.39317968487739563,0.21417251229286194,0.20914720995614608
58,0.6991341990000001,0.6715110540390015,0.6347421407699585,0.6498566279501237
59,0.6829004329999999,0.6715110540390015,0.6347421407699585,0.6487876904784563
60,0.375,0.5725200176239014,0.44894590973854065,0.4776563945713681
61,0.612903226,0.5079760551452637,0.5390810370445251,0.5301371037204083
62,0.5,0.4272489845752716,0.4095407724380493,0.41348322717472474
63,0.22826087,0.6406567692756653,0.4581490159034729,0.47230521487332705
64,0.752747253,0.8198743462562561,0.6300576329231262,0.6566666708920141
65,0.39673913,0.6109442114830017,0.5006788372993469,0.5185749785984786
66,0.75974026,0.6743088960647583,0.36251020431518555,0.369329685344455
67,0.546195652,0.7475292086601257,0.395304799079895,0.4172469966118948
68,0.710597826,0.5689462423324585,0.4984431564807892,0.5070452707094835
69,0.502242152,0.427501916885376,0.4018923342227936,0.43347822826095794
70,0.3125,0.5071691870689392,0.3353544771671295,0.3378927558392961
71,0.34529148,0.6231390237808228,0.7232903838157654,0.7183649769522894
72,0.225543478,0.5702673196792603,0.32088685035705566,0.2971061513144042
73,0.931407942,0.7382870316505432,0.538565993309021,0.5479613019018499
74,0.8019480520000001,0.5487027168273926,0.5211435556411743,0.5129942698294471
75,0.8906926409999999,0.5487027168273926,0.5211435556411743,0.512994269829447
76,0.3862815879999999,0.48302075266838074,0.5465819835662842,0.5441776677095366
77,0.900815217,0.7831817269325256,0.601064145565033,0.6146952941350772
78,0.75951087,0.6595845222473145,0.22262108325958252,0.22521591077568265
79,0.201298701,0.4175686538219452,0.21705210208892822,0.22936008507304623
80,0.677130045,0.6064776182174683,0.5519723892211914,0.5579450408097978
81,0.288808664,0.5185311436653137,0.4095376431941986,0.4112566353851025
82,0.458483755,0.4226651191711426,0.3777949810028076,0.407679435755923
83,0.61548913,0.48680365085601807,0.42837631702423096,0.42984815708029256
84,0.285714286,0.659008264541626,0.6756067276000977,0.6658155360167127
85,0.874439462,0.522854745388031,0.6306524872779846,0.6308772264932154
86,0.861471861,0.36304163932800293,0.3990222215652466,0.38041663846417717
87,0.811688312,0.36304163932800293,0.3990222215652466,0.38041663846417717
88,0.468619247,0.4505915939807892,0.5395355820655823,0.5383029127455926
89,0.795454545,0.6052817106246948,0.6607385873794556,0.6655097869263824
90,0.8560606059999999,0.6052817106246948,0.6607385873794556,0.6487454676706366
91,0.00974026,0.42892739176750183,0.5775448679924011,0.5877045886515644
92,0.03030303,0.42892739176750183,0.5775448679924011,0.5932877276090429
93,0.426035503,0.3392242193222046,0.3348764479160309,0.35991475790579475
94,0.7692307690000001,0.5291375517845154,0.5543478727340698,0.5476879845251887
95,0.685714286,0.5406088829040527,0.46395888924598694,0.4723989528137666
96,0.834862385,0.5712007880210876,0.4540631175041199,0.4639236899135214
97,0.523097826,0.3494567275047302,0.2534160017967224,0.27207246679520114
98,0.044836957,0.7605389356613159,0.714701771736145,0.685070756189835
99,0.054054054,0.37541770935058594,0.23258697986602783,0.21511719826248674
100,0.594155844,0.5805463790893555,0.4985581338405609,0.48211373426892656
101,0.6980519479999999,0.5805463790893555,0.4985581338405609,0.4836765238902069
102,0.092391304,0.4423651099205017,0.08667153120040894,0.12158105901683373
103,0.386363636,0.3250155746936798,0.3074158728122711,0.3199844558345918
104,0.3733766229999999,0.3250155746936798,0.3074158728122711,0.3130958408699699
105,0.214673913,0.32819628715515137,0.2894097566604614,0.28165773647206493
106,0.892376682,0.6071279048919678,0.667555570602417,0.6547992146879664
107,0.054393305,0.47580015659332275,0.44914644956588745,0.4622759655932888
108,0.108303249,0.4047800302505493,0.5147011280059814,0.5310686313839768
109,0.8008658009999999,0.7838272452354431,0.6362320184707642,0.6555714034048186
110,0.768398268,0.7838272452354431,0.6362320184707642,0.6555714034048185
111,0.932885906,0.5441144108772278,0.589172899723053,0.591234579458364
112,0.363736264,0.5744691491127014,0.6756088733673096,0.6591591836874383
113,0.542105263,0.5969651937484741,0.6958967447280884,0.6821838676432871
114,0.50951087,0.3743613064289093,0.6807242631912231,0.6710383164830969
115,0.857336957,0.6379216909408569,0.9716411232948303,0.9083514910604249
116,0.0780219779999999,0.28886115550994873,0.27534422278404236,0.29713617360812017
117,0.150549451,0.5152497887611389,0.3784239590167999,0.3920009598171439
118,0.152597403,0.4880085289478302,0.4930301904678345,0.5051479978994667
119,0.216450216,0.4880085289478302,0.4930301904678345,0.508870926897604
120,0.83032491,0.563631534576416,0.8369005918502808,0.8435153566406297
121,0.526627219,0.5726635456085205,0.27467039227485657,0.2768521150982778
122,0.972477064,0.7228031158447266,0.8983485698699951,0.8608871611341629
123,0.558441558,0.5377114415168762,0.576141357421875,0.5780313842635028
124,0.213389121,0.4390711486339569,0.25752148032188416,0.28386036052332664
125,0.279120879,0.2470513880252838,0.228745698928833,0.23010645014102515
126,0.473372781,0.3895537853240967,0.40061843395233154,0.4146008089906538
127,0.296536797,0.43723157048225403,0.3463974595069885,0.35232760622088977
128,0.3268398269999999,0.43723157048225403,0.3463974595069885,0.34515582056411165
129,0.065217391,0.39711451530456543,0.21092554926872253,0.23313698005842118
130,0.40625,0.4249025583267212,0.2593703866004944,0.2863313105444446
131,0.403296703,0.4872058928012848,0.4423602521419525,0.4551682597965027
132,0.057971014,0.2792006731033325,0.14967569708824158,0.16749517082682525
133,0.4989177489999999,0.5988543033599854,0.6733009815216064,0.6568046612394841
134,0.7218614720000001,0.5988543033599854,0.6733009815216064,0.6618809305225031
135,0.8623188409999999,0.48684677481651306,0.34552061557769775,0.37157500186124476
136,0.067099567,0.5352054238319397,0.33699798583984375,0.3438756393362076
137,0.063852814,0.5352054238319397,0.33699798583984375,0.34520564846352536
138,0.870967742,0.5951352715492249,0.532377302646637,0.5510901728347758
139,0.44701087,0.4936841130256653,0.3954557776451111,0.4072246662972291
140,0.2010869569999999,0.4476242661476135,0.45569872856140137,0.46727638262403004
141,0.259927798,0.5699172019958496,0.36887651681900024,0.3749138555279359
142,0.306859206,0.3476763963699341,0.3729722499847412,0.36637394727270073
143,0.944954128,0.5159615874290466,0.49788302183151245,0.5104120896493642
144,0.587443946,0.663979172706604,0.7554019689559937,0.727678094928417
145,0.983766234,0.4806232452392578,0.6557197570800781,0.6367442015288178
146,0.993506494,0.4806232452392578,0.6557197570800781,0.6522065524095673
147,0.992307692,0.4559786915779114,0.4104200303554535,0.4196208083104884
148,0.340807175,0.43231964111328125,0.6076852083206177,0.6223235399788107
149,0.29978355,0.5281823873519897,0.3279561996459961,0.34776856041046467
150,0.449134199,0.5281823873519897,0.3279561996459961,0.34776856041046467
151,0.2096774189999999,0.5105316638946533,0.6837602853775024,0.6910110661520231
152,0.2197309419999999,0.5018581748008728,0.2252230942249298,0.20521197961567866
153,0.165680473,0.6623706817626953,0.6921769976615906,0.7095964013364267
154,0.368206522,0.6635490655899048,0.667272686958313,0.6582703931245814
155,0.262228261,0.4854291081428528,0.5302874445915222,0.5379960552344862
156,0.1494565219999999,0.3842103183269501,0.31537532806396484,0.29399786806591066
157,0.5970695970000001,0.7513589859008789,0.6427962183952332,0.6276213463236882
158,0.384057971,0.43836677074432373,0.24985095858573914,0.2283404575321355
159,0.566787004,0.46522194147109985,0.8064938187599182,0.7782500082388994
160,0.974025974,0.5168854594230652,0.5440990328788757,0.5590791964399454
161,0.6886446890000001,0.623666524887085,0.6037679314613342,0.5834701007840563
162,0.051948052,0.5127979516983032,0.5207898616790771,0.5367141559549231
163,0.023809524,0.5127979516983032,0.5207898616790771,0.5367336340318336
164,0.941576087,0.6599603891372681,0.45242738723754883,0.46078665151890164
165,0.242105263,0.4699554443359375,0.7877908945083618,0.7989460973097853
166,0.582417582,0.6741944551467896,0.37958627939224243,0.4080364539279566
167,0.19266055,0.48997706174850464,0.17890438437461853,0.17140734376431677
168,0.774456522,0.4875311851501465,0.3723350763320923,0.39277405142112987
169,0.324675325,0.4783687889575958,0.361517071723938,0.375698994541132
170,0.532608696,0.6403367519378662,0.6467992067337036,0.6403710373777377
171,0.591715976,0.7400028109550476,0.6842206716537476,0.6809056442269423
172,0.025104603,0.4328993558883667,0.16224679350852966,0.1714677558324822
173,0.294736842,0.7126749157905579,0.5140774250030518,0.5326204014304141
174,0.5579710139999999,0.6041120886802673,0.5532195568084717,0.5443165485029446
175,0.15625,0.5869852900505066,0.44092822074890137,0.4689117965667322
176,0.756493506,0.6802247762680054,0.7270394563674927,0.7365814408350015
177,0.8939393940000001,0.6802247762680054,0.7270394563674927,0.7401152977816099
178,0.489130435,0.568407416343689,0.6100384593009949,0.5939768306536689
179,0.6861924690000001,0.5581579208374023,0.40897637605667114,0.3889952797404327
180,0.8953068590000001,0.5846527814865112,0.7172132134437561,0.7166088024180199
181,0.226190476,0.5758250951766968,0.6163978576660156,0.6311875074124111
182,0.192640693,0.5758250951766968,0.6163978576660156,0.6192456698791187
183,0.943722944,0.665931224822998,0.6344944834709167,0.6656875250347846
184,0.918831169,0.665931224822998,0.6344944834709167,0.655064286324653
185,0.995515695,0.48140618205070496,0.5264788866043091,0.5326989828072674
186,0.332880435,0.3623676896095276,0.44345623254776,0.46135806686421754
187,0.961038961,0.5584327578544617,0.48594576120376587,0.4843999311906562
188,0.997835498,0.5584327578544617,0.48594576120376587,0.4868360132457027
189,0.857142857,0.6699040532112122,0.6407575607299805,0.6670795028071659
190,0.644351464,0.4389088451862335,0.596688985824585,0.5635289713269062
191,0.883116883,0.5635051727294922,0.7428497076034546,0.7405915826958751
192,0.564102564,0.6070155501365662,0.6313665509223938,0.6477248604914392
193,0.635135135,0.4330592155456543,0.4452468156814575,0.4655698710974746
194,0.750902527,0.6214810013771057,0.6615314483642578,0.647835339097331
195,0.669456067,0.710464596748352,0.7081140875816345,0.7396327832554016
196,0.543624161,0.49749892950057983,0.5233303308486938,0.5545364206531369
197,0.88451087,0.5799278020858765,0.3860006332397461,0.38328067050912706
198,0.841155235,0.749217689037323,0.9106377959251404,0.8673587341551634
199,0.6875,0.5844104290008545,0.47182077169418335,0.46177305041207595
200,0.446969697,0.26956743001937866,0.44808992743492126,0.448999989633205
201,0.4134199129999999,0.26956743001937866,0.44808992743492126,0.44016754888688603
202,0.014945652,0.5394188165664673,-0.10813450813293457,0.0650537248022472
203,0.958874459,0.4792925715446472,0.6892728805541992,0.670404164223493
204,0.967532468,0.4792925715446472,0.6892728805541992,0.677360635739289
205,0.936141304,0.5325733423233032,0.5543564558029175,0.5326858599779949
206,0.819494585,0.7206950187683105,0.6020230054855347,0.624731361300733
207,0.568047337,0.48039358854293823,0.6670805215835571,0.6636096834383322
208,0.597802198,0.6267433762550354,0.41009628772735596,0.4395155078467935
209,0.961038961,0.46624061465263367,0.6337248682975769,0.6576435959724192
210,0.932065217,0.61917644739151,0.3390906751155853,0.3663713197956413
211,0.298701299,0.623957097530365,0.6331100463867188,0.6163620083270107
212,0.505434783,0.6671029925346375,0.603852391242981,0.5931594074257588
213,0.272727273,0.5680292844772339,0.7535573244094849,0.7738767130869757
214,0.245670996,0.5680292844772339,0.7535573244094849,0.7673702002369416
215,0.685064935,0.6904755234718323,0.6846651434898376,0.6731314634999528
216,0.569264069,0.6904755234718323,0.6846651434898376,0.6660569910200373
217,0.1155234659999999,0.34920650720596313,0.23873090744018555,0.21719633469780725
218,0.951086957,0.6912519335746765,0.4414571523666382,0.45141592486633475
219,0.430706522,0.5745940804481506,0.570838451385498,0.5852735657541885
220,0.256493506,0.644158124923706,0.7293707728385925,0.7159404636639534
221,0.201298701,0.644158124923706,0.7293707728385925,0.7062202020693058
222,0.003246753,0.7185327410697937,0.5939942002296448,0.6154050821869683
223,0.004329004,0.7185327410697937,0.5939942002296448,0.6165439287127623
224,0.641255605,0.36626100540161133,0.31190982460975647,0.3049658027085037
225,0.6241758239999999,0.5467974543571472,0.5736885070800781,0.5633220394920933
226,0.524663677,0.5483351349830627,0.4809061288833618,0.49772885908124503
227,0.926605505,0.6163213849067688,0.40702974796295166,0.4029038858304164
228,0.136842105,0.49948325753211975,0.2964438498020172,0.2936641190435586
229,0.123376623,0.42289823293685913,0.40167301893234253,0.39218534233325986
230,0.817582418,0.639427900314331,0.5409214496612549,0.5693752861744258
231,0.235930736,0.5400493144989014,0.5190261602401733,0.52387117019968
232,0.506593407,0.5261453986167908,0.5031977891921997,0.4939407210768439
233,0.972527473,0.7323449850082397,0.6649616956710815,0.6677346686621106
234,0.098654709,0.7322186231613159,0.7057244777679443,0.6815092840201076
235,0.061688312,0.4579278230667114,0.5531856417655945,0.5302643868469179
236,0.073593074,0.4579278230667114,0.5531856417655945,0.5302643868469179
237,0.234375,0.4921376705169678,0.4459342360496521,0.42308173827882434
238,0.823104693,0.5652109980583191,0.7899659872055054,0.7698283127576628
239,0.581081081,0.6120508313179016,0.4715595245361328,0.48413880758867117
240,0.024456522,0.40558651089668274,0.32138150930404663,0.3403797591943628
241,0.223826715,0.5357567071914673,0.2813234329223633,0.30914593538596946
242,0.938628159,0.566041111946106,0.34767046570777893,0.36044719060316355
243,0.927797834,0.6259095072746277,0.6380749940872192,0.6287822594379351
244,0.304347826,0.3836541771888733,0.33992207050323486,0.31695902553065014
245,0.278532609,0.4642447531223297,0.34592393040657043,0.35909563317220616
246,0.230978261,0.4783923625946045,0.166701078414917,0.18436408861505993
247,0.5504587160000001,0.5677633285522461,0.32521799206733704,0.3450664721737628
248,0.791208791,0.7487424612045288,0.6924999356269836,0.6862909594642572
249,0.6038961039999999,0.5120461583137512,0.43508702516555786,0.44337105837949864
250,0.319293478,0.7598932385444641,0.38527631759643555,0.40405984598939676
251,0.03030303,0.3018758296966553,0.14543861150741577,0.15283585983899212
252,0.058441558,0.3018758296966553,0.14543861150741577,0.15283585983899212
253,0.1017316019999999,0.2876622676849365,-0.09973055124282837,0.059193118445118285
254,0.094155844,0.2876622676849365,-0.09973055124282837,0.05916333276298618
255,0.963768116,0.641059398651123,0.5162266492843628,0.5320863741914283
256,0.25631769,0.5671135187149048,0.5465145111083984,0.5589952611063755
257,0.107623318,0.5105275511741638,0.23485934734344482,0.2090623269284
258,0.28030303,0.44805389642715454,0.4879823327064514,0.5138046947866255
259,0.279220779,0.44805389642715454,0.4879823327064514,0.5138046947866255
260,0.25974026,0.573922872543335,0.6829676628112793,0.6717681720518563
261,0.251082251,0.550087034702301,0.6090968251228333,0.5902343274743129
262,0.1363636359999999,0.5178495645523071,0.7088660001754761,0.6979989619234075
263,0.127705628,0.5178495645523071,0.7088660001754761,0.6997623258784822
264,0.7173913040000001,0.7198042869567871,0.946374237537384,0.8998965704727917
265,0.421195652,0.4790234863758087,0.39606600999832153,0.40431196826219784
266,0.912751678,0.6876115798950195,0.813717246055603,0.8231453652637277
267,0.52293578,0.6894267797470093,0.7475388050079346,0.7523438928465351
268,0.949275362,0.6079298853874207,0.6183024644851685,0.6005179142529891
269,0.88961039,0.4183086156845093,0.40343570709228516,0.3951196009617747
270,0.641774892,0.6059491038322449,0.691025972366333,0.6760398691209917
271,0.576839827,0.6059491038322449,0.691025972366333,0.6820800800565195
272,0.556485356,0.4359956979751587,0.3994712233543396,0.412967825463832
273,0.991847826,0.8272541761398315,0.8466107845306396,0.8518051887131041
274,0.551630435,0.5779138207435608,0.7739002108573914,0.7425719917160806
275,0.61978022,0.6583840847015381,0.6888278126716614,0.6929797057128315
276,0.804347826,0.5235949754714966,0.4532424509525299,0.46637085557749125
277,0.416483516,0.534884512424469,0.6688670516014099,0.666010597464268
278,0.571428571,0.3597264885902405,0.4179982542991638,0.417228353031852
279,0.292307692,0.2832416296005249,0.38287222385406494,0.39889631400376685
280,0.825757576,0.6230624914169312,0.6168146729469299,0.6074251986485883
281,0.730519481,0.6230624914169312,0.6168146729469299,0.6074251986485883
282,0.542857143,0.6548898816108704,0.6711950302124023,0.672046020064559
283,0.725274725,0.4993513226509094,0.6620792746543884,0.64144363662857
284,0.4780219779999999,0.5617184638977051,0.4109843373298645,0.39718378005739385
285,0.682065217,0.719971239566803,0.6762133836746216,0.6806513456487044
286,0.623430962,0.6897609233856201,0.6002763509750366,0.6099652218435574
287,0.998917749,0.5354759097099304,0.5185419321060181,0.5258911436277105
288,0.998917749,0.5354759097099304,0.5185419321060181,0.5337133761520348
289,0.082880435,0.47446420788764954,0.36052241921424866,0.35517038531623846
290,0.614130435,0.6505581736564636,0.7357574701309204,0.7211503827495623
291,0.346467391,0.6621471643447876,0.7716031074523926,0.7821808096535545
292,0.5595667870000001,0.5470532774925232,0.5185009241104126,0.5517246468584244
293,0.273097826,0.6341331005096436,0.617276668548584,0.6164309427314894
294,0.924242424,0.6650604605674744,0.6413005590438843,0.635574424788854
295,0.87012987,0.6650604605674744,0.6413005590438843,0.635574424788854
296,0.629032258,0.6028515696525574,0.7966334819793701,0.7695405209829381
297,0.896103896,0.379628986120224,0.5944854617118835,0.5821289504936649
298,0.885281385,0.379628986120224,0.5944854617118835,0.5821289504936649
299,0.968421053,0.7276356816291809,0.6893613338470459,0.6673394897512149
300,0.7012987009999999,0.759113073348999,0.7070963978767395,0.687837447886358
301,0.581168831,0.759113073348999,0.7070963978767395,0.687837447886358
302,0.906926407,0.6890228390693665,0.7308915257453918,0.7339689675732275
303,0.86038961,0.6890228390693665,0.7308915257453918,0.7270304802783801
304,0.66442953,0.5885812044143677,0.40121567249298096,0.4153279911690645
305,0.873376623,0.6902658939361572,0.4701431691646576,0.4711404829054442
306,0.955627706,0.6902658939361572,0.4701431691646576,0.47114047479020316
307,0.769874477,0.6424543857574463,0.7471597194671631,0.7328449876299232
308,0.684563758,0.3674018085002899,0.5608237981796265,0.5840844335910945
309,0.624458874,0.4775601029396057,0.47514504194259644,0.4924612640869308
310,0.667748918,0.4775601029396057,0.47514504194259644,0.4924612640869308
311,0.557894737,0.6407708525657654,0.5507373213768005,0.5502047180392968
312,0.355072464,0.3592821955680847,0.4331238865852356,0.429063224669477
313,0.484848485,0.5931183695793152,0.5189549922943115,0.5255522136150255
314,0.0872483219999999,0.41784220933914185,0.19353896379470825,0.21415319123293053
315,0.2586580089999999,0.6164946556091309,0.7477051615715027,0.7458973640908217
316,0.19047619,0.6164946556091309,0.7477051615715027,0.7426459558641669
317,0.6879120879999999,0.4116288125514984,0.343381404876709,0.318119445479898
318,0.796703297,0.611879289150238,0.5719018578529358,0.5816297613826482
319,0.203125,0.4719688296318054,0.3671083152294159,0.38155729156800905
320,0.613636364,0.6247012615203857,0.5255798697471619,0.530181076367514
321,0.621212121,0.6247012615203857,0.5255798697471619,0.530181076367514
322,0.377289377,0.5377041101455688,0.4743080139160156,0.46731545909501215
323,0.8787878790000001,0.524060845375061,0.3373611569404602,0.3284956874185415
324,0.8712121209999999,0.524060845375061,0.3373611569404602,0.316661058664557
325,0.7510822509999999,0.5567635893821716,0.6033642888069153,0.5980476180747194
326,0.615942029,0.7048680782318115,0.8288898468017578,0.8422302754496545
327,0.23465704,0.465045303106308,0.44157543778419495,0.43162146855044586
328,0.922077922,0.4902816712856293,0.5370354652404785,0.5233537050913559
329,0.029585799,0.3238200545310974,0.2974366843700409,0.28573722114694294
330,0.976902174,0.7532081604003906,1.191112995147705,0.9572742664425624
331,0.380753138,0.5043392777442932,0.4077596664428711,0.40913402003576593
332,0.466450216,0.4532122313976288,0.45357629656791687,0.47856473175197395
333,0.4004329,0.4532122313976288,0.45357629656791687,0.47744451940296206
334,0.728033473,0.538500964641571,0.42736494541168213,0.4524738814684458
335,0.870036101,0.6043688654899597,0.317660927772522,0.3370819913873361
336,0.5838926170000001,0.8097508549690247,0.9993579387664795,0.9385415316995398
337,0.754329004,0.6216638684272766,0.6378800868988037,0.6300219616433123
338,0.739177489,0.6216638684272766,0.6378800868988037,0.625177833560877
339,0.4837662339999999,0.7619857788085938,0.5410287380218506,0.5571101679367991
340,0.411255411,0.7619857788085938,0.5410287380218506,0.5571101679367991
341,0.581168831,0.5014982223510742,0.4645453095436096,0.46738806759292073
342,0.613636364,0.5014982223510742,0.4645453095436096,0.4469268191518785
343,0.917119565,0.6183534860610962,0.3381761908531189,0.35504701804423844
344,0.8243243240000001,0.8219572305679321,0.7899649143218994,0.7595622878037922
345,0.108108108,0.48460379242897034,0.4730236232280731,0.4964721248069557
346,0.639053254,0.4905375838279724,0.5725640654563904,0.5525136343044155
347,0.156926407,0.5766583681106567,0.3460802137851715,0.3685919897904978
348,0.173160173,0.5766583681106567,0.3460802137851715,0.3625871380101272
349,0.0473372779999999,0.4117594361305237,0.6569106578826904,0.6501016018545981
350,0.661087866,0.5213461518287659,0.566735565662384,0.5736556852211911
351,0.7370129870000001,0.5412366986274719,0.5533666014671326,0.5337488103275831
352,0.672077922,0.5412366986274719,0.5533666014671326,0.5329387115047151
353,0.397186147,0.6367852687835693,0.6134828925132751,0.6142421443394198
354,0.3928571429999999,0.6367852687835693,0.6134828925132751,0.6192068161177486
355,0.064835165,0.2685212790966034,0.20449402928352356,0.19826999243249172
356,0.971119134,0.660347044467926,0.803363561630249,0.8012604254930888
357,0.742424242,0.45094865560531616,0.45816144347190857,0.4477885009660397
358,0.645021645,0.45094865560531616,0.45816144347190857,0.4501608938002152
359,0.277173913,0.5126796960830688,0.5102266073226929,0.5324866423184447
360,0.357142857,0.4152906537055969,0.3421875834465027,0.3174361338180041
361,0.414502165,0.4152906537055969,0.3421875834465027,0.31671338741171967
362,0.5476190479999999,0.34673574566841125,0.3517855405807495,0.37026675335355885
363,0.548701299,0.34673574566841125,0.3517855405807495,0.3696107823715402
364,0.864130435,0.696633517742157,0.8065158724784851,0.8255493861682598
365,0.231046931,0.6966535449028015,0.8731668591499329,0.8474224895646215
366,0.688311688,0.43545448780059814,0.22402775287628174,0.24156091686491798
367,0.624458874,0.43545448780059814,0.22402775287628174,0.24850295873673955
368,0.516233766,0.5054466128349304,0.4974764883518219,0.49765013744855346
369,0.518398268,0.5054466128349304,0.4974764883518219,0.48905786216671215
370,0.492753623,0.3312886953353882,0.38404160737991333,0.4030246585670409
371,0.87012987,0.453867107629776,0.6673075556755066,0.6559600617844994
372,0.2093862819999999,0.5343909859657288,0.6885902881622314,0.7132279102153909
373,0.710144928,0.5880725383758545,0.6389276385307312,0.6339632053685456
374,0.736263736,0.617918848991394,0.9024196267127991,0.884963978294823
375,0.6276150629999999,0.5718521475791931,0.6995512843132019,0.721037451356845
376,0.118206522,0.7054115533828735,0.8811461925506592,0.8744810396611411
377,0.33423913,0.13676226139068604,0.3193446397781372,0.33260616066243487
378,0.463203463,0.31543099880218506,0.252163290977478,0.2493282560360632
379,0.680735931,0.3967345654964447,0.5267558097839355,0.5259793857913636
380,0.5844155839999999,0.3967345654964447,0.5267558097839355,0.5153552024278962
381,0.686813187,0.6138293147087097,0.5240215063095093,0.5058869580210164
382,0.658967391,0.5176942348480225,0.4923873841762543,0.4727205803172972
383,0.117154812,0.4542921781539917,0.5711550116539001,0.5758706231305777
384,0.820083682,0.6318828463554382,0.6936837434768677,0.7015978005597012
385,0.5230125520000001,0.4053342938423157,0.36110833287239075,0.36066376310446197
386,0.55704698,0.5430704951286316,0.712875247001648,0.7185463858707434
387,0.436823105,0.3866227865219116,0.3403436243534088,0.3581289885909609
388,0.620938628,0.6155591011047363,0.8230077028274536,0.7984192662368124
389,0.053811659,0.3128708004951477,0.09018105268478394,0.13080986795639754
390,0.2323369569999999,0.3858814537525177,0.22279047966003418,0.21243061861814355
391,0.837837838,0.43732762336730957,0.23292726278305054,0.249518766597582
392,0.584837545,0.5416551828384399,0.5029062032699585,0.5045757826649053
393,0.12987013,0.6821891069412231,0.66428542137146,0.6774216356101619
394,0.311141304,0.7318997383117676,0.5210184454917908,0.5202670983188002
395,0.254945055,0.4843752086162567,0.4241921603679657,0.45151571667695645
396,0.7785326090000001,0.5674136877059937,0.6707972884178162,0.6578597924431361
397,0.74025974,0.6470561027526855,0.6999795436859131,0.6840642559424833
398,0.832967033,0.5985192656517029,0.6403245329856873,0.6110454982649491
399,0.608695652,0.3526846170425415,0.5556744933128357,0.5441778615068326
400,0.483754513,0.42694559693336487,0.42728304862976074,0.43849062448340914
401,0.5173160170000001,0.6221306324005127,0.732477605342865,0.7209127940767415
402,0.151515152,0.5143495798110962,0.40306204557418823,0.37734528992910554
403,0.145021645,0.5143495798110962,0.40306204557418823,0.37734528992910554
404,0.67965368,0.4800516366958618,0.5992024540901184,0.5937879887909566
405,0.692640693,0.4800516366958618,0.5992024540901184,0.5937879887909566
406,0.946969697,0.471470445394516,0.34643909335136414,0.3578122900645243
407,0.952380952,0.471470445394516,0.34643909335136414,0.3595579026080974
408,0.30125523,0.43652838468551636,0.43085044622421265,0.45540671575791947
409,0.284023669,0.3632601499557495,0.4465213418006897,0.44232663525217064
410,0.159763314,0.4244972765445709,0.2645520567893982,0.2394686333662666
411,0.024891775,0.4249104857444763,0.49340760707855225,0.5013739435159081
412,0.020562771,0.4249104857444763,0.49340760707855225,0.5005668092463019
413,0.614718615,0.48969459533691406,0.5189405083656311,0.5074082751111415
414,0.071428571,0.6400059461593628,0.24661663174629211,0.2504003037181635
415,0.031385281,0.6400059461593628,0.24661663174629211,0.24132424368651764
416,0.046195652,0.30848461389541626,0.15940558910369873,0.18439340585001535
417,0.882783883,0.650412380695343,0.5194814205169678,0.5072738265686025
418,0.406593407,0.7151339650154114,0.545763373374939,0.5641780019374647
419,0.793290043,0.49899807572364807,0.572145402431488,0.5518303104609329
420,0.788961039,0.49899807572364807,0.572145402431488,0.5596045204398672
421,0.059171598,0.4279812276363373,0.4026433527469635,0.4177087808689613
422,0.16576087,0.46637243032455444,0.5117434859275818,0.5237680449854598
423,0.755411255,0.3760294020175934,0.24870586395263672,0.26837476861750953
424,0.795454545,0.3760294020175934,0.24870586395263672,0.2683747686175096
425,0.487179487,0.5239928364753723,0.43607109785079956,0.4517496810657821
426,0.803030303,0.5762943029403687,0.3945991098880768,0.4061922622407712
427,0.877705628,0.5762943029403687,0.3945991098880768,0.41190741204100734
428,0.65470852,0.39262843132019043,0.38014328479766846,0.39878195687362383
429,0.454545455,0.24180766940116882,0.4479590654373169,0.42909037867256306
430,0.579710145,0.3864768445491791,0.36574292182922363,0.3480293423370593
431,0.16967509,0.6184436082839966,0.4657644033432007,0.4610802116727002
432,0.7797833940000001,0.5173660516738892,0.43994489312171936,0.44586962723574186
433,0.971428571,0.6281386017799377,0.661543071269989,0.6588242760917389
434,0.1884057969999999,0.2091197371482849,0.11386847496032715,0.12524372631478323
435,0.346320346,0.3685303330421448,0.33339589834213257,0.34379404639118777
436,0.645380435,0.4812496304512024,0.7295600175857544,0.7002110067700452
437,0.3765690379999999,0.6204379796981812,0.8494886159896851,0.8651066846172464
438,0.70923913,0.6908069849014282,0.5931318998336792,0.6058068550319623
439,0.761904762,0.3453444540500641,0.42802733182907104,0.4346925354419508
440,0.651515152,0.3453444540500641,0.42802733182907104,0.44897751306211997
441,0.175675676,0.4230063557624817,0.4447971284389496,0.425778630732936
442,0.252717391,0.8155648112297058,0.4746202528476715,0.4633255105591688
443,0.349112426,0.3467247486114502,0.5177257657051086,0.4995626129866097
444,0.520562771,0.5645428895950317,0.5345872640609741,0.5244951639692732
445,0.42965368,0.5645428895950317,0.5345872640609741,0.5231034280373157
446,0.99103139,0.5429337620735168,0.5215058326721191,0.523684390929558
447,0.052631579,0.4295903742313385,0.40915989875793457,0.4265649566382155
448,0.567567568,0.41958630084991455,0.5033649206161499,0.493847301144963
449,0.884476534,0.7366248369216919,0.8991585969924927,0.8555038264333854
450,0.545126354,0.5721418857574463,0.448787122964859,0.45900104908453954
451,0.635281385,0.6724992394447327,0.6858510375022888,0.6842287200847832
452,0.7716450220000001,0.6724992394447327,0.6858510375022888,0.6889072576653483
453,0.127516779,0.22663581371307373,0.3005332052707672,0.2702201129373608
454,0.3,0.31258493661880493,0.1271820068359375,0.1264155847953606
455,0.908424908,0.6402358412742615,0.7247390747070312,0.7055985753116547
456,0.226315789,0.2577330768108368,0.4843375086784363,0.4551131261057803
457,0.621621622,0.6490973234176636,0.7405233979225159,0.7219302060354331
458,0.6875,0.33640027046203613,0.548423171043396,0.5457764903232598
459,0.20995671,0.4289993941783905,0.4482612609863281,0.45068769657427243
460,0.351731602,0.4289993941783905,0.4482612609863281,0.4216854441506043
461,0.366847826,0.5930336713790894,0.6790904998779297,0.671890639476816
462,0.865800866,0.7265574932098389,0.6298013925552368,0.6537750382475338
463,0.82034632,0.7265574932098389,0.6298013925552368,0.6426942003315645
464,0.626315789,0.3123316764831543,0.23435917496681213,0.21231932097714679
465,0.585714286,0.5778542757034302,0.5185092091560364,0.5052133779571002
466,0.7907949790000001,0.5523056387901306,0.8929190039634705,0.874582554833575
467,0.2043956039999999,0.32342809438705444,0.2618669867515564,0.2511844311518456
468,0.952631579,0.5487303137779236,0.8873926401138306,0.8591527092080388
469,0.387096774,0.5180224180221558,0.6758951544761658,0.6624059134800577
470,0.996336996,0.7822569608688354,0.792945146560669,0.7699626407947076
471,0.567934783,0.33284908533096313,0.4314121603965759,0.44082547380644516
472,0.419354839,0.5691595077514648,0.6154047250747681,0.6316155951844746
473,0.5129870129999999,0.6257951855659485,0.2620971202850342,0.2600237638848565
474,0.224184783,0.5372298955917358,0.8165295720100403,0.7926770543568071
475,0.010869565,0.3360688090324402,0.15624454617500305,0.1753156369583567
476,0.331521739,0.6458189487457275,0.650039792060852,0.6688575662163727
477,0.595108696,0.8244824409484863,0.5546307563781738,0.5628381327106351
478,0.651376147,0.5309602618217468,0.44070377945899963,0.45381353025334537
479,0.7027027029999999,0.6802183389663696,0.7570406794548035,0.7319461168746029
480,0.97032967,0.71681809425354,0.6911464333534241,0.6965446968127179
481,0.734375,0.5803540945053101,0.7179730534553528,0.7112036486559195
482,0.42965368,0.6597936749458313,0.7995278239250183,0.786770800461084
483,0.436147186,0.6597936749458313,0.7995278239250183,0.7740452196776334
484,0.637445887,0.5050716996192932,0.5508631467819214,0.5623480066499611
485,0.571428571,0.5050716996192932,0.5508631467819214,0.5610053780616141
486,0.331168831,0.5814151763916016,0.7669839859008789,0.7526282942840532
487,0.378787879,0.5814151763916016,0.7669839859008789,0.7501715045122274
488,0.548736462,0.7257034778594971,0.6628392934799194,0.6937307440429856
489,0.738095238,0.4908153712749481,0.5236610174179077,0.5175268731383759
490,0.670995671,0.4908153712749481,0.5236610174179077,0.5441580250776308
491,0.61038961,0.5631259083747864,0.8747196197509766,0.8524527214376114
492,0.587662338,0.5631259083747864,0.8747196197509766,0.8521572457457178
493,0.615062762,0.5137442350387573,0.5463768243789673,0.5486450569087449
494,0.62012987,0.5490310788154602,0.6230200529098511,0.6098470237633202
495,0.822510823,0.5490310788154602,0.6230200529098511,0.6079700481518212
496,0.215367965,0.6236085891723633,0.5779032707214355,0.5764860591819699
497,0.305194805,0.6236085891723633,0.5779032707214355,0.5764860591819699
498,0.817582418,0.6231889724731445,0.6114614009857178,0.6393518294298604
499,0.837662338,0.6314268708229065,0.6225523352622986,0.6103319834245258
500,0.774891775,0.6314268708229065,0.6225523352622986,0.6137528926571256
501,0.514792899,0.45027846097946167,0.5179238319396973,0.5098022690818103
502,0.6038961039999999,0.3408649265766144,0.27604228258132935,0.30798069298382436
503,0.7486413040000001,0.42806172370910645,0.3458121418952942,0.35094117214410836
504,0.345238095,0.5321007370948792,0.3931429982185364,0.4044417033905483
505,0.4642857139999999,0.5321007370948792,0.3931429982185364,0.4044417033905483
506,0.010526316,0.4577037990093231,0.4505341649055481,0.43549208383278526
507,0.356043956,0.5348936319351196,0.8138597011566162,0.8029791140265432
508,0.135135135,0.2682485580444336,0.4706530272960663,0.4727046087232622
509,0.811688312,0.43430930376052856,0.6534057855606079,0.663282594557173
510,0.8311688309999999,0.43430930376052856,0.6534057855606079,0.6670954671778608
511,0.29076087,0.5062747597694397,0.5783553123474121,0.5727129776752079
512,0.963369963,0.7370760440826416,0.713485836982727,0.7430468140826616
513,0.059782609,0.5800390243530273,0.4517514705657959,0.4528750626074396
514,0.71969697,0.6526191234588623,0.584568440914154,0.5928100279026007
515,0.676406926,0.6526191234588623,0.584568440914154,0.5928100279026007
516,0.820652174,0.5358930230140686,0.5838910341262817,0.5763778607134755
517,0.815899582,0.6061830520629883,0.7241657972335815,0.7062732321476648
518,0.846320346,0.4927561581134796,0.5102580189704895,0.5011530468315748
519,0.883116883,0.4927561581134796,0.5102580189704895,0.501984361355068
520,0.507575758,0.6469744443893433,0.8679956197738647,0.8468619363779164
521,0.534632035,0.6469744443893433,0.8679956197738647,0.8466047220134543
522,0.13451087,0.28877004981040955,0.15575343370437622,0.17531787172153668
523,0.801630435,0.6442899107933044,0.7380861639976501,0.7306717325423445
524,0.442028986,0.4646056890487671,0.6114330887794495,0.615013683282192
525,0.955156951,0.580068826675415,0.5579856634140015,0.5347909165350817
526,0.03125,0.32671666145324707,0.2154178023338318,0.2377374438381077
527,0.509157509,0.515829861164093,0.3878636956214905,0.3634879770008963
528,0.917431193,0.6689566373825073,0.7067948579788208,0.7129193774113933
529,0.43956044,0.41973602771759033,0.7829835414886475,0.7599554740260128
530,0.7449664429999999,0.5160969495773315,0.5869431495666504,0.583143840556009
531,0.843956044,0.6076412200927734,0.6936262845993042,0.684566192077051
532,0.868131868,0.5745420455932617,0.4970749020576477,0.48944879915355843
533,0.180505415,0.26017144322395325,0.013140857219696045,0.08603411034965697
534,0.2175732219999999,0.44778019189834595,0.4835166335105896,0.4513661688174738
535,0.1861413039999999,0.5624409914016724,0.19975396990776062,0.2199422032146973
536,0.80733945,0.5410386919975281,0.5841445326805115,0.6060789429127176
537,0.878661088,0.6233009099960327,0.7232268452644348,0.7061697921673111
538,0.543290043,0.5130111575126648,0.5750082731246948,0.5980326233429897
539,0.41576087,0.5343353152275085,0.706731915473938,0.7069000663128561
540,0.403532609,0.5680904388427734,0.49783021211624146,0.4848203835685898
541,0.974184783,0.4269537925720215,0.222567617893219,0.19531988844408726
542,0.1688311689999999,0.3607289791107178,0.1982649564743042,0.22918176733359272
543,0.467532468,0.4163724482059479,0.5226929187774658,0.5344620042307662
544,0.607142857,0.4163724482059479,0.5226929187774658,0.5243496536836862
545,0.910326087,0.6417924761772156,0.3649502396583557,0.39559267593478625
546,0.3913043479999999,0.361187607049942,0.591953456401825,0.5963618138031194
547,0.932900433,0.6220422387123108,0.4925428330898285,0.47403265983470455
548,0.891774892,0.6220422387123108,0.4925428330898285,0.4794166623694247
549,0.7826086959999999,0.6574876308441162,0.9477092623710632,0.9019192932012458
550,0.472943723,0.45274433493614197,0.6308499574661255,0.6056836062477009
551,0.457792208,0.45274433493614197,0.6308499574661255,0.6156963555648236
552,0.924187726,0.6738447546958923,0.8419209718704224,0.833004755335878
553,0.555706522,0.47115588188171387,0.6146200895309448,0.6037124294635636
554,0.7160326090000001,0.6296456456184387,0.47220730781555176,0.4660179433851639
555,0.2315789469999999,0.7188359498977661,0.7682130932807922,0.7380377746844052
556,0.443722944,0.5587687492370605,0.5283833742141724,0.5411889213739733
557,0.529220779,0.5587687492370605,0.5283833742141724,0.5411889213739733
558,0.97826087,0.747269332408905,0.7414706945419312,0.720260489296058
559,0.3125,0.6288427710533142,0.5017356872558594,0.5199989201805848
560,0.596412556,0.43045079708099365,0.3985292613506317,0.38019041921519725
561,0.314079422,0.2782583236694336,0.1178070604801178,0.11132120060541113
562,0.339673913,0.5208086967468262,0.34236371517181396,0.3500688038679927
563,0.592057762,0.7210959196090698,0.6837624907493591,0.6807582170869939
564,0.015151515,0.4811691343784332,0.4100241959095001,0.40610327399279256
565,0.422382671,0.4953123927116394,0.45423439145088196,0.4841371446713146
566,0.638586957,0.5101563930511475,0.5334985852241516,0.5535939581640579
567,0.894021739,0.6626941561698914,0.7617119550704956,0.7392764499429119
568,0.935779817,0.5598164200782776,0.5471270084381104,0.5591124722078131
569,0.514069264,0.470409095287323,0.6018400192260742,0.594968664144697
570,0.53030303,0.470409095287323,0.6018400192260742,0.5942036755896045
571,0.577922078,0.4855508506298065,0.4409061670303345,0.4217733803247938
572,0.595238095,0.4855508506298065,0.4409061670303345,0.42187765694818424
573,0.622294372,0.4573853015899658,0.5064494609832764,0.48827307380349705
574,0.575757576,0.4573853015899658,0.5064494609832764,0.5159440807876747
575,0.585597826,0.3456077575683594,0.25171077251434326,0.27366268769403296
576,0.765690377,0.5367261171340942,0.5651675462722778,0.5756041814153778
577,0.130434783,0.4037378430366516,0.2555728256702423,0.2567520815031905
578,0.042207792,0.21810412406921387,0.3422989249229431,0.3441365524428335
579,0.0919913419999999,0.21810412406921387,0.3422989249229431,0.35320974900805513
580,0.612554113,0.39405056834220886,0.6279468536376953,0.5971692587904419
581,0.906137184,0.6834698915481567,0.8571982383728027,0.8286211969481239
582,0.268115942,0.32844042778015137,0.29836738109588623,0.2862890469766576
583,0.875739645,0.7582955360412598,0.8989558815956116,0.9010150889158297
584,0.905844156,0.3844206929206848,0.49540501832962036,0.5021664055809936
585,0.94047619,0.3844206929206848,0.49540501832962036,0.49734266137130934
586,0.826086957,0.4559268355369568,0.627554178237915,0.6116465306472962
587,0.032967033,0.34413963556289673,0.13672050833702087,0.14575447970938343
588,0.989169675,0.6062033772468567,0.6223142147064209,0.6213098428640181
589,0.851731602,0.4394370913505554,0.5893405079841614,0.5808234142068599
590,0.853896104,0.4394370913505554,0.5893405079841614,0.5808234142068599
591,0.062761506,0.3841540813446045,0.2664232850074768,0.25415257799477453
592,0.054945055,0.4327964186668396,0.3696137070655823,0.36117202687999705
593,0.355029586,0.9034445285797119,0.7633824348449707,0.772212317653121
594,0.19133574,0.3251362442970276,0.3724207580089569,0.3643685259601811
595,0.522727273,0.38054561614990234,0.5090036988258362,0.5000055157392372
596,0.487012987,0.38054561614990234,0.5090036988258362,0.5077632313472326
597,0.435897436,0.5657532215118408,0.6450856924057007,0.6506896261809538
598,0.4428571429999999,0.5424284338951111,0.7332500219345093,0.7219372395201022
599,0.704142012,0.6307735443115234,0.7330631017684937,0.7078456002610265
600,0.882034632,0.5647736191749573,0.724094033241272,0.7075556137151546
601,0.937229437,0.5647736191749573,0.724094033241272,0.7033412887279187
602,0.605494505,0.5636315941810608,0.4352957010269165,0.45560085785128046
603,0.7064220179999999,0.5712528824806213,0.4636498987674713,0.44188701750993065
604,0.53125,0.40714284777641296,0.4926906228065491,0.5208800060880957
605,0.636363636,0.637096643447876,0.6910864114761353,0.6753238169145499
606,0.946153846,0.6500975489616394,0.6237970590591431,0.6087311981169098
607,0.828402367,0.4143005907535553,0.4859463572502136,0.5023082733643571
608,0.7364620940000001,0.48239070177078247,0.6054368019104004,0.5866296385462313
609,0.888586957,0.5470744967460632,0.35226011276245117,0.37299637883874925
610,0.816513761,0.44618576765060425,0.9376568794250488,0.9068809458707401
611,0.5324675320000001,0.4102034568786621,0.48715683817863464,0.5091407254599369
612,0.961956522,0.8487987518310547,1.026342749595642,0.9440426008938323
613,0.7326839829999999,0.5133498311042786,0.5160903334617615,0.4961456762068441
614,0.70021645,0.5133498311042786,0.5160903334617615,0.495571108600504
615,0.3600543479999999,0.43649542331695557,0.3134163022041321,0.3416259932102409
616,0.082251082,0.47639286518096924,0.4599096179008484,0.46781050520811507
617,0.1417748919999999,0.47639286518096924,0.4599096179008484,0.4634710367361141
618,0.347826087,0.5291624665260315,0.6811871528625488,0.6977138288542435
619,0.707581227,0.41018423438072205,0.488548219203949,0.48537999548907274
620,0.215246637,0.5457383990287781,0.35507485270500183,0.3364938092330203
621,0.7463768120000001,0.42475977540016174,0.412898451089859,0.42351702542651076
622,0.376681614,0.5337080359458923,0.477923184633255,0.4863788636013792
623,0.637583893,0.4244341254234314,0.49754250049591064,0.4810657015356482
624,0.2738095239999999,0.6913124918937683,0.6535675525665283,0.6512407706409331
625,0.345238095,0.6913124918937683,0.6535675525665283,0.6494649682835998
626,0.296028881,0.6100612282752991,0.4276489019393921,0.43755404336293
627,0.726190476,0.5147411227226257,0.42710840702056885,0.41635359594020827
628,0.664502165,0.5147411227226257,0.42710840702056885,0.42647850695447964
629,0.647186147,0.5662254095077515,0.6885561943054199,0.6881913787248706
630,0.643939394,0.5662254095077515,0.6885561943054199,0.6881913787248706
631,0.6895306859999999,0.48306941986083984,1.039884090423584,0.941098558504822
632,0.710059172,0.5320374369621277,0.7641686201095581,0.7520185382449631
633,0.7857142859999999,0.7095703482627869,0.706939697265625,0.6876441736306074
634,0.235930736,0.4054732620716095,0.3856674134731293,0.3786086494084778
635,0.247835498,0.4054732620716095,0.3856674134731293,0.3786086494084779
636,0.807531381,0.7106223106384277,0.6377506852149963,0.6644975265431279
637,0.931578947,0.6759912371635437,0.6335946917533875,0.6459837264587993
638,0.7247706420000001,0.7960408329963684,0.916691780090332,0.88799197656711
639,0.1893939389999999,0.39714357256889343,0.6619726419448853,0.6448807203780598
640,0.221861472,0.39714357256889343,0.6619726419448853,0.6346853251132369
641,0.372384937,0.38130712509155273,0.4012942314147949,0.42070513678735266
642,0.42599278,0.6194149255752563,0.666571855545044,0.6382219880334619
643,0.315384615,0.5820568203926086,0.5284708142280579,0.5601593165145797
644,0.201834862,0.3424989879131317,0.3960310220718384,0.3968955067952554
645,0.453846154,0.6009172201156616,0.6669529676437378,0.6676042955877467
646,0.993506494,0.6437546610832214,0.7776696085929871,0.7713962596209242
647,0.985930736,0.6437546610832214,0.7776696085929871,0.7768761188105092
648,0.4887892379999999,0.6970219016075134,0.7903140187263489,0.7950980801040117
649,0.3263157889999999,0.3485890030860901,0.22654888033866882,0.21900805818101554
650,0.1807065219999999,0.5047419667243958,0.3949255645275116,0.3799030549725356
651,0.732336957,0.5208326578140259,0.44704341888427734,0.4387086506136046
652,0.869955157,0.40705084800720215,0.41002732515335083,0.40483877211286995
653,0.559782609,0.6452263593673706,0.6698504686355591,0.6951740226809073
654,0.642201835,0.6210202574729919,0.6677032709121704,0.6831024955482954
655,0.524456522,0.4161560535430908,0.4365008473396301,0.4676377201815265
656,0.279220779,0.4973449110984802,0.44403302669525146,0.4405118349835099
657,0.316017316,0.4973449110984802,0.44403302669525146,0.4307054765367584
658,0.364835165,0.3300776183605194,0.2736653685569763,0.29450886058361936
659,0.40625,0.5512598752975464,0.31447601318359375,0.33533529387359007
660,0.46875,0.6166790127754211,0.7923183441162109,0.794189805204538
661,0.957880435,0.5642157793045044,0.6835106611251831,0.6685976658357222
662,0.904395604,0.5701255798339844,0.6816767454147339,0.6656315468359698
663,0.476190476,0.5664803981781006,0.44706517457962036,0.4498096727217119
664,0.869565217,0.6028188467025757,0.8475620746612549,0.8173214721527498
665,0.08423913,0.43651941418647766,0.4161674678325653,0.42142118080887675
666,0.654891304,0.5851712226867676,0.7160586714744568,0.7293742214885859
667,0.941704036,0.4891488254070282,0.4844755530357361,0.4512352949008027
668,0.259414226,0.41134801506996155,0.5138649344444275,0.5305540134656502
669,0.046536797,0.5462179183959961,0.7736533284187317,0.7542007832623526
670,0.064935065,0.5462179183959961,0.7736533284187317,0.7591326494103131
671,0.063852814,0.4196404814720154,0.6248652935028076,0.6366763210422506
672,0.103896104,0.4196404814720154,0.6248652935028076,0.6391409402649828
673,0.7928994079999999,0.24389684200286865,0.167359858751297,0.18597037001473465
674,0.7852348990000001,0.20475992560386658,0.19356799125671387,0.19581286795905217
675,0.286684783,0.26350998878479004,0.339654803276062,0.33808888173923984
676,0.278947368,0.19392821192741394,0.12575671076774597,0.14134710304868076
677,0.695652174,0.6855875253677368,0.865791916847229,0.8284389947394286
678,0.992424242,0.5130548477172852,0.7102925777435303,0.7056573902470011
679,0.965367965,0.5130548477172852,0.7102925777435303,0.7053914970092146
680,0.01793722,0.4224196672439575,0.25803348422050476,0.2512818723931399
681,0.885869565,0.4241983890533447,0.3777380883693695,0.382303037493153
682,0.957894737,0.680258572101593,0.7220199108123779,0.7290160995677823
683,0.574728261,0.6498882174491882,0.7250065803527832,0.7295814302840329
684,0.096703297,0.6257315278053284,0.6605912446975708,0.6475776097731503
685,0.923913043,0.4715944528579712,0.665056586265564,0.6889840941767451
686,0.422818792,0.23688510060310364,0.4163844585418701,0.4001531980460699
687,0.127705628,0.2775404453277588,0.03269180655479431,0.06349698160499774
688,0.012987013,0.2775404453277588,0.03269180655479431,0.07549849231554602
689,0.260822511,0.3911747336387634,0.4666256904602051,0.4855532386475727
690,0.226190476,0.3911747336387634,0.4666256904602051,0.45013456610979263
691,0.399456522,0.5494730472564697,0.5808942317962646,0.5669997284527707
692,0.968614719,0.3669833242893219,0.6169614791870117,0.6265940080355265
693,0.99025974,0.3669833242893219,0.6169614791870117,0.6265501343257749
694,0.79916318,0.48011043667793274,0.6335519552230835,0.6289477936731921
695,0.333333333,0.5606452226638794,0.6439316868782043,0.6398508478913285
696,0.021645022,0.3237760365009308,0.15321439504623413,0.14454127201364544
697,0.037878788,0.3237760365009308,0.15321439504623413,0.14733305741554487
698,0.461956522,0.5921924114227295,0.5780550241470337,0.599459605913826
699,0.2477064219999999,0.4767736494541168,0.2784971296787262,0.2527331093264322
700,0.367713004,0.45920366048812866,0.44796422123908997,0.4242765035255409
701,0.218934911,0.2954339385032654,0.26464131474494934,0.26126465110138886
702,0.906593407,0.6241923570632935,0.5678133964538574,0.5924724261904601
703,0.828125,0.6111013889312744,0.5253447890281677,0.5427348846884856
704,0.04978355,0.18272700905799866,0.14462962746620178,0.16442154032959566
705,0.095238095,0.18272700905799866,0.14462962746620178,0.17462611338720607
706,0.923076923,0.5676625370979309,0.5587450265884399,0.5262158480808082
707,0.8125,0.5846012234687805,0.6415625214576721,0.6310525143604493
708,0.52967033,0.5311364531517029,0.6215469837188721,0.6311021621540285
709,0.115789474,0.48084521293640137,0.4548643231391907,0.4815894188806903
710,0.96969697,0.5220614075660706,0.7455766201019287,0.7362592053492691
711,0.962121212,0.5220614075660706,0.7455766201019287,0.7224142203548327
712,0.346320346,0.2289753556251526,0.18673598766326904,0.19247920986291028
713,0.363636364,0.2289753556251526,0.18673598766326904,0.18865878050282114
714,0.50887574,0.3951789438724518,0.5631579160690308,0.5400057854867824
715,0.336842105,0.4716789424419403,0.6232679486274719,0.6038533760986975
716,0.980519481,0.3782728314399719,0.4902292490005493,0.47352314293549747
717,0.966450216,0.3782728314399719,0.4902292490005493,0.48695751876065213
718,0.8456375840000001,0.5611106157302856,0.49146899580955505,0.4811195048881039
719,0.8994082840000001,0.3071863055229187,0.3051973581314087,0.3137955929609294
720,0.730519481,0.5941668748855591,0.5979520082473755,0.6018159954234956
721,0.754329004,0.5941668748855591,0.5979520082473755,0.6031554538304642
722,0.802690583,0.41712847352027893,0.3268348276615143,0.3416376274691765
723,0.975108225,0.530017614364624,0.5286256074905396,0.5364408014976355
724,0.948051948,0.530017614364624,0.5286256074905396,0.5354325723011911
725,0.540540541,0.4032607972621918,0.7306728363037109,0.7578742713489831
726,0.698369565,0.43457168340682983,0.571593165397644,0.5591082680281065
727,0.229619565,0.31651943922042847,0.2719733417034149,0.29319312112014356
728,0.431578947,0.5320098996162415,0.5808481574058533,0.5751042377057703
729,0.575091575,0.4600733518600464,0.22535309195518494,0.24233564478968522
730,0.128440367,0.6581025719642639,0.6556873917579651,0.6413966327271421
731,0.048351648,0.4655885100364685,0.21948209404945374,0.20583761048150062
732,0.43956044,0.4155147075653076,0.4778357148170471,0.48834652622920727
733,0.6087912089999999,0.4104622006416321,0.32046377658843994,0.32588476328872484
734,0.21969697,0.2231031060218811,0.33098065853118896,0.3353590653013116
735,0.214285714,0.2231031060218811,0.33098065853118896,0.33535906530131154
736,0.4626373629999999,0.41328540444374084,0.47609180212020874,0.47139066754762404
737,0.129032258,0.4525129497051239,0.5056402683258057,0.5126641694155123
738,0.0978260869999999,0.6756991744041443,0.3739372789859772,0.36905889228263916
739,0.004329004,0.36314356327056885,0.43119120597839355,0.4322530542289341
740,0.0194805189999999,0.36314356327056885,0.43119120597839355,0.4318837347304565
741,0.593073593,0.4664663076400757,0.6304029226303101,0.6475591469372372
742,0.7056277059999999,0.4664663076400757,0.6304029226303101,0.6360048036735344
743,0.303296703,0.28467607498168945,0.38057827949523926,0.385315528074607
744,0.76146789,0.5542078018188477,0.8660683631896973,0.8314147210082525
745,0.175732218,0.4955190420150757,0.3979756832122803,0.39009379792900967
746,0.33632287,0.37080466747283936,0.4615733325481415,0.4612262241129771
747,0.876623377,0.48147064447402954,0.24255579710006714,0.22975176536588204
748,0.847368421,0.8151448965072632,0.7299029231071472,0.7311227130236813
749,0.058295964,0.2980329394340515,0.13394874334335327,0.16533196800375627
750,0.4811715479999999,0.31533169746398926,0.13416075706481934,0.16735419041493235
751,0.921875,0.6398643255233765,0.4302239418029785,0.4349195950724969
752,0.293577982,0.3348065912723541,0.29614847898483276,0.28583785171877757
753,0.0747282609999999,0.4525609016418457,0.47693488001823425,0.46563306835959506
754,0.4052631579999999,0.5638604164123535,0.6528753638267517,0.6291827160517807
755,0.963302752,0.5206080675125122,0.5735388398170471,0.5730561488997172
756,0.238267148,0.4474191665649414,0.3684206008911133,0.36296401189954863
757,0.5896739129999999,0.518027663230896,0.6552115678787231,0.6391192818618148
758,0.289855072,0.5332499146461487,0.5896764397621155,0.6043151933177251
759,0.610054348,0.7276756763458252,0.7578179836273193,0.7386835800053226
760,0.59566787,0.5383047461509705,0.5044970512390137,0.5192655005553539
761,0.7142857140000001,0.759539008140564,0.8075777292251587,0.8052807737377851
762,0.625541126,0.759539008140564,0.8075777292251587,0.7835658703141076
763,0.425271739,0.4596497118473053,0.5279988646507263,0.5423994235369729
764,0.465703971,0.26528939604759216,0.3232467472553253,0.32339363912372443
765,0.253246753,0.3625260591506958,0.4724805951118469,0.47403785177236035
766,0.1087866109999999,0.4748506247997284,0.37256956100463867,0.3944886750125135
767,0.181318681,0.3970230221748352,0.12333613634109497,0.15202596840928612
768,0.919463087,0.644641637802124,0.7961300015449524,0.7646355386345492
769,0.534798535,0.41638273000717163,0.5291298627853394,0.5188729954775999
770,0.606060606,0.44369566440582275,0.3687008023262024,0.35693129269604795
771,0.430735931,0.44369566440582275,0.3687008023262024,0.35693129269604795
772,0.0157894739999999,0.4570343792438507,0.4696754813194275,0.47332494662493774
773,0.528532609,0.6179840564727783,0.44114673137664795,0.4712257793777953
774,0.666666667,0.7461575865745544,0.7453932762145996,0.7385358449335989
775,0.048387097,0.39487114548683167,0.3641957938671112,0.38428978525917434
776,0.919413919,0.5340612530708313,0.5270813703536987,0.5178205586019803
777,0.5353260870000001,0.4431619346141815,0.43091073632240295,0.4021107452749755
778,0.035326087,0.5811941623687744,0.5968692898750305,0.5777015544298143
779,0.399103139,0.6034840941429138,0.7108860611915588,0.6800988357184983
780,0.028880866,0.3029557764530182,0.16223061084747314,0.1813341990015166
781,0.113553114,0.5231984853744507,0.444125771522522,0.45144690283330957
782,0.394736842,0.5176920890808105,0.3700699210166931,0.38350714677470893
783,0.997282609,0.554309070110321,0.7284601926803589,0.7140335663413165
784,0.245670996,0.456575483083725,0.29094815254211426,0.28924963436280593
785,0.267316017,0.456575483083725,0.29094815254211426,0.28924963436280593
786,0.909090909,0.35256868600845337,0.24462121725082397,0.25862897246057837
787,0.95995671,0.35256868600845337,0.24462121725082397,0.2631163238431733
788,0.211038961,0.45156800746917725,0.6442732810974121,0.6403597278593913
789,0.1558441559999999,0.45156800746917725,0.6442732810974121,0.6335569134212308
790,0.872294372,0.7999599575996399,0.5671970844268799,0.5735162348513396
791,0.8008658009999999,0.7999599575996399,0.5671970844268799,0.5751424939728826
792,0.7580645159999999,0.5693474411964417,0.5670274496078491,0.5724781262819607
793,0.448051948,0.2870424687862396,0.13249516487121582,0.148745645161759
794,0.390692641,0.2870424687862396,0.13249516487121582,0.1410279445645478
795,0.4740259739999999,0.3921208381652832,0.4456930160522461,0.4575412310655021
796,0.3116883119999999,0.3943570852279663,0.2845858037471771,0.30943744741488505
797,0.416666667,0.3943570852279663,0.2845858037471771,0.30572018140944235
798,0.895021645,0.5998846292495728,0.6649738550186157,0.6601576789997636
799,0.8863636359999999,0.5998846292495728,0.6649738550186157,0.6429842042114695
800,0.612554113,0.5663255453109741,0.4692108631134033,0.4867167542198006
801,0.867965368,0.5663255453109741,0.4692108631134033,0.49356132896153004
802,0.142663043,0.5946363806724548,0.7196475863456726,0.7104863197864923
803,0.369565217,0.39924657344818115,0.6138246655464172,0.6364998586308381
804,0.362771739,0.3693416118621826,0.5359129905700684,0.5253078858738094
805,0.970711297,0.7300283908843994,0.6594507098197937,0.651754667105503
806,0.6117216120000001,0.4902380704879761,0.5017287731170654,0.5215106302655582
807,0.0384615379999999,0.41525352001190186,0.4089609980583191,0.40117350252988077
808,0.696969697,0.5429587364196777,0.4632606506347656,0.45562247053024363
809,0.029304029,0.34057942032814026,0.20007619261741638,0.2247811664704244
810,0.60251046,0.47895145416259766,0.46787160634994507,0.4925825510626367
811,0.594736842,0.6418280005455017,0.7106190323829651,0.7283410880556316
812,0.085201794,0.6540628671646118,0.6264783143997192,0.6238972260497118
813,0.264945652,0.44947415590286255,0.6167224049568176,0.5966882899985876
814,0.005411255,0.2846872806549072,0.06399121880531311,0.09270318414792655
815,0.016233766,0.2846872806549072,0.06399121880531311,0.1001977526343985
816,0.225108225,0.5028727054595947,0.40689533948898315,0.39037874450854104
817,0.231601732,0.5028727054595947,0.40689533948898315,0.3873879899486925
818,0.4175824179999999,0.5265248417854309,0.3344751000404358,0.3228815191875968
819,0.822485207,0.6370315551757812,0.5509240627288818,0.5413403179960973
820,0.064935065,0.5135235786437988,0.3430585563182831,0.31153687801970953
821,0.926174497,0.5457626581192017,0.48350954055786133,0.4524583402219383
822,0.222943723,0.6154792904853821,0.6726664304733276,0.6644809711961787
823,0.1991341989999999,0.6154792904853821,0.6726664304733276,0.6673218202632502
824,0.047619048,0.2384038269519806,0.26343464851379395,0.2788101454293548
825,0.07034632,0.2384038269519806,0.26343464851379395,0.27710314822593807
826,0.242677824,0.47971111536026,0.4706452488899231,0.44052212968406196
827,0.40433213,0.661489725112915,0.3537936508655548,0.35724616617179883
828,0.174887892,0.3202766478061676,0.24889755249023438,0.24565702132813855
829,0.660550459,0.7274436354637146,0.7608117461204529,0.7624512782511251
830,0.329004329,0.4358099102973938,0.40158987045288086,0.4151493034694732
831,0.33982684,0.32279229164123535,0.24626058340072632,0.2784538625328289
832,0.616883117,0.6969016194343567,0.7525664567947388,0.7492616520823645
833,0.62987013,0.6969016194343567,0.7525664567947388,0.7415920697495928
834,0.65625,0.44234704971313477,0.2545506954193115,0.28217331787371763
835,0.751677852,0.4163341820240021,0.5263682007789612,0.5324917092424022
836,0.110526316,0.18936574459075928,0.12122568488121033,0.14254069208687936
837,0.322510823,0.657565712928772,0.46150827407836914,0.473822697986578
838,0.881656805,0.6105911731719971,0.5291506052017212,0.537467132778062
839,0.709677419,0.5009225010871887,0.36668068170547485,0.3469143506971074
840,0.596703297,0.5640079379081726,0.4126313328742981,0.42994223737108334
841,0.6032967029999999,0.3490670621395111,0.48547959327697754,0.48282688800487683
842,0.4130434779999999,0.4080425500869751,0.34382203221321106,0.37136605487377655
843,0.044372294,0.584751546382904,0.3667110204696655,0.3695657689175035
844,0.11038961,0.584751546382904,0.3667110204696655,0.3695657689175035
845,0.4130434779999999,0.4328365921974182,0.5343541502952576,0.5269785118887687
846,0.1956521739999999,0.44763705134391785,0.4278775453567505,0.4173838400193503
847,0.4177489179999999,0.7147384881973267,0.6785475015640259,0.6771801369896753
848,0.66017316,0.7147384881973267,0.6785475015640259,0.6755113302381632
849,0.366863905,0.7118889093399048,0.7920327186584473,0.7605715323720017
850,0.649456522,0.5071495175361633,0.4987737238407135,0.48410600158766937
851,0.789855072,0.4736824035644531,0.6155035495758057,0.5968248313819255
852,0.7662337659999999,0.5807188153266907,0.8415677547454834,0.8321994442068055
853,0.757575758,0.5807188153266907,0.8415677547454834,0.8307802299262241
854,0.86038961,0.4981158375740051,0.3699682950973511,0.3642602201467633
855,0.722943723,0.4981158375740051,0.3699682950973511,0.35512180087126655
856,0.563858696,0.4300055503845215,0.2949174642562866,0.3006512379226874
857,0.368200837,0.2865773141384125,0.5379335880279541,0.5225831901436403
858,0.390134529,0.3127872943878174,0.5154872536659241,0.5177593059834237
859,0.69047619,0.5553524494171143,0.8534160256385803,0.8456779326172638
860,0.892663043,0.46272990107536316,0.6372929215431213,0.6372365209666806
861,0.617965368,0.2440507709980011,0.4508912265300751,0.46367792741621283
862,0.6114718610000001,0.2440507709980011,0.4508912265300751,0.4561599837206398
863,0.736413043,0.7775488495826721,1.1819055080413818,0.9288756266286653
864,0.429347826,0.4796942472457886,0.38967156410217285,0.41603221290865916
865,0.378698225,0.4713447690010071,0.5264062881469727,0.5336073815612213
866,0.7435897440000001,0.7629021406173706,0.9109951257705688,0.867123361526259
867,0.207792208,0.5497134923934937,0.8740152716636658,0.8638011291290191
868,0.177489177,0.5497134923934937,0.8740152716636658,0.8638011291290191
869,0.66991342,0.3196677565574646,0.20002567768096924,0.2178883418716242
870,0.673160173,0.3196677565574646,0.20002567768096924,0.2178883418716242
871,0.45021645,0.6646466255187988,0.2530132532119751,0.2362427690398601
872,0.962121212,0.5208036303520203,0.8664625287055969,0.8487043646752723
873,0.968614719,0.5208036303520203,0.8664625287055969,0.8582093585953993
874,0.675324675,0.5734907388687134,0.41678792238235474,0.43084572739039184
875,0.626623377,0.5734907388687134,0.41678792238235474,0.43084572739039184
876,0.0883152169999999,0.46816742420196533,0.30769699811935425,0.326508269452775
877,0.8423913040000001,0.6500539183616638,0.6714320182800293,0.6584052900391086
878,0.501805054,0.4510013461112976,0.6644134521484375,0.6643249038369945
879,0.121621622,0.1716761589050293,0.08918380737304688,0.13410183750808524
880,0.170995671,0.38321271538734436,0.27454620599746704,0.27703060285881753
881,0.119047619,0.38321271538734436,0.27454620599746704,0.2845489551170799
882,0.5,0.709729790687561,0.6747141480445862,0.6927590926973954
883,0.304112554,0.5408197045326233,0.6116356253623962,0.6229311916523242
884,0.285714286,0.5408197045326233,0.6116356253623962,0.6229311916523242
885,0.836842105,0.7047826051712036,0.6364355087280273,0.6173758920904631
886,0.03030303,0.448938250541687,0.22673165798187256,0.24884550558513047
887,0.827838828,0.7603069543838501,0.5926415324211121,0.6034621167092448
888,0.733727811,0.5759161710739136,0.5291241407394409,0.5560345566298356
889,0.5787545789999999,0.59755939245224,0.3974548578262329,0.38958899696747007
890,0.92798913,0.5374059081077576,0.4596848487854004,0.4441930653927251
891,0.8053691279999999,0.7101567983627319,0.8438475131988525,0.8150961165911377
892,0.332129964,0.46910640597343445,0.484544962644577,0.46148508905679847
893,0.991341991,0.6277956962585449,0.7618923187255859,0.747572685949105
894,0.953463203,0.6277956962585449,0.7618923187255859,0.747572685949105
895,0.8105263159999999,0.5092751383781433,0.4473649263381958,0.4425970160383573
896,0.220108696,0.6686288714408875,0.8139883279800415,0.7915463643395142
897,0.2088744589999999,0.34974873065948486,0.5036686062812805,0.508957158354787
898,0.21969697,0.34974873065948486,0.5036686062812805,0.5121784882158511
899,0.89958159,0.5527172684669495,0.5497465133666992,0.5394507155937562
900,0.216450216,0.35575056076049805,0.18401247262954712,0.19940696254152873
901,0.853896104,0.5123588442802429,0.5312274098396301,0.5240047360956717
902,0.7662337659999999,0.5123588442802429,0.5312274098396301,0.5240047360956717
903,0.995923913,0.43193164467811584,0.39220279455184937,0.3829925706261995
904,0.418772563,0.4983570873737335,0.5547120571136475,0.5324346247133976
905,0.028138528,0.2573113739490509,0.07754114270210266,0.11647796001699351
906,0.020879121,0.5250363945960999,0.27469301223754883,0.280355399114052
907,0.107142857,0.5661576390266418,0.6914176344871521,0.685347792848685
908,0.08008658,0.5661576390266418,0.6914176344871521,0.6779119761708431
909,0.640167364,0.610795795917511,0.6695468425750732,0.6784456084249272
910,0.888086643,0.35615938901901245,0.39457452297210693,0.36747098273546563
911,0.875,0.585826575756073,0.685826301574707,0.6890696246795259
912,0.512820513,0.5031801462173462,0.42712703347206116,0.42689056704297357
913,0.324324324,0.45234808325767517,0.30730804800987244,0.33419854804266225
914,0.314935065,0.5543712377548218,0.5008154511451721,0.4931366836053399
915,0.2424242419999999,0.5543712377548218,0.5008154511451721,0.49313668360533996
916,0.541284404,0.5965384244918823,0.7964591979980469,0.7636720839899411
917,0.4225543479999999,0.48329082131385803,0.5099113583564758,0.5040369719796105
918,0.7792207790000001,0.4107006788253784,0.5072073340415955,0.512264711391218
919,0.55298913,0.3488379120826721,0.09293735027313232,0.13011080776685008
920,0.527472527,0.48640498518943787,0.6676561236381531,0.6821091806641151
921,0.45923913,0.6559001207351685,0.23244044184684753,0.2183042651461115
922,0.788043478,0.4959282875061035,0.3304417133331299,0.31668547200114805
923,0.775815217,0.5982096195220947,0.2735402584075928,0.2860453421999648
924,0.2922077919999999,0.2875310182571411,0.3259654641151428,0.3248636440508378
925,0.313852814,0.2875310182571411,0.3259654641151428,0.3288914487111636
926,0.695067265,0.4684184789657593,0.677330493927002,0.6524855666855013
927,0.533632287,0.6986964344978333,0.8962303400039673,0.8676922342029791
928,0.703296703,0.689026415348053,0.6068648099899292,0.6381596226570752
929,0.374458874,0.4677360951900482,0.6466242074966431,0.6391372726376018
930,0.786813187,0.516560971736908,0.6726887822151184,0.6419495305578153
931,0.905797101,0.49747705459594727,0.6782145500183105,0.6597875952648694
932,0.707792208,0.5366997122764587,0.440554141998291,0.45581703386145933
933,0.606498195,0.6360751986503601,0.7430233955383301,0.7248031469510896
934,0.121338912,0.6132814884185791,0.6333909034729004,0.662681309328079
935,0.2490842489999999,0.43867725133895874,0.3563307821750641,0.34223581055789165
936,0.631768953,0.662116289138794,0.6904800534248352,0.6945944978267931
937,0.338744589,0.6947372555732727,0.7246972918510437,0.7109704945864979
938,0.412337662,0.6947372555732727,0.7246972918510437,0.7100713546993359
939,0.42967033,0.4890568256378174,0.6105474829673767,0.6274705195210426
940,0.913043478,0.6254085898399353,0.495044082403183,0.4749131795550889
941,0.5040760870000001,0.381356805562973,0.10564056038856506,0.10551788172117144
942,0.970779221,0.5755539536476135,0.8049179315567017,0.8114109205521174
943,0.964285714,0.5755539536476135,0.8049179315567017,0.8080245300303057
944,0.562130178,0.3132217228412628,0.3765627443790436,0.3967469608552117
945,0.0779220779999999,0.34969469904899597,0.14875829219818115,0.14957194609257923
946,0.205776173,0.3783911466598511,0.30153319239616394,0.2889213406923552
947,0.4080086579999999,0.4705021381378174,0.5895819067955017,0.5763881998543854
948,0.466450216,0.4705021381378174,0.5895819067955017,0.5763074816137376
949,0.517663043,0.40456509590148926,0.7171074151992798,0.714573985861642
950,0.928571429,0.6798807382583618,0.8221373558044434,0.8348438023688383
951,0.543478261,0.5202397108078003,0.5339987874031067,0.5475635551791511
952,0.851902174,0.6413281559944153,0.745802104473114,0.7466433109093011
953,0.329004329,0.5111947655677795,0.4544343948364258,0.4325003780636138
954,0.908008658,0.4326629042625427,0.6178905367851257,0.5966874664812192
955,0.846320346,0.4326629042625427,0.6178905367851257,0.6113652029239097
956,0.264573991,0.46769559383392334,0.6402596831321716,0.6404620406827235
957,0.1558441559999999,0.48479127883911133,0.3835829794406891,0.37127381174613855
958,0.916483516,0.7334226369857788,0.9752194881439209,0.9154838184744001
959,0.454873646,0.6046096086502075,0.5675868988037109,0.5576091573804163
960,0.960288809,0.6450940370559692,0.6934913396835327,0.6968332001864296
961,0.981949458,0.6461427211761475,0.6479429602622986,0.6340663043868349
962,0.39748954,0.4744960367679596,0.46778905391693115,0.47790655643752733
963,0.72972973,0.797897458076477,0.7516512274742126,0.7266970861748785
964,0.377717391,0.38216638565063477,0.4191579222679138,0.39886997065949836
965,0.942238267,0.44139358401298523,0.6019629240036011,0.6243630280650249
966,0.220779221,0.3804664611816406,0.20404362678527832,0.20192196230434362
967,0.871559633,0.4854958653450012,0.6561667919158936,0.6385984466410938
968,0.933054393,0.5879412889480591,0.7178399562835693,0.7238575376999477
969,0.702445652,0.4726470708847046,0.7055105566978455,0.7170890113629429
970,0.727272727,0.6587768197059631,0.818634569644928,0.7906857770044184
971,0.5584239129999999,0.6554811000823975,0.52483731508255,0.534369679156997
972,0.203463203,0.3959435224533081,0.21369203925132751,0.21522047780861175
973,0.234848485,0.3959435224533081,0.21369203925132751,0.21522047780861175
974,0.338315217,0.5046138763427734,0.7139755487442017,0.7301232721754098
975,0.577405858,0.3211631178855896,0.48859792947769165,0.4706799953223736
976,0.924175824,0.38989531993865967,0.5543037056922913,0.5301702181271644
977,0.072510823,0.4593813121318817,0.4664945602416992,0.4734233318184876
978,0.087662338,0.4593813121318817,0.4664945602416992,0.463792266486394
979,0.519480519,0.36719226837158203,0.32138562202453613,0.3353041830268034
980,0.475108225,0.36719226837158203,0.32138562202453613,0.3304117445593942
981,0.762331839,0.43853476643562317,0.5948848724365234,0.617845246383425
982,0.898916968,0.648776650428772,0.7116533517837524,0.6923675375095484
983,0.542857143,0.42777788639068604,0.3950304090976715,0.41049001978097344
984,0.462093863,0.584637463092804,0.5521483421325684,0.5573971606725292
985,0.8592057759999999,0.5464434623718262,0.6206313371658325,0.606423411010643
986,0.133574007,0.3959144949913025,0.19866538047790527,0.20774085371014409
987,0.744565217,0.5919276475906372,0.6947048902511597,0.6905228445837636
988,0.630434783,0.5005480051040649,0.4150106608867645,0.44456616718621955
989,0.065934066,0.3797868490219116,-0.014647245407104492,0.0715356684639355
990,0.57034632,0.4211405813694,0.4714979827404022,0.48982147469302734
991,0.609307359,0.4211405813694,0.4714979827404022,0.4898214746930273
992,0.848484848,0.6818655729293823,0.6325374841690063,0.6171217284888881
993,0.7867965370000001,0.6818655729293823,0.6325374841690063,0.6171217284888881
994,0.5844155839999999,0.7330272197723389,0.8811497092247009,0.8415793560921929
995,0.8165760870000001,0.49221962690353394,0.7135365605354309,0.7077343676081497
996,0.986547085,0.7202344536781311,0.889178991317749,0.8615847754875063
997,0.3783783779999999,0.5098130702972412,0.5773607492446899,0.5773437098154317
998,0.948051948,0.5771210193634033,0.8639636039733887,0.8319375959907302
999,0.79978355,0.523301899433136,0.5264082551002502,0.516682021378549
1000,0.787878788,0.523301899433136,0.5264082551002502,0.5117991238661692
1001,0.010830325,0.40773770213127136,0.21267399191856384,0.24250165083599065
1002,0.424242424,0.41734635829925537,0.4472082555294037,0.4458764622879273
1003,0.5519480520000001,0.41734635829925537,0.4472082555294037,0.4335383974647485
1004,0.860986547,0.3184702694416046,0.43059390783309937,0.4307971166818479
1005,0.251082251,0.3900796175003052,0.30589616298675537,0.29223526864512783
1006,0.2543290039999999,0.3900796175003052,0.30589616298675537,0.28019781072862815
1007,0.918831169,0.4557228088378906,0.5554894208908081,0.5545932161782379
1008,0.903679654,0.4557228088378906,0.5554894208908081,0.5616344088102535
1009,0.110091743,0.5529322028160095,0.2052515149116516,0.23029650920221034
1010,0.255230126,0.5198925733566284,0.5510610342025757,0.5519066231254349
1011,0.6309523810000001,0.5332122445106506,0.4499921202659607,0.4667358982655083
1012,0.6861471859999999,0.5332122445106506,0.4499921202659607,0.464536882356578
1013,0.796703297,0.4436996579170227,0.4504474103450775,0.45200313187249974
1014,0.2274725269999999,0.5661858320236206,0.5401811599731445,0.5285972356194732
1015,0.471861472,0.5686653256416321,0.5588353872299194,0.5759604979323261
1016,0.418831169,0.5686653256416321,0.5588353872299194,0.5730058488014192
1017,0.173913043,0.5148895382881165,0.2536327838897705,0.22994087615010578
1018,0.487364621,0.44481682777404785,0.5259912014007568,0.5309774691483096
1019,0.176630435,0.5147353410720825,0.3739919662475586,0.368451693946388
1020,0.7526315790000001,0.7623294591903687,0.5721858143806458,0.6039836355765004
1021,0.925271739,0.41749876737594604,0.7532215714454651,0.760569855551783
1022,0.74368231,0.6076953411102295,0.36336010694503784,0.38094951334087823
1023,0.126373626,0.5037389993667603,0.3764568567276001,0.3464981831075557
1024,0.673684211,0.6483606100082397,0.7093143463134766,0.7061585251074625
1025,0.753138075,0.5485009551048279,0.6842432022094727,0.675067151597605
1026,0.416483516,0.3885360360145569,0.4018203020095825,0.4231031802436933
1027,0.609467456,0.4086909294128418,0.44730329513549805,0.41486988718682627
1028,0.557065217,0.7322286367416382,0.5675652623176575,0.5480373382695325
1029,0.315217391,0.7515131235122681,0.9082217216491699,0.8692797012792302
1030,0.90625,0.619810938835144,0.6073681116104126,0.5766937678763013
1031,0.255411255,0.7392013072967529,0.8866562247276306,0.8688802081039169
1032,0.515151515,0.4614960849285126,0.26869332790374756,0.28056544262457955
1033,0.452380952,0.4614960849285126,0.26869332790374756,0.28512606684804
1034,0.55033557,0.43443042039871216,0.29765477776527405,0.2885454638498959
1035,0.4642857139999999,0.4894939363002777,0.3034636676311493,0.3271273633001235
1036,0.439393939,0.4894939363002777,0.3034636676311493,0.3241603623194622
1037,0.062637363,0.5192838907241821,0.2337391972541809,0.2587158870024202
1038,0.177489177,0.6730974316596985,0.7502342462539673,0.7362515949069501
1039,0.116883117,0.6730974316596985,0.7502342462539673,0.7374473315133032
1040,0.391774892,0.5547415614128113,0.6716709733009338,0.6792609647366232
1041,0.341991342,0.5547415614128113,0.6716709733009338,0.6727265246056551
1042,0.57400722,0.23655501008033752,0.19222551584243774,0.20844070857903893
1043,0.270758123,0.32243672013282776,0.2522762417793274,0.264791007439818
1044,0.853556485,0.6242582201957703,0.5640162825584412,0.5560520839181657
1045,0.383152174,0.5143924951553345,0.376552551984787,0.3894395852500974
1046,0.7399103140000001,0.5171768069267273,0.3070054054260254,0.32141072317187125
1047,0.125523013,0.3244548439979553,0.10351252555847168,0.12151928750018408
1048,0.455163043,0.6682796478271484,0.416833758354187,0.43244579660943894
1049,0.9004329,0.4543377459049225,0.3178032636642456,0.33205625087087487
1050,0.848484848,0.4543377459049225,0.3178032636642456,0.33461811255399054
1051,0.661538462,0.4167976975440979,0.4840628504753113,0.47691391350505574
1052,0.448051948,0.7023650407791138,0.6526129841804504,0.6562844473862439
1053,0.094505495,0.37976494431495667,0.46002262830734253,0.42693098849500705
1054,0.231884058,0.41689586639404297,0.3016582429409027,0.3135397574691997
1055,0.630434783,0.6033618450164795,0.43681854009628296,0.42950226108639994
1056,0.067567568,0.47836899757385254,0.47456860542297363,0.49334463728975925
1057,0.359307359,0.5912749767303467,0.7553596496582031,0.7431836720318228
1058,0.061141304,0.39662277698516846,0.18302619457244873,0.17764813497683293
1059,0.823369565,0.5339514017105103,0.5912773013114929,0.5764589671818963
1060,0.694560669,0.8139544129371643,0.8427463173866272,0.8428455930425894
1061,0.233766234,0.42665791511535645,0.5126784443855286,0.5056749623213744
1062,0.270562771,0.42665791511535645,0.5126784443855286,0.5277989867762685
1063,0.2419354839999999,0.5136915445327759,0.4806588888168335,0.4888185307155185
1064,0.086956522,0.6467429995536804,0.611647367477417,0.6275433856617854
1065,0.436141304,0.5317773818969727,0.817650318145752,0.7991222942175678
1066,0.4981684979999999,0.5713761448860168,0.6204343438148499,0.6423712748079049
1067,0.575757576,0.6541345119476318,0.6468974351882935,0.6322310825383047
1068,0.535714286,0.6541345119476318,0.6468974351882935,0.6310726716784771
1069,0.0939597319999999,0.6009354591369629,0.3349275588989258,0.3339118858513193
1070,0.68021978,0.532397449016571,0.49421101808547974,0.5143632991465376
1071,0.325274725,0.4087675213813782,0.20572760701179504,0.2266245516520045
1072,0.518398268,0.4702419340610504,0.2799736261367798,0.3050052548326565
1073,0.668831169,0.4702419340610504,0.2799736261367798,0.29636426035638663
1074,0.953020134,0.7172110080718994,0.7969018220901489,0.7790003973100589
1075,0.38267148,0.47781527042388916,0.177623450756073,0.21156139043062042
1076,0.506493506,0.562780499458313,0.4286382794380188,0.4058691332644907
1077,0.478354978,0.562780499458313,0.4286382794380188,0.4058691332644907
1078,0.913419913,0.6350116729736328,0.8685469031333923,0.847817839435762
1079,0.048701299,0.5756226778030396,0.3862668573856354,0.38741525287727185
1080,0.0606060609999999,0.5756226778030396,0.3862668573856354,0.38741525287727185
1081,0.449704142,0.39637601375579834,0.10114127397537231,0.125693058012723
1082,0.4079422379999999,0.6198521256446838,0.7458546161651611,0.7311316304924336
1083,0.321100917,0.5514640808105469,0.2708931565284729,0.2514964551447765
1084,0.505415162,0.45380300283432007,0.39816761016845703,0.41449536637593715
1085,0.436147186,0.2868596911430359,0.2214529812335968,0.21956436943900054
1086,0.376623377,0.2868596911430359,0.2214529812335968,0.21956436943900054
1087,0.505263158,0.5107753276824951,0.7193924188613892,0.7043778812008272
1088,0.32735426,0.4196491241455078,0.3387865126132965,0.36592377595518444
1089,0.272727273,0.5217750668525696,0.3744826912879944,0.35657163520990554
1090,0.179347826,0.5072661638259888,0.4909104108810425,0.5113558859215676
1091,0.739130435,0.4416919946670532,0.5278659462928772,0.544375647954948
1092,0.298901099,0.42701655626296997,0.25683099031448364,0.260365038947207
1093,0.2377717389999999,0.4654000699520111,0.45361459255218506,0.47354435361041836
1094,0.773097826,0.5301335453987122,0.44632256031036377,0.41742123230248607
1095,0.487771739,0.5379682183265686,0.4782901704311371,0.44992216998465273
1096,0.018050542,0.5753898620605469,0.47993195056915283,0.48887664502873535
1097,0.772563177,0.5348012447357178,0.8932848572731018,0.8708019472798723
1098,0.455621302,0.7042197585105896,0.7493358850479126,0.717738605161991
1099,0.829596413,0.5391773581504822,0.3424912691116333,0.33902370390671577
1100,0.150815217,0.4969746470451355,0.06762191653251648,0.10140234097007433
1101,0.952445652,0.5599015951156616,0.5959569811820984,0.5959660619444777
1102,0.020380435,0.5654980540275574,0.09126061201095581,0.12651693969093983
1103,0.184115523,0.49345892667770386,0.3931538462638855,0.4081355709396128
1104,0.66576087,0.5605467557907104,0.4348965287208557,0.44881308187966334
1105,0.8396739129999999,0.694104790687561,0.8311284780502319,0.8171783756903286
1106,0.350649351,0.7086787223815918,0.4558717608451843,0.4625722094784872
1107,0.859375,0.5889236927032471,0.5262172222137451,0.522265666428683
1108,0.545454545,0.6339653730392456,0.3611505627632141,0.3435917537452123
1109,0.335740072,0.7318821549415588,0.6132636666297913,0.605764889837387
1110,0.564935065,0.5211430191993713,0.5879311561584473,0.5842470701402069
1111,0.515695067,0.3233684301376343,0.34438034892082214,0.35942671976469787
1112,0.171875,0.5014333724975586,0.633705735206604,0.641025984771501
1113,0.662162162,0.49228575825691223,0.8483830690383911,0.8281180495998908
1114,0.6114718610000001,0.13747230172157288,0.3984276056289673,0.4027955842666136
1115,0.6341991339999999,0.13747230172157288,0.3984276056289673,0.4027955842666136
1116,0.11038961,0.35154062509536743,0.30568358302116394,0.28688287528117584
1117,0.912133891,0.47150081396102905,0.5180007815361023,0.4894606613407845
1118,0.8084239129999999,0.4792990982532501,0.434121310710907,0.4575326911479116
1119,0.188340807,0.3324148654937744,0.2065708041191101,0.20620456612636184
1120,0.046931408,0.3007475733757019,0.08073890209197998,0.12163726431367189
1121,0.752293578,0.6484426856040955,0.7667124271392822,0.7698700269082088
1122,0.682008368,0.5204687118530273,0.6920865774154663,0.6769145830760016
1123,0.1742424239999999,0.4361609220504761,0.3590041697025299,0.3481904622044763
1124,0.159090909,0.4361609220504761,0.3590041697025299,0.3481904622044763
1125,0.926630435,0.5670307278633118,0.6370187401771545,0.6280286219570803
1126,0.266233766,0.6874003410339355,0.6244227886199951,0.6262005550742582
1127,0.706709957,0.6368063688278198,0.7178142666816711,0.7042626116146505
1128,0.63961039,0.6368063688278198,0.7178142666816711,0.698118740981502
1129,0.577445652,0.5529224276542664,0.5713196992874146,0.5946196465882994
1130,0.83008658,0.5725387334823608,0.4529319405555725,0.4287654531799459
1131,0.880952381,0.5725387334823608,0.4529319405555725,0.4266035815310141
1132,0.850543478,0.42046016454696655,0.4733567535877228,0.46689671240627306
1133,0.322510823,0.4033367931842804,0.4073684513568878,0.39703641019128133
1134,0.461038961,0.4033367931842804,0.4073684513568878,0.400367613580956
1135,0.228699552,0.6048071384429932,0.37609949707984924,0.3649754327634923
1136,0.302013423,0.43764790892601013,0.38838863372802734,0.4028893907664302
1137,0.463315217,0.48864564299583435,0.6080790162086487,0.577653185818135
1138,0.247282609,0.5976959466934204,0.342509925365448,0.3306123476915662
1139,0.82201087,0.6412159204483032,0.7652390003204346,0.7542132767234766
1140,0.953463203,0.593686044216156,0.7403935194015503,0.7409542925789698
1141,0.946969697,0.593686044216156,0.7403935194015503,0.7409542925789698
1142,0.7173913040000001,0.4520358741283417,0.5156403183937073,0.509300823645592
1143,0.493206522,0.6767914295196533,0.9241750240325928,0.9091154142784155
1144,0.310526316,0.653561532497406,0.7015174627304077,0.6966498844128988
1145,0.10989011,0.5877468585968018,0.3900609612464905,0.4177124650253024
1146,0.4319526629999999,0.5481038689613342,0.5770677328109741,0.5604715499280146
1147,0.321978022,0.603366494178772,0.7218095660209656,0.6876415662270677
1148,0.414402174,0.1568199098110199,-0.16271764039993286,0.07445297855969292
1149,0.883408072,0.5894904136657715,0.5746391415596008,0.589024530835939
1150,0.316576087,0.46534305810928345,0.36360734701156616,0.3932897548634362
1151,0.1363636359999999,0.3883609175682068,0.590980589389801,0.5846446122729771
1152,0.345108696,0.6108267307281494,0.16472268104553223,0.18022852256131774
1153,0.530685921,0.4145435690879822,0.45745739340782166,0.4396814661501286
1154,0.847402597,0.5842209458351135,0.4605015814304352,0.46041954601173873
1155,0.79004329,0.5842209458351135,0.4605015814304352,0.45517524578909757
1156,0.236413043,0.5704723596572876,0.7620533108711243,0.7346791123819216
1157,0.942640693,0.7098379135131836,0.7447627782821655,0.7411851063864289
1158,0.926406926,0.7098379135131836,0.7447627782821655,0.7447635701682955
1159,0.967032967,0.7242707014083862,0.44785505533218384,0.46891094311255654
1160,0.89010989,0.5416654348373413,0.4311654567718506,0.4443809098664289
1161,0.519855596,0.46799105405807495,0.769740641117096,0.7429488154088912
1162,0.186147186,0.5949559211730957,0.615693211555481,0.6408886626254865
1163,0.213203463,0.5949559211730957,0.615693211555481,0.6270200335827293
1164,0.774891775,0.6260840892791748,0.6424381136894226,0.6489125946995565
1165,0.972943723,0.6260840892791748,0.6424381136894226,0.6496008587550013
1166,0.390625,0.5341984033584595,0.551625669002533,0.5465965428599473
1167,0.490842491,0.5369477868080139,0.6756925582885742,0.6783256111222482
1168,0.674242424,0.6056104898452759,0.3778284788131714,0.39917999863214315
1169,0.685064935,0.6056104898452759,0.3778284788131714,0.39316939249857064
1170,0.363636364,0.6300421357154846,0.9578116536140442,0.9291614606881716
1171,0.091743119,0.4837498664855957,0.48317718505859375,0.49560597810020574
1172,0.065217391,0.5085370540618896,0.15353894233703613,0.17590681886933696
1173,0.2065217389999999,0.25514063239097595,0.03065583109855652,0.06344205536585895
1174,0.601449275,0.6858267784118652,0.34242668747901917,0.34332632529783846
1175,0.78700361,0.6502643823623657,0.6544060707092285,0.6818429474301344
1176,0.7673160170000001,0.5296328663825989,0.48558366298675537,0.4919240147963115
1177,0.6536796539999999,0.5296328663825989,0.48558366298675537,0.4768690694395725
1178,0.819264069,0.5430749654769897,0.42046332359313965,0.4338586887233005
1179,0.7283549779999999,0.5430749654769897,0.42046332359313965,0.44368668915304466
1180,0.516483516,0.5671109557151794,0.3436101973056793,0.36675044398114653
1181,0.049450549,0.631431519985199,0.49520671367645264,0.5220958073859117
1182,0.525274725,0.40452656149864197,0.7529857754707336,0.7267768182815528
1183,0.119133574,0.17848265171051025,-0.04200822114944458,0.04939102498631301
1184,0.263157895,0.6801745295524597,0.44713810086250305,0.42856800688903507
1185,0.934065934,0.5067750811576843,0.556644856929779,0.563768352300257
1186,0.774193548,0.48186632990837097,0.5542358160018921,0.5372032869960681
1187,0.0613718409999999,0.44296279549598694,0.33270925283432007,0.3245060931348296
1188,0.11548913,0.32032620906829834,0.019590556621551514,0.06833001087394763
1189,0.587662338,0.5622302889823914,0.35977107286453247,0.3715057018836915
1190,0.504329004,0.5622302889823914,0.35977107286453247,0.3793432491099555
1191,0.1504329,0.5378450155258179,0.5657179355621338,0.5523963427068594
1192,0.13961039,0.5378450155258179,0.5657179355621338,0.5612635272102773
1193,0.173684211,0.5093366503715515,0.5117301940917969,0.5053518761665357
1194,0.062780269,0.6295952200889587,0.5047934651374817,0.5366081052417028
1195,0.853211009,0.6932475566864014,0.5832929611206055,0.5529233859629907
1196,0.61732852,0.4786330759525299,0.7158487439155579,0.7103285376984694
1197,0.291125541,0.5202682018280029,0.7794001698493958,0.7606809581587504
1198,0.361471861,0.5202682018280029,0.7794001698493958,0.7643101323813317
1199,0.7056277059999999,0.43578603863716125,0.6565040946006775,0.6769679420226506
1200,0.956521739,0.40827056765556335,0.2285444140434265,0.25317264528273525
1201,0.4729241879999999,0.49967971444129944,0.40291842818260193,0.4221012808662883
1202,0.071129707,0.27021270990371704,0.16781127452850342,0.17054569147236986
1203,0.393305439,0.4456639289855957,0.36573147773742676,0.360605576804777
1204,0.304932735,0.6528518795967102,0.6949433088302612,0.7109177367863354
1205,0.716216216,0.68361896276474,0.795183539390564,0.7707121400635579
1206,0.281879195,0.40968573093414307,0.41409844160079956,0.3941749524902748
1207,0.8863636359999999,0.6929348111152649,0.7287353277206421,0.7081566143384903
1208,0.845238095,0.6929348111152649,0.7287353277206421,0.7081566143384903
1209,0.8290043290000001,0.5546713471412659,0.46431875228881836,0.4864920914375426
1210,0.825757576,0.5546713471412659,0.46431875228881836,0.4864920914375426
1211,0.6834239129999999,0.555620014667511,0.028990954160690308,0.08565566494050364
1212,0.933423913,0.48965251445770264,0.5574289560317993,0.5803904345593962
1213,0.422077922,0.682982325553894,0.66029953956604,0.6721230666158989
1214,0.430493274,0.5770735144615173,0.2841556668281555,0.2945001138972284
1215,0.591032609,0.6978332996368408,0.8212659955024719,0.8445995862042219
1216,0.005263158,0.23188817501068115,0.17384332418441772,0.15990616950475373
1217,0.991631799,0.6244016289710999,0.7630907297134399,0.7469141311903306
1218,0.976331361,0.6817363500595093,0.8924298882484436,0.8565920278384176
1219,0.419836957,0.43987372517585754,0.3953802287578583,0.3814206054152199
1220,0.584615385,0.48290956020355225,0.46084022521972656,0.4434081637972643
1221,0.11409396,0.5968993902206421,0.7413560152053833,0.7365970206478131
1222,0.804347826,0.8305400013923645,0.8291947841644287,0.8063468095168078
1223,0.672554348,0.5247373580932617,0.6464886665344238,0.6416273631599325
1224,1.0,0.43951407074928284,0.584313690662384,0.5989213768607168
1225,0.294372294,0.2970106899738312,0.531119704246521,0.5154834511567893
1226,0.29978355,0.2970106899738312,0.531119704246521,0.5228133073503203
1227,0.337362637,0.4756474494934082,0.6173015832901001,0.6226312148140725
1228,0.022421525,0.6909822225570679,0.8924209475517273,0.8696906551097575
1229,0.7826086959999999,0.5817430019378662,0.5905193090438843,0.601918140918378
1230,0.437869822,0.3842926621437073,0.5574744343757629,0.5381962735223114
1231,0.622282609,0.4485972821712494,0.5553330183029175,0.5381652604001607
1232,0.375451264,0.4058014154434204,0.4636854827404022,0.4436465175202746
1233,0.7354260090000001,0.45867082476615906,0.4508715569972992,0.4782335919539352
1234,0.765625,0.5202265977859497,0.7363392114639282,0.7393909386205598
1235,0.5519480520000001,0.5373769998550415,0.5377050042152405,0.5167741294570076
1236,0.438311688,0.5373769998550415,0.5377050042152405,0.5315043737307166
1237,0.233766234,0.5617804527282715,0.37982282042503357,0.3941153211626446
1238,0.911242604,0.6015414595603943,0.5670773386955261,0.5845299804251176
1239,0.8636363640000001,0.4061133563518524,0.47157928347587585,0.44814790466449506
1240,0.908008658,0.4061133563518524,0.47157928347587585,0.4462745376237923
1241,0.914798206,0.5236567854881287,0.6608052849769592,0.6378290362339045
1242,0.292418773,0.42851486802101135,0.5016228556632996,0.5084501681353848
1243,0.2017937219999999,0.4109846353530884,0.1970280110836029,0.20451964427631447
1244,0.1956521739999999,0.3186889886856079,0.143341064453125,0.18019693651125235
1245,0.336580087,0.5031050443649292,0.4199543595314026,0.4119338527547129
1246,0.338744589,0.5031050443649292,0.4199543595314026,0.4119338527547129
1247,0.569037657,0.37932437658309937,0.256925106048584,0.28471892381697766
1248,0.908967391,0.532123327255249,0.44254064559936523,0.44658195039947185
1249,0.157608696,0.5617735981941223,0.46689629554748535,0.4488247062263214
1250,0.289940828,0.3493310213088989,0.5243114829063416,0.5522300705823904
1251,0.667748918,0.45654141902923584,0.5664340257644653,0.5465583567376041
1252,0.8290043290000001,0.45654141902923584,0.5664340257644653,0.5465583567376041
1253,0.02173913,0.4865337014198303,0.43656429648399353,0.4548843190412235
1254,0.8579881659999999,0.535351037979126,0.44902387261390686,0.46061915515008234
1255,0.893772894,0.5947819948196411,0.5668169260025024,0.5844074346465971
1256,0.7867965370000001,0.5516647100448608,0.6609475612640381,0.6384258504920426
1257,0.758658009,0.5516647100448608,0.6609475612640381,0.6430513465513146
1258,0.166666667,0.14143049716949463,0.2933458983898163,0.27797793585372327
1259,0.768115942,0.48272448778152466,0.5472986698150635,0.5645691013484202
1260,0.305263158,0.3824181854724884,0.3755102753639221,0.3913096065663744
1261,0.721611722,0.3607836365699768,0.882514476776123,0.8628021816742546
1262,0.609375,0.33945298194885254,0.42353764176368713,0.42626879138902934
1263,0.298701299,0.37303173542022705,0.4099923372268677,0.4071869379280417
1264,0.287878788,0.37303173542022705,0.4099923372268677,0.40568682933088257
1265,0.949134199,0.485512375831604,0.6288487911224365,0.6178612747346468
1266,0.916666667,0.485512375831604,0.6288487911224365,0.6147304902650967
1267,0.205020921,0.43313103914260864,0.50499027967453,0.4817485846709364
1268,0.790613718,0.4530060887336731,0.5564287900924683,0.5459579670291225
1269,0.290322581,0.5089146494865417,0.4970422685146332,0.47092171670787886
1270,0.308724832,0.35261663794517517,0.46005818247795105,0.4407932545612575
1271,0.7813186809999999,0.6046187877655029,0.39690765738487244,0.3839619124825955
1272,0.464435146,0.5737393498420715,0.6755923628807068,0.6626584017335422
1273,0.479120879,0.5081956386566162,0.7846114635467529,0.786704999030923
1274,0.478354978,0.5198760628700256,0.5208280682563782,0.5088155321187211
1275,0.472943723,0.5198760628700256,0.5208280682563782,0.5219949350170707
1276,0.696969697,0.397289514541626,0.6268507242202759,0.6219385419041628
1277,0.69047619,0.397289514541626,0.6268507242202759,0.6100127672757241
1278,0.238493724,0.5140466094017029,0.48510685563087463,0.501852954004184
1279,0.58974359,0.40797704458236694,0.7045887112617493,0.7119270083776563
1280,0.8242677820000001,0.5920807123184204,0.7595725059509277,0.7301102364473504
1281,0.074725275,0.3198455572128296,0.18692076206207275,0.20049761785775055
1282,0.645054945,0.45605191588401794,0.6487996578216553,0.6347708051815186
1283,0.065088757,0.2791033387184143,0.14689981937408447,0.1699898199867214
1284,0.567032967,0.41044312715530396,0.48256954550743103,0.4843608704832756
1285,0.582251082,0.17405641078948975,0.2822272479534149,0.274662379990227
1286,0.134199134,0.5311319828033447,0.6847161650657654,0.6929520667158141
1287,1.0,0.4599865674972534,0.2404719889163971,0.24750135084069647
1288,0.598901099,0.43219518661499023,0.26570209860801697,0.2769448177110717
1289,0.816143498,0.5232475996017456,0.6797866821289062,0.6989897148865216
1290,0.355648536,0.2957715392112732,0.42268332839012146,0.4149531310728107
1291,0.823593074,0.41978561878204346,0.44619497656822205,0.4306844610274352
1292,0.8019480520000001,0.41978561878204346,0.44619497656822205,0.4273723225026834
1293,0.3019480519999999,0.6193157434463501,0.6308553814888,0.624642088503691
1294,0.266233766,0.6193157434463501,0.6308553814888,0.6218385807757625
1295,0.692934783,0.3503270447254181,0.4415681064128876,0.45710739884637575
1296,0.276923077,0.40134239196777344,0.4741738736629486,0.47004501317508435
1297,0.70292887,0.3499087393283844,0.4425974488258362,0.44377968347285346
1298,0.294836957,0.49834778904914856,0.48681777715682983,0.49916736838132136
1299,0.3032490969999999,0.3642299175262451,0.5585677623748779,0.5432440859432552
1300,0.485207101,0.5225095152854919,0.7638356685638428,0.7914018276679806
1301,0.384615385,0.5884641408920288,0.6422286033630371,0.6490458599974303
1302,0.256410256,0.6195092797279358,0.5465924143791199,0.560971912293848
1303,0.247368421,0.36962762475013733,0.593999445438385,0.5709999528115695
1304,0.579881657,0.5079182386398315,0.3625047206878662,0.34471334705925827
1305,0.875457875,0.5162856578826904,0.9077351093292236,0.8650648808102865
1306,0.736842105,0.564289927482605,0.646121621131897,0.6709144827539686
1307,0.5527472529999999,0.44424986839294434,0.48783814907073975,0.4589942130916519
1308,0.225806452,0.30141785740852356,0.5567570924758911,0.5613710005170325
1309,0.306451613,0.4636044502258301,0.6942727565765381,0.6862073893869227
1310,0.747252747,0.4696770906448364,0.52029949426651,0.5092997673394892
1311,0.408967391,0.6241717338562012,0.6213897466659546,0.636516333987323
1312,0.571428571,0.6346837878227234,0.411903440952301,0.4063549455982093
1313,0.4527472529999999,0.334623247385025,0.2635895013809204,0.25790504596741787
1314,0.437229437,0.36087918281555176,0.4011262357234955,0.3763419445622701
1315,0.4837662339999999,0.36087918281555176,0.4011262357234955,0.38234841190255753
1316,0.124260355,0.27264389395713806,0.3885173797607422,0.39389049543233995
1317,0.920502092,0.6119182705879211,0.35430869460105896,0.36131571354945125
1318,0.0161290319999999,0.2929055094718933,0.12900954484939575,0.1378553482158598
1319,0.657608696,0.42123332619667053,0.3387361466884613,0.35432388338751086
1320,0.216450216,0.5478159189224243,0.3623356819152832,0.36219565941751675
1321,0.123376623,0.5478159189224243,0.3623356819152832,0.3743107730397366
1322,0.142857143,0.3309246897697449,0.3433848023414612,0.37436720607156077
1323,0.091208791,0.4149325489997864,0.44884708523750305,0.4508876772856554
1324,0.057142857,0.41978585720062256,0.398960679769516,0.3991846571086558
1325,0.41017316,0.5154574513435364,0.48416832089424133,0.48998448110335663
1326,0.451298701,0.5154574513435364,0.48416832089424133,0.48665742201452367
1327,0.948717949,0.6178597211837769,0.5614683032035828,0.5697548877227747
1328,0.774058577,0.682832658290863,0.5442540645599365,0.5459898991188694
1329,0.308423913,0.45369499921798706,0.4153655767440796,0.40888391803482715
1330,0.205263158,0.24731490015983582,0.23559027910232544,0.25213856280647484
1331,0.148097826,0.37281548976898193,0.35179951786994934,0.3356007625516342
1332,0.625,0.44981735944747925,0.6167529225349426,0.6137631032610079
1333,0.7976190479999999,0.6117956638336182,0.6709502339363098,0.6873824559790331
1334,0.819264069,0.6117956638336182,0.6709502339363098,0.6741670533821025
1335,0.313807531,0.49132221937179565,0.4902365207672119,0.47112799536449484
1336,0.480519481,0.5401875376701355,0.382190465927124,0.3609440934016196
1337,0.5173160170000001,0.5401875376701355,0.382190465927124,0.3644903361530184
1338,0.301630435,0.5388221740722656,0.42283734679222107,0.4094684648193675
1339,0.4538043479999999,0.5888751745223999,0.34040510654449463,0.36426935339196964
1340,0.956709957,0.5246424674987793,0.7082207202911377,0.7185071564368244
1341,0.92965368,0.5246424674987793,0.7082207202911377,0.7305793729380152
1342,0.945887446,0.5518988370895386,0.6778095364570618,0.6587051134009885
1343,0.88961039,0.5518988370895386,0.6778095364570618,0.6587051134009885
1344,0.431868132,0.44400978088378906,0.3258688151836395,0.3222813778730796
1345,0.183856502,0.4221925139427185,0.43986034393310547,0.43642603413336056
1346,0.7510822509999999,0.5179914236068726,0.5691565871238708,0.5811969126974323
1347,0.733695652,0.7056365609169006,0.6176638603210449,0.6404060473772357
1348,0.145380435,0.40078410506248474,0.28689053654670715,0.26501213042693533
1349,0.224637681,0.37278634309768677,0.3629711866378784,0.34376633323129246
1350,0.134065934,0.418577641248703,0.33802664279937744,0.36025168323452794
1351,0.255411255,0.3291134834289551,0.26112568378448486,0.2526324208691645
1352,0.257575758,0.3291134834289551,0.26112568378448486,0.2760623491167064
1353,0.6714801440000001,0.3657531440258026,0.4347686767578125,0.41369617431491906
1354,0.626623377,0.46543991565704346,0.47670260071754456,0.4951907469705411
1355,0.7207792209999999,0.46543991565704346,0.47670260071754456,0.4941151177639746
1356,0.670995671,0.4915071129798889,0.41878843307495117,0.43038045857003315
1357,0.623376623,0.4915071129798889,0.41878843307495117,0.4360391521977801
1358,0.515625,0.5288440585136414,0.8555815815925598,0.851101964445457
1359,0.793721973,0.3558712899684906,0.4169136881828308,0.40613154744405255
1360,0.771428571,0.5781164765357971,0.6392115354537964,0.6283011321942238
1361,0.25974026,0.46165695786476135,0.5009520649909973,0.5022058242862824
1362,0.255411255,0.46165695786476135,0.5009520649909973,0.507753984174042
1363,0.673160173,0.5610011219978333,0.4862959086894989,0.48385880203008147
1364,0.696969697,0.5610011219978333,0.4862959086894989,0.4796395659508093
1365,0.240659341,0.38719356060028076,0.3995404839515686,0.41344085204966724
1366,0.227436823,0.48185697197914124,0.38934025168418884,0.38789630607018266
1367,0.950549451,0.6002042889595032,0.7677160501480103,0.7381560233026156
1368,0.8368200840000001,0.6286548972129822,0.6750039458274841,0.6665721103417113
1369,0.44047619,0.4408385753631592,0.3791294991970062,0.3816993807367929
1370,0.4686147189999999,0.4408385753631592,0.3791294991970062,0.3853377653429815
1371,0.556043956,0.4191679358482361,0.6747357249259949,0.649850498825904
1372,0.251046025,0.33428820967674255,0.4233148396015167,0.45091407425641095
1373,0.7109890109999999,0.6971261501312256,0.5546703338623047,0.5563574851293017
1374,0.663043478,0.36154040694236755,0.5562870502471924,0.538030922870598
1375,0.7473684209999999,0.3810175657272339,0.6039412617683411,0.5991099841639034
1376,0.643956044,0.5535581707954407,0.7330517768859863,0.7129695383049763
1377,0.525974026,0.5646471381187439,0.6244441866874695,0.6022362681379766
1378,0.4935064939999999,0.5646471381187439,0.6244441866874695,0.6049796945211783
1379,0.986577181,0.37793177366256714,0.539513111114502,0.5238071727631339
1380,0.842105263,0.4623464047908783,0.6190994381904602,0.6155876819769583
1381,0.792119565,0.4802318811416626,0.5331799387931824,0.5421182237630731
1382,0.488095238,0.44853365421295166,0.5139585137367249,0.5001005244754215
1383,0.590909091,0.44853365421295166,0.5139585137367249,0.5203267290647057
1384,0.25974026,0.5377776026725769,0.3516163229942322,0.38120137873731785
1385,0.133891213,0.403698205947876,0.2824147343635559,0.27631985538657367
1386,0.426630435,0.5364828109741211,0.6159352660179138,0.6028774380680506
1387,0.090909091,0.32750844955444336,0.44968003034591675,0.4491759133589244
1388,0.100649351,0.32750844955444336,0.44968003034591675,0.4491759133589244
1389,0.605504587,0.44322437047958374,0.34784188866615295,0.34109605597665654
1390,0.604978355,0.4968087673187256,0.6177086234092712,0.6096270609043002
1391,0.4794372289999999,0.4968087673187256,0.6177086234092712,0.6138910313595006
1392,0.7109890109999999,0.36734434962272644,0.40185534954071045,0.40407647916810013
1393,0.277056277,0.648277759552002,0.7654458284378052,0.7471304835850748
1394,0.298701299,0.648277759552002,0.7654458284378052,0.7471304835850748
1395,0.395604396,0.6026520133018494,0.5512899160385132,0.5697806459089387
1396,0.025641026,0.2618423402309418,-0.10080581903457642,0.06135907966694779
1397,0.376146789,0.5170738697052002,0.6358433961868286,0.621869990493858
1398,0.340909091,0.2245790958404541,0.451127827167511,0.4450996536844999
1399,0.291125541,0.2245790958404541,0.451127827167511,0.4450996536844999
1400,0.274725275,0.4427677094936371,0.4019140601158142,0.4085959854140239
1401,0.302197802,0.2841964364051819,0.3437942564487457,0.3395268737668964
1402,0.941422594,0.38492897152900696,0.4096381664276123,0.4118761025541908
1403,0.102813853,0.1532631516456604,0.1163705587387085,0.14454833290759858
1404,0.0389610389999999,0.1532631516456604,0.1163705587387085,0.13608912041418328
1405,0.5043956039999999,0.4410274922847748,0.37504351139068604,0.3567432129576123
1406,0.6315789470000001,0.40669357776641846,0.32304647564888,0.31711617546841564
1407,0.3831168829999999,0.39585405588150024,0.5937480330467224,0.5719897432064049
1408,0.902527076,0.5450206398963928,0.49067050218582153,0.49239209456512073
1409,0.927489177,0.8161789178848267,0.7378655076026917,0.7210294019581143
1410,0.943722944,0.8161789178848267,0.7378655076026917,0.7210294019581143
1411,0.7692307690000001,0.5661393404006958,0.5287412405014038,0.539430274677632
1412,0.349450549,0.4663889408111572,0.4769265353679657,0.48101126664731936
1413,0.80334728,0.6456350088119507,0.6902484893798828,0.6582912919150845
1414,0.6736401670000001,0.6220858693122864,0.4166683554649353,0.4204380092373029
1415,0.7824267779999999,0.6140034794807434,0.8093655705451965,0.8053807595815774
1416,0.5995670999999999,0.47501879930496216,0.6897523999214172,0.6761879170407126
1417,0.54004329,0.47501879930496216,0.6897523999214172,0.6761879170407126
1418,0.729619565,0.5290931463241577,0.5959717631340027,0.5720660164094977
1419,0.824675325,0.37871086597442627,0.4835227429866791,0.4844807678545643
1420,0.881793478,0.3863219916820526,0.5960358381271362,0.5783414801566312
1421,0.852348993,0.4139832854270935,0.5635308623313904,0.571144920038547
1422,0.50974026,0.6474636793136597,0.8553217649459839,0.8498508603114637
1423,0.568181818,0.6474636793136597,0.8553217649459839,0.8498508603114637
1424,0.472826087,0.4512307047843933,0.4131355285644531,0.39073097422854797
1425,0.24025974,0.39962828159332275,0.1880076825618744,0.18263306002625396
1426,0.212121212,0.39962828159332275,0.1880076825618744,0.1890686465706588
1427,0.188311688,0.2545703053474426,0.4006468653678894,0.387731709244411
1428,0.140692641,0.2545703053474426,0.4006468653678894,0.38937017862989654
1429,0.90625,0.6753988265991211,0.621074914932251,0.6252826076600835
1430,0.046025105,0.32737696170806885,0.2688935399055481,0.253279042667058
1431,0.577181208,0.5843473672866821,0.4117245078086853,0.43448412945934234
1432,0.230519481,0.47063902020454407,0.528425395488739,0.5316741928234555
1433,0.243506494,0.47063902020454407,0.528425395488739,0.5263819466742627
1434,0.117216117,0.41319334506988525,0.23450705409049988,0.24288829246562826
1435,0.4435146439999999,0.4752720594406128,0.23806697130203247,0.21606069709227443
1436,0.8410326090000001,0.3826003968715668,0.5179500579833984,0.5176513853066772
1437,0.296703297,0.33922940492630005,0.28624796867370605,0.2709060443865805
1438,0.112554113,0.39478927850723267,0.14761337637901306,0.16983050663082208
1439,0.185064935,0.39478927850723267,0.14761337637901306,0.16561831087222723
1440,0.338709677,0.5415024161338806,0.6111800074577332,0.6277159226598052
1441,0.7431192659999999,0.5013700723648071,0.5368178486824036,0.5498491500259051
1442,0.279220779,0.2894725203514099,0.35317227244377136,0.34622841749745514
1443,0.119047619,0.28623175621032715,0.21413421630859375,0.1954113638436304
1444,0.223443223,0.6752395033836365,0.45193782448768616,0.4698505602420417
1445,0.196703297,0.32313844561576843,0.4631528854370117,0.4523131898189865
1446,0.3777056279999999,0.527074933052063,0.3978864550590515,0.41878593004041076
1447,0.333333333,0.527074933052063,0.3978864550590515,0.4199604741024401
1448,0.166666667,0.3243466019630432,0.13507604598999023,0.13314742639445198
1449,0.1742424239999999,0.3243466019630432,0.13507604598999023,0.1333518565579253
1450,0.611413043,0.41805434226989746,0.2882750630378723,0.3007873214502862
1451,0.388278388,0.5950070023536682,0.7180001139640808,0.7133927530716233
1452,0.7384615379999999,0.49865230917930603,0.3830428123474121,0.3812987557086695
1453,0.201298701,0.5856177806854248,0.8024306297302246,0.7780114360530632
1454,0.1893939389999999,0.5856177806854248,0.8024306297302246,0.7784828034217702
1455,0.494588745,0.5395290851593018,0.514060378074646,0.5159655199921336
1456,0.46969697,0.5395290851593018,0.514060378074646,0.5159655199921336
1457,0.130177515,0.39539051055908203,0.5208755135536194,0.5062624037593209
1458,0.7010989009999999,0.5418369770050049,0.6072258949279785,0.6085011997511911
1459,0.796195652,0.6366446018218994,0.5612884759902954,0.5581995047549377
1460,0.149350649,0.382049024105072,0.5256706476211548,0.5055696433315515
1461,0.37012987,0.38155484199523926,0.5911307334899902,0.5927098565047968
1462,0.745670996,0.4526463449001312,0.48243266344070435,0.469828184082565
1463,0.7175324679999999,0.4526463449001312,0.48243266344070435,0.479392397496309
1464,0.3484848479999999,0.6818621158599854,0.7544941902160645,0.7462893299046927
1465,0.3073593069999999,0.6818621158599854,0.7544941902160645,0.7462893299046927
1466,0.7056277059999999,0.43097952008247375,0.8657324314117432,0.8367102056279072
1467,0.808441558,0.43097952008247375,0.8657324314117432,0.8321045881151168
1468,0.0334728029999999,0.501640796661377,0.48853006958961487,0.5088852358264359
1469,0.806451613,0.6755161285400391,0.8246054649353027,0.7916884179078619
1470,0.498194946,0.49563366174697876,0.5936416983604431,0.5787353957039845
1471,0.686390533,0.5591403245925903,0.515347957611084,0.5468374697521514
1472,0.920995671,0.6433069109916687,0.7674328088760376,0.7620182213611355
1473,0.837662338,0.6433069109916687,0.7674328088760376,0.7721540120921573
1474,0.298901099,0.5210006833076477,0.6286357641220093,0.6045930579064523
1475,0.278106509,0.40913254022598267,0.47052109241485596,0.4620199717538772
1476,0.351648352,0.4764615297317505,0.40334004163742065,0.40911162937807555
1477,0.162337662,0.5509275197982788,0.6397137641906738,0.6562557401035232
1478,0.206709957,0.5509275197982788,0.6397137641906738,0.6523236397946202
1479,0.040540541,0.17428871989250183,0.008010804653167725,0.07962976436125296
1480,0.913419913,0.7277284860610962,0.6924969553947449,0.6981871312470593
1481,0.873376623,0.7277284860610962,0.6924969553947449,0.6998141751232472
1482,0.8702928870000001,0.46844470500946045,0.5844208598136902,0.6087982535150639
1483,0.023809524,0.35007524490356445,0.4278377592563629,0.44799207217967313
1484,0.011904762,0.35007524490356445,0.4278377592563629,0.44554801701270697
1485,0.681818182,0.7149254083633423,0.7661812901496887,0.7390024815347963
1486,0.082251082,0.2126752734184265,0.3019959330558777,0.27081895242892984
1487,0.1589958159999999,0.4742929935455322,0.502564549446106,0.5033261947783095
1488,0.179916318,0.442510187625885,0.381217360496521,0.3540129596260453
1489,0.7540760870000001,0.5755845904350281,0.7509121298789978,0.7829371674536654
1490,0.375824176,0.3602217435836792,0.4929196238517761,0.46907756390848854
1491,0.084415584,0.4633847773075104,0.48461413383483887,0.4946418016168573
1492,0.093073593,0.4633847773075104,0.48461413383483887,0.49156011752746276
1493,0.605978261,0.45345383882522583,0.431338906288147,0.45530604573066435
1494,0.438311688,0.49628734588623047,0.5638138651847839,0.5818786696090739
1495,0.331168831,0.49628734588623047,0.5638138651847839,0.5703087026153346
1496,0.582251082,0.4389210343360901,0.18329089879989624,0.21682297811114484
1497,0.21875,0.6771630048751831,0.6234971284866333,0.617048168142476
1498,0.7039711190000001,0.6280094385147095,0.6664237976074219,0.6634438264799425
1499,0.772527473,0.4030894935131073,0.6886419057846069,0.6756344134136476
1500,0.637228261,0.30923187732696533,0.36544257402420044,0.34514859171859413
1501,0.187919463,0.5638973116874695,0.3598439693450928,0.35587164055774817
1502,0.074675325,0.3500991463661194,0.12359422445297241,0.15456866225707439
1503,0.113636364,0.3500991463661194,0.12359422445297241,0.1616359166271032
1504,0.053030303,0.18299731612205505,0.16075068712234497,0.1642729345222919
1505,0.055194805,0.18299731612205505,0.16075068712234497,0.16199230605607437
1506,0.415789474,0.33457401394844055,0.41233712434768677,0.4100052099661228
1507,0.946153846,0.6702336668968201,0.6078559756278992,0.6161388617548705
1508,0.903296703,0.6458076238632202,0.9030643701553345,0.8812227097329511
1509,0.44966443,0.4803035259246826,0.3598085045814514,0.3802666806974437
1510,0.239130435,0.3795011639595032,0.4497336149215698,0.44702750889271015
1511,0.527056277,0.24571919441223145,0.11018815636634827,0.13523407470011356
1512,0.558441558,0.24571919441223145,0.11018815636634827,0.13523407470011356
1513,0.636842105,0.5572978854179382,0.5838397741317749,0.5772339260201164
1514,0.32967033,0.6614339351654053,0.48488935828208923,0.49679166141795666
1515,0.5992779779999999,0.4057464301586151,0.46319249272346497,0.45619825957954674
1516,0.608225108,0.6612589955329895,0.6825274229049683,0.6974120700733205
1517,0.5865800870000001,0.6612589955329895,0.6825274229049683,0.679528396116973
1518,0.973154362,0.5221100449562073,0.5407379269599915,0.5600623054102413
1519,0.003610108,0.3654504716396332,0.28328344225883484,0.30096779983703514
1520,0.880952381,0.6105864644050598,0.592218816280365,0.5915140144236708
1521,0.8441558440000001,0.6105864644050598,0.592218816280365,0.5915140144236708
1522,0.276150628,0.35386037826538086,0.33384421467781067,0.3594283189062507
1523,0.041841004,0.40854448080062866,0.2874036729335785,0.25564549310816187
1524,0.7294372290000001,0.47278860211372375,0.28048375248908997,0.2900142281575079
1525,0.662337662,0.47278860211372375,0.28048375248908997,0.29001422815750777
1526,0.833333333,0.6331785321235657,0.49684375524520874,0.5025078367749772
1527,0.803030303,0.6331785321235657,0.49684375524520874,0.5122835949778501
1528,0.6894736840000001,0.4497743546962738,0.6737909913063049,0.6513965197742819
1529,0.374458874,0.5690235495567322,0.6484256982803345,0.6511321369152292
1530,0.467532468,0.5690235495567322,0.6484256982803345,0.6472316959275476
1531,0.772727273,0.6331936120986938,0.5664740800857544,0.5676650063084435
1532,0.081521739,0.5249111652374268,0.21946460008621216,0.23364029352615207
1533,0.118343195,0.2970728576183319,0.29007384181022644,0.26817844777229166
1534,0.8311688309999999,0.7346328496932983,0.802788257598877,0.8122496816616178
1535,0.804112554,0.7346328496932983,0.802788257598877,0.8109496535794016
1536,0.8206278029999999,0.7442370653152466,1.0236912965774536,0.9270117552582208
1537,0.076923077,0.40105655789375305,0.2357972264289856,0.23240932030164718
1538,0.246636771,0.6335937976837158,0.7249941825866699,0.7041989990475207
1539,0.164502165,0.4281482696533203,0.3962670862674713,0.3928610665971807
1540,0.1937229439999999,0.4281482696533203,0.3962670862674713,0.3861177883954473
1541,0.305194805,0.46251654624938965,0.3064984679222107,0.2908868459570671
1542,0.915789474,0.7142252326011658,0.6140673756599426,0.6168740848178321
1543,0.46969697,0.4174067974090576,0.5671613812446594,0.5828493161058984
1544,0.5995670999999999,0.4174067974090576,0.5671613812446594,0.590502661225961
1545,0.154761905,0.48570582270622253,0.7470154762268066,0.7286615577934608
1546,0.151515152,0.48570582270622253,0.7470154762268066,0.7256733770776843
1547,0.554347826,0.5434471964836121,0.6366859078407288,0.6207121714307042
1548,0.705494505,0.37661898136138916,0.5375849008560181,0.5301419686451663
1549,0.324175824,0.36006438732147217,0.34730660915374756,0.32742262808948697
1550,0.585798817,0.6304866075515747,0.8112971782684326,0.8084980693174876
1551,0.170403587,0.6885529160499573,0.8810099959373474,0.8379364041990838
1552,0.753246753,0.631834864616394,0.7067688703536987,0.6850322337668892
1553,0.7987012990000001,0.631834864616394,0.7067688703536987,0.6839042827132109
1554,0.47826087,0.5455525517463684,0.5391495227813721,0.5302814992663245
1555,0.461038961,0.5685609579086304,0.5920710563659668,0.6082768545544786
1556,0.8014440429999999,0.5345820188522339,0.7342382669448853,0.7201709000550347
1557,0.872483221,0.7142727971076965,0.6522822380065918,0.6782954715200666
1558,0.379076087,0.6157414317131042,0.548778235912323,0.5364737249070429
1559,0.035502959,0.2101101577281952,0.1165100634098053,0.14807594186146616
1560,0.951612903,0.6132858991622925,0.6040332913398743,0.6101434144533958
1561,0.79004329,0.5678868293762207,0.7744230628013611,0.7738412282068703
1562,0.847402597,0.5678868293762207,0.7744230628013611,0.7731482433574768
1563,0.4134199129999999,0.32719898223876953,0.24767127633094788,0.2693676140197231
1564,0.67965368,0.5447070002555847,0.6214157938957214,0.6188828068309453
1565,0.529147982,0.4168732166290283,0.5801663994789124,0.601816866400068
1566,0.6105263160000001,0.3213200569152832,0.5989933609962463,0.6045450528427856
1567,0.457792208,0.5571324229240417,0.5399101972579956,0.5155743312141623
1568,0.507575758,0.5571324229240417,0.5399101972579956,0.5220798268771141
1569,0.687229437,0.596828281879425,0.7129256725311279,0.6964777039924533
1570,0.7824675320000001,0.596828281879425,0.7129256725311279,0.6916596536629932
1571,0.304029304,0.37633469700813293,0.5524293184280396,0.5417785433664521
1572,0.942934783,0.5573014616966248,0.6168456673622131,0.6288419048495361
1573,0.7,0.6162362098693848,0.5651552081108093,0.5390676828891457
1574,0.949458484,0.5675368905067444,0.8440641164779663,0.8253628265544852
1575,0.79076087,0.5723041892051697,0.7523221969604492,0.7592239274154915
1576,0.641304348,0.7619651556015015,0.6745021939277649,0.6556377216258891
1577,0.7230769229999999,0.4886113703250885,0.7910865545272827,0.7597397105642811
1578,0.746753247,0.6288285255432129,0.6711783409118652,0.6705527594227312
1579,0.731601732,0.6288285255432129,0.6711783409118652,0.6705527594227312
1580,0.527027027,0.3480156660079956,0.41373804211616516,0.40240810097999125
1581,0.496703297,0.6759613752365112,0.7052702903747559,0.6943292089988709
1582,0.6028880870000001,0.4788728356361389,0.6665188670158386,0.6511706622850627
1583,0.642857143,0.7926959991455078,0.7201828956604004,0.6985911810951806
1584,0.039711191,0.44160598516464233,0.38255366683006287,0.38276430699630537
1585,0.6367713,0.5284091234207153,0.481449693441391,0.4689475057605242
1586,0.244565217,0.7201427221298218,0.48556506633758545,0.4660163922214512
1587,0.83982684,0.5260693430900574,0.5626879930496216,0.5441672457210696
1588,0.738095238,0.5260693430900574,0.5626879930496216,0.5452084979868533
1589,0.120923913,0.5935528874397278,0.34007322788238525,0.33434744130864036
1590,0.824675325,0.5920857191085815,0.604546070098877,0.6129936954051499
1591,0.80952381,0.5920857191085815,0.604546070098877,0.6129936954051498
1592,0.7179487179999999,0.6126636266708374,0.379297137260437,0.39786053807479194
1593,0.506793478,0.623632550239563,0.6881334185600281,0.69900159693987
1594,0.016304348,0.47214624285697937,0.436527818441391,0.4487719264936504
1595,0.85326087,0.4871944189071655,0.24895501136779785,0.2809765057744144
1596,0.923160173,0.3962109684944153,0.4380328059196472,0.46507366600030253
1597,0.991341991,0.3962109684944153,0.4380328059196472,0.4583504268602011
1598,0.842490842,0.49837666749954224,0.5882005095481873,0.5784685942842887
1599,0.312770563,0.43540212512016296,0.4933938980102539,0.4848396686208784
1600,0.288961039,0.43540212512016296,0.4933938980102539,0.48483966862087835
1601,0.917582418,0.5340055227279663,0.29268401861190796,0.30694250820093716
1602,0.192934783,0.21494677662849426,0.06643602252006531,0.11849851499225053
1603,0.7629870129999999,0.30135786533355713,0.2772356867790222,0.2805615703041465
1604,0.7943722940000001,0.30135786533355713,0.2772356867790222,0.2805615703041465
1605,0.8578947370000001,0.6842800378799438,0.6623791456222534,0.6784969932064852
1606,0.936147186,0.4717218279838562,0.5732039213180542,0.5886929726921186
1607,0.928571429,0.4717218279838562,0.5732039213180542,0.5886929726921186
1608,0.985347985,0.5559569597244263,0.6129388213157654,0.603426836843205
1609,0.260869565,0.5371847152709961,0.38262856006622314,0.38576053070404515
1610,0.446153846,0.6982802152633667,0.5101276636123657,0.5085734813626182
1611,0.512228261,0.6347448229789734,0.80638587474823,0.793401009511622
1612,0.368131868,0.5433503985404968,0.6978039145469666,0.7276525623332867
1613,0.366883117,0.4178313612937927,0.30888769030570984,0.33116898854655286
1614,0.37012987,0.4178313612937927,0.30888769030570984,0.33116898854655286
1615,0.32201087,0.5705088973045349,0.4177054762840271,0.42795919548237166
1616,0.334415584,0.540873646736145,0.38552922010421753,0.4008995493598795
1617,0.514069264,0.540873646736145,0.38552922010421753,0.4008995493598795
1618,0.81884058,0.5388997197151184,0.6011742949485779,0.5979163943378878
1619,0.197309417,0.4259439706802368,0.3233790993690491,0.31114578984234725
1620,0.476987448,0.3076861798763275,0.3371167480945587,0.3253460361035948
1621,0.112426036,0.27519741654396057,0.19787442684173584,0.18877784915063556
1622,0.838827839,0.47828209400177,0.7454882860183716,0.7558386433256805
1623,0.84375,0.6243177056312561,0.733890175819397,0.7228014558008908
1624,0.585774059,0.4532220959663391,0.4135875701904297,0.42860753931386797
1625,0.929347826,0.5988413691520691,0.6758365035057068,0.6782926407151948
1626,0.399350649,0.4439127445220947,0.5021309852600098,0.5068506384116898
1627,0.49025974,0.4439127445220947,0.5021309852600098,0.5059283893369102
1628,0.0606060609999999,0.6099656820297241,0.6934113502502441,0.7095844921976229
1629,0.051948052,0.6099656820297241,0.6934113502502441,0.7066070826154053
1630,0.420879121,0.43581831455230713,0.35732942819595337,0.38444910666125187
1631,0.619246862,0.486204594373703,0.5959218144416809,0.6055503172671617
1632,0.257575758,0.32434582710266113,0.15121865272521973,0.15982445598819228
1633,0.2640692639999999,0.32434582710266113,0.15121865272521973,0.17137333202482377
1634,0.357142857,0.4822884798049927,0.5274953246116638,0.5285832557045117
1635,0.357142857,0.509926438331604,0.5243623852729797,0.5397381279326278
1636,0.923766816,0.7343536019325256,0.7643080353736877,0.7395371819471741
1637,0.624161074,0.6103218197822571,0.883888840675354,0.8433720887737144
1638,0.828804348,0.36980122327804565,0.20986557006835938,0.20998784813890975
1639,0.956043956,0.6575493812561035,0.4823454022407532,0.455829794887301
1640,0.1732851989999999,0.38725805282592773,0.11317229270935059,0.1456143972129358
1641,0.8138528140000001,0.6117693781852722,0.5021740794181824,0.4840209396625118
1642,0.146788991,0.45236045122146606,0.4290215075016022,0.42571424769529786
1643,0.020562771,0.2369106411933899,0.2027013599872589,0.205748253642204
1644,0.046536797,0.2369106411933899,0.2027013599872589,0.19721511803042796
1645,0.7315436240000001,0.48831596970558167,0.4728381037712097,0.4764373597206566
1646,0.032490975,0.4082494378089905,0.10741475224494934,0.13570284819116973
1647,0.711297071,0.5859565734863281,0.5620309710502625,0.5648744408758763
1648,0.207880435,0.49962443113327026,0.7024631500244141,0.6745007563095051
1649,0.556043956,0.5742911100387573,0.5259307026863098,0.5296450318340384
1650,0.838926174,0.472936749458313,0.5830759406089783,0.5720513871785158
1651,0.1212121209999999,0.619986891746521,0.6732119917869568,0.6596229818436791
1652,0.102813853,0.619986891746521,0.6732119917869568,0.6693168394703424
1653,0.443786982,0.5444946885108948,0.7104622721672058,0.7190197584008183
1654,0.008152174,0.42304039001464844,0.5267620086669922,0.5286102112353535
1655,0.952380952,0.5541565418243408,0.6368380784988403,0.6133302853701894
1656,0.95021645,0.5541565418243408,0.6368380784988403,0.6108976933994629
1657,0.192640693,0.3304574489593506,0.3987302780151367,0.3997477463465678
1658,0.238461538,0.4111471474170685,0.36764729022979736,0.37882926522629445
1659,0.460597826,0.4369260370731354,0.5700101852416992,0.5588176477455027
1660,0.045454545,0.38238561153411865,0.3427012860774994,0.35011096933455305
1661,0.053030303,0.38238561153411865,0.3427012860774994,0.3442274313910325
1662,0.717582418,0.5440922975540161,0.7003594636917114,0.6971216682197363
1663,0.251121076,0.3390485346317291,0.35876500606536865,0.35375637999056997
1664,0.073825503,0.3236224949359894,0.4188188314437866,0.40016426998510546
1665,0.015151515,0.5177544951438904,0.4464188516139984,0.44517342951389066
1666,0.0995671,0.5177544951438904,0.4464188516139984,0.4580737174437157
1667,0.122294372,0.5730026960372925,0.5809263586997986,0.5791050256509739
1668,0.0865800869999999,0.5730026960372925,0.5809263586997986,0.5972238565508949
1669,0.341991342,0.5088291168212891,0.5099949836730957,0.5065702282996457
1670,0.480519481,0.5088291168212891,0.5099949836730957,0.50200479536231
1671,0.676406926,0.6738444566726685,0.9202541708946228,0.884201640018262
1672,0.557359307,0.6738444566726685,0.9202541708946228,0.8828331622655268
1673,0.811594203,0.6439553499221802,0.7609453201293945,0.7340185305749882
1674,0.938311688,0.567101776599884,0.5523808002471924,0.5534392267784731
1675,0.924242424,0.567101776599884,0.5523808002471924,0.5534392267784731
1676,0.4794372289999999,0.5052263736724854,0.5925204753875732,0.5777021263315674
1677,0.431818182,0.5052263736724854,0.5925204753875732,0.5781327069523188
1678,0.014652015,0.21575143933296204,-0.1867486834526062,0.06544516390769374
1679,0.0091743119999999,0.538281261920929,0.5595570802688599,0.5339114604973709
1680,0.357894737,0.5487576723098755,0.5174791812896729,0.5159599454712807
1681,0.469798658,0.5252667665481567,0.5594480037689209,0.5554298477366947
1682,0.316017316,0.4566762447357178,0.4114198088645935,0.42422753768220034
1683,0.327922078,0.4566762447357178,0.4114198088645935,0.42945505031264586
1684,0.588315217,0.6679501533508301,0.8576580286026001,0.8600497445412303
1685,0.934065934,0.6707034111022949,0.7198144793510437,0.7034876055681119
1686,0.213203463,0.36809730529785156,0.6833214163780212,0.6969723192004091
1687,0.1655844159999999,0.36809730529785156,0.6833214163780212,0.6969564760711713
1688,0.076923077,0.3209855556488037,-0.0033162832260131836,0.07739183074796445
1689,0.305439331,0.47829633951187134,0.31610313057899475,0.31749092744494367
1690,0.641025641,0.6496553421020508,0.5544347763061523,0.5703291151672346
1691,0.8255033559999999,0.6646734476089478,0.7368605732917786,0.7423638784258026
1692,0.452380952,0.6400705575942993,0.706169068813324,0.6998271807223635
1693,0.632034632,0.6400705575942993,0.706169068813324,0.706833883656516
1694,0.275974026,0.4417898952960968,0.5959559679031372,0.5911569222041184
1695,0.261904762,0.4417898952960968,0.5959559679031372,0.5911569222041184
1696,0.627218935,0.42744356393814087,0.3629075288772583,0.39170693718305416
1697,0.4175824179999999,0.5296649932861328,0.2823300361633301,0.303062496261605
1698,0.534632035,0.5527192950248718,0.5861291885375977,0.5866468962191955
1699,0.456709957,0.5527192950248718,0.5861291885375977,0.5866468962191955
1700,0.556277056,0.34557434916496277,0.17972171306610107,0.19170833288976852
1701,0.484848485,0.34557434916496277,0.17972171306610107,0.18845795794462145
1702,0.565217391,0.640645444393158,0.4773000478744507,0.49755774599674385
1703,0.428571429,0.5381128191947937,0.4997890591621399,0.5214116970025426
1704,0.380952381,0.5381128191947937,0.4997890591621399,0.5214116970025426
1705,0.838709677,0.6519336700439453,0.7228876352310181,0.7039417644469699
1706,0.1793721969999999,0.5529552698135376,0.49147671461105347,0.5070783032369139
1707,0.837545126,0.6672135591506958,0.7599628567695618,0.7476021872846876
1708,0.3811659189999999,0.5441630482673645,0.5692765712738037,0.5919572907527728
1709,0.498641304,0.37560683488845825,0.2019977569580078,0.19369425785535432
1710,0.451298701,0.45460623502731323,0.5627376437187195,0.5557513837426586
1711,0.350649351,0.45460623502731323,0.5627376437187195,0.5557513837426586
1712,0.7769230770000001,0.39805811643600464,0.4839549958705902,0.5080971256451786
1713,0.417119565,0.2348690629005432,0.17856943607330322,0.1809111759602936
1714,0.578947368,0.29998284578323364,0.1564459204673767,0.15834848664016327
1715,0.636363636,0.5438706874847412,0.5048059225082397,0.5235965766071716
1716,0.144927536,0.27533072233200073,0.23659157752990723,0.2546115039480822
1717,0.09623431,0.40959665179252625,0.23334169387817383,0.2354084014625878
1718,0.967532468,0.47529736161231995,0.5835192203521729,0.5622783043424255
1719,0.980519481,0.47529736161231995,0.5835192203521729,0.5618701237643388
1720,0.8097826090000001,0.469964861869812,0.6780818700790405,0.669296801736156
1721,0.852071006,0.658869743347168,0.5833925008773804,0.5648745340739727
1722,0.706521739,0.6067225337028503,0.4874446392059326,0.5006086790956837
1723,0.347280335,0.6544932126998901,0.5116305947303772,0.525386518230094
1724,0.7164502159999999,0.6037517189979553,0.4764103591442108,0.4821651697444774
1725,0.777056277,0.6037517189979553,0.4764103591442108,0.4821651697444774
1726,0.8768115940000001,0.5893809795379639,0.5144473314285278,0.542295268007992
1727,0.94047619,0.32864606380462646,0.5672031044960022,0.5808974378895837
1728,0.882034632,0.32864606380462646,0.5672031044960022,0.5808974378895837
1729,0.080536913,0.45781588554382324,0.35531240701675415,0.35909539193320167
1730,0.11038961,0.6135275363922119,0.5516311526298523,0.5771900916416439
1731,0.773626374,0.5318229794502258,0.41148513555526733,0.40405439088681916
1732,0.380952381,0.49928539991378784,0.4610099792480469,0.460761118955199
1733,0.391774892,0.49928539991378784,0.4610099792480469,0.46076111895519906
1734,0.461538462,0.38249844312667847,0.3183119595050812,0.3279088496022557
1735,0.973684211,0.615070641040802,0.5357145667076111,0.5617335450780185
1736,0.073394495,0.43581825494766235,0.4771657884120941,0.4568429225534636
1737,0.247835498,0.4904596209526062,0.5069891214370728,0.5088304961211907
1738,0.310606061,0.4904596209526062,0.5069891214370728,0.5167848020828492
1739,0.029288703,0.44269290566444397,0.44369369745254517,0.42643968605209076
1740,0.4375,0.505066454410553,0.6704114675521851,0.6532794589594259
1741,0.855072464,0.625934898853302,0.6090150475502014,0.6165578596225287
1742,0.545454545,0.5078322887420654,0.4352632164955139,0.4481831320512718
1743,0.642857143,0.5078322887420654,0.4352632164955139,0.4405189071067239
1744,0.454545455,0.3708095848560333,0.3602312207221985,0.35477546435441376
1745,0.668161435,0.44284775853157043,0.17181339859962463,0.20153679327561602
1746,0.128571429,0.36251530051231384,0.28087764978408813,0.28907478601182973
1747,0.622710623,0.4024335741996765,0.26479652523994446,0.2588064821465915
1748,0.7753623190000001,0.4063979685306549,0.3519873321056366,0.3707585828368603
1749,0.04004329,0.41950520873069763,0.6711027026176453,0.6650102034579995
1750,0.057359307,0.41950520873069763,0.6711027026176453,0.6650102034579995
1751,0.152173913,0.4061335027217865,0.2026050090789795,0.19807959668125694
1752,0.8780219779999999,0.5411331653594971,0.627449631690979,0.6508305734309707
1753,0.657718121,0.6016854047775269,0.8164584636688232,0.7935012866107788
1754,0.123076923,0.41512376070022583,0.15979954600334167,0.18105170217815442
1755,0.337278107,0.45274433493614197,0.5052073001861572,0.497193388831966
1756,0.613718412,0.5271498560905457,0.5752086639404297,0.5622436642107442
1757,0.511904762,0.8363373279571533,0.7574331164360046,0.7678094370927693
1758,0.397186147,0.8363373279571533,0.7574331164360046,0.7678094370927693
1759,0.0389610389999999,0.3317009210586548,0.07662034034729004,0.11456833130296815
1760,0.014069264,0.3317009210586548,0.07662034034729004,0.11456833130296815
1761,0.2424242419999999,0.3813726305961609,0.31261664628982544,0.2956876023472751
1762,0.215367965,0.3813726305961609,0.31261664628982544,0.3074977058551961
1763,0.560606061,0.3991294503211975,0.31527650356292725,0.32609278517897144
1764,0.511904762,0.3991294503211975,0.31527650356292725,0.3215517260754076
1765,0.788961039,0.5161224007606506,0.49241915345191956,0.5071004553116535
1766,0.726190476,0.5161224007606506,0.49241915345191956,0.5094860774390425
1767,0.101449275,0.5169443488121033,0.4111531674861908,0.3917673570688971
1768,0.305194805,0.28139305114746094,0.0569913387298584,0.07466000631470368
1769,0.586956522,0.49605053663253784,0.35876595973968506,0.3861186267746034
1770,0.300865801,0.3750944137573242,0.09209659695625305,0.10874404517462623
1771,0.269480519,0.3750944137573242,0.09209659695625305,0.10071731785288598
1772,0.792207792,0.5540192127227783,0.501390814781189,0.5094732460358566
1773,0.125274725,0.26992788910865784,0.1765592098236084,0.20230335423953943
1774,0.49704142,0.5976691246032715,0.40334874391555786,0.4075227553725965
1775,0.66367713,0.34015700221061707,0.22954633831977844,0.224885589527641
1776,0.047619048,0.22846660017967224,0.04104888439178467,0.09012965014582104
1777,0.4740259739999999,0.3395538926124573,0.4766915440559387,0.4530715354835622
1778,0.505411255,0.3395538926124573,0.4766915440559387,0.4530715354835622
1779,0.2013422819999999,0.4220077097415924,0.5776885151863098,0.5695918671114435
1780,0.195266272,0.2928171753883362,0.27705973386764526,0.305552571135589
1781,0.4891774889999999,0.7287594676017761,0.5435255765914917,0.5605813895599785
1782,0.476190476,0.7287594676017761,0.5435255765914917,0.5605813895599786
1783,0.7264573990000001,0.5835795998573303,0.5013203620910645,0.48881721644046816
1784,0.1991341989999999,0.29665905237197876,0.060759156942367554,0.11215584382645744
1785,0.411255411,0.3795335590839386,0.2368607521057129,0.2402797153487467
1786,0.359307359,0.3795335590839386,0.2368607521057129,0.24474848841251923
1787,0.544372294,0.49440228939056396,0.42743372917175293,0.40958255093556645
1788,0.5,0.49440228939056396,0.42743372917175293,0.40958255093556645
1789,0.3186813189999999,0.3275948762893677,0.13020479679107666,0.13790339874046328
1790,0.243243243,0.5923774242401123,0.6477429866790771,0.6502150756601011
1791,0.202898551,0.212578684091568,0.13969510793685913,0.16977052432859308
1792,0.164835165,0.2580680251121521,0.25150540471076965,0.25879690731850347
1793,0.131868132,0.4199160635471344,0.3357541561126709,0.34542078492567463
1794,0.496644295,0.48445144295692444,0.6283475160598755,0.6572260840515771
1795,0.813186813,0.2570682168006897,-0.09683400392532349,0.07455194156555746
1796,0.552301255,0.431631863117218,0.5974379181861877,0.5983957048171467
1797,0.8170995670000001,0.5125411152839661,0.5645642280578613,0.5730310287215346
1798,0.796536797,0.5125411152839661,0.5645642280578613,0.5719318658469364
1799,0.405844156,0.5672531127929688,0.5592523217201233,0.5768716466651795
1800,0.375541126,0.5672531127929688,0.5592523217201233,0.5650780960301519
1801,0.07032967,0.38235360383987427,0.14743617177009583,0.14124106776106093
1802,0.040268456,0.14204856753349304,0.15749096870422363,0.1423301574460234
1803,0.416666667,0.3689514994621277,0.030592918395996094,0.07884177911276798
1804,0.296536797,0.3689514994621277,0.030592918395996094,0.0795829979940896
1805,0.7010989009999999,0.7421251535415649,0.6631758213043213,0.6946535364314586
1806,0.246376812,0.5172969698905945,0.3987003564834595,0.37978074325568495
1807,0.006711409,0.4110758900642395,0.6129502654075623,0.6025474002237571
1808,0.342960289,0.3807533383369446,0.3446268141269684,0.32088888237946417
1809,0.361413043,0.47700271010398865,0.643385648727417,0.6251302692172422
1810,0.604395604,0.5554683804512024,0.6426267623901367,0.6124719598253878
1811,0.4201183429999999,0.42332571744918823,0.29859575629234314,0.31881926311472575
1812,0.736263736,0.263187050819397,0.4317151606082916,0.42427692192177224
1813,0.761904762,0.2788889706134796,0.19140449166297913,0.20517353508455258
1814,0.996753247,0.5275337100028992,1.0235481262207031,0.9386021839273285
1815,0.992424242,0.5275337100028992,1.0235481262207031,0.9386021839273284
1816,0.674556213,0.5574294924736023,0.6623069047927856,0.6928260486165669
1817,0.571428571,0.6117619872093201,0.5496954321861267,0.5320188279483637
1818,0.593073593,0.6117619872093201,0.5496954321861267,0.5320188279483637
1819,0.46043956,0.4885154068470001,0.4890144169330597,0.46857008638334136
1820,0.342281879,0.39703577756881714,0.5300244092941284,0.5035154604506703
1821,0.1891891889999999,0.5042171478271484,0.5474631190299988,0.5620151338458971
1822,0.248322148,0.3547923266887665,0.48545899987220764,0.4764222789246025
1823,0.308441558,0.4181019067764282,0.5752851366996765,0.570313381592106
1824,0.322510823,0.4181019067764282,0.5752851366996765,0.5680760013309187
1825,0.124175824,0.40052521228790283,0.25173839926719666,0.23730424625338065
1826,0.400722022,0.44438636302948,0.5128241777420044,0.53419813506998
1827,0.566017316,0.6202864050865173,0.3842432498931885,0.3860998057153222
1828,0.57034632,0.6202864050865173,0.3842432498931885,0.3860998057153222
1829,0.076923077,0.24171996116638184,-0.09697026014328003,0.07609020577653611
1830,0.651515152,0.5518927574157715,0.5970503687858582,0.6054280951529156
1831,0.792207792,0.5518927574157715,0.5970503687858582,0.6054280951529156
1832,0.020134228,0.312882661819458,0.32159507274627686,0.32013718162283344
1833,0.328519856,0.3846256732940674,0.3932303190231323,0.3841674048364943
1834,0.415584416,0.3881978988647461,0.15251067280769348,0.18374443236125054
1835,0.477272727,0.3881978988647461,0.15251067280769348,0.18474468249694082
1836,0.110054348,0.12163341045379639,0.08137744665145874,0.09474571545603916
1837,0.25443787,0.20766150951385498,0.19005724787712097,0.19807767193717718
1838,0.359307359,0.4480257034301758,0.39420437812805176,0.41985242069554596
1839,0.067114094,0.5461545586585999,0.5002889633178711,0.5281111504697016
1840,0.256880734,0.37681442499160767,0.4986162781715393,0.4711687887026893
1841,0.483221477,0.5128880739212036,0.357490211725235,0.3278834285274491
1842,0.402930403,0.42890170216560364,0.5477754473686218,0.5301706268311593
1843,0.8608058609999999,0.4514990448951721,0.3928818702697754,0.385520701507217
1844,0.925324675,0.4399630129337311,0.6843193769454956,0.6877907063870827
1845,0.872294372,0.4399630129337311,0.6843193769454956,0.6877907063870827
1846,0.4220183489999999,0.44978928565979004,0.45801955461502075,0.48728977221610825
1847,0.648648649,0.4946390986442566,0.1478680670261383,0.15168052263078374
1848,0.573369565,0.386893630027771,0.41361019015312195,0.4311682921157799
1849,0.689393939,0.536665678024292,0.46148931980133057,0.44349573498258965
1850,0.6504329000000001,0.536665678024292,0.46148931980133057,0.4594287620580876
1851,0.75147929,0.573384702205658,0.6541134119033813,0.6342882757440972
1852,0.263598326,0.541100263595581,0.5805149674415588,0.5648576528389506
1853,0.7813852809999999,0.5853346586227417,0.6881093978881836,0.6794947177355181
1854,0.69010989,0.3850446939468384,0.35689812898635864,0.3355109230215141
1855,0.878947368,0.6235017776489258,0.7588749527931213,0.7636951392113561
1856,0.40989011,0.3363848626613617,0.4022696316242218,0.39435180875466663
1857,0.897435897,0.35546785593032837,0.3664611577987671,0.38182165043213123
1858,0.0183486239999999,0.4472109079360962,0.4460987150669098,0.41857099496461697
1859,0.7419354840000001,0.7410372495651245,0.8785246014595032,0.8543290373195291
1860,0.48021978,0.5234647393226624,0.4321810007095337,0.4395528391235072
1861,0.5067264570000001,0.4205896854400635,0.5825147032737732,0.5958185645594354
1862,0.434782609,0.3176786005496979,0.4166601300239563,0.42868887997390476
1863,0.750915751,0.5666033029556274,0.5683014392852783,0.5747386487013073
1864,0.763157895,0.5495308637619019,0.5923843383789062,0.609622002844723
1865,0.16043956,0.43418312072753906,0.15757247805595398,0.180844906524907
1866,0.874476987,0.4695788323879242,0.5162108540534973,0.5115589301752539
1867,0.057894737,0.25408387184143066,0.23994392156600952,0.2232539371459126
1868,0.3376623379999999,0.45684167742729187,0.48175522685050964,0.47793419902129963
1869,0.946308725,0.6732645034790039,0.7186291217803955,0.7371650518367915
1870,0.563157895,0.3897213935852051,0.43898463249206543,0.4620757394149215
1871,0.796703297,0.6526287198066711,0.32652807235717773,0.33258472627100943
1872,0.076839827,0.43189704418182373,0.5206419229507446,0.5041748698336626
1873,0.015151515,0.43189704418182373,0.5206419229507446,0.5076263100860765
1874,0.5865800870000001,0.5238543152809143,0.4679189622402191,0.4590483687725671
1875,0.681818182,0.5238543152809143,0.4679189622402191,0.4660067566578199
1876,0.275167785,0.2111334502696991,0.2542524039745331,0.22802382108022123
1877,0.428571429,0.5124778151512146,0.23322930932044983,0.25670888967867567
1878,0.344155844,0.46843671798706055,0.4766574203968048,0.4993668162673347
1879,0.369047619,0.46843671798706055,0.4766574203968048,0.4993668162673347
1880,0.124542125,0.3797469735145569,0.19472426176071167,0.18708866399716978
1881,0.014069264,0.2955862581729889,0.2534940242767334,0.26744308892635416
1882,0.043290043,0.2955862581729889,0.2534940242767334,0.26645429595027037
1883,0.771812081,0.43204519152641296,0.569766640663147,0.5472200937664253
1884,0.4755434779999999,0.5011222958564758,0.6208341121673584,0.6077251617168727
1885,0.413186813,0.4894333481788635,0.6065269708633423,0.5926737263394892
1886,0.435064935,0.5931654572486877,0.6512340307235718,0.6648186175123892
1887,0.41991342,0.5931654572486877,0.6512340307235718,0.6465033620728289
1888,0.476510067,0.5155158638954163,0.4207121729850769,0.44024392950591934
1889,0.071005917,0.23202425241470337,0.3560284376144409,0.34275232691202284
1890,0.135281385,0.30552250146865845,0.2552451491355896,0.27772614357918846
1891,0.152597403,0.30552250146865845,0.2552451491355896,0.27772614357918846
1892,0.819293478,0.7355506420135498,0.831476092338562,0.8313860352738733
1893,0.919354839,0.6686674952507019,0.5881348848342896,0.6063740686885315
1894,0.962343096,0.6446449756622314,0.861577033996582,0.8592083383481677
1895,0.148268398,0.40407150983810425,0.484773188829422,0.4849383836623479
1896,0.271645022,0.40407150983810425,0.484773188829422,0.4857293770182617
1897,0.628158845,0.6542781591415405,0.6973609924316406,0.6796789696331023
1898,0.055706522,0.4536967873573303,0.1810522973537445,0.20318421169029538
1899,0.204545455,0.46248430013656616,0.37214377522468567,0.4026283245235755
1900,0.2467532469999999,0.46248430013656616,0.37214377522468567,0.3961255094371418
1901,0.901098901,0.4228885769844055,0.445834219455719,0.4586510670472117
1902,0.742424242,0.5252617597579956,0.665199875831604,0.691206826171277
1903,0.618681319,0.7120718359947205,0.591484785079956,0.5953204102966724
1904,0.083333333,0.315793514251709,0.026070833206176758,0.07269287938257767
1905,0.04004329,0.315793514251709,0.026070833206176758,0.05904806631630869
1906,0.5606694560000001,0.6720213890075684,0.8152000308036804,0.797303549602072
1907,0.4835164839999999,0.6433194875717163,0.3332822024822235,0.333278968542819
1908,0.267399267,0.35396045446395874,0.2220257818698883,0.25207800629178023
1909,0.043478261,0.3914449214935303,0.3857063949108124,0.38401801474251285
1910,0.089010989,0.4992169439792633,0.5127801895141602,0.48485107197825456
1911,0.032967033,0.393418550491333,0.11736693978309631,0.11860244694050869
1912,0.0366972479999999,0.4830446243286133,0.3250756859779358,0.30579657006360705
1913,0.370967742,0.45028388500213623,0.4370085299015045,0.4388093632698448
1914,0.5739644970000001,0.3946407735347748,0.5370311141014099,0.5573010346100911
1915,0.356060606,0.38768985867500305,0.5457763671875,0.5572459923536472
1916,0.433982684,0.38768985867500305,0.5457763671875,0.5490736630286916
1917,0.640692641,0.6623011231422424,0.580997884273529,0.5901952387790272
1918,0.812770563,0.6623011231422424,0.580997884273529,0.5960129907927589
1919,0.644021739,0.4630533754825592,0.32966750860214233,0.31263231990815676
1920,0.630872483,0.6547790169715881,0.6645938158035278,0.6365158104697781
1921,0.621212121,0.4870780408382416,0.5067435503005981,0.5141663851970875
1922,0.544372294,0.4870780408382416,0.5067435503005981,0.5141663851970875
1923,0.023097826,0.3372303247451782,0.2331451177597046,0.21349331266173616
1924,0.922077922,0.681098997592926,0.5094706416130066,0.5297433646819996
1925,0.949134199,0.681098997592926,0.5094706416130066,0.5187308538001181
1926,0.360946746,0.6613988280296326,0.5545076727867126,0.5489981035021173
1927,0.758658009,0.528089165687561,0.4206996560096741,0.39860784222686213
1928,0.793290043,0.528089165687561,0.4206996560096741,0.4190847968482596
1929,0.543478261,0.5210686326026917,0.46973466873168945,0.4672289361395512
1930,0.8870292890000001,0.6037167310714722,0.7571004629135132,0.7245530531882614
1931,0.248917749,0.37272197008132935,0.46896594762802124,0.47702342035118106
1932,0.414201183,0.5339424014091492,0.6456354856491089,0.6609486810315849
1933,0.112107623,0.4202480614185333,0.3233783543109894,0.3123953071462742
1934,0.99025974,0.4191931486129761,0.7459694147109985,0.7418390932153018
1935,0.978354978,0.4191931486129761,0.7459694147109985,0.7488354513488729
1936,0.589010989,0.3795284628868103,0.3518695533275604,0.36449866930309016
1937,0.757322176,0.5355762243270874,0.5684734582901001,0.5898281515007615
1938,0.69955157,0.4363342821598053,0.557962954044342,0.5691412062043442
1939,0.064981949,0.41297709941864014,0.20749884843826294,0.22870114740771902
1940,0.856502242,0.7522492408752441,0.8190533518791199,0.7854961672072043
1941,0.243506494,0.5444347858428955,0.48837459087371826,0.4919782923291811
1942,0.294372294,0.5444347858428955,0.48837459087371826,0.5065909420934476
1943,0.885281385,0.4652518033981323,0.4824330508708954,0.47502392702828206
1944,0.807359307,0.4652518033981323,0.4824330508708954,0.485331258826315
1945,0.538961039,0.6914718747138977,0.6955404281616211,0.6959327978320986
1946,0.494588745,0.6914718747138977,0.6955404281616211,0.6959327978320986
1947,0.633116883,0.6030857563018799,0.6728495955467224,0.6561797699383596
1948,0.594155844,0.6030857563018799,0.6728495955467224,0.6651096419464364
1949,0.058441558,0.46795961260795593,0.4005106985569,0.3969824157682932
1950,0.017316017,0.46795961260795593,0.4005106985569,0.3969824157682932
1951,0.674725275,0.5482443571090698,0.6674432754516602,0.6650524228046715
1952,0.3944954129999999,0.572868287563324,0.6814972758293152,0.6917109951282091
1953,0.384615385,0.419959157705307,0.2507287859916687,0.2500046194767172
1954,0.2087912089999999,0.19198042154312134,0.10264039039611816,0.1372892822498056
1955,0.254076087,0.32125428318977356,0.2296299934387207,0.21079766396127292
1956,0.80866426,0.6160678863525391,0.721483051776886,0.7277643895772081
1957,0.757847534,0.5117053985595703,0.5839846730232239,0.5929858364402196
1958,0.08008658,0.3967321813106537,0.3412468433380127,0.322173190495168
1959,0.045454545,0.3967321813106537,0.3412468433380127,0.322173190495168
1960,0.274456522,0.5865802764892578,0.6582944393157959,0.6406783467774977
1961,0.322175732,0.43733182549476624,0.3924575448036194,0.3707774196976519
1962,0.8939393940000001,0.4966767430305481,0.6482836604118347,0.6254905539604281
1963,0.393939394,0.5054285526275635,0.5280808210372925,0.5115925519054613
1964,0.49025974,0.4263594448566437,0.5276246070861816,0.5340153967368342
1965,0.510822511,0.4263594448566437,0.5276246070861816,0.5340153967368342
1966,0.556053812,0.4127403795719147,0.20726731419563293,0.21144869017192894
1967,0.146443515,0.332961767911911,0.2712593376636505,0.25943192265846116
1968,0.564853556,0.6863130331039429,0.8460150957107544,0.8239676244714031
1969,0.05952381,0.5670511722564697,0.6181167364120483,0.6223156082496756
1970,0.088744589,0.5670511722564697,0.6181167364120483,0.6223156082496755
1971,0.058241758,0.5301328897476196,0.4451637864112854,0.4212970488827238
1972,0.25974026,0.5957530736923218,0.4449687600135803,0.4382680879616997
1973,0.93040293,0.6041021347045898,0.28049352765083313,0.2960462841399448
1974,0.909747292,0.5555857419967651,0.6863778829574585,0.6586337802722837
1975,0.3528138529999999,0.3675991892814636,0.4620535969734192,0.4676007222119669
1976,0.324675325,0.3675991892814636,0.4620535969734192,0.46445963233273324
1977,0.3913043479999999,0.3770281672477722,0.3812979459762573,0.3999119451061184
1978,0.29004329,0.3696707487106323,0.29339778423309326,0.3113643523943914
1979,0.224025974,0.3696707487106323,0.29339778423309326,0.30786427160002267
1980,0.7218614720000001,0.45731139183044434,0.5465394258499146,0.5417729932205853
1981,0.742424242,0.45731139183044434,0.5465394258499146,0.5467067991180818
1982,0.735164835,0.7253227233886719,0.7687235474586487,0.7806620008132461
1983,0.7012987009999999,0.8587273359298706,0.8619176149368286,0.8754886101718218
1984,0.930735931,0.539411187171936,0.6476448774337769,0.6300684100150269
1985,0.927489177,0.539411187171936,0.6476448774337769,0.6300684100150269
1986,0.08982684,0.3597034811973572,0.35084444284439087,0.3461506792725466
1987,0.1320346319999999,0.3597034811973572,0.35084444284439087,0.3465379735243215
1988,0.450549451,0.3583216071128845,0.2859989404678345,0.28518339489853395
1989,0.429530201,0.5449093580245972,0.6038686037063599,0.6087753198727865
1990,0.096467391,0.3987557590007782,0.2535252571105957,0.2435407072922469
1991,0.171597633,0.42128172516822815,0.43290841579437256,0.4106975633196077
1992,0.6980519479999999,0.5979048013687134,0.5311768054962158,0.5485089363803657
1993,0.9004329,0.5979048013687134,0.5311768054962158,0.551134834205228
1994,0.734848485,0.5338543057441711,0.6394845247268677,0.6225323218457284
1995,0.707792208,0.5338543057441711,0.6394845247268677,0.625610112626888
1996,0.4954128439999999,0.5475638508796692,0.6142082214355469,0.6441410554016374
1997,0.3495670999999999,0.42133164405822754,0.3034393787384033,0.3101122538641048
1998,0.336580087,0.42133164405822754,0.3034393787384033,0.3150942101071922
1999,0.4780219779999999,0.46788477897644043,0.47917383909225464,0.4607406928377194
2000,0.7838827840000001,0.4014698565006256,0.5735709071159363,0.561872169325338
2001,0.2186147189999999,0.25279322266578674,0.1805199384689331,0.17697286608096213
2002,0.225108225,0.25279322266578674,0.1805199384689331,0.17697286608096213
2003,0.22972973,0.4878559112548828,0.5966441035270691,0.5873210802424746
2004,0.597315436,0.6670363545417786,0.6824960112571716,0.6715590218843401
2005,0.445887446,0.6020692586898804,0.5087509155273438,0.5261590065018924
2006,0.415584416,0.6020692586898804,0.5087509155273438,0.5192265552648674
2007,0.8780219779999999,0.7698463201522827,0.8328481912612915,0.8374260517754528
2008,0.62987013,0.544402539730072,0.6666915416717529,0.6829777042578665
2009,0.6158008660000001,0.544402539730072,0.6666915416717529,0.6909983468957885
2010,0.183486239,0.6088938117027283,0.5173924565315247,0.49656447021354244
2011,0.144404332,0.3712925612926483,0.48082253336906433,0.4845602772613957
2012,0.661290323,0.38470667600631714,0.4290458559989929,0.4119865593955496
2013,0.8870967740000001,0.753010630607605,0.7155980467796326,0.7059082156135534
2014,0.864718615,0.49535560607910156,0.5056666135787964,0.5049798362137149
2015,0.7781385279999999,0.49535560607910156,0.5056666135787964,0.5083151962924155
2016,0.073369565,0.4750601053237915,0.33110013604164124,0.31855348000021577
2017,0.834319527,0.4446074366569519,0.6874881982803345,0.6706715306463852
2018,0.492307692,0.4760814309120178,0.3365775942802429,0.30566131065369717
2019,0.087662338,0.2743604779243469,0.41759639978408813,0.3882859280593852
2020,0.081168831,0.2743604779243469,0.41759639978408813,0.39532295921263017
2021,0.7472826090000001,0.4928642511367798,0.5381722450256348,0.5556880709621381
2022,0.761904762,0.4524492919445038,0.46120312809944153,0.4707877896793234
2023,0.905325444,0.6028708815574646,0.667682409286499,0.6393232990080595
2024,0.3692307689999999,0.29342105984687805,0.3476017415523529,0.35723465871025906
2025,0.674725275,0.45453789830207825,0.43908557295799255,0.4298843177590496
2026,0.798913043,0.5625635385513306,0.44848164916038513,0.4420734685183406
2027,0.333333333,0.4259311854839325,0.47046566009521484,0.48157982810387556
2028,0.415162455,0.4274371266365051,0.5987990498542786,0.5682498453234728
2029,0.255434783,0.6784768104553223,0.6588553786277771,0.6705937150001009
2030,0.618681319,0.5444955229759216,0.6593345403671265,0.6310721306501439
2031,0.7533632290000001,0.45122939348220825,0.3913707733154297,0.39798417707295763
2032,0.901098901,0.6280703544616699,0.5008782148361206,0.4817460651571309
2033,0.828451883,0.6237602829933167,0.7410902976989746,0.7312426821553119
2034,0.010989011,0.5944626927375793,0.33089321851730347,0.3405744984155679
2035,0.593406593,0.4028070569038391,0.27816471457481384,0.27267403822126923
2036,0.376623377,0.4154834747314453,0.5143119096755981,0.5150636660062581
2037,0.3484848479999999,0.4154834747314453,0.5143119096755981,0.5245762062708482
2038,0.6521739129999999,0.485831618309021,0.5862299799919128,0.6107452457374803
2039,0.532544379,0.6169334650039673,0.6879042387008667,0.6545698990210578
2040,0.175324675,0.30245348811149597,0.21823391318321228,0.23594148009680616
2041,0.928251121,0.6598166227340698,0.4954102635383606,0.5128333461064649
2042,0.6373626370000001,0.5352823734283447,0.6187160015106201,0.594976760891235
2043,0.484375,0.5021423101425171,0.5286140441894531,0.5103463593117417
2044,0.384199134,0.5011394023895264,0.526275098323822,0.5216943276274645
2045,0.3679653679999999,0.5011394023895264,0.526275098323822,0.5268405505373912
2046,0.268456376,0.6105068922042847,0.5758305191993713,0.5872674052484717
2047,0.702898551,0.699679970741272,0.7605550289154053,0.7587597708322491
2048,0.424908425,0.5522441864013672,0.44340747594833374,0.4248004670229123
2049,0.351351351,0.4732998013496399,0.5061325430870056,0.5031829358986646
2050,0.657894737,0.5337073802947998,0.4140279293060303,0.40195534131140404
2051,0.993506494,0.591804027557373,0.5121052861213684,0.5251966064881642
2052,0.282511211,0.36654239892959595,0.07068526744842529,0.10393283542159026
2053,0.089473684,0.4032786190509796,0.4460247755050659,0.46244304217001664
2054,0.831501832,0.47810807824134827,0.4375877380371094,0.4411331732016057
2055,0.291479821,0.6070235371589661,0.7841822504997253,0.7838746313378923
2056,0.832967033,0.5330236554145813,0.6050379276275635,0.626248234961682
2057,0.743506494,0.38440483808517456,0.5862143039703369,0.5790251613079094
2058,0.824675325,0.38440483808517456,0.5862143039703369,0.5790251613079094
2059,0.567032967,0.5316139459609985,0.4980623126029968,0.49817513396165736
2060,0.286995516,0.44871556758880615,0.35371989011764526,0.3648586847700048
2061,0.3589743589999999,0.46360960602760315,0.3669823706150055,0.39519241158145363
2062,0.689189189,0.6537446975708008,0.6113419532775879,0.6097089268710476
2063,0.4945848379999999,0.3746446967124939,0.4486285448074341,0.4545053322769991
2064,0.6521739129999999,0.6580445766448975,0.7190860509872437,0.7330553820326693
2065,0.172554348,0.5592677593231201,0.3726513981819153,0.34454455625931735
2066,0.194805195,0.5455164313316345,0.4491879940032959,0.4662520090753409
2067,0.196969697,0.5455164313316345,0.4491879940032959,0.4662520090753409
2068,0.931818182,0.7297399640083313,0.9061270952224731,0.8887708878676979
2069,0.8993506490000001,0.7297399640083313,0.9061270952224731,0.8797841593740638
2070,0.527075812,0.3651237487792969,0.459572434425354,0.45576964263073305
2071,0.024175824,0.6075170636177063,0.717900812625885,0.739012659435931
2072,0.652597403,0.621624231338501,0.4509803056716919,0.46870258807557763
2073,0.647186147,0.621624231338501,0.4509803056716919,0.4656874101367918
2074,0.497835498,0.3548058569431305,0.2104392647743225,0.21521140805874772
2075,0.497835498,0.3548058569431305,0.2104392647743225,0.21521140805874772
2076,0.318181818,0.5629466772079468,0.5949344038963318,0.6039473906298649
2077,0.2370129869999999,0.5629466772079468,0.5949344038963318,0.6028173584719191
2078,0.166064982,0.4655846357345581,0.6137787103652954,0.6039050352284623
2079,0.80952381,0.5097967982292175,0.24548980593681335,0.2665106847158831
2080,0.4578754579999999,0.5757709741592407,0.3247643709182739,0.35482751759770464
2081,0.147651007,0.2817448377609253,0.24503597617149353,0.231040916763092
2082,0.088757396,0.297293484210968,0.0018777847290039062,0.06746439670270596
2083,0.296195652,0.4723205268383026,0.46263304352760315,0.48249036480560104
2084,0.941391941,0.6363775730133057,0.6681413650512695,0.6502604691314056
2085,0.263736264,0.4140546917915344,0.46459805965423584,0.47311763530059187
2086,0.344322344,0.4000971019268036,0.4835283160209656,0.48867525051318783
2087,0.094594595,0.4672260284423828,0.5528135299682617,0.5559330722531433
2088,0.179487179,0.40557408332824707,0.047042399644851685,0.09680436768993075
2089,0.046153846,0.3464674651622772,0.12352031469345093,0.13978996136746874
2090,0.478947368,0.5766595005989075,0.641374409198761,0.6300678527378839
2091,0.1769230769999999,0.31886184215545654,0.10921859741210938,0.1462835122265411
2092,0.117582418,0.5035803318023682,0.5609720945358276,0.545477949026786
2093,0.663003663,0.7243726849555969,0.650676965713501,0.6518120705110042
2094,0.733944954,0.5687413215637207,0.6830962896347046,0.6614006453029778
2095,0.104395604,0.21788576245307922,0.3660636246204376,0.3893257903919005
2096,0.697802198,0.7038838863372803,0.7002071142196655,0.6978834306010846
2097,0.084249084,0.504127562046051,0.3189929127693176,0.31521873886145885
2098,0.77027027,0.5517843961715698,0.6879583597183228,0.6738768166918159
2099,0.858695652,0.23324552178382874,0.16239210963249207,0.18957250983006713
2100,0.542124542,0.5621709227561951,0.40375083684921265,0.408408242800966
2101,0.319526627,0.33639153838157654,0.20338451862335205,0.19908078856522837
2102,0.161073826,0.43931421637535095,0.4352477192878723,0.4255200883680725
2103,0.4421052629999999,0.52157062292099,0.584912896156311,0.578290226911135
2104,0.1893491119999999,0.33522504568099976,0.1509605050086975,0.1682732825612659
2105,0.161172161,0.4741179347038269,0.07722833752632141,0.10500324643662669
2106,0.0268456379999999,0.24461936950683594,0.16202008724212646,0.19277071219097813
2107,0.479289941,0.5406882166862488,0.5073773264884949,0.4792086917198464
2108,0.289473684,0.41227802634239197,0.532579779624939,0.5151924030621755
2109,1.0,0.3270665407180786,0.1436694860458374,0.15690270471084608
2110,0.139194139,0.42514556646347046,0.2871696352958679,0.2552769604116132
2111,0.198901099,0.5420587658882141,0.360956609249115,0.3801835317513719
2112,0.4260089689999999,0.5595446228981018,0.5877155661582947,0.5638337210280667
2113,0.116883117,0.38047194480895996,0.12000709772109985,0.1524758319167192
2114,0.096320346,0.38047194480895996,0.12000709772109985,0.1507683003297472
2115,0.06959707,0.24170339107513428,0.573695719242096,0.5597666695984787
2116,0.128571429,0.3792441785335541,0.7428925633430481,0.7190959989466419
2117,0.99408284,0.5071631073951721,0.30030375719070435,0.2925380988929408
2118,0.285714286,0.24637296795845032,-0.07680153846740723,0.06406440573593149
2119,0.78030303,0.6316267251968384,0.8187572956085205,0.8028017267493902
2120,0.7337662340000001,0.6316267251968384,0.8187572956085205,0.8028017267493902
2121,0.19047619,0.4345869719982147,0.28475672006607056,0.2731868247366078
2122,0.391891892,0.45668426156044006,0.32929450273513794,0.32165386348177144
2123,0.392307692,0.5373325943946838,0.47283852100372314,0.49144720410758236
2124,0.054112554,0.39964398741722107,0.5744986534118652,0.5702009960328738
2125,0.221861472,0.46302732825279236,0.3133481740951538,0.3417718076968824
2126,0.17965368,0.46302732825279236,0.3133481740951538,0.3417718076968824
2127,0.162162162,0.2839725613594055,0.23049470782279968,0.23571259505352155
2128,0.096320346,0.3524465560913086,0.27421724796295166,0.2527907272637715
2129,0.001082251,0.3524465560913086,0.27421724796295166,0.28670532257613635
2130,0.067934783,0.27113819122314453,-0.008177697658538818,0.0752049173914197
2131,0.254945055,0.609586238861084,0.6960586309432983,0.6855777805371057
2132,0.1688311689999999,0.41138753294944763,0.07234364748001099,0.1004040785852835
2133,0.357142857,0.41138753294944763,0.07234364748001099,0.1004040785852835
2134,0.53030303,0.33363068103790283,0.5979102253913879,0.6212245910521128
2135,0.454545455,0.39350301027297974,0.5251972079277039,0.5076095715678959
2136,0.150627615,0.45717012882232666,0.7087931632995605,0.6850507163065036
2137,0.726315789,0.6976715326309204,0.7096794843673706,0.729008260085942
2138,0.841991342,0.40522241592407227,0.3980398178100586,0.41963709157694384
2139,0.7478354979999999,0.40522241592407227,0.3980398178100586,0.4228637796750894
2140,0.021978022,0.3151950538158417,0.0886392593383789,0.1259744282640998
2141,0.271645022,0.3575890064239502,0.269681841135025,0.27390828728052286
2142,0.33982684,0.3575890064239502,0.269681841135025,0.27800035369255377
2143,0.4026845639999999,0.46116265654563904,0.37564387917518616,0.38938761815223066
2144,0.09010989,0.46965256333351135,0.23346921801567078,0.2533214577926845
2145,0.952662722,0.6587619185447693,0.6539433002471924,0.6507373192877671
2146,0.382550336,0.43132418394088745,0.5259867310523987,0.5355065407495879
2147,0.153846154,0.3607582449913025,0.34798794984817505,0.35427922198462125
2148,0.205128205,0.37391209602355957,0.03896328806877136,0.09405329091431933
2149,0.026315789,0.2618626058101654,0.15898779034614563,0.17924793733433592
2150,0.098901099,0.4404315948486328,0.24073874950408936,0.26026150446532004
2151,0.902173913,0.43129709362983704,0.30641859769821167,0.2762282414515914
2152,0.82967033,0.5545610785484314,0.5802192687988281,0.5772833240719689
2153,0.75739645,0.5751312375068665,0.5915523767471313,0.6086451030827651
2154,0.167785235,0.3054468035697937,0.40662556886672974,0.3927717920479002
2155,0.8120879120000001,0.5832782983779907,0.7210484743118286,0.7291531032596505
2156,0.4894736839999999,0.673327624797821,0.767505943775177,0.7560030795052494
2157,0.67032967,0.6432161331176758,0.5133467316627502,0.529466478001027
2158,0.141304348,0.4669571816921234,0.3973754644393921,0.3887407794444071
2159,0.3804347829999999,0.3651560842990875,0.3821263909339905,0.37399553757125237
2160,0.538461538,0.6526354551315308,0.6849185228347778,0.6771844019768003
2161,0.4516129029999999,0.4264070987701416,0.49284496903419495,0.4766352065895476
2162,0.060402685,0.4269079566001892,0.3681736886501312,0.3537362343240943
2163,0.8125,0.6954193711280823,0.7155169248580933,0.7203851745787999
2164,0.105263158,0.5014095306396484,0.6312987804412842,0.6145561107320974
2165,0.573684211,0.28969138860702515,0.495136022567749,0.47605306733311975
2166,0.668421053,0.3572951555252075,0.43282386660575867,0.42393013490139164
2167,0.786610879,0.33445435762405396,0.6668350696563721,0.6597729161059684
2168,0.021645022,0.47493815422058105,0.5139524936676025,0.5416177964529615
2169,0.100917431,0.35906359553337097,0.6202017068862915,0.6147074599880971
2170,0.78021978,0.37834614515304565,0.02844730019569397,0.09256294302676377
2171,0.4329670329999999,0.6492290496826172,0.5356751084327698,0.5465924896461236
2172,0.163419913,0.4644155502319336,0.7692623138427734,0.7546984779209907
2173,0.154761905,0.4644155502319336,0.7692623138427734,0.7546984779209907
2174,0.3003663,0.08711391687393188,-0.14530932903289795,0.06381485036760275
2175,0.3831168829999999,0.4413112699985504,0.497625470161438,0.49870469630561576
2176,0.329004329,0.4413112699985504,0.497625470161438,0.5167044995481919
2177,0.7164835159999999,0.5185493230819702,0.4542247951030731,0.4770772701723225
2178,0.979865772,0.5506547689437866,0.6976362466812134,0.6926330706668083
2179,0.633699634,0.2940237522125244,0.3439987897872925,0.32714260649178684
2180,0.636263736,0.4610285460948944,0.8390246629714966,0.8234089368291059
2181,0.787545788,0.4288732409477234,0.42184820771217346,0.4044910127601084
2182,0.684210526,0.3814573585987091,0.4128406345844269,0.4309381135472221
2183,0.837662338,0.7693766355514526,0.7415560483932495,0.737829192049729
2184,0.31838565,0.1900385022163391,0.1605399250984192,0.17545830818967545
2185,0.671428571,0.5410431027412415,0.612917959690094,0.6162936959464644
2186,0.7582417579999999,0.3624871075153351,0.4285973608493805,0.4284890716403084
2187,0.494565217,0.5471677184104919,0.6251096725463867,0.6391282208769868
2188,0.078947368,0.34986281394958496,0.39666277170181274,0.3669391455598533
2189,0.527472527,0.43596094846725464,0.5339510440826416,0.5438129389441052
2190,0.48021978,0.3914066255092621,0.6054675579071045,0.5767864940531693
2191,0.744588745,0.4499721825122833,0.6895710229873657,0.6877884065586599
2192,0.6385281389999999,0.4499721825122833,0.6895710229873657,0.6877884065586599
2193,0.946745562,0.6124662160873413,0.5232651233673096,0.4999826032211153
2194,0.8165680470000001,0.3109879493713379,0.37744247913360596,0.3926362950190228
2195,0.10738255,0.4796709418296814,0.7009131908416748,0.7106928281388958
2196,0.8472527470000001,0.6653947830200195,0.6255552172660828,0.6011918447765978
2197,0.127472527,0.24359139800071716,0.32629114389419556,0.33785938157979883
2198,0.68161435,0.4090666174888611,0.26878273487091064,0.28692270127877506
2199,0.409090909,0.5673602223396301,0.4706319570541382,0.467826021187907
2200,0.37987013,0.5673602223396301,0.4706319570541382,0.466428470232906
2201,0.29707113,0.37452030181884766,0.31467604637145996,0.2925104620614729
2202,0.217532468,0.4459863305091858,0.5984569191932678,0.5861390475701669
2203,0.181818182,0.4459863305091858,0.5984569191932678,0.5861390475701669
2204,0.468421053,0.5910571813583374,0.551584005355835,0.5570193611169347
2205,0.6776556779999999,0.4241134524345398,0.43220651149749756,0.4528701772345838
2206,0.874725275,0.7501398324966431,0.5977306962013245,0.6089274218925472
2207,0.906593407,0.4011932611465454,0.6046459078788757,0.5906667109752621
2208,0.125,0.6103355884552002,0.23646539449691772,0.222652862432164
2209,0.760869565,0.5164287686347961,0.6167441606521606,0.6471060479155224
2210,0.199728261,0.3102576732635498,0.44419562816619873,0.4162956733389779
2211,0.325443787,0.7349968552589417,0.5551434755325317,0.5701302439867686
2212,0.769480519,0.42891305685043335,0.5721219778060913,0.5697224972976884
2213,0.806277056,0.42891305685043335,0.5721219778060913,0.5762208792454463
2214,0.590604027,0.4279078245162964,0.6415210366249084,0.6334463606964807
2215,0.520710059,0.5318225026130676,0.655861496925354,0.6726208240947932
2216,0.876623377,0.7519150376319885,0.8993096947669983,0.8708889535759188
2217,0.897186147,0.7519150376319885,0.8993096947669983,0.8708889535759188
2218,0.967741935,0.6039111018180847,0.7933802604675293,0.8127373378183849
2219,0.421245421,0.4120451509952545,0.2101399302482605,0.2345048090538516
2220,0.6603260870000001,0.5371046662330627,0.7050551176071167,0.6927758775507209
2221,0.795604396,0.7015458941459656,0.6147435903549194,0.619569995925882
2222,0.364864865,0.5080808997154236,0.44102051854133606,0.4572786549175095
2223,0.959459459,0.5765950083732605,0.7108021378517151,0.679736835818965
2224,0.650815217,0.5888136029243469,0.6528127789497375,0.6658428547138278
2225,0.058423913,0.3600749969482422,0.2546420991420746,0.24832607680047966
2226,0.2119565219999999,0.3232629895210266,0.31343695521354675,0.3161245205318551
2227,0.198555957,0.3045493960380554,0.41692304611206055,0.43505332574598155
2228,0.457894737,0.5314306020736694,0.8913534283638,0.8911723166532652
2229,0.212121212,0.6828010678291321,0.7002353668212891,0.6808495442642362
2230,0.20021645,0.6828010678291321,0.7002353668212891,0.680849544264236
2231,0.73956044,0.6892468929290771,0.9102461934089661,0.8859148072213032
2232,0.798816568,0.46843963861465454,0.626717209815979,0.6149961146072331
2233,0.311355311,0.6651356816291809,0.47254741191864014,0.47100499584258865
2234,0.681818182,0.622826874256134,0.5854304432868958,0.6035318857417161
2235,0.543290043,0.622826874256134,0.5854304432868958,0.6035318857417161
2236,0.265151515,0.47170543670654297,0.7651040554046631,0.7393267079947079
2237,0.2272727269999999,0.47170543670654297,0.7651040554046631,0.7376722017516387
2238,0.835597826,0.8065088987350464,0.7730920910835266,0.7950181385493715
2239,0.8967032970000001,0.6036408543586731,0.6081067323684692,0.6140064814746458
2240,0.595238095,0.4818151295185089,0.4541110694408417,0.43936572887836234
2241,0.598484848,0.4818151295185089,0.4541110694408417,0.43936572887836234
2242,0.491847826,0.3593686819076538,0.42189645767211914,0.4009226044076448
2243,0.601731602,0.4598890244960785,0.4025045931339264,0.4121455865898379
2244,0.635281385,0.4598890244960785,0.4025045931339264,0.4082008582001157
2245,0.984375,0.7613545060157776,0.7959121465682983,0.7738413453457749
2246,0.972972973,0.467826247215271,0.5265175700187683,0.5522909937473741
2247,0.486486486,0.49017271399497986,0.3947584629058838,0.40457795357451415
2248,0.142857143,0.5712366700172424,0.5192968845367432,0.5368740671353925
2249,0.3073593069999999,0.21531900763511658,0.2544582188129425,0.25230573355080704
2250,0.314935065,0.21531900763511658,0.2544582188129425,0.25230573355080704
2251,0.309782609,0.4347293972969055,0.623763918876648,0.6304550003048808
2252,0.3733766229999999,0.4281795024871826,0.6209620833396912,0.6076801969447889
2253,0.3528138529999999,0.4281795024871826,0.6209620833396912,0.6076801969447889
2254,0.649350649,0.6677824854850769,0.6627591848373413,0.6541143820469495
2255,0.596330275,0.5329040288925171,0.5360042452812195,0.5077054664400182
2256,0.321428571,0.3239540457725525,0.3608126640319824,0.35982452108769414
2257,0.293290043,0.3239540457725525,0.3608126640319824,0.3584965828067459
2258,0.7949790790000001,0.5298296809196472,0.6101865768432617,0.6091001847762065
2259,0.939597315,0.5427566170692444,0.6009852886199951,0.5934022206856109
2260,0.614678899,0.5082167387008667,0.5388671159744263,0.5374977124049063
2261,0.7716450220000001,0.5746390223503113,0.6148684620857239,0.624699282236405
2262,0.818181818,0.5746390223503113,0.6148684620857239,0.6298714178962933
2263,0.711191336,0.41043609380722046,0.5779131650924683,0.6082005702820603
2264,0.273542601,0.43649810552597046,0.4506211578845978,0.4404790757631216
2265,0.8160173159999999,0.4473333954811096,0.618905782699585,0.6414312242888915
2266,0.704545455,0.4473333954811096,0.618905782699585,0.641497640023696
2267,0.5813186810000001,0.5231155157089233,0.6045814752578735,0.6279950979668274
2268,0.043290043,0.3426010012626648,0.4336572587490082,0.4084188124873576
2269,0.075757576,0.3426010012626648,0.4336572587490082,0.4084188124873576
2270,0.465367965,0.372384250164032,0.3392719626426697,0.3210197121177727
2271,0.463203463,0.372384250164032,0.3392719626426697,0.3160019676050848
2272,0.547554348,0.6575241088867188,0.664634108543396,0.680240057266503
2273,0.7023809520000001,0.3253403902053833,0.4893721342086792,0.49677666964176925
2274,0.655844156,0.3253403902053833,0.4893721342086792,0.5078399859522493
2275,0.731601732,0.6128250360488892,0.9283953309059143,0.8940707869675456
2276,0.833333333,0.6128250360488892,0.9283953309059143,0.8940707869675456
2277,0.531385281,0.4046522378921509,0.7537493705749512,0.7310675344138389
2278,0.516233766,0.4046522378921509,0.7537493705749512,0.7310675344138389
2279,0.24025974,0.5392996072769165,0.5833426713943481,0.5733973278781037
2280,0.935164835,0.4065852463245392,0.45703503489494324,0.4427235287809872
2281,0.111413043,0.28828099370002747,0.23232999444007874,0.24208187582539326
2282,0.6813186809999999,0.45469892024993896,0.395879864692688,0.3941686409092773
2283,0.099184783,0.4107843041419983,0.35184529423713684,0.3423619696636385
2284,0.006493506,0.3203151524066925,0.35944193601608276,0.36551492124112617
2285,0.008658009,0.3203151524066925,0.35944193601608276,0.35198545942971393
2286,0.693406593,0.4427605867385864,0.504275381565094,0.4844531534662096
2287,0.457142857,0.6746031045913696,0.46485280990600586,0.4502470361645544
2288,0.45021645,0.28746724128723145,0.5729022026062012,0.5679230167352536
2289,0.5216450220000001,0.28746724128723145,0.5729022026062012,0.5586140405750764
2290,0.140939597,0.3329537510871887,0.3046589493751526,0.273606975716697
2291,0.00896861,0.28304576873779297,0.05696314573287964,0.10694435486702186
2292,0.987012987,0.5901885032653809,0.9171688556671143,0.8824534942609918
2293,0.983766234,0.5901885032653809,0.9171688556671143,0.8821918072863741
2294,0.302752294,0.45622432231903076,0.30475038290023804,0.293021580308843
2295,0.230769231,0.3192894160747528,0.16487395763397217,0.155497457473458
2296,0.213186813,0.4709615111351013,0.17618903517723083,0.19366450536265079
2297,0.5162454870000001,0.5602566003799438,0.4580698013305664,0.4521902495810938
2298,0.322580645,0.27773502469062805,0.3004155457019806,0.301859787789738
2299,0.78125,0.594026505947113,0.5354845523834229,0.558978994627761
2300,0.550271739,0.583162784576416,0.5552754402160645,0.5859187758573948
2301,0.182065217,0.6133623719215393,0.6536741852760315,0.6428743675669238
2302,0.760822511,0.45193809270858765,0.3340955078601837,0.31989126377356014
2303,0.775974026,0.45193809270858765,0.3340955078601837,0.3101597030989909
2304,0.274193548,0.5105491280555725,0.5570902228355408,0.5820077973719238
2305,0.892857143,0.5318483114242554,0.7844590544700623,0.7766508709417816
2306,0.869047619,0.5318483114242554,0.7844590544700623,0.7750998832809829
2307,0.5144927539999999,0.49555668234825134,0.5691213607788086,0.566054458703362
2308,0.50209205,0.38669583201408386,0.40296006202697754,0.42140733187472484
2309,0.1046931409999999,0.21020004153251648,0.19279032945632935,0.19311121918747529
2310,0.07201087,0.274447500705719,0.2733720541000366,0.2820756156411489
2311,0.39010989,0.551088273525238,0.4741861820220947,0.48185084725643285
2312,0.161255411,0.08282962441444397,0.08245426416397095,0.09853662526903403
2313,0.12987013,0.08282962441444397,0.08245426416397095,0.11458351836521063
2314,0.680706522,0.33186882734298706,0.24657729268074036,0.2595069686901791
2315,0.105494505,0.2972014546394348,0.25979501008987427,0.27830950692124234
2316,0.062271062,0.3912895917892456,0.19193944334983826,0.21058530606492576
2317,0.7792207790000001,0.3542780578136444,0.4020475745201111,0.4141882910435339
2318,0.725108225,0.3542780578136444,0.4020475745201111,0.4141882910435339
2319,0.067264574,0.3479679226875305,0.18854349851608276,0.18910836700036837
2320,0.53125,0.5297503471374512,0.37479448318481445,0.38915012443136865
2321,0.080717489,0.2233085036277771,0.05826413631439209,0.10905904168288677
2322,0.603550296,0.5671713352203369,0.5588778257369995,0.5696478393360088
2323,0.167364017,0.37410619854927063,0.6167464852333069,0.6138889166733505
2324,0.503355705,0.44247210025787354,0.42991629242897034,0.4405298305730013
2325,0.623376623,0.5641689300537109,0.6846663951873779,0.6824302275285236
2326,0.5670995670000001,0.5641689300537109,0.6846663951873779,0.6796414352425438
2327,0.224852071,0.5227447152137756,0.24980077147483826,0.268087678663556
2328,0.408071749,0.4972946047782898,0.6159123778343201,0.619531795544837
2329,0.783783784,0.38200417160987854,0.3795708119869232,0.410040425508943
2330,0.6190476189999999,0.5131889581680298,0.5008803606033325,0.5113202705894087
2331,0.6190476189999999,0.5131889581680298,0.5008803606033325,0.5113202705894087
2332,0.8906926409999999,0.6166742444038391,0.5915731191635132,0.5920931443937081
2333,0.8214285709999999,0.6166742444038391,0.5915731191635132,0.5996515563578604
2334,0.539748954,0.43759283423423767,0.6495204567909241,0.6619966792828629
2335,0.565217391,0.5231921672821045,0.4496039152145386,0.4221189993009368
2336,0.4989010989999999,0.6667075753211975,0.9294202923774719,0.8872077421062181
2337,0.364718615,0.3005019426345825,0.2788026034832001,0.270220595682953
2338,0.553030303,0.3005019426345825,0.2788026034832001,0.2750275755477382
2339,0.097802198,0.4681324362754822,0.2822072505950928,0.3010577835837799
2340,0.147368421,0.43469002842903137,0.41113975644111633,0.4331448617430893
2341,0.773809524,0.714242696762085,0.601245105266571,0.6064228541838219
2342,0.734848485,0.714242696762085,0.601245105266571,0.6057963111658389
2343,0.2272727269999999,0.6613602042198181,0.641150951385498,0.6346877627273599
2344,0.20995671,0.6613602042198181,0.641150951385498,0.6341724030238485
2345,0.7085201790000001,0.5310665369033813,0.5334776043891907,0.5062975328179312
2346,0.610878661,0.5016438961029053,0.537040114402771,0.5223059561509127
2347,0.582880435,0.6395099759101868,0.8434610366821289,0.8516191555432566
2348,0.027027027,0.41874638199806213,0.5110684633255005,0.5087407309707598
2349,0.930706522,0.5680360794067383,0.5465407371520996,0.5615530337463015
2350,0.837662338,0.4487471580505371,0.38102564215660095,0.35568083365483716
2351,0.483695652,0.5226035118103027,0.24085733294487,0.24208069412623356
2352,0.794871795,0.5914225578308105,0.5147577524185181,0.4990755977638973
2353,0.935064935,0.5595672130584717,0.5694820880889893,0.5790652328752727
2354,0.912337662,0.5595672130584717,0.5694820880889893,0.5790652328752727
2355,0.097472924,0.5334204435348511,0.5094035267829895,0.4901590430419809
2356,0.1461038959999999,0.3043166995048523,0.5283082723617554,0.541524720736146
2357,0.143939394,0.3043166995048523,0.5283082723617554,0.541524720736146
2358,0.108225108,0.4637775421142578,0.4637119770050049,0.46233718783128386
2359,0.203463203,0.4637775421142578,0.4637119770050049,0.4574891022663373
2360,0.912087912,0.4782358705997467,0.7354811429977417,0.7114088385913597
2361,0.8918918920000001,0.5717652440071106,0.5791381001472473,0.5582679188929178
2362,0.649819495,0.3343672752380371,0.4998047351837158,0.5136211026190898
2363,0.7651006709999999,0.5860734581947327,0.41046592593193054,0.39057404325529055
2364,0.143497758,0.2088044285774231,0.1415429413318634,0.17130229088248483
2365,0.880434783,0.2515525817871094,-0.12035882472991943,0.07062597843612378
2366,0.626358696,0.35888954997062683,0.20284169912338257,0.18848206233148732
2367,0.107336957,0.3324146270751953,0.15863445401191711,0.1586554239062491
2368,0.168421053,0.3993760347366333,0.37449339032173157,0.34753679873355037
2369,0.774725275,0.3878445625305176,0.2577386498451233,0.2744275695123327
2370,0.554054054,0.4073255658149719,0.10920193791389465,0.10111132064815162
2371,0.7488789240000001,0.4314431846141815,0.5056877136230469,0.506975265468542
2372,0.494736842,0.5513759851455688,0.3283946216106415,0.3323260001793256
2373,0.1006711409999999,0.44991177320480347,0.40272215008735657,0.38162315567644134
2374,0.029220779,0.2922177016735077,0.33419370651245117,0.33336720905205164
2375,0.035714286,0.2922177016735077,0.33419370651245117,0.337382680606721
2376,0.147982063,0.47531014680862427,0.5683738589286804,0.5594364335691714
2377,0.07034632,0.30441388487815857,0.004306912422180176,0.05498932416481636
2378,0.041125541,0.30441388487815857,0.004306912422180176,0.06206390447668053
2379,0.699728261,0.5268732309341431,0.5304504036903381,0.5337332751281951
2380,0.045454545,0.6106182932853699,0.3508889079093933,0.354900440819638
2381,0.320652174,0.5701781511306763,0.6678733825683594,0.656290658270853
2382,0.8916967509999999,0.6779351234436035,0.5990039110183716,0.5982454529489704
2383,0.98816568,0.7103023529052734,0.6727336049079895,0.6896672490316609
2384,0.911684783,0.7053190469741821,0.6019566059112549,0.6008212552515266
2385,0.5670995670000001,0.24587944149971008,0.40416014194488525,0.3921794111873014
2386,0.869565217,0.5587164163589478,0.4705413579940796,0.4871380887980956
2387,0.055045872,0.4749296307563782,0.30720439553260803,0.33258418770712916
2388,0.347252747,0.3339105546474457,0.37140631675720215,0.38533600682189517
2389,0.476902174,0.5515556931495667,0.6628053188323975,0.6527681331218759
2390,0.89261745,0.5809243321418762,0.4910905659198761,0.5108936632330423
2391,0.161434978,0.3437873125076294,0.2462901473045349,0.2553991299031337
2392,0.136094675,0.35026493668556213,0.5140114426612854,0.5034148818396215
2393,0.8619246859999999,0.4113228917121887,0.4354623258113861,0.43139282248866906
2394,0.545787546,0.5378812551498413,0.3062000274658203,0.31901505460272556
2395,0.09375,0.45562487840652466,0.29160499572753906,0.28163595009040665
2396,0.549450549,0.4902932047843933,0.4038035571575165,0.4142692519620684
2397,0.220779221,0.3579915165901184,0.5227392911911011,0.5275005961416172
2398,0.163419913,0.3579915165901184,0.5227392911911011,0.5275005961416172
2399,0.525815217,0.5317965149879456,0.6004923582077026,0.5875216847511615
2400,0.345054945,0.4065787196159363,0.30699530243873596,0.3290996745683527
2401,0.772727273,0.4210215210914612,0.5216204524040222,0.509363191393588
2402,0.581589958,0.45558178424835205,0.5213510394096375,0.5419225764498151
2403,0.757575758,0.5327852964401245,0.4461904764175415,0.47094768402781806
2404,0.745670996,0.5327852964401245,0.4461904764175415,0.47094768402781806
2405,0.510460251,0.4815497100353241,0.34554117918014526,0.3743686553948287
2406,0.364130435,0.5328273177146912,0.5932363867759705,0.5673180726499468
2407,0.021052632,0.4153744876384735,0.42491888999938965,0.4316856191796793
2408,0.081168831,0.13506078720092773,0.2741106450557709,0.2627722208948695
2409,0.0681818179999999,0.13506078720092773,0.2741106450557709,0.2627722208948695
2410,0.228187919,0.4045902192592621,0.40681877732276917,0.39254968335887075
2411,0.192640693,0.5275867581367493,0.38704589009284973,0.39206240410874127
2412,0.1839826839999999,0.5275867581367493,0.38704589009284973,0.4098509554914722
2413,0.134199134,0.4634723663330078,0.4824310839176178,0.5043956561649245
2414,0.1461038959999999,0.4634723663330078,0.4824310839176178,0.5043956561649245
2415,0.0473684209999999,0.44532638788223267,0.3293970227241516,0.3227100065856705
2416,0.267782427,0.47521474957466125,0.5501143932342529,0.5542841554921657
2417,0.416107383,0.5460076332092285,0.42832842469215393,0.43283715304680714
2418,0.831578947,0.5481593608856201,0.5648759603500366,0.5794498290471445
2419,0.125560538,0.5783215761184692,0.5077794790267944,0.5192757533769911
2420,0.640659341,0.7139561772346497,0.6264985203742981,0.6396482547675175
2421,0.158241758,0.5171031355857849,0.2685455083847046,0.2440061818375908
2422,0.474725275,0.4138919711112976,0.6049826145172119,0.593560034944296
2423,0.412556054,0.48902371525764465,0.3342013359069824,0.35092687254548793
2424,0.435064935,0.4494529366493225,0.1740119457244873,0.17031012700546427
2425,0.486238532,0.5947508811950684,0.7155671119689941,0.6917876884074647
2426,0.123376623,0.42835694551467896,0.5367890000343323,0.532480608519332
2427,0.090909091,0.42835694551467896,0.5367890000343323,0.5299330639908304
2428,0.2543290039999999,0.40668463706970215,0.5682487487792969,0.574085599116948
2429,0.194805195,0.40668463706970215,0.5682487487792969,0.5755123856979942
2430,0.496703297,0.4463387131690979,0.39074623584747314,0.3913705822689739
2431,0.011904762,0.2407706081867218,0.251242071390152,0.252007574530294
2432,0.010822511,0.2407706081867218,0.251242071390152,0.2510906934104985
2433,0.252747253,0.41344255208969116,0.2756772041320801,0.25102977313342434
2434,0.4741847829999999,0.561324954032898,0.566008985042572,0.5665556131883548
2435,0.115384615,0.3298852741718292,0.16552549600601196,0.195247437905558
2436,0.7757847529999999,0.36954617500305176,0.4871543049812317,0.48179084182882687
2437,0.512635379,0.5385211110115051,0.6312675476074219,0.6225416541545632
2438,0.947368421,0.47210580110549927,0.49640733003616333,0.5174828055300382
2439,0.655677656,0.7760188579559326,0.7383367419242859,0.7684574235517179
2440,0.295302013,0.45794808864593506,0.4883073568344116,0.5082230912133179
2441,0.431192661,0.4106311798095703,0.23027253150939941,0.2279615196291686
2442,0.605263158,0.4568716883659363,0.6101796627044678,0.6122426199235487
2443,0.324175824,0.38275718688964844,0.518965482711792,0.5263724210300551
2444,0.8441558440000001,0.31512191891670227,0.3512125611305237,0.35055004855793526
2445,0.854978355,0.31512191891670227,0.3512125611305237,0.35055004855793526
2446,0.128205128,0.33751237392425537,-0.06710642576217651,0.054380068482939845
2447,0.838315217,0.5759414434432983,0.5652620792388916,0.536338087412378
2448,0.7214673909999999,0.6096408367156982,0.2600800693035126,0.2587672405842477
2449,0.2753623189999999,0.22845304012298584,0.2174367606639862,0.22033017549104122
2450,0.98206278,0.68604576587677,0.5874652862548828,0.5793883746629938
2451,0.907949791,0.5403830409049988,0.3822063207626343,0.35398783370571685
2452,0.16991342,0.5066959857940674,0.32654064893722534,0.3243184253170752
2453,0.153679654,0.5066959857940674,0.32654064893722534,0.32822157153226816
2454,0.564835165,0.6172831654548645,0.7714918255805969,0.7644967310085964
2455,0.251358696,0.3503798842430115,0.26940810680389404,0.2423709606732702
2456,0.3582417579999999,0.2899441719055176,0.526482343673706,0.5150894460550859
2457,0.378787879,0.6155104637145996,0.6891219615936279,0.6897571507316023
2458,0.334415584,0.6155104637145996,0.6891219615936279,0.6897571507316023
2459,0.816849817,0.4592266082763672,0.37907516956329346,0.35270126777926036
2460,0.106060606,0.33231914043426514,0.06790095567703247,0.08706612094601067
2461,0.083333333,0.33231914043426514,0.06790095567703247,0.10465552416917721
2462,0.90376569,0.781692385673523,0.9106996655464172,0.8897643483151012
2463,0.253246753,0.4521177411079407,0.4349043667316437,0.4352440232720911
2464,0.244588745,0.4521177411079407,0.4349043667316437,0.4352440232720911
2465,0.25,0.5266197919845581,0.38101959228515625,0.387228458637891
2466,0.508791209,0.40589722990989685,0.7340754270553589,0.7138280957974311
2467,0.505494505,0.5052871108055115,0.34167444705963135,0.35565704213306815
2468,0.087866109,0.2948506772518158,0.25500059127807617,0.2629171663022599
2469,0.21299639,0.19078344106674194,0.11952340602874756,0.13909194447186293
2470,0.326373626,0.4343571066856384,0.5402746200561523,0.5093388229648343
2471,0.6425992779999999,0.7148661017417908,0.6656983494758606,0.6534166869767054
2472,0.812770563,0.7967103123664856,0.9510418176651001,0.9011498409059902
2473,0.791125541,0.7967103123664856,0.9510418176651001,0.9162168977994192
2474,0.832251082,0.5497415065765381,0.47936421632766724,0.46083417312532676
2475,0.8787878790000001,0.5497415065765381,0.47936421632766724,0.46083417312532676
2476,0.644970414,0.3485648036003113,0.5298424363136292,0.5082880793742405
2477,0.325757576,0.5025814175605774,0.6051061153411865,0.5985403176086682
2478,0.346320346,0.5025814175605774,0.6051061153411865,0.6060647418145216
2479,0.406926407,0.49789363145828247,0.6438472270965576,0.6424495230677737
2480,0.395021645,0.49789363145828247,0.6438472270965576,0.6424495230677737
2481,0.85483871,0.4951363503932953,0.5802851319313049,0.5638579668963857
2482,0.8875739640000001,0.595703125,0.7807387709617615,0.7887261995518637
2483,0.1195652169999999,0.4355565309524536,0.49067389965057373,0.4924687325362641
2484,0.666666667,0.557782769203186,0.646160364151001,0.6329462536805894
2485,0.67965368,0.557782769203186,0.646160364151001,0.6400112776704268
2486,0.422077922,0.36839622259140015,0.42128321528434753,0.40484154274403533
2487,0.667119565,0.6040744781494141,0.33175599575042725,0.3329157734859017
2488,0.420879121,0.47079911828041077,0.5059293508529663,0.4910623007412531
2489,0.6758241759999999,0.637628972530365,0.6969348192214966,0.6951503182486396
2490,0.362637363,0.2969008982181549,0.26848554611206055,0.28390523029216685
2491,0.546875,0.5594923496246338,0.5963271856307983,0.5715348364152335
2492,0.066945607,0.4597628116607666,0.5551175475120544,0.5634642554008614
2493,0.353790614,0.30983173847198486,0.40303748846054077,0.4119504283389964
2494,0.6861471859999999,0.5449411869049072,0.5620320439338684,0.5692808214120785
2495,0.814935065,0.5449411869049072,0.5620320439338684,0.5610385239230044
2496,0.322869955,0.22042685747146606,0.34272050857543945,0.33847452928036637
2497,0.888528139,0.360196590423584,0.49970099329948425,0.49094779534142624
2498,0.922077922,0.360196590423584,0.49970099329948425,0.4814735429555349
2499,0.32885906,0.5316670536994934,0.6572979688644409,0.6711939704205259
2500,0.12012987,0.3270794451236725,0.285709023475647,0.30095408454085415
2501,0.04978355,0.3270794451236725,0.285709023475647,0.29741494340681796
2502,0.079422383,0.3705064058303833,0.20010587573051453,0.19185523824275852
2503,0.859060403,0.48052605986595154,0.41232436895370483,0.40202112704424064
2504,0.7987012990000001,0.6158073544502258,0.6965069770812988,0.6833926403057116
2505,0.732600733,0.5448362827301025,0.37956124544143677,0.3677452970274666
2506,0.792207792,0.3820396959781647,0.5330251455307007,0.5440943217226235
2507,0.8506493509999999,0.3820396959781647,0.5330251455307007,0.5487406763070214
2508,0.025815217,0.3205856382846832,0.5445707440376282,0.5392688033710068
2509,0.234309623,0.41186875104904175,0.5499237179756165,0.545193328687973
2510,0.062770563,0.40793025493621826,0.5315041542053223,0.5151575778336919
2511,0.074675325,0.40793025493621826,0.5315041542053223,0.5151575778336919
2512,0.972943723,0.5078483819961548,0.5970569849014282,0.5843089528974026
2513,0.945887446,0.5078483819961548,0.5970569849014282,0.5818243140641287
2514,0.1744966439999999,0.42419078946113586,0.6092619299888611,0.6100788712615713
2515,0.8440366970000001,0.5666817426681519,0.5861157178878784,0.5791795374233681
2516,0.993206522,0.5429009199142456,0.7409080266952515,0.7222877742594915
2517,0.970695971,0.6655228137969971,0.500224232673645,0.5074039034646161
2518,0.21875,0.4854206442832947,0.23316997289657593,0.24487613978679493
2519,0.532110092,0.6945585012435913,0.123270183801651,0.12535152271362204
2520,0.633152174,0.43492189049720764,0.43202507495880127,0.4250580063336404
2521,0.142011834,0.4419231116771698,0.4636589288711548,0.44441451060875325
2522,0.805194805,0.5252411961555481,0.5020983219146729,0.5208140566940672
2523,0.334728033,0.6609723567962646,0.5961010456085205,0.577406453736109
2524,0.898550725,0.5638870000839233,0.562555730342865,0.5878178590896996
2525,0.3249097469999999,0.45735424757003784,0.6826775074005127,0.6725462169548663
2526,0.966032609,0.6710527539253235,0.6719465255737305,0.6635182438833462
2527,0.591991342,0.479635626077652,0.6499130725860596,0.6260626903810236
2528,0.691558442,0.479635626077652,0.6499130725860596,0.6260626903810236
2529,0.535714286,0.4288620948791504,0.6517433524131775,0.673236061435003
2530,0.3430735929999999,0.4288620948791504,0.6517433524131775,0.673236061435003
2531,0.5,0.748071551322937,0.5985709428787231,0.595464383318355
2532,0.206278027,0.4518081843852997,0.5546920299530029,0.5693557351048238
2533,0.355978261,0.46565595269203186,0.6677283644676208,0.6427338318176509
2534,0.295454545,0.3624761402606964,0.49015119671821594,0.4720957734323257
2535,0.300865801,0.3624761402606964,0.49015119671821594,0.4720957734323257
2536,0.554112554,0.5248891115188599,0.662039577960968,0.642102340424257
2537,0.926315789,0.5321741104125977,0.49553555250167847,0.5101966031741901
2538,0.005434783,0.6146332025527954,0.4571116864681244,0.46078706854454243
2539,0.057359307,0.41593244671821594,0.42017194628715515,0.39807663441545177
2540,0.044372294,0.41593244671821594,0.42017194628715515,0.39807663441545177
2541,0.031390135,0.32404375076293945,0.18031767010688782,0.1709076005838267
2542,0.696703297,0.46708226203918457,0.5401605367660522,0.5572907634188193
2543,0.8790760870000001,0.6697416305541992,0.6344347596168518,0.6587466077952409
2544,0.958579882,0.6593295335769653,0.6226557493209839,0.5918057048046257
2545,0.456066946,0.5785566568374634,0.3678109049797058,0.3653319289989462
2546,0.2721893489999999,0.4055105447769165,0.5536571741104126,0.5230093399170486
2547,0.196969697,0.5964484214782715,0.42393288016319275,0.4268115442877999
2548,0.29004329,0.5964484214782715,0.42393288016319275,0.4268115442877999
2549,0.476534296,0.3772585988044739,0.31009441614151,0.305946427446694
2550,0.879120879,0.4961209297180176,0.32673364877700806,0.3372872117806358
2551,0.31978022,0.4852781593799591,0.4612119793891907,0.4666452704828346
2552,0.677852349,0.6807597279548645,0.564522922039032,0.571346961692135
2553,0.3157894739999999,0.4227139353752136,0.24383437633514404,0.24641522633502663
2554,0.331578947,0.604652464389801,0.6300081610679626,0.6229292578171477
2555,0.550865801,0.5877670049667358,0.3439938724040985,0.36597219045342455
2556,0.524891775,0.5877670049667358,0.3439938724040985,0.36597219045342455
2557,0.567032967,0.49890318512916565,0.5759737491607666,0.5990234040129874
2558,0.765151515,0.6143913865089417,0.5507861971855164,0.5551586449235151
2559,0.703463203,0.6143913865089417,0.5507861971855164,0.5547754833437817
2560,0.516483516,0.40080344676971436,0.4555723965167999,0.4744224591963472
2561,0.59375,0.534441351890564,0.46643227338790894,0.4677829435139527
2562,0.378021978,0.39526936411857605,0.39842087030410767,0.42127663163898466
2563,0.4296028879999999,0.37875789403915405,0.43679237365722656,0.4276622141898808
2564,0.142857143,0.23019596934318542,0.3241817057132721,0.3071318146182659
2565,0.135281385,0.23019596934318542,0.3241817057132721,0.3071318146182659
2566,0.526315789,0.5958372950553894,0.4676154553890228,0.4762377335942789
2567,0.91576087,0.3602277636528015,0.5160080194473267,0.5161758529109524
2568,0.536684783,0.635250449180603,0.6644690036773682,0.6574551813600635
2569,0.02690583,0.5853373408317566,0.5711469054222107,0.5894109243467054
2570,0.466032609,0.5599262118339539,0.5626254677772522,0.5337507653673317
2571,0.5100671139999999,0.5407118797302246,0.4848997890949249,0.5010932586825136
2572,0.91017316,0.6889612674713135,0.5921419262886047,0.5763707487938451
2573,0.936147186,0.6889612674713135,0.5921419262886047,0.5763707487938452
2574,0.341032609,0.4362999498844147,0.24554994702339172,0.2532324548359043
2575,0.73992674,0.4009237289428711,0.3020002245903015,0.2786688322927743
2576,0.596774194,0.48176226019859314,0.48993000388145447,0.49980411371963707
2577,0.554112554,0.679539144039154,0.5898348689079285,0.6029180075979359
2578,0.5476190479999999,0.679539144039154,0.5898348689079285,0.5816232822770171
2579,0.0625,0.2948867678642273,0.04466000199317932,0.07988890418998083
2580,0.089686099,0.41930341720581055,0.3714572787284851,0.3666405263427184
2581,0.971014493,0.7604999542236328,0.8103827238082886,0.7805884152214696
2582,0.68021978,0.5268341302871704,0.6430602073669434,0.6315968404261579
2583,0.4082840239999999,0.38829517364501953,0.5489940643310547,0.5412819860905989
2584,0.410041841,0.2261614203453064,0.2563999891281128,0.2800903896338204
2585,0.805194805,0.5322850942611694,0.7081531286239624,0.687129183481417
2586,0.876623377,0.5322850942611694,0.7081531286239624,0.687129183481417
2587,0.5281385279999999,0.662912130355835,0.6766542196273804,0.6715937576609262
2588,0.616883117,0.662912130355835,0.6766542196273804,0.6669533820164091
2589,0.42798913,0.710661768913269,0.6983309984207153,0.7071561423448541
2590,0.269058296,0.48908254504203796,0.5729582905769348,0.5937615389387731
2591,0.1086956519999999,0.26515138149261475,0.2584511935710907,0.2379152786570039
2592,0.983870968,0.5500162839889526,0.522330105304718,0.5131659147185899
2593,0.730978261,0.415317177772522,0.7418158054351807,0.7317555477777358
2594,0.124175824,0.3579472005367279,0.07504361867904663,0.10731932838098414
2595,0.207100592,0.3826850950717926,0.6204787492752075,0.6243277037437379
2596,0.95923913,0.6301454305648804,0.36864349246025085,0.3538272617306516
2597,0.463768116,0.677607536315918,0.6659144759178162,0.6628691607789606
2598,0.162337662,0.6220928430557251,0.5538462400436401,0.5753019825828181
2599,0.470108696,0.4425734579563141,0.37292754650115967,0.3644610393355524
2600,0.064935065,0.5145801305770874,0.14962798357009888,0.1674641275495487
2601,0.789237668,0.6074292063713074,0.48823705315589905,0.47511379670369003
2602,0.4753363229999999,0.44594645500183105,0.44879862666130066,0.45571739116367693
2603,0.514644351,0.523054301738739,0.613782525062561,0.6281932023419783
2604,0.852813853,0.5765183568000793,0.6198946237564087,0.5938013527951417
2605,0.852813853,0.5765183568000793,0.6198946237564087,0.5959125239874608
2606,0.248917749,0.4956284165382385,0.4237018823623657,0.4100351986651387
2607,0.222943723,0.4956284165382385,0.4237018823623657,0.41838468243062443
2608,0.103296703,0.36756712198257446,0.4381762742996216,0.4118376995364064
2609,0.15942029,0.4236942529678345,0.31395983695983887,0.31971343389128803
2610,0.677489177,0.6746751666069031,0.7099871635437012,0.6889687104217193
2611,0.688311688,0.6746751666069031,0.7099871635437012,0.6889687104217193
2612,0.987012987,0.43202149868011475,0.39284080266952515,0.3963228691086609
2613,0.373684211,0.5155553817749023,0.458016961812973,0.47883150396587376
2614,0.577981651,0.6203011274337769,0.5788047909736633,0.5612379383542094
2615,0.471467391,0.3808770477771759,0.3927134573459625,0.41783912044700644
2616,0.031385281,0.3893679678440094,0.17528584599494934,0.2038830618915092
2617,0.05952381,0.3893679678440094,0.17528584599494934,0.19515737754885265
2618,0.933982684,0.4502056837081909,0.4938877820968628,0.5061532776715176
2619,0.996753247,0.4502056837081909,0.4938877820968628,0.5041791119617351
2620,0.6209239129999999,0.7036632299423218,0.579023003578186,0.5989238283703805
2621,0.315018315,0.6151823401451111,0.5520600080490112,0.528655766050159
2622,0.615384615,0.43956345319747925,0.24753645062446594,0.27957829299182513
2623,0.740072202,0.49742692708969116,0.7112473845481873,0.7036137204431795
2624,0.86548913,0.464552640914917,0.42861926555633545,0.4172707768285937
2625,0.928994083,0.4782874584197998,0.4348750710487366,0.4478079138496569
2626,0.426406926,0.5128003358840942,0.5006723403930664,0.5060253416883559
2627,0.420995671,0.5128003358840942,0.5006723403930664,0.4970452872618316
2628,0.8840579709999999,0.508991003036499,0.7043395042419434,0.7028858535458922
2629,0.152466368,0.4608321189880371,0.5558944940567017,0.5524430290502627
2630,0.186147186,0.5825899839401245,0.6578478217124939,0.6327851818996639
2631,0.88590604,0.7463988661766052,0.7520933151245117,0.7246026218918376
2632,0.84375,0.5692794919013977,0.4602191150188446,0.4384947631528855
2633,0.57032967,0.7117404937744141,0.4686070382595062,0.4553480747154536
2634,0.456521739,0.4475259780883789,0.4460922181606293,0.42260266693215265
2635,0.3212996389999999,0.5377798080444336,0.41107141971588135,0.423511952300592
2636,0.201298701,0.7252713441848755,0.6634383201599121,0.6853992253272152
2637,0.8214285709999999,0.7474159002304077,0.8112902641296387,0.7967936128539859
2638,0.832251082,0.7474159002304077,0.8112902641296387,0.8052363025861563
2639,0.456709957,0.49949175119400024,0.5626586675643921,0.5662407580944817
2640,0.317934783,0.5587371587753296,0.4836153984069824,0.5098808253337093
2641,0.891774892,0.7162796258926392,0.983995795249939,0.9342977681963116
2642,0.033967391,0.4940219223499298,0.5599378347396851,0.5827518599780335
2643,0.516483516,0.4523974061012268,0.4314860701560974,0.4352966612832086
2644,0.597402597,0.4795764088630676,0.5342563390731812,0.5300672239031057
2645,0.5367965370000001,0.4795764088630676,0.5342563390731812,0.5460281479768859
2646,0.506593407,0.5265908241271973,0.4767274260520935,0.4932908372368926
2647,0.8763586959999999,0.6005353927612305,0.5254618525505066,0.5048803611083763
2648,0.12987013,0.28955090045928955,0.21463483572006226,0.21498252117280564
2649,0.1363636359999999,0.28955090045928955,0.21463483572006226,0.2056497198605245
2650,0.496703297,0.7623884081840515,0.6100344061851501,0.6291706236273
2651,0.704035874,0.4375283718109131,0.4860031008720398,0.4887192746607826
2652,0.028985507,0.36184290051460266,0.22787901759147644,0.257460423390811
2653,0.95412844,0.6684975624084473,0.5884988307952881,0.580109369651302
2654,0.75974026,0.6929092407226562,0.6849192380905151,0.6619620873072565
2655,0.858225108,0.6929092407226562,0.6849192380905151,0.6619620873072565
2656,0.580163043,0.30388543009757996,0.20564621686935425,0.21570704429070153
2657,0.825688073,0.41088902950286865,0.11180567741394043,0.15164823025414573
2658,0.6385281389999999,0.6988121271133423,0.7654352784156799,0.7401911678473763
2659,0.546536797,0.6988121271133423,0.7654352784156799,0.7485133463385769
2660,0.358695652,0.509418785572052,0.39883846044540405,0.40942807223612915
2661,0.369127517,0.5349121689796448,0.8156794309616089,0.8197672116910442
2662,0.3679653679999999,0.5175902843475342,0.5666162371635437,0.562894438237892
2663,0.396103896,0.5175902843475342,0.5666162371635437,0.5587223061660171
2664,0.768421053,0.4742791950702667,0.5222833156585693,0.54269832909756
2665,0.726902174,0.574398398399353,0.269788533449173,0.293032035583184
2666,0.832880435,0.5726308822631836,0.47644174098968506,0.47028277948672514
2667,0.655844156,0.7166029214859009,0.6300421953201294,0.6338754715906335
2668,0.715367965,0.7166029214859009,0.6300421953201294,0.6338754715906335
2669,0.158241758,0.5154757499694824,0.774614691734314,0.7696302795856627
2670,0.748953975,0.8130977749824524,0.7588396072387695,0.7805285951851448
2671,0.442640693,0.758087158203125,0.6396844387054443,0.650625296072831
2672,0.4891774889999999,0.758087158203125,0.6396844387054443,0.6506252915407961
2673,0.834415584,0.7612167596817017,0.8501626253128052,0.851571271718499
2674,0.75974026,0.7612167596817017,0.8501626253128052,0.8475364366268
2675,0.036796537,0.30571407079696655,0.24916642904281616,0.24601112278866122
2676,0.056277056,0.30571407079696655,0.24916642904281616,0.2457776381196418
2677,0.536842105,0.660775363445282,0.6923533082008362,0.7030543993077873
2678,0.363157895,0.77676922082901,0.6701176166534424,0.6536792812154519
2679,0.754578755,0.5958808660507202,0.557822048664093,0.5665998880918353
2680,0.8052631579999999,0.6990653872489929,0.6256338357925415,0.6273774392509357
2681,0.8520179370000001,0.5536646246910095,0.40261560678482056,0.42196821917729965
2682,0.349775785,0.5627530813217163,0.6495478749275208,0.6730723684459146
2683,0.963736264,0.6358568072319031,0.769263744354248,0.7838371565368986
2684,0.427536232,0.5799057483673096,0.5450792908668518,0.5570343681016047
2685,0.7771739129999999,0.467715322971344,0.49302560091018677,0.5177325719701562
2686,0.040358744,0.49680066108703613,0.5178591012954712,0.5006516242226536
2687,0.54004329,0.5960861444473267,0.5815884470939636,0.5882343472483031
2688,0.600649351,0.5960861444473267,0.5815884470939636,0.588994110952171
2689,0.283967391,0.5200662016868591,0.5139033794403076,0.4873587808499267
2690,0.147186147,0.43400102853775024,0.3174853026866913,0.3166274697023848
2691,0.079004329,0.43400102853775024,0.3174853026866913,0.3166274697023848
2692,0.545454545,0.6166430115699768,0.7282146215438843,0.7459771747524397
2693,0.515789474,0.5369750261306763,0.5431774854660034,0.5120459372123819
2694,0.586080586,0.669790506362915,0.6387350559234619,0.6239491660441288
2695,0.7989010990000001,0.5509194135665894,0.38072094321250916,0.3743948275833296
2696,0.640625,0.6442579627037048,0.6169942617416382,0.629617284536662
2697,0.227106227,0.6161496639251709,0.6206672191619873,0.6401762448763147
2698,0.7617328520000001,0.6489576697349548,0.6574685573577881,0.6356355070302852
2699,0.045054945,0.5491801500320435,0.4840201735496521,0.4645235622165035
2700,0.646209386,0.5896834135055542,0.804632306098938,0.8146302809401567
2701,0.6038961039999999,0.5843576788902283,0.6648248434066772,0.6677531439731267
2702,0.7012987009999999,0.5843576788902283,0.6648248434066772,0.6645033928213814
2703,0.650887574,0.6759968996047974,0.8423186540603638,0.8323378226254489
2704,0.688311688,0.6060060858726501,0.5444475412368774,0.5372813112744191
2705,0.198901099,0.2633693516254425,0.42834651470184326,0.428311597155167
2706,0.704545455,0.4756723642349243,0.8278067111968994,0.8000887013784204
2707,0.727272727,0.4756723642349243,0.8278067111968994,0.8034246727182339
2708,0.300271739,0.2356250286102295,0.23374444246292114,0.2645264507219814
2709,0.554945055,0.45714807510375977,0.4705120623111725,0.48632306337374254
2710,0.7337662340000001,0.5656237602233887,0.5754705667495728,0.5526894468804394
2711,0.721978022,0.5480173826217651,0.9755710959434509,0.9090530987912112
2712,0.5502958579999999,0.5016061067581177,0.48531240224838257,0.5156186299795187
2713,0.573221757,0.6422393918037415,0.7245290279388428,0.7104017707106558
2714,0.5,0.6357600688934326,0.7596685886383057,0.7407272345614526
2715,0.8441558440000001,0.6915835738182068,0.7163066864013672,0.7096115305438694
2716,0.7798165140000001,0.5657622814178467,0.5559785962104797,0.5755062130368505
2717,0.640692641,0.41012075543403625,0.27843907475471497,0.2591295651353188
2718,0.903225806,0.6159335374832153,0.6455843448638916,0.6668873919333091
2719,0.335597826,0.3579338788986206,0.39123085141181946,0.4050846836029116
2720,0.983695652,0.5771726965904236,0.4688769280910492,0.45900860471560184
2721,0.920289855,0.5291522741317749,0.6462133526802063,0.6336181755201056
2722,0.411552347,0.47429144382476807,0.44604259729385376,0.4328333238311433
2723,0.451882845,0.543864905834198,0.8414343595504761,0.8274062890491358
2724,0.071428571,0.24288898706436157,-0.0713912844657898,0.07256939544952974
2725,0.810810811,0.22354048490524292,0.016324162483215332,0.07765159297294857
2726,0.158844765,0.5027002096176147,0.2255890965461731,0.23678899176860296
2727,0.3982683979999999,0.5084255337715149,0.5680297017097473,0.5583541252799233
2728,0.36038961,0.5084255337715149,0.5680297017097473,0.5663499518256075
2729,0.6835164840000001,0.3171420097351074,0.20257526636123657,0.22051445724362972
2730,0.304395604,0.2517804503440857,0.282063364982605,0.3012028452067338
2731,0.0144927539999999,0.3517921566963196,0.24894720315933228,0.270272512640527
2732,0.612554113,0.57072514295578,0.618498682975769,0.6208965622253969
2733,0.8684210529999999,0.7109218835830688,0.7737656831741333,0.7847589369662918
2734,0.7857142859999999,0.6061561107635498,0.7899097204208374,0.7994608560530794
2735,0.741341991,0.6061561107635498,0.7899097204208374,0.8035884449249322
2736,0.5963203460000001,0.42817428708076477,0.5259767770767212,0.5247154180629299
2737,0.628787879,0.42817428708076477,0.5259767770767212,0.5235922095083715
2738,0.7175324679999999,0.49623173475265503,0.7583807110786438,0.7756256012229032
2739,0.7294372290000001,0.49623173475265503,0.7583807110786438,0.7756256012229032
2740,0.58423913,0.5331838130950928,0.7642664909362793,0.7439542258657621
2741,0.621052632,0.6110601425170898,0.5842767953872681,0.5727763779508706
2742,0.452631579,0.5932663679122925,0.621227502822876,0.604436499226501
2743,0.675324675,0.5074586272239685,0.2179642915725708,0.2320307495056495
2744,0.790322581,0.42424964904785156,0.3320634961128235,0.33717559632129923
2745,0.460251046,0.39913907647132874,0.5064688920974731,0.5281712532741677
2746,0.475108225,0.5852962732315063,0.5771811008453369,0.5666716464740713
2747,0.561688312,0.5852962732315063,0.5771811008453369,0.5748757130310242
2748,0.502717391,0.4218672811985016,0.7285019755363464,0.7319366693358098
2749,0.185064935,0.42577147483825684,0.38134562969207764,0.38496487943255514
2750,0.176406926,0.42577147483825684,0.38134562969207764,0.3849648794325551
2751,0.31884058,0.3039875030517578,0.3905056118965149,0.3783697512165556
2752,0.717488789,0.662591814994812,0.49213239550590515,0.521189473764351
2753,0.063736264,0.2207496166229248,0.10094994306564331,0.10643274736290612
2754,0.890625,0.46368443965911865,0.6738344430923462,0.6465866558892197
2755,0.037362637,0.44188806414604187,0.5880728363990784,0.5551970014341788
2756,0.93956044,0.6619606614112854,0.6612794399261475,0.6465353982616485
2757,0.63003663,0.4361267685890198,0.4058733582496643,0.42507978854754713
2758,0.553113553,0.5319339036941528,0.38698846101760864,0.3767967771340549
2759,0.415584416,0.4891887307167053,0.25524601340293884,0.2802335173704668
2760,0.293040293,0.4998960494995117,0.60977703332901,0.6006900106270054
2761,0.258064516,0.4470040202140808,0.6794179677963257,0.6610682925101776
2762,0.6785714290000001,0.442773699760437,0.3900322914123535,0.4065682989115776
2763,0.6785714290000001,0.442773699760437,0.3900322914123535,0.4098589582748416
2764,0.678899083,0.5784323215484619,0.7043474316596985,0.6886192680669523
2765,0.428571429,0.41091465950012207,0.2187252938747406,0.2493770489141497
2766,0.097402597,0.5607325434684753,0.6289579272270203,0.6095277915276027
2767,0.033549784,0.5607325434684753,0.6289579272270203,0.6095277915276027
2768,0.112903226,0.2682790160179138,0.12954092025756836,0.15844986109812856
2769,0.389010989,0.2982672154903412,0.2510419189929962,0.24726826681383574
2770,0.468864469,0.6404053568840027,0.5197790265083313,0.49684495121030753
2771,0.582251082,0.7018653154373169,0.875826358795166,0.8402271811809754
2772,0.591991342,0.7018653154373169,0.875826358795166,0.8350505249161431
2773,0.49790795,0.41988712549209595,0.5378469228744507,0.5484250353852851
2774,0.593406593,0.4612078070640564,0.060473352670669556,0.0906305205251358
2775,0.7289377290000001,0.4684046804904938,0.5764702558517456,0.5855153609736037
2776,0.330163043,0.42109212279319763,0.5662906765937805,0.5883766253113141
2777,0.393939394,0.48005741834640503,0.5553752779960632,0.5378192884479509
2778,0.428571429,0.48005741834640503,0.5553752779960632,0.5412537666291222
2779,0.458715596,0.5404866337776184,0.5287706851959229,0.5308166595129605
2780,0.533549784,0.7418424487113953,0.9323469996452332,0.9029495808287427
2781,0.6461038960000001,0.7418424487113953,0.9323469996452332,0.9029495808287427
2782,0.434782609,0.3633500039577484,0.36539193987846375,0.347919933407388
2783,0.664259928,0.6201737523078918,0.7541062235832214,0.7530552026415338
2784,0.570397112,0.4576611816883087,0.4090537130832672,0.4164986285334763
2785,0.724184783,0.5908216834068298,0.6429023742675781,0.6247146542440686
2786,0.5,0.3895810842514038,0.34206730127334595,0.37240243121184535
2787,0.492424242,0.42270582914352417,0.4258657395839691,0.4066327736286127
2788,0.579004329,0.42270582914352417,0.4258657395839691,0.4066327736286127
2789,0.044843049,0.45296043157577515,0.4160306751728058,0.38655327810834333
2790,0.810606061,0.40579646825790405,0.3353250026702881,0.3555801362206036
2791,0.7673160170000001,0.40579646825790405,0.3353250026702881,0.34426424436050473
2792,0.385869565,0.44216978549957275,0.4438304901123047,0.4388725296104856
2793,0.971428571,0.755220890045166,0.5799739360809326,0.5625490843678929
2794,0.461038961,0.3659362196922302,0.3312322497367859,0.35247261696522536
2795,0.61038961,0.3659362196922302,0.3312322497367859,0.35247261696522536
2796,0.183431953,0.5278430581092834,0.4564589262008667,0.45074094504081347
2797,0.430769231,0.42872676253318787,0.5701461434364319,0.5612360699408074
2798,0.964497041,0.6261194944381714,0.8463510274887085,0.8384887396118783
2799,0.741847826,0.8444783687591553,0.7602766752243042,0.7864850584253541
2800,0.560538117,0.6351829767227173,0.8662689924240112,0.84267806322854
2801,0.656926407,0.47375670075416565,0.2891773283481598,0.2813259083110266
2802,0.677489177,0.47375670075416565,0.2891773283481598,0.2806441794554678
2803,0.65942029,0.6528006792068481,0.6037341356277466,0.6158054362367499
2804,0.120805369,0.3444896936416626,0.21430355310440063,0.1993964668174549
2805,0.233695652,0.6745661497116089,0.6370104551315308,0.663946134405434
2806,0.2272727269999999,0.3559456765651703,0.18812629580497742,0.20260722459354935
2807,0.832635983,0.42881861329078674,0.5290445685386658,0.5140962038008945
2808,0.554945055,0.587510883808136,0.571719229221344,0.571724013781735
2809,0.974729242,0.5362838506698608,0.63459312915802,0.6380561191228943
2810,0.6593406589999999,0.5509195923805237,0.6351295113563538,0.646845605021605
2811,0.152631579,0.5289593935012817,0.3364667296409607,0.35663613956733
2812,0.887228261,0.5336509346961975,0.6576268076896667,0.6336643149224153
2813,0.69047619,0.6999390125274658,0.8085334300994873,0.7883720244103346
2814,0.711038961,0.6999390125274658,0.8085334300994873,0.7823868702234176
2815,0.35483871,0.5783441066741943,0.6638750433921814,0.6381784466900579
2816,0.688073394,0.5195788741111755,0.837306559085846,0.8345241619303088
2817,0.980519481,0.7302565574645996,0.6949605941772461,0.6951028302249075
2818,0.793478261,0.47980621457099915,0.5026232600212097,0.4941134063312077
2819,0.303030303,0.45288562774658203,0.5902493596076965,0.5823232718816399
2820,0.340909091,0.45288562774658203,0.5902493596076965,0.5823232718816399
2821,0.102564103,0.5068743228912354,0.22737005352973938,0.24078009501854372
2822,0.781065089,0.5795245170593262,0.7872374057769775,0.7750754684285089
2823,0.266272189,0.6200215816497803,0.7451401352882385,0.7384587112428038
2824,0.942105263,0.5301238298416138,0.7108858823776245,0.7066427779498632
2825,0.937728938,0.6545015573501587,0.7128751277923584,0.697570458173128
2826,0.129707113,0.43088749051094055,0.13338038325309753,0.1672051667425075
2827,0.8777173909999999,0.5866334438323975,0.7805732488632202,0.7765574252518097
2828,0.635379061,0.6352546811103821,0.6211589574813843,0.6356396147196476
2829,0.453125,0.41577258706092834,0.13734400272369385,0.1409338038071026
2830,0.7046979870000001,0.4855104982852936,0.4824797809123993,0.4871799889044591
2831,0.577922078,0.3286307752132416,0.311705082654953,0.3092255142473824
2832,0.072463768,0.35487857460975647,0.45619896054267883,0.4550479164302378
2833,0.407608696,0.5064082741737366,0.8135064840316772,0.8003100301229245
2834,0.6219780220000001,0.5074994564056396,0.4328792691230774,0.4543790125597173
2835,0.173160173,0.6888925433158875,0.6736199855804443,0.6613997761972293
2836,0.158008658,0.6888925433158875,0.6736199855804443,0.6570136902614658
2837,0.939393939,0.4541581869125366,0.6974404454231262,0.6754186558087978
2838,0.909090909,0.4541581869125366,0.6974404454231262,0.6754186558087978
2839,0.520879121,0.6187049150466919,0.6391513347625732,0.6644436005175953
2840,0.776173285,0.41867607831954956,0.15637722611427307,0.17608230449421958
2841,0.8506493509999999,0.536473274230957,0.24859175086021423,0.25400718991459514
2842,0.901515152,0.536473274230957,0.24859175086021423,0.25400718991459514
2843,0.605381166,0.3893383741378784,0.341530978679657,0.3434015194154456
2844,0.287878788,0.6729140281677246,0.7533299922943115,0.7352881307466557
2845,0.202380952,0.6729140281677246,0.7533299922943115,0.7352881307466557
2846,0.37012987,0.6221923828125,0.6062458753585815,0.6059251685811942
2847,0.446969697,0.6221923828125,0.6062458753585815,0.611292428975362
2848,0.18115942,0.2980978488922119,0.5033996105194092,0.486033129783051
2849,0.2417582419999999,0.3379940390586853,0.29999130964279175,0.3091228098650214
2850,0.906040268,0.364523708820343,0.3329634964466095,0.3056749393619571
2851,0.4801444039999999,0.4102027118206024,0.44801971316337585,0.41516667707188515
2852,0.5072463770000001,0.8240636587142944,0.7544805407524109,0.7322715819504897
2853,0.131578947,0.36967024207115173,0.3616793751716614,0.37351536122040785
2854,0.855595668,0.6745964288711548,0.609079122543335,0.6289564946660562
2855,0.87987013,0.6765847206115723,0.8720512390136719,0.8593821278848385
2856,0.902597403,0.6765847206115723,0.8720512390136719,0.8625005922565886
2857,0.3817934779999999,0.5563585162162781,0.5816240310668945,0.5778879224202573
2858,0.476923077,0.5400915145874023,0.5874424576759338,0.6060093083366043
2859,0.588744589,0.6949390172958374,0.5860249400138855,0.5914339949931566
2860,0.666666667,0.6949390172958374,0.5860249400138855,0.5892766596334924
2861,0.985054348,0.5602757930755615,0.7742036581039429,0.7856398459249498
2862,0.815884477,0.4559617042541504,0.43387049436569214,0.4458166993211856
2863,0.538043478,0.5518248081207275,0.369189590215683,0.35325878769866503
2864,0.098484848,0.6530912518501282,0.6869542598724365,0.6981002473551967
2865,0.147186147,0.6530912518501282,0.6869542598724365,0.676416864964313
2866,0.935064935,0.743139922618866,0.894410252571106,0.8751662757220043
2867,0.899456522,0.6622509956359863,0.8162672519683838,0.817000490147337
2868,0.260869565,0.40933850407600403,0.3118116855621338,0.32773850734110205
2869,0.471014493,0.5926908254623413,0.7000107765197754,0.7111562738162314
2870,0.773684211,0.7100200057029724,0.7509438991546631,0.7282423045956163
2871,0.666666667,0.5000307559967041,0.42096197605133057,0.44979607399561905
2872,0.963898917,0.7002845406532288,0.6761640906333923,0.6490224610079097
2873,0.455627706,0.44526779651641846,0.6002935171127319,0.6049323171417802
2874,0.3777056279999999,0.44526779651641846,0.6002935171127319,0.6181527007741787
2875,0.862385321,0.4672199785709381,0.7044827938079834,0.7001907240786012
2876,0.040659341,0.3194733262062073,0.5743194818496704,0.5647251076789724
2877,0.078804348,0.7171127796173096,0.9360148906707764,0.8873741933457417
2878,0.486813187,0.6112743616104126,0.7753857970237732,0.747747952667863
2879,0.7065934070000001,0.5554083585739136,0.4092048406600952,0.4249617083957184
2880,0.72826087,0.6704665422439575,0.29613763093948364,0.2806330416602817
2881,0.520380435,0.6473533511161804,0.9469379782676697,0.8933039032435173
2882,0.043478261,0.5271629095077515,0.25908055901527405,0.2460108196031879
2883,0.274891775,0.5674648880958557,0.7086191177368164,0.7282488633426959
2884,0.262987013,0.5674648880958557,0.7086191177368164,0.7282488633426959
2885,0.779120879,0.7119204998016357,0.5895476341247559,0.5730027264177969
2886,1.0,0.6230442523956299,0.5645430088043213,0.5789192236179803
2887,0.122282609,0.39486387372016907,0.018920928239822388,0.09068878718642899
2888,0.966527197,0.5659140348434448,0.6013065576553345,0.5828995598852231
2889,0.351731602,0.5235503911972046,0.5614031553268433,0.563068733962723
2890,0.356060606,0.5235503911972046,0.5614031553268433,0.5458444948864393
2891,1.0,0.7175257205963135,0.6165152192115784,0.6317092818385943
2892,0.4,0.6066655516624451,0.8391849398612976,0.8327469623602068
2893,0.966442953,0.5036130547523499,0.4576984643936157,0.4874431143847161
2894,0.20021645,0.5433065295219421,0.5394861698150635,0.5430914339629201
2895,0.191558442,0.5433065295219421,0.5394861698150635,0.5533545381401701
2896,0.926406926,0.5995970368385315,0.5954814553260803,0.6051643582099602
2897,0.957792208,0.5995970368385315,0.5954814553260803,0.6051643582430477
2898,0.154362416,0.4310270845890045,0.3639622628688812,0.3807204107079169
2899,0.307692308,0.43921875953674316,0.48782050609588623,0.49938681155715736
2900,0.530201342,0.515582799911499,0.3902431130409241,0.3888130759389684
2901,0.968609865,0.31655579805374146,0.3704526424407959,0.34734475420344224
2902,0.027522936,0.45131513476371765,0.09660458564758301,0.12734873103441724
2903,0.3582251079999999,0.4895191788673401,0.5754981637001038,0.5844344265700081
2904,0.3582251079999999,0.4895191788673401,0.5754981637001038,0.5844344265700081
2905,0.324728261,0.477039098739624,0.49222803115844727,0.4986959330178011
2906,0.4035874439999999,0.7045700550079346,0.7260163426399231,0.7127872812975253
2907,0.627802691,0.715010404586792,0.6355327367782593,0.6322625920417786
2908,0.542119565,0.722750186920166,0.63102787733078,0.6227872623131961
2909,0.724832215,0.45411115884780884,0.6020941734313965,0.5929515596559857
2910,0.777056277,0.38369715213775635,0.3774340748786926,0.3814894325992966
2911,0.744588745,0.38369715213775635,0.3774340748786926,0.3814894325992966
2912,0.523489933,0.4998630881309509,0.42618218064308167,0.42685477100150127
2913,0.713004484,0.6614993214607239,0.6444460153579712,0.6403984761473371
2914,0.889908257,0.6315780878067017,0.6924986839294434,0.714701925210498
2915,0.493723849,0.5905816555023193,0.5589319467544556,0.5539385956836991
2916,0.8939393940000001,0.5568017959594727,0.5897122621536255,0.5791563609561877
2917,0.823593074,0.5568017959594727,0.5897122621536255,0.5962224539013454
2918,0.03125,0.4150959253311157,0.2273501753807068,0.21907017615269947
2919,0.229437229,0.4465341866016388,0.44990870356559753,0.4446136362505233
2920,0.228354978,0.4465341866016388,0.44990870356559753,0.4446136362505233
2921,0.194805195,0.3427666425704956,0.07589039206504822,0.08212804799731728
2922,0.4351464439999999,0.5849171876907349,0.5152959823608398,0.5133927282947635
2923,0.335497835,0.3837178647518158,0.47857117652893066,0.4885626183207115
2924,0.445887446,0.3837178647518158,0.47857117652893066,0.4994212002567787
2925,0.761506276,0.5839335322380066,0.5085843801498413,0.49363506427418674
2926,0.912337662,0.6580625772476196,0.8123106956481934,0.816440899973363
2927,0.942640693,0.6580625772476196,0.8123106956481934,0.816440899973363
2928,0.967032967,0.7570522427558899,0.9656320810317993,0.9120353831008874
2929,0.344155844,0.4250643253326416,0.7038178443908691,0.6843237566204841
2930,0.0134228189999999,0.5693384408950806,0.3911117613315582,0.40400925845555874
2931,0.7615384620000001,0.6188744902610779,0.7240952849388123,0.7028758085438906
2932,0.361538462,0.48538079857826233,0.44584304094314575,0.4421511307201092
2933,0.177514793,0.398374080657959,0.2539758086204529,0.26769845958414806
2934,0.3692307689999999,0.49998968839645386,0.39145171642303467,0.406519341062754
2935,0.662721893,0.44997382164001465,0.6351169347763062,0.6278499369872532
2936,0.368231047,0.6977366805076599,0.6504990458488464,0.6670188558109498
2937,0.7,0.7546265721321106,0.6471594572067261,0.6249461406660383
2938,0.4375,0.8327693939208984,0.9525101184844971,0.9312982621342378
2939,0.446153846,0.4914763569831848,0.2586258351802826,0.25836002246974077
2940,0.712087912,0.4722129702568054,0.6982613205909729,0.6785869938498644
2941,0.433982684,0.42494702339172363,0.5465049743652344,0.5287789571823541
2942,0.485930736,0.42494702339172363,0.5465049743652344,0.528778957182354
2943,0.855978261,0.7184289693832397,0.6841748356819153,0.6874571322814086
2944,0.7521645020000001,0.6121405363082886,0.8103762865066528,0.8091113461336008
2945,0.784632035,0.6121405363082886,0.8103762865066528,0.8091113461336006
2946,0.927536232,0.7407230734825134,0.6438881158828735,0.625847856523698
2947,0.843073593,0.535627007484436,0.6000105738639832,0.5956084102242247
2948,0.8593073590000001,0.535627007484436,0.6000105738639832,0.5956084102242248
2949,0.144021739,0.5413050055503845,0.23168599605560303,0.2466276855186289
2950,0.445652174,0.615108072757721,0.5993262529373169,0.6236596969776189
2951,0.910313901,0.4087415337562561,0.37040624022483826,0.3464415754232968
2952,0.510869565,0.45086145401000977,0.2772137224674225,0.26105351514697095
2953,0.513761468,0.7865778207778931,0.6858265995979309,0.6714373533869549
2954,0.982683983,0.5585653781890869,0.4054275453090668,0.41756805821122833
2955,0.958874459,0.5585653781890869,0.4054275453090668,0.4171573433067249
2956,0.441576087,0.7592225074768066,0.6789664030075073,0.6588947471311777
2957,0.327922078,0.5108554363250732,0.542079746723175,0.5534302150935133
2958,0.332251082,0.5108554363250732,0.542079746723175,0.5449357639676525
2959,0.412844037,0.6010157465934753,0.4771365225315094,0.47996995754235644
2960,0.612771739,0.6022584438323975,0.4099111258983612,0.4221562397956066
2961,0.4442934779999999,0.6904486417770386,0.6799135804176331,0.6574440375295895
2962,0.191576087,0.7373840808868408,0.6494417786598206,0.6434692615226989
2963,0.813186813,0.5278832912445068,0.43268150091171265,0.4331109959491195
2964,0.126358696,0.7116579413414001,0.6706578731536865,0.697274575239041
2965,0.786684783,0.7020672559738159,0.7832821607589722,0.7543092626535635
2966,0.58008658,0.5371588468551636,0.6741219758987427,0.6574526476822766
2967,0.54978355,0.5371588468551636,0.6741219758987427,0.6551733328685161
2968,0.978354978,0.5848767757415771,0.5355914831161499,0.5528685117061555
2969,0.995670996,0.5848767757415771,0.5355914831161499,0.5528685117061555
2970,0.898268398,0.626027524471283,0.6039280891418457,0.600336919145126
2971,0.305194805,0.5481667518615723,0.4839906692504883,0.5022230116851858
2972,0.335497835,0.5481667518615723,0.4839906692504883,0.5022230116851858
2973,0.92965368,0.5513697862625122,0.4037698209285736,0.40788878678937646
2974,0.932900433,0.5513697862625122,0.4037698209285736,0.4078636337885717
2975,0.877705628,0.7968019247055054,0.5387071967124939,0.5593383870107763
2976,0.865800866,0.7968019247055054,0.5387071967124939,0.5491217987555255
2977,0.784210526,0.6468237042427063,0.4422991871833801,0.4536254566167031
2978,0.076233184,0.6634352207183838,0.9197613000869751,0.8972456260077684
2979,0.454545455,0.6467557549476624,0.7214376926422119,0.7014738717593121
2980,0.75,0.562108039855957,0.6084389686584473,0.5877717613074074
2981,0.8410041840000001,0.5001234412193298,0.4772423207759857,0.46603390623099505
2982,0.04587156,0.6106035709381104,0.45557254552841187,0.47101211426209144
2983,0.366972477,0.6428407430648804,0.560674250125885,0.578026795318861
2984,0.463203463,0.4355908930301666,0.4698452949523926,0.4817234954565531
2985,0.454545455,0.4355908930301666,0.4698452949523926,0.4919237087995583
2986,0.648268398,0.6469123363494873,0.7624131441116333,0.759644278585156
2987,0.617965368,0.6469123363494873,0.7624131441116333,0.7774293279147222
2988,0.262987013,0.49036285281181335,0.5008413791656494,0.5012311831258187
2989,0.232683983,0.49036285281181335,0.5008413791656494,0.4953414969294718
2990,0.833333333,0.49881213903427124,0.3356338143348694,0.33275132607972063
2991,0.421524664,0.5312904715538025,0.8291457891464233,0.8433529232275244
2992,0.366300366,0.3663279712200165,0.4513850212097168,0.4444820490625733
2993,0.032258065,0.32731759548187256,0.367567241191864,0.3637487412629895
2994,0.543290043,0.44860076904296875,0.5489419102668762,0.5356905348766013
2995,0.437229437,0.44860076904296875,0.5489419102668762,0.534726123581702
2996,0.669724771,0.4268702268600464,0.5406034588813782,0.5496883923556267
2997,0.811688312,0.7390393018722534,0.5719020366668701,0.5817957640954183
2998,0.858225108,0.4920904040336609,0.5005767345428467,0.5222329618090974
2999,0.935064935,0.4920904040336609,0.5005767345428467,0.5222329618090975
3000,0.0638586959999999,0.4342663288116455,0.14916032552719116,0.15749865316472433
3001,0.04076087,0.6068508625030518,0.6672935485839844,0.6598023701875528
3002,0.0543478259999999,0.5382735729217529,0.44624924659729004,0.4489976821696023
3003,0.237668161,0.6674628257751465,0.6084355115890503,0.5836320444643923
3004,0.6879120879999999,0.38136810064315796,0.440643310546875,0.4650674635843394
3005,0.393501805,0.4560893774032593,0.7065225839614868,0.6824296351335819
3006,0.164402174,0.6000012159347534,0.38229137659072876,0.39635157049763425
3007,0.573593074,0.6679969429969788,0.7261934280395508,0.6945167712755668
3008,0.261904762,0.40156155824661255,0.18933320045471191,0.21631166519578565
3009,0.2824675319999999,0.40156155824661255,0.18933320045471191,0.2139202491442621
3010,0.7853260870000001,0.5656516551971436,0.42868122458457947,0.4112977565651848
3011,0.116591928,0.7484463453292847,0.6934609413146973,0.6983631517284399
3012,0.523809524,0.43485307693481445,0.2846134305000305,0.28825200822748787
3013,0.525974026,0.43485307693481445,0.2846134305000305,0.28825200822748787
3014,0.5650224220000001,0.706588864326477,0.6929864883422852,0.6702464923743963
3015,0.4439461879999999,0.6752409934997559,0.6743255257606506,0.6808738118403193
3016,0.008658009,0.47315889596939087,0.4989907145500183,0.5173840177747123
3017,0.022727273,0.47315889596939087,0.4989907145500183,0.5173840177747123
3018,0.034632035,0.8405126929283142,0.6725507378578186,0.6697234507283518
3019,0.112554113,0.8405126929283142,0.6725507378578186,0.6697234507283518
3020,0.694805195,0.6271284222602844,0.807096540927887,0.7998126636852926
3021,0.740585774,0.40282729268074036,0.4313521683216095,0.42027214708095406
3022,0.0919913419999999,0.712216854095459,0.8355703949928284,0.8198191105991959
3023,0.170995671,0.712216854095459,0.8355703949928284,0.8087330686059248
3024,0.5596330279999999,0.5121050477027893,0.43994203209877014,0.46093508613532885
3025,1.0,0.6623011231422424,0.5685858130455017,0.5738264027631045
3026,1.0,0.6623011231422424,0.5685858130455017,0.5759357050955104
3027,1.0,0.6623011231422424,0.5685858130455017,0.5692109505319893
3028,1.0,0.6623011231422424,0.5685858130455017,0.5690797625673999
3029,1.0,0.6623011231422424,0.5685858130455017,0.5690797625673998
3030,1.0,0.6623011231422424,0.5685858130455017,0.5690614601129261
3031,1.0,0.6623011231422424,0.5685858130455017,0.5690614601129261
3032,1.0,0.6623011231422424,0.5685858130455017,0.5690614601129261
3033,0.80298913,0.6919826865196228,0.7721562385559082,0.7410094534153242
3034,0.95021645,0.8653281927108765,0.8883243799209595,0.8745221950354836
3035,0.904761905,0.8653281927108765,0.8883243799209595,0.8676698162851341
3036,0.7159763309999999,0.49102628231048584,0.48927825689315796,0.4904586525618015
3037,0.436241611,0.7002323269844055,0.5829411745071411,0.5576235085673593
3038,0.936842105,0.6314178705215454,0.5707079172134399,0.5635081530662034
3039,0.513513514,0.5904923677444458,0.6174950003623962,0.6387278300974094
3040,0.52014652,0.45478951930999756,0.3383403420448303,0.3555817407786944
3041,0.945848375,0.5414710640907288,0.5204590559005737,0.4971524032721671
3042,0.256793478,0.3555053770542145,0.59087735414505,0.5940928104318295
3043,0.744394619,0.6156685948371887,0.6105670928955078,0.6043242289057469
3044,0.963203463,0.49708762764930725,0.6159006357192993,0.6046262559644394
3045,0.914502165,0.49708762764930725,0.6159006357192993,0.6020715049806838
3046,0.47032967,0.4228878617286682,0.451172798871994,0.4284337573753904
3047,0.24260355,0.25073856115341187,0.010059446096420288,0.07289250452475145
3048,0.269021739,0.5214275121688843,0.6123691201210022,0.603855220798249
3049,0.8636363640000001,0.3693682849407196,0.3310546278953552,0.317358852238415
3050,0.432900433,0.6669454574584961,0.5680957436561584,0.5885181401205517
3051,0.424242424,0.6669454574584961,0.5680957436561584,0.5867053912004947
3052,0.347252747,0.3782016336917877,0.7582179307937622,0.7586321247146501
3053,0.037878788,0.2633253335952759,0.01732170581817627,0.05926236469094291
3054,0.021645022,0.2633253335952759,0.01732170581817627,0.05542893209887568
3055,0.456375839,0.6893230080604553,0.6992422342300415,0.7084121831765161
3056,0.418918919,0.4119051694869995,0.25053471326828003,0.24546038911279427
3057,0.8402366859999999,0.5708487629890442,0.5243551731109619,0.5269102222001545
3058,0.8657718120000001,0.4561326801776886,0.5782517194747925,0.5648227075660184
3059,0.028138528,0.4659494161605835,0.5182956457138062,0.5088265300004714
3060,0.003246753,0.4659494161605835,0.5182956457138062,0.49913735973612455
3061,0.140659341,0.3945954740047455,0.534934937953949,0.5092665872889813
3062,0.172527473,0.33775752782821655,0.26118069887161255,0.2681954847274238
3063,0.693548387,0.4618237316608429,0.5108017921447754,0.5344125708181788
3064,0.323369565,0.565729558467865,0.4421098232269287,0.4534701668848826
3065,0.531135531,0.5774496793746948,0.34008729457855225,0.3682242871001238
3066,0.916317992,0.7744231224060059,0.6961385011672974,0.6791228613231102
3067,0.8187919459999999,0.6314103007316589,0.5764927864074707,0.5487050852918074
3068,0.064935065,0.5427173376083374,0.4755774438381195,0.48344386121491056
3069,0.007575758,0.5427173376083374,0.4755774438381195,0.4834438612149106
3070,0.989473684,0.5104473829269409,0.4778577387332916,0.49428961772835744
3071,0.921052632,0.506746768951416,0.5654192566871643,0.5727911307814331
3072,0.8736413040000001,0.44011327624320984,0.4217812418937683,0.3962911708927969
3073,0.5315789470000001,0.6319382786750793,0.6618332862854004,0.654129422167236
3074,0.033557047,0.3358185589313507,0.3041779398918152,0.31819324575977426
3075,0.8339350179999999,0.6378645300865173,0.8373652696609497,0.801418217479829
3076,0.887445887,0.6086171865463257,0.5632562041282654,0.5544421281170646
3077,0.637681159,0.4941957890987396,0.6837397813796997,0.7029346279309854
3078,0.0236686389999999,0.3402401804924011,0.3658841848373413,0.349300832369453
3079,0.264835165,0.41742372512817383,0.33595573902130127,0.3368517744132965
3080,0.966450216,0.8147504329681396,0.8276902437210083,0.8046586893617387
3081,0.994588745,0.8147504329681396,0.8276902437210083,0.8046586893617387
3082,0.077445652,0.42074400186538696,0.1315547227859497,0.1625512622825891
3083,0.495923913,0.5309227705001831,0.372420072555542,0.39881267674787835
3084,0.802197802,0.5340991616249084,0.4392257630825043,0.45444475498038706
3085,0.771300448,0.4461628198623657,0.5821186304092407,0.5745279134234936
3086,0.994736842,0.6740972995758057,0.5351417064666748,0.5320548399711266
3087,0.203804348,0.5442294478416443,0.5816220045089722,0.6053517058164845
3088,0.57201087,0.5246232748031616,0.49768972396850586,0.48839208933079437
3089,0.5704697989999999,0.4107264280319214,0.4911028742790222,0.504781431961533
3090,0.597402597,0.3205106854438782,0.14651381969451904,0.169198068692684
3091,0.354978355,0.46721965074539185,0.4812980592250824,0.49082463347504623
3092,0.295454545,0.46721965074539185,0.4812980592250824,0.4783590954432188
3093,0.452445652,0.3748766779899597,0.5108503103256226,0.489662745970977
3094,0.284632035,0.4986080825328827,0.327931672334671,0.33576762262898335
3095,0.274891775,0.4986080825328827,0.327931672334671,0.32372457139818445
3096,0.692307692,0.49147680401802063,0.5800189971923828,0.5945665261717676
3097,0.036231884,0.40626779198646545,0.4555097222328186,0.427668210256937
3098,0.847533632,0.47805464267730713,0.5121041536331177,0.5113243386433509
3099,0.7987012990000001,0.4436951279640198,0.5243869423866272,0.5247901688293272
3100,0.7835497840000001,0.4436951279640198,0.5243869423866272,0.5123182263249135
3101,0.3,0.39082393050193787,0.29349416494369507,0.3125254390121641
3102,0.7494505490000001,0.36138948798179626,0.5174147486686707,0.4978052919526822
3103,0.501831502,0.41147667169570923,0.4810808598995209,0.47599428769940866
3104,0.372781065,0.4656459093093872,0.49551647901535034,0.49677886018745815
3105,0.19047619,0.44319263100624084,0.26626142859458923,0.24570398862689619
3106,0.1266233769999999,0.44319263100624084,0.26626142859458923,0.24604211124528585
3107,0.5978260870000001,0.5302456617355347,0.3977704346179962,0.3991908178686895
3108,0.945606695,0.5533432364463806,0.7667798399925232,0.7740980414174523
3109,0.656804734,0.5846108794212341,0.6008638739585876,0.617878423468927
3110,0.210144928,0.5039333701133728,0.27647891640663147,0.29330130229472423
3111,0.350649351,0.34034669399261475,0.42523476481437683,0.42021867624183507
3112,0.3170995669999999,0.34034669399261475,0.42523476481437683,0.41281332800402115
3113,0.022727273,0.06923729181289673,-0.09494239091873169,0.06009836202985029
3114,0.027056277,0.06923729181289673,-0.09494239091873169,0.05585318909019344
3115,0.0805860809999999,0.36718839406967163,0.2190265655517578,0.20505799032260297
3116,0.1812080539999999,0.5030189752578735,0.7245306968688965,0.7101882302383984
3117,0.133116883,0.5344440340995789,0.2248551845550537,0.2082826938559084
3118,0.149350649,0.5344440340995789,0.2248551845550537,0.2082826938559084
3119,0.96875,0.5689312219619751,0.4609443247318268,0.49010927071121957
3120,0.278388278,0.348757803440094,0.3489353358745575,0.3701319050206696
3121,0.678947368,0.5935466885566711,0.6683996915817261,0.6756208470009727
3122,0.989010989,0.624188244342804,0.669100284576416,0.6783299218836674
3123,0.191558442,0.30074048042297363,0.03791537880897522,0.08162384936381273
3124,0.117965368,0.30074048042297363,0.03791537880897522,0.06661842870185383
3125,0.992673993,0.6969601511955261,0.6313714385032654,0.6188278960485006
3126,0.197802198,0.46022018790245056,0.21196341514587402,0.22262491662881803
3127,0.288590604,0.343747079372406,0.6588878035545349,0.6296427967386611
3128,0.948051948,0.47314584255218506,0.5176759958267212,0.5038866576337548
3129,1.0,0.6675060391426086,0.7340515851974487,0.7096358234389546
3130,0.752747253,0.5166338682174683,0.6187906265258789,0.6008742011176684
3131,0.883152174,0.42641332745552063,0.456069678068161,0.45217803085845976
3132,0.862554113,0.3574628531932831,0.6543791890144348,0.6468537479196501
3133,0.8636363640000001,0.3574628531932831,0.6543791890144348,0.6468537479196501
3134,0.2217573219999999,0.6626983284950256,0.5140554904937744,0.5216304429614237
3135,0.125541126,0.49979835748672485,0.37722185254096985,0.3818640428755534
3136,0.107142857,0.49979835748672485,0.37722185254096985,0.391110760380442
3137,0.827445652,0.5014663338661194,0.5469928979873657,0.5379638515172188
3138,0.56043956,0.4392910599708557,0.20802107453346252,0.23007295432755664
3139,0.2157894739999999,0.3971389830112457,0.41719791293144226,0.44677843782312987
3140,0.263736264,0.6655230522155762,0.7667661905288696,0.7722853150515752
3141,0.481601732,0.4845854341983795,0.3184705674648285,0.3138442109288358
3142,0.427489177,0.4845854341983795,0.3184705674648285,0.3230551021544791
3143,0.886446886,0.4857855439186096,0.4227549135684967,0.4039310053253792
3144,0.707880435,0.3390602171421051,0.6293612718582153,0.6335201769611034
3145,0.409090909,0.5772809982299805,0.7951733469963074,0.7956158702547274
3146,0.831868132,0.6039075255393982,0.5379087924957275,0.557506807849652
3147,0.74025974,0.4252716898918152,0.547839343547821,0.5693600044061177
3148,0.7326839829999999,0.4252716898918152,0.547839343547821,0.5706427738400988
3149,0.1839826839999999,0.4193843603134155,0.4008290469646454,0.42540716194483624
3150,0.164502165,0.4193843603134155,0.4008290469646454,0.42285960861037697
3151,0.073684211,0.2820052206516266,0.29652178287506104,0.2833953783611368
3152,0.939393939,0.5658935308456421,0.8373884558677673,0.8243342576568184
3153,0.00591716,0.3841133713722229,0.3282584547996521,0.3391979473461527
3154,0.2835497839999999,0.4877833127975464,0.7440931797027588,0.7337247333437296
3155,0.323593074,0.4877833127975464,0.7440931797027588,0.7337247333437296
3156,0.654945055,0.5328748822212219,0.5930436253547668,0.6225199241671212
3157,0.094155844,0.3580765724182129,0.3621431291103363,0.33960945974459017
3158,0.062770563,0.3580765724182129,0.3621431291103363,0.3424686181436739
3159,0.3849372379999999,0.6411508321762085,0.520791232585907,0.49223698144798345
3160,0.574675325,0.6063953638076782,0.45732465386390686,0.46358163993255985
3161,0.7142857140000001,0.6063953638076782,0.45732465386390686,0.46358163993255985
3162,0.428571429,0.5271165370941162,0.6200229525566101,0.5929612400259486
3163,0.41991342,0.489113450050354,0.5261022448539734,0.542842275067831
3164,0.6861413040000001,0.5322036743164062,0.5521981716156006,0.5551691170285672
3165,0.307065217,0.3648419678211212,0.24549603462219238,0.27051443239798956
3166,0.604619565,0.44884902238845825,0.44870272278785706,0.47321788034680745
3167,0.768953069,0.5243528485298157,0.6125945448875427,0.6213069711222159
3168,0.137614679,0.275890052318573,0.20995354652404785,0.18766538028531551
3169,0.463157895,0.6017220616340637,0.6512249112129211,0.6597152936625539
3170,0.340659341,0.7107797861099243,0.6476888656616211,0.6217970274074375
3171,0.443223443,0.3866110146045685,0.2338307499885559,0.264939090485539
3172,0.636363636,0.5133417844772339,0.5634766221046448,0.5425036942060646
3173,0.633116883,0.5133417844772339,0.5634766221046448,0.5413307291003728
3174,0.326007326,0.3023029565811157,0.11228221654891968,0.13516450645306857
3175,0.589958159,0.47976452112197876,0.5336669683456421,0.5161905702548596
3176,0.032467532,0.46035775542259216,0.33985400199890137,0.3125921069623541
3177,0.214285714,0.6302539110183716,0.6104738116264343,0.5994911992237738
3178,0.6,0.5815005898475647,0.6268828511238098,0.630415523973957
3179,0.445945946,0.4018983542919159,0.643765926361084,0.6537263928263513
3180,0.715789474,0.5314215421676636,0.7401611804962158,0.72167470228478
3181,0.764945652,0.35616934299468994,0.44592005014419556,0.437056849524345
3182,0.713315217,0.4036758244037628,0.4589416980743408,0.4800173214501628
3183,0.168498168,0.5626689195632935,0.40211084485054016,0.40125088338304427
3184,0.867965368,0.656032919883728,0.8401092290878296,0.8170890696616252
3185,0.78030303,0.656032919883728,0.8401092290878296,0.8170890696616252
3186,0.194736842,0.45906850695610046,0.384212851524353,0.39738332908943663
3187,0.0660173159999999,0.48641330003738403,0.5079649090766907,0.48849119628915605
3188,0.042207792,0.48641330003738403,0.5079649090766907,0.48849119628915605
3189,0.3179916319999999,0.6499792337417603,0.4027789831161499,0.39893498252256565
3190,0.426315789,0.4808086156845093,0.49689769744873047,0.5052931173690084
3191,0.5567765570000001,0.4760203957557678,0.3842190206050873,0.3783598645624511
3192,0.232683983,0.4171958565711975,0.31788331270217896,0.3350221149342161
3193,0.241341991,0.4171958565711975,0.31788331270217896,0.3350221149342161
3194,0.043956044,0.3562391996383667,-0.0008642673492431641,0.05245991995952746
3195,0.970414201,0.6451084017753601,0.7990117073059082,0.7747314252254311
3196,0.6593406589999999,0.7342821955680847,0.7783199548721313,0.7535972958723847
3197,0.194139194,0.6118135452270508,0.5746143460273743,0.5475313720344646
3198,0.414225941,0.3532821536064148,0.3910212516784668,0.41166382670477575
3199,0.558441558,0.5648429989814758,0.5370286703109741,0.5249152917688062
3200,0.522727273,0.5648429989814758,0.5370286703109741,0.5319523489788451
3201,0.8755411259999999,0.6020128726959229,0.5171372890472412,0.5191446570064093
3202,0.888528139,0.6020128726959229,0.5171372890472412,0.5191446570064093
3203,0.007575758,0.4508621096611023,0.18657809495925903,0.1837305458218572
3204,0.032467532,0.4508621096611023,0.18657809495925903,0.1834800511004792
3205,0.007326007,0.5744156241416931,0.3553730249404907,0.3319198007981501
3206,0.905263158,0.32475924491882324,0.17838704586029053,0.20874389987916697
3207,0.241610738,0.6287041902542114,0.946255624294281,0.8966748163631959
3208,0.0806451609999999,0.3350013196468353,0.5242268443107605,0.5019385467555908
3209,0.721052632,0.5649959444999695,0.5006445050239563,0.5073141167780176
3210,0.8644688640000001,0.6371995210647583,0.4703873097896576,0.4793614778199703
3211,0.510526316,0.2534946799278259,0.16000258922576904,0.1904928574012175
3212,0.184210526,0.4665064811706543,0.44127288460731506,0.44363297824611947
3213,0.36996337,0.6864187717437744,0.5524060726165771,0.5637606128485654
3214,0.256756757,0.3839760422706604,0.5379654765129089,0.5163305785205453
3215,0.315436242,0.36884522438049316,0.3296574354171753,0.314056525015769
3216,0.979437229,0.5933148860931396,0.7028146386146545,0.7002316348661961
3217,0.975108225,0.5933148860931396,0.7028146386146545,0.7040772470870862
3218,0.969230769,0.6684916019439697,0.692234992980957,0.664031475342574
3219,0.838744589,0.4890008568763733,0.5160042643547058,0.5159666116480127
3220,0.761904762,0.4890008568763733,0.5160042643547058,0.506961558523053
3221,0.181818182,0.3745214343070984,0.5332126021385193,0.5391460549805358
3222,0.16017316,0.3745214343070984,0.5332126021385193,0.5256403266751533
3223,0.153846154,0.2815336585044861,0.22827550768852234,0.2156336052157976
3224,0.75,0.5873364210128784,0.5569537878036499,0.5701417691006196
3225,0.743506494,0.5873364210128784,0.5569537878036499,0.582593026993852
3226,0.769021739,0.6778267621994019,0.4347285330295563,0.465007592237056
3227,0.815789474,0.5052454471588135,0.626671314239502,0.6313661888523616
3228,0.033549784,0.5927141308784485,0.7449488639831543,0.721695764759991
3229,0.082251082,0.5927141308784485,0.7449488639831543,0.721695764759991
3230,0.5865800870000001,0.4341322183609009,0.49303755164146423,0.5139413915153792
3231,0.7207792209999999,0.71321702003479,0.8433631062507629,0.8209188069385462
3232,0.224175824,0.5183603763580322,0.48172426223754883,0.49542776885305845
3233,0.80952381,0.6426764726638794,0.7718456983566284,0.7842570303904763
3234,0.7640692640000001,0.6426764726638794,0.7718456983566284,0.7814282928015446
3235,0.4025974029999999,0.4617764949798584,0.6147983074188232,0.5937979175453413
3236,0.385281385,0.4617764949798584,0.6147983074188232,0.5937979175453413
3237,0.6504329000000001,0.4892089366912842,0.6671949625015259,0.6753871387444352
3238,0.753246753,0.4892089366912842,0.6671949625015259,0.6753871387444352
3239,0.623376623,0.34836071729660034,0.3818252682685852,0.3841117389114138
3240,0.004484305,0.3901892304420471,0.14035072922706604,0.17019368721362677
3241,0.504587156,0.6243446469306946,0.5482891201972961,0.544759274555074
3242,0.035874439,0.21519505977630615,0.11588531732559204,0.12821056078196477
3243,0.242152466,0.4867716431617737,0.7417706847190857,0.7636727657653463
3244,0.441758242,0.5730159282684326,0.4607731103897095,0.4346416551787745
3245,0.457880435,0.348335325717926,0.32082599401474,0.29749347188908953
3246,0.925274725,0.7096173763275146,0.6341311931610107,0.642654705343235
3247,0.786982249,0.6735082864761353,0.5919297933578491,0.5876436046224872
3248,0.901098901,0.690208375453949,0.9416438937187195,0.9019394208524287
3249,0.330543933,0.4671616554260254,0.6388847827911377,0.6210908133573667
3250,0.552631579,0.6469581723213196,0.9529250860214233,0.9005449556086844
3251,0.230769231,0.5654531121253967,0.39794790744781494,0.3787654923355417
3252,0.454212454,0.3953395485877991,0.8800621628761292,0.8519709941655007
3253,0.0389610389999999,0.36075419187545776,0.10302156209945679,0.1370572732491393
3254,0.874725275,0.5679827928543091,0.6288344264030457,0.6549196148324927
3255,0.776556777,0.38480788469314575,0.4081763029098511,0.37780447814321727
3256,0.142105263,0.5252190828323364,0.3415256142616272,0.32680876685707805
3257,0.071748879,0.5565523505210876,0.5395561456680298,0.5413207035749443
3258,0.7207792209999999,0.683279275894165,0.3562659025192261,0.37799598046227556
3259,0.6835164840000001,0.5556880235671997,0.9012347459793091,0.8555533333878127
3260,0.731578947,0.7743600606918335,0.7360801100730896,0.7312700502575089
3261,0.422077922,0.5187453031539917,0.428188681602478,0.4348323707564512
3262,0.845188285,0.5130466222763062,0.4095631241798401,0.4120752377546816
3263,0.863905325,0.6500486135482788,0.6131227016448975,0.608518418662968
3264,0.684981685,0.3600643277168274,0.22686392068862915,0.24996951214349902
3265,0.944805195,0.4947267770767212,0.5831881761550903,0.5881430131522498
3266,0.923160173,0.4947267770767212,0.5831881761550903,0.591192777274653
3267,0.942028986,0.371937096118927,0.5230403542518616,0.5067389847429706
3268,0.913043478,0.36951589584350586,0.48530036211013794,0.4859087719925073
3269,0.458874459,0.3894263505935669,0.26699841022491455,0.2730744220136309
3270,0.627705628,0.3894263505935669,0.26699841022491455,0.2730744220136309
3271,0.6520146520000001,0.6746169924736023,0.5906051993370056,0.6225161667550508
3272,0.391941392,0.616434633731842,0.5206716060638428,0.5328929538482591
3273,0.017316017,0.6063039898872375,0.5401096940040588,0.5535980835923121
3274,0.061688312,0.6063039898872375,0.5401096940040588,0.5535980835923121
3275,0.348623853,0.6718882918357849,0.5654463171958923,0.5656186307025437
3276,0.288961039,0.5483092069625854,0.36039620637893677,0.3470513860170885
3277,0.253246753,0.5483092069625854,0.36039620637893677,0.3683154480774272
3278,0.014285714,0.36440980434417725,0.2484925091266632,0.2818705608711839
3279,0.079004329,0.4314754605293274,0.605552077293396,0.6130099168449585
3280,0.109307359,0.4314754605293274,0.605552077293396,0.6259899535542128
3281,0.103896104,0.562454879283905,0.7728958129882812,0.7555631963131575
3282,0.048701299,0.562454879283905,0.7728958129882812,0.7528721144380812
3283,0.569506726,0.3929802179336548,0.46431487798690796,0.4960546353738401
3284,0.405797101,0.5309825539588928,0.7422659397125244,0.7112294191710602
3285,0.7328519859999999,0.5307390689849854,0.5538488626480103,0.5276917419411442
3286,0.7889908259999999,0.7392748594284058,0.7509977221488953,0.7324728018806825
3287,0.59375,0.6906575560569763,0.5556485652923584,0.5587011452605782
3288,0.229357798,0.4041460454463959,0.20443794131278992,0.18447802656944526
3289,0.697247706,0.5651543140411377,0.7827723026275635,0.7724734087703184
3290,0.358744395,0.6056439876556396,0.593375027179718,0.6088802818935941
3291,0.8478260870000001,0.5450348854064941,0.5062037706375122,0.4823414549590116
3292,0.543933054,0.29469189047813416,0.34797146916389465,0.34257901743953256
3293,0.104978355,0.3372981548309326,-0.0899917483329773,0.0679089617983171
3294,0.106060606,0.3372981548309326,-0.0899917483329773,0.06790896179831708
3295,0.17798913,0.7648885250091553,0.6217427253723145,0.636262049401263
3296,0.882845188,0.4895990788936615,0.30030199885368347,0.30233565641723803
3297,0.273684211,0.4585682451725006,0.5142823457717896,0.4897170227983949
3298,0.903679654,0.7058022022247314,0.6006820201873779,0.6223450410652107
3299,0.87987013,0.7058022022247314,0.6006820201873779,0.622698026668504
3300,0.001082251,0.5108568668365479,0.5725808143615723,0.5669783430531544
3301,0.029220779,0.5108568668365479,0.5725808143615723,0.5715517842446456
3302,0.0794979079999999,0.40116429328918457,0.388385146856308,0.37815265787561236
3303,0.484210526,0.70554518699646,0.21397775411605835,0.21724378323696097
3304,0.516129032,0.49332159757614136,0.5605142712593079,0.5696482494190803
3305,0.866883117,0.698795735836029,0.5404878258705139,0.5389302110210199
3306,0.835497835,0.698795735836029,0.5404878258705139,0.5389302110210199
3307,0.662337662,0.4720745086669922,0.2860603630542755,0.30498301131250205
3308,0.14516129,0.6211340427398682,0.6244751811027527,0.6193874423654858
3309,0.104619565,0.2469506561756134,0.07338470220565796,0.11850752391441927
3310,0.172077922,0.43059998750686646,0.5010572671890259,0.502447340672466
3311,0.207792208,0.43059998750686646,0.5010572671890259,0.5024473406724661
3312,0.791125541,0.39090386033058167,0.5658277273178101,0.5749190586909758
3313,0.810606061,0.39090386033058167,0.5658277273178101,0.5710145977452272
3314,0.5367965370000001,0.5357698798179626,0.531859278678894,0.5319325636448637
3315,0.465367965,0.5357698798179626,0.531859278678894,0.530237781239748
3316,0.869822485,0.5598474144935608,0.5835157036781311,0.5747908651480802
3317,0.84057971,0.5079533457756042,0.4991121292114258,0.5038942081085266
3318,0.063157895,0.6278374195098877,0.3909432888031006,0.37709448385694366
3319,0.2550335569999999,0.3013232350349426,0.1705320179462433,0.17042638794160841
3320,0.835164835,0.5529935359954834,0.313906729221344,0.3053469727742032
3321,0.7972972970000001,0.4916800856590271,0.7298657298088074,0.7193533476977665
3322,0.695652174,0.5889796018600464,0.7323055267333984,0.710910485025501
3323,0.6915760870000001,0.6655751466751099,0.511265218257904,0.5369927851280591
3324,0.328125,0.5904741287231445,0.6271387934684753,0.6393710584600443
3325,0.525974026,0.5154768228530884,0.6131519079208374,0.6324079760800903
3326,0.322147651,0.4459386169910431,0.23162776231765747,0.2589270081412697
3327,0.580645161,0.4220609664916992,0.447077214717865,0.47277451287458355
3328,0.568181818,0.41721904277801514,0.3905304968357086,0.40540489363311205
3329,0.555194805,0.41721904277801514,0.3905304968357086,0.4045919813988209
3330,0.6959706959999999,0.5523326992988586,0.5905274748802185,0.559069114495435
3331,0.971861472,0.47435620427131653,0.5780669450759888,0.5839191512109865
3332,0.96969697,0.47435620427131653,0.5780669450759888,0.5864816509509108
3333,0.803296703,0.5417881011962891,0.7196321487426758,0.7248797873073924
3334,0.7283549779999999,0.463434636592865,0.42915788292884827,0.43130856678959584
3335,0.482683983,0.463434636592865,0.42915788292884827,0.43227984061312846
3336,0.780269058,0.8309877514839172,0.8293029069900513,0.8305423873942634
3337,0.086956522,0.21439272165298462,0.22067877650260925,0.23944950802389428
3338,0.918918919,0.8139650821685791,0.801424503326416,0.7697684067545516
3339,0.282608696,0.512114405632019,0.4275735020637512,0.43233451616992213
3340,0.99048913,0.6244899034500122,0.7032326459884644,0.7074936814101173
3341,0.8560606059999999,0.5861030220985413,0.4395385980606079,0.43713217868452126
3342,0.772727273,0.5861030220985413,0.4395385980606079,0.43713217868452126
3343,0.058577406,0.4397835433483124,0.43744683265686035,0.413098119245225
3344,0.600543478,0.4908255934715271,0.5878978967666626,0.5948696741285047
3345,0.766816143,0.5365857481956482,0.46259865164756775,0.47821886464407926
3346,0.201465201,0.4907553791999817,0.3333459496498108,0.3200679444981778
3347,0.380952381,0.3964751958847046,0.2495802342891693,0.26820109651893864
3348,0.5625,0.7110459208488464,0.7873216867446899,0.774335824903278
3349,0.920577617,0.6716133952140808,0.6323634386062622,0.6536640965672028
3350,0.9958159,0.7044796943664551,0.7974148392677307,0.7647468074695034
3351,0.467532468,0.5885088443756104,0.5795690417289734,0.5831454662085968
3352,0.6888586959999999,0.5423592329025269,0.3131556212902069,0.3372176406957649
3353,0.922077922,0.5823777914047241,0.7415775060653687,0.7530212337604558
3354,0.901345291,0.5227456092834473,0.6309782266616821,0.6146686313725851
3355,0.6593406589999999,0.7191783785820007,0.8501104116439819,0.8120226591558677
3356,0.310810811,0.5655971765518188,0.15934103727340698,0.167868826746366
3357,0.91991342,0.4924705922603607,0.5579423904418945,0.559207524875486
3358,0.538961039,0.7033424377441406,0.8215673565864563,0.7864192484368422
3359,0.389473684,0.48806825280189514,0.5047982931137085,0.509079222473013
3360,0.133152174,0.5400875210762024,0.513157069683075,0.48477952162111
3361,0.938858696,0.5947147011756897,0.8121653199195862,0.8096240328125903
3362,0.210762332,0.4779135286808014,0.4929787814617157,0.4839960690020166
3363,0.821052632,0.7698362469673157,0.7955499887466431,0.7997993518997952
3364,0.2417582419999999,0.6288677453994751,0.8395485281944275,0.8185962051906398
3365,0.3376623379999999,0.68565833568573,0.5552302598953247,0.5454393287470742
3366,0.388586957,0.47337406873703003,0.6288061738014221,0.6515803120880799
3367,0.997835498,0.511662483215332,0.5156630277633667,0.5077339961980536
3368,0.956709957,0.511662483215332,0.5156630277633667,0.5115350588221131
3369,0.357400722,0.31047219038009644,0.41100555658340454,0.4151242064544161
3370,0.264835165,0.28224754333496094,0.1739068329334259,0.1648698832568647
3371,0.001358696,0.40821176767349243,0.5196980834007263,0.5336443660427916
3372,0.7919463090000001,0.5763944983482361,0.39776211977005005,0.4058085248539276
3373,0.964125561,0.5428254008293152,0.5593940019607544,0.5712537004270897
3374,0.32967033,0.33886831998825073,0.5431378483772278,0.5567832243670199
3375,0.286796537,0.6325663328170776,0.6152504682540894,0.6399664678576995
3376,0.275974026,0.6325663328170776,0.6152504682540894,0.6339349644682561
3377,0.089673913,0.7530994415283203,0.9119589924812317,0.8770224722804787
3378,0.6903765690000001,0.6224182844161987,0.7578687071800232,0.7506427164934395
3379,0.758122744,0.6013150215148926,0.6114147305488586,0.5832959723160027
3380,0.257894737,0.5102065801620483,0.32141709327697754,0.34975945664425956
3381,0.8722826090000001,0.41347450017929077,0.5831819772720337,0.5765868181490112
3382,0.201298701,0.3940820097923279,0.5279372334480286,0.5151576014165667
3383,0.78125,0.5644210577011108,0.5508149266242981,0.5687829526489503
3384,0.107692308,0.33160579204559326,0.49941688776016235,0.5257179724908748
3385,0.618681319,0.6611528396606445,0.5462948083877563,0.5404618466277423
3386,0.578804348,0.6365107893943787,0.5083876252174377,0.5314487469432968
3387,0.066576087,0.35361045598983765,0.15718725323677063,0.16079070006474416
3388,0.241341991,0.3070537745952606,0.3906600773334503,0.3870047812837193
3389,0.211038961,0.3070537745952606,0.3906600773334503,0.3830669380534763
3390,0.967391304,0.6307053565979004,0.5317394733428955,0.5590110943506816
3391,0.891304348,0.6268393397331238,0.5288664102554321,0.5276740311179859
3392,0.659192825,0.6643487215042114,0.692158579826355,0.6655483465197474
3393,0.016233766,0.4178924560546875,0.3946138024330139,0.4109752243591112
3394,0.006493506,0.4178924560546875,0.3946138024330139,0.41097522435911127
3395,0.124175824,0.4726355969905853,0.4534148573875427,0.46319650529916834
3396,0.401515152,0.5282118916511536,0.7763184309005737,0.7490562721437305
3397,0.372294372,0.5282118916511536,0.7763184309005737,0.7490562721437305
3398,0.510989011,0.4903864860534668,0.2459878921508789,0.2767616949805753
3399,0.472527473,0.7749324440956116,0.5161145329475403,0.5179887678690487
3400,0.606694561,0.4597311019897461,0.3849010169506073,0.37808037929273375
3401,0.4935064939999999,0.4915897846221924,0.5996612310409546,0.6198029508468789
3402,0.441558442,0.4915897846221924,0.5996612310409546,0.6198029508468789
3403,0.210597826,0.5514663457870483,0.7144343852996826,0.7108616179653842
3404,0.697986577,0.3141726553440094,0.5432060956954956,0.5251728845245838
3405,0.763586957,0.557701587677002,0.5076414346694946,0.49609676785825296
3406,0.108791209,0.5807327628135681,0.7764131426811218,0.7715349439640822
3407,0.532258065,0.5395607948303223,0.3375438153743744,0.3508814762438619
3408,0.153679654,0.2932082712650299,0.19748806953430176,0.2154992272526473
3409,0.1785714289999999,0.2932082712650299,0.19748806953430176,0.2040422276305891
3410,0.1736263739999999,0.6214092969894409,0.6461883187294006,0.6683646174302382
3411,0.371212121,0.514292299747467,0.7092615365982056,0.70918237392319
3412,0.4080086579999999,0.514292299747467,0.7092615365982056,0.7292241833656388
3413,0.946188341,0.7988499402999878,0.9961022734642029,0.9324314471799714
3414,0.984615385,0.7489135265350342,0.6898226141929626,0.669330878593525
3415,0.3625541129999999,0.4588238596916199,0.416790634393692,0.4247497474504605
3416,0.312770563,0.4588238596916199,0.416790634393692,0.4238913507640753
3417,0.220183486,0.46371960639953613,0.44368571043014526,0.42343534423234597
3418,0.42967033,0.36773598194122314,0.26966962218284607,0.2827115871143953
3419,0.4663677129999999,0.587224006652832,0.5701300501823425,0.5491914834617135
3420,0.3632287,0.5465455651283264,0.5258720517158508,0.5265885037392698
3421,0.959641256,0.7375789880752563,0.7965705394744873,0.795001946931459
3422,0.454945055,0.43307527899742126,0.4493507742881775,0.46309035109804764
3423,0.901515152,0.391937255859375,0.08674564957618713,0.11085397875109915
3424,0.864718615,0.391937255859375,0.08674564957618713,0.11085397875109915
3425,0.260089686,0.16153773665428162,0.11253911256790161,0.12828836615677275
3426,0.4004329,0.43869876861572266,0.27768850326538086,0.302944329274597
3427,0.344155844,0.43869876861572266,0.27768850326538086,0.3007492550008448
3428,0.465934066,0.29525724053382874,0.3243443965911865,0.3481198687053305
3429,0.8495671,0.43127256631851196,0.42987489700317383,0.41061932596279
3430,0.7705627709999999,0.43127256631851196,0.42987489700317383,0.41909090216626355
3431,0.711409396,0.3985134959220886,0.0638895034790039,0.11103710748850205
3432,0.390692641,0.5081663727760315,0.46565479040145874,0.48926131294727426
3433,0.406926407,0.5081663727760315,0.46565479040145874,0.48926131294727426
3434,0.100649351,0.583868145942688,0.407471626996994,0.4356111536724999
3435,0.08982684,0.583868145942688,0.407471626996994,0.4329260674298826
3436,0.322344322,0.4025232791900635,0.45311668515205383,0.46837914136414616
3437,0.137445887,0.5882284045219421,0.5121533274650574,0.5189336029434608
3438,0.148268398,0.5882284045219421,0.5121533274650574,0.5126187689027476
3439,0.139945652,0.7468740344047546,0.4798627197742462,0.4934445647731761
3440,0.904761905,0.5723230838775635,0.49228808283805847,0.5205261854012032
3441,0.182900433,0.6349189877510071,0.6238682866096497,0.6109202747857558
3442,0.128787879,0.6349189877510071,0.6238682866096497,0.6109202747857558
3443,0.270380435,0.6214005947113037,0.34249764680862427,0.36465289788095673
3444,0.553030303,0.4326167106628418,0.33352717757225037,0.33260830039512024
3445,0.588744589,0.4326167106628418,0.33352717757225037,0.337768694217946
3446,0.5995670999999999,0.39818376302719116,0.182519793510437,0.20946736752290374
3447,0.917748918,0.5788545608520508,0.5457838177680969,0.5411763139277533
3448,0.884199134,0.5788545608520508,0.5457838177680969,0.5411763139277533
3449,0.5043956039999999,0.6928200125694275,0.829944372177124,0.8092989325844863
3450,0.449728261,0.7084650993347168,0.857031524181366,0.8357655516599826
3451,0.707792208,0.7254648208618164,0.5771834254264832,0.5932268016390427
3452,0.8160173159999999,0.7254648208618164,0.5771834254264832,0.5954274077847271
3453,0.916967509,0.5385270118713379,0.25660979747772217,0.2575149020778188
3454,0.373641304,0.6131433844566345,0.5615832805633545,0.5831714324550092
3455,0.288043478,0.43120473623275757,0.09560686349868774,0.12914628666661643
3456,0.480519481,0.4884156286716461,0.42914801836013794,0.4407506372455553
3457,0.741341991,0.599192202091217,0.7194788455963135,0.7212815642343982
3458,0.773809524,0.599192202091217,0.7194788455963135,0.7212815642343982
3459,0.633027523,0.6880193948745728,0.5276346206665039,0.5380032201746445
3460,0.705163043,0.3031224310398102,0.2701475918292999,0.25422614776527563
3461,0.812080537,0.18894600868225098,0.17204919457435608,0.1641911648933806
3462,0.275229358,0.1982707977294922,0.26796042919158936,0.28105006130481
3463,0.216606498,0.5133880376815796,0.35883083939552307,0.360742928227938
3464,0.187912088,0.3174697756767273,0.2564113438129425,0.2724637657705744
3465,0.018398268,0.18790513277053833,0.05797359347343445,0.09179308023138046
3466,0.036796537,0.18790513277053833,0.05797359347343445,0.09912470133622683
3467,0.213315217,0.5476717352867126,0.7122902870178223,0.6992514405128516
3468,0.7894736840000001,0.5944042205810547,0.4944162666797638,0.4883088059885921
3469,0.427489177,0.5744185447692871,0.7064446210861206,0.6941053920951838
3470,0.45021645,0.5744185447692871,0.7064446210861206,0.6879070579996762
3471,0.572463768,0.6374866962432861,0.5032669305801392,0.48250439470937656
3472,0.693722944,0.5312502384185791,0.6656154990196228,0.6562441727009622
3473,0.74025974,0.5312502384185791,0.6656154990196228,0.6492749651400389
3474,0.3768115939999999,0.7227210998535156,0.5933739542961121,0.6241128174259662
3475,0.198369565,0.29607051610946655,0.1440000832080841,0.12894696928303012
3476,0.192825112,0.5193867087364197,0.3607408404350281,0.3332090350258896
3477,0.131793478,0.21211674809455872,0.18140828609466553,0.18927500464018665
3478,0.205163043,0.5451954007148743,0.483453631401062,0.4634723262214736
3479,0.7459239129999999,0.40939754247665405,0.4107319414615631,0.4207602766488501
3480,0.309623431,0.6210775375366211,0.6703973412513733,0.6554296827160857
3481,0.89539749,0.6948972940444946,0.6285260915756226,0.6057388332842804
3482,0.3479853479999999,0.6318942308425903,0.6215575933456421,0.5946826860825372
3483,0.787878788,0.5576640367507935,0.4248991012573242,0.4156386062137345
3484,0.861471861,0.5576640367507935,0.4248991012573242,0.41387937605648606
3485,0.727272727,0.4038609266281128,0.34238988161087036,0.3646837147436134
3486,0.597402597,0.4038609266281128,0.34238988161087036,0.3640503133307459
3487,0.310606061,0.29317623376846313,0.03047555685043335,0.07928146441421122
3488,0.30952381,0.29317623376846313,0.03047555685043335,0.07928146441421122
3489,0.519480519,0.5221914052963257,0.5880365967750549,0.5758598222674479
3490,0.289402174,0.259660542011261,0.31040245294570923,0.32734867297285186
3491,0.987447699,0.5061728954315186,0.6657453775405884,0.6553436682996645
3492,0.569264069,0.44688093662261963,0.3683984577655792,0.36265954984488136
3493,0.7359307359999999,0.44688093662261963,0.3683984577655792,0.36265954984488147
3494,0.7071129709999999,0.5206398963928223,0.563247799873352,0.5422925089676365
3495,0.1208791209999999,0.36715438961982727,0.31802651286125183,0.33057506875130416
3496,0.978947368,0.45031121373176575,0.415129154920578,0.43489885720593163
3497,0.04029304,0.32554060220718384,0.32652002573013306,0.31987733357265624
3498,0.7132034629999999,0.4874693751335144,0.38446906208992004,0.39796848950109887
3499,0.7857142859999999,0.4874693751335144,0.38446906208992004,0.39880796551270814
3500,0.916666667,0.4798782467842102,0.5479967594146729,0.5326091680749996
3501,0.917748918,0.4798782467842102,0.5479967594146729,0.5306387510543742
3502,0.261744966,0.469966858625412,0.4795326292514801,0.4760201640582168
3503,0.22967033,0.3831818103790283,0.08010023832321167,0.12387861374192882
3504,0.835497835,0.21578827500343323,0.23444703221321106,0.21480541835175443
3505,0.8409090909999999,0.21578827500343323,0.23444703221321106,0.21480541835175443
3506,0.5507246379999999,0.559587299823761,0.7123880982398987,0.6886958357787196
3507,0.402173913,0.3780091106891632,0.3836345076560974,0.37201638425163247
3508,0.131868132,0.23067492246627808,0.23245924711227417,0.2506192982691194
3509,0.177419355,0.24745547771453857,0.36961817741394043,0.38103877800653957
3510,0.484848485,0.49317502975463867,0.3929228186607361,0.40718091831899744
3511,0.5281385279999999,0.49317502975463867,0.3929228186607361,0.3962349451757516
3512,0.7146739129999999,0.5440122485160828,0.8149805665016174,0.7953484650239496
3513,0.263736264,0.4638976454734802,0.5311715602874756,0.5240549326248988
3514,0.981684982,0.5481672883033752,0.6602405309677124,0.6696953857091987
3515,1.0,0.8239872455596924,0.7023086547851562,0.6843176815143168
3516,0.531380753,0.5490316152572632,0.4946029782295227,0.5247751616319186
3517,0.591928251,0.6789175271987915,0.8874599933624268,0.8433134381634114
3518,0.352631579,0.5416929125785828,0.6961559057235718,0.6935166532839248
3519,0.67798913,0.3768382668495178,0.49426043033599854,0.46622207844756025
3520,0.6290760870000001,0.3633423447608948,0.22237473726272583,0.25053390716102136
3521,0.691275168,0.6091764569282532,0.6995729804039001,0.6910441987123147
3522,0.695887446,0.40531009435653687,0.3791901171207428,0.3745817587171627
3523,0.680735931,0.40531009435653687,0.3791901171207428,0.3745817587171627
3524,0.539402174,0.4228367209434509,0.5773780345916748,0.5654279829876058
3525,0.110989011,0.450624018907547,0.4769730865955353,0.4918039520894246
3526,0.4134199129999999,0.40615373849868774,0.38485902547836304,0.3636381466609896
3527,0.566017316,0.40615373849868774,0.38485902547836304,0.3636381466609896
3528,0.313901345,0.5718122720718384,0.5382818579673767,0.5336382774809351
3529,0.065934066,0.4597523808479309,0.28559696674346924,0.3033106956988929
3530,0.589473684,0.38396066427230835,0.12345191836357117,0.13450601942563367
3531,0.465201465,0.52504563331604,0.6886932849884033,0.6703961324196097
3532,0.037656904,0.21563482284545898,0.011578768491744995,0.05483053884529953
3533,0.523076923,0.5304995179176331,0.32039886713027954,0.30490300601942255
3534,0.727810651,0.6066128611564636,0.5741506218910217,0.585578713086387
3535,0.7228260870000001,0.29634010791778564,0.41154953837394714,0.39212970001198366
3536,0.307692308,0.4684746563434601,0.4812537431716919,0.47364125443889404
3537,0.289377289,0.3567519783973694,0.533954381942749,0.515816587491926
3538,0.8120879120000001,0.612518846988678,0.6097602248191833,0.5826394524772773
3539,0.896103896,0.6073611974716187,0.693023681640625,0.6960472737926807
3540,0.049327354,0.4660935699939728,0.5432478785514832,0.5332279765779568
3541,0.112970711,0.5094174742698669,0.5150741934776306,0.5290654611196334
3542,0.6947368420000001,0.5052626729011536,0.6300283670425415,0.6185359360865255
3543,0.311926606,0.4942682981491089,0.3450152575969696,0.36313111926683733
3544,0.15018315,0.6272478699684143,0.4906865954399109,0.47388913249795334
3545,0.808791209,0.6007379293441772,0.6368207931518555,0.630872051929132
3546,0.130044843,0.6708438396453857,0.8068515658378601,0.7815050320929187
3547,0.14801444,0.2410522997379303,-0.0616985559463501,0.0692902891099101
3548,0.6678700360000001,0.49392640590667725,0.516963005065918,0.5337390413305754
3549,0.899082569,0.4044483006000519,0.4059802293777466,0.4303621904008281
3550,0.307692308,0.7028632760047913,0.4885338544845581,0.4851899698931567
3551,0.608058608,0.45281291007995605,0.5562876462936401,0.5628587668158598
3552,0.026373626,0.45815739035606384,0.46874627470970154,0.4606293840019047
3553,0.091575092,0.3719942569732666,0.2866837978363037,0.27652863287818447
3554,0.238095238,0.46645522117614746,0.5017425417900085,0.5082439333495998
3555,0.362318841,0.7714736461639404,0.49179548025131226,0.48610348700282024
3556,0.447368421,0.4682238698005676,0.3958343267440796,0.39594550017831326
3557,0.135531136,0.42249035835266113,0.13749206066131592,0.14223218750859176
3558,0.036630037,0.4861111640930176,0.4150044322013855,0.44412575248541863
3559,0.571428571,0.6143198609352112,0.5707285404205322,0.590022155813983
3560,0.38961039,0.666776180267334,0.4714219570159912,0.45425781268719373
3561,0.481601732,0.666776180267334,0.4714219570159912,0.4581222063496925
3562,0.288702929,0.4836947023868561,0.3067525625228882,0.324426967876989
3563,0.8,0.40879759192466736,0.39045506715774536,0.35928874596086197
3564,0.413919414,0.6435190439224243,0.4333330988883972,0.42309665044083433
3565,0.158241758,0.4222927689552307,0.16553235054016113,0.19659812153730621
3566,0.503296703,0.6508285999298096,0.6259794235229492,0.6290627291956981
3567,0.8890109890000001,0.5881321430206299,0.4395798444747925,0.4466547107035071
3568,0.768131868,0.4417903423309326,0.6071953773498535,0.6038259356958592
3569,0.301098901,0.45688802003860474,0.199468195438385,0.19753642063325502
3570,0.1227436819999999,0.26843908429145813,0.15220260620117188,0.18889436019594033
3571,0.6421052629999999,0.6378945112228394,0.6999533176422119,0.6967238562703271
3572,0.213017751,0.6755532026290894,0.7797411680221558,0.7484233587070706
3573,0.7207792209999999,0.3880994915962219,0.6354336738586426,0.6279095688078796
3574,0.7521645020000001,0.3880994915962219,0.6354336738586426,0.627909567390172
3575,0.432234432,0.4883820116519928,0.42074862122535706,0.42202378411190133
3576,0.375,0.34250304102897644,0.31258195638656616,0.301859886483525
3577,0.953974895,0.5692746639251709,0.48558807373046875,0.49237581948222425
3578,0.510822511,0.7347023487091064,0.6430002450942993,0.6533628215293337
3579,0.443722944,0.7347023487091064,0.6430002450942993,0.6533628215293337
3580,0.6461038960000001,0.6537125706672668,0.5847398042678833,0.6036146835385334
3581,0.58982684,0.6537125706672668,0.5847398042678833,0.6036146835385334
3582,0.982248521,0.7081536650657654,0.9104107618331909,0.8738053163089425
3583,0.527196653,0.4433358907699585,0.572178065776825,0.5416499563757806
3584,0.042119565,0.522658109664917,0.3023250699043274,0.3148104325764004
3585,0.183150183,0.5165624022483826,0.5080164670944214,0.5137903754458061
3586,0.425324675,0.48519861698150635,0.5109780430793762,0.5259131848534471
3587,0.354978355,0.48519861698150635,0.5109780430793762,0.5230395525873579
3588,0.170995671,0.39912739396095276,0.34479573369026184,0.3617180156531252
3589,0.440217391,0.4395408034324646,0.4193328022956848,0.4011510068951594
3590,0.20989011,0.4161752760410309,0.3582002520561218,0.3737416303003467
3591,0.012228261,0.27727341651916504,0.36599403619766235,0.3907101180656552
3592,0.7196652720000001,0.5968636870384216,0.5238288640975952,0.5340540353733944
3593,0.4630872479999999,0.5538665056228638,0.39147627353668213,0.3794129138772791
3594,0.440659341,0.483443021774292,0.5338184237480164,0.5143271258764905
3595,0.564935065,0.5557804703712463,0.4750917851924896,0.49455579116579185
3596,0.462121212,0.5557804703712463,0.4750917851924896,0.49455579116579185
3597,1.0,0.517257034778595,0.39947760105133057,0.4047091345299216
3598,0.1785714289999999,0.6615991592407227,0.6734790205955505,0.6746798463967181
3599,0.161255411,0.6615991592407227,0.6734790205955505,0.6852726647575734
3600,0.064516129,0.4127523899078369,0.3640785813331604,0.36171207624156043
3601,0.343195266,0.49850618839263916,0.4137023389339447,0.42468665513043147
3602,0.418478261,0.489128440618515,0.5990815758705139,0.5889753134513429
3603,0.15625,0.45860493183135986,0.17676204442977905,0.21220101513747508
3604,0.403679654,0.3328356146812439,0.42505791783332825,0.42848251009751687
3605,0.38961039,0.3328356146812439,0.42505791783332825,0.42732529688063914
3606,0.451086957,0.49849754571914673,0.401223361492157,0.3932779996428706
3607,0.123641304,0.4623000919818878,0.4196338355541229,0.42154931046641114
3608,0.911255411,0.46971505880355835,0.5419507622718811,0.54409464284381
3609,0.933982684,0.46971505880355835,0.5419507622718811,0.54409464284381
3610,0.269480519,0.5026044845581055,0.44492849707603455,0.44584350600401995
3611,0.2922077919999999,0.5026044845581055,0.44492849707603455,0.44584350600401995
3612,0.703804348,0.7938543558120728,0.5141356587409973,0.5022185391556745
3613,0.77173913,0.6509268283843994,0.7441121339797974,0.7487621202688751
3614,0.068592058,0.39925846457481384,0.41512081027030945,0.4279850373240578
3615,0.222826087,0.5184963345527649,0.49583154916763306,0.5238385685290792
3616,0.5844155839999999,0.42248451709747314,0.6124979257583618,0.6412075815899504
3617,0.983263598,0.47870776057243347,0.505305826663971,0.49450506901631797
3618,0.1385869569999999,0.6047689914703369,0.48846811056137085,0.45937046193167463
3619,0.229437229,0.47437360882759094,0.48041555285453796,0.47060493417891625
3620,0.645021645,0.2911588251590729,0.24788585305213928,0.22548275890137293
3621,0.602813853,0.2911588251590729,0.24788585305213928,0.22548275890137295
3622,0.439330544,0.5880858898162842,0.7632968425750732,0.7877095566806579
3623,0.036796537,0.22831273078918457,0.24059134721755981,0.21815966004006243
3624,0.598484848,0.4818022549152374,0.21569865942001343,0.24288160582049106
3625,0.563852814,0.4818022549152374,0.21569865942001343,0.22964890956564485
3626,0.395021645,0.6686196327209473,0.6053740382194519,0.6185804025135078
3627,0.386363636,0.6686196327209473,0.6053740382194519,0.6269500689229555
3628,0.674725275,0.5992016792297363,0.44619104266166687,0.4419483135405029
3629,0.548913043,0.5149677991867065,0.4733426868915558,0.49218009931964946
3630,0.547085202,0.6311579346656799,0.5557010769844055,0.5763725200814345
3631,0.493273543,0.49023663997650146,0.4887651801109314,0.4577964992034951
3632,0.529220779,0.6764711737632751,0.7058225870132446,0.7194801960511952
3633,0.826839827,0.6764711737632751,0.7058225870132446,0.7194801960511952
3634,0.103896104,0.508344829082489,0.5679759979248047,0.5548118235343213
3635,0.485507246,0.5248697996139526,0.20225828886032104,0.2168440938190382
3636,0.0469798659999999,0.6222971677780151,0.351316899061203,0.36161413582855245
3637,0.130434783,0.46188580989837646,0.35745739936828613,0.34580993909762225
3638,0.710622711,0.3598853349685669,0.702768087387085,0.6860396461214102
3639,0.472527473,0.5249844193458557,0.6111677289009094,0.5831626689706846
3640,0.6861471859999999,0.5369505882263184,0.5744791030883789,0.5693494614505772
3641,0.0512820509999999,0.1594642698764801,0.2573474943637848,0.24660824221934177
3642,0.031578947,0.3088151514530182,0.2320312261581421,0.23506601622881002
3643,0.7489177490000001,0.7852121591567993,0.6827656030654907,0.685476064890702
3644,0.694805195,0.7852121591567993,0.6827656030654907,0.685476064890702
3645,0.775974026,0.7468894124031067,0.6072906851768494,0.6173471776366593
3646,0.695887446,0.7468894124031067,0.6072906851768494,0.6173471776366594
3647,0.02967033,0.3527650237083435,0.5075117349624634,0.486981737282163
3648,0.967509025,0.7014670968055725,0.5188894271850586,0.5418409133935534
3649,0.96875,0.24583101272583008,0.26728129386901855,0.27629031615023136
3650,0.163179916,0.280556321144104,0.0623663067817688,0.07637988377941984
3651,0.953068592,0.6048182249069214,0.6353163719177246,0.6260618682316965
3652,0.956521739,0.5269396901130676,0.7156108617782593,0.7332680198705303
3653,0.244588745,0.5379036664962769,0.398288369178772,0.41510652104322804
3654,0.3495670999999999,0.5379036664962769,0.398288369178772,0.4169346845649322
3655,0.271966527,0.31421342492103577,0.275333434343338,0.29997944420901695
3656,0.8577405859999999,0.4867058992385864,0.6242588758468628,0.6266424441585415
3657,0.857142857,0.5138556957244873,0.491855651140213,0.5103864699744618
3658,0.33982684,0.4987611472606659,0.3807314336299896,0.37669568814785787
3659,0.3116883119999999,0.4987611472606659,0.3807314336299896,0.37669568814785787
3660,0.073260073,0.581718385219574,0.37462806701660156,0.37574007036346274
3661,0.794736842,0.6035656332969666,0.6561652421951294,0.6262849585792041
3662,0.254945055,0.3896191120147705,0.516718864440918,0.5260347759015205
3663,0.797833935,0.35800597071647644,0.4276866316795349,0.4207605929828726
3664,0.053254438,0.40907102823257446,0.3060706853866577,0.3075082396940758
3665,0.491341991,0.5495834946632385,0.4798656702041626,0.4986914972590297
3666,0.444805195,0.5495834946632385,0.4798656702041626,0.49996288296637015
3667,0.146520147,0.5684671401977539,0.46148988604545593,0.47367375354707075
3668,0.795604396,0.5827765464782715,0.6308103203773499,0.6287697252709356
3669,0.945652174,0.656035304069519,0.6297543048858643,0.6223326091106364
3670,0.8472527470000001,0.6706184148788452,0.801393985748291,0.812278401955462
3671,0.922554348,0.48593586683273315,0.5749208927154541,0.5900248726115354
3672,0.1589673909999999,0.6196739673614502,0.40161168575286865,0.406868111593754
3673,0.0577617329999999,0.2960678040981293,0.21009406447410583,0.2398901881322208
3674,0.143939394,0.4234982132911682,0.5114752054214478,0.5048109946488025
3675,0.12012987,0.4234982132911682,0.5114752054214478,0.5048109946488025
3676,0.625,0.7129368782043457,0.6815927624702454,0.6546273408128338
3677,0.1212121209999999,0.3670104742050171,0.6898003816604614,0.6937055750465038
3678,0.67965368,0.4749934673309326,0.422925740480423,0.40548124500682
3679,0.042105263,0.2848520576953888,0.39501652121543884,0.36812309405595656
3680,0.293290043,0.6515225768089294,0.6436567306518555,0.6269836317164088
3681,0.538961039,0.6515225768089294,0.6436567306518555,0.6269836317164088
3682,0.202380952,0.4180011451244354,0.19267010688781738,0.20181291858846118
3683,0.2835497839999999,0.4180011451244354,0.19267010688781738,0.2056578256592754
3684,0.10460251,0.1798384189605713,-0.06182163953781128,0.07537535289913518
3685,0.904761905,0.619117021560669,0.5388928651809692,0.5096259982913576
3686,0.818181818,0.4801959991455078,0.5442310571670532,0.5315536249656154
3687,0.7510822509999999,0.4801959991455078,0.5442310571670532,0.5208590205154564
3688,0.4093959729999999,0.6643608212471008,0.5534306764602661,0.56671258585525
3689,0.310989011,0.4651041626930237,0.5588608980178833,0.544521701942938
3690,0.282051282,0.4621407389640808,0.5098254084587097,0.5087247132615031
3691,0.01183432,0.5115059018135071,0.6551237106323242,0.6671625332283055
3692,0.412337662,0.5154624581336975,0.4517459273338318,0.4650775854512048
3693,0.432900433,0.5154624581336975,0.4517459273338318,0.4650775854512048
3694,0.5210526320000001,0.5438672304153442,0.5709185004234314,0.5648309871009616
3695,0.416483516,0.35172176361083984,0.4632725119590759,0.44370175500134357
3696,0.3430735929999999,0.4918120503425598,0.3836711645126343,0.399162114948744
3697,0.33008658,0.4918120503425598,0.3836711645126343,0.3894567490137105
3698,0.548117155,0.49960702657699585,0.7276272773742676,0.7338904929992229
3699,0.003663004,0.7909421920776367,0.7255172729492188,0.7426539403778596
3700,0.319264069,0.3430928885936737,0.4910367727279663,0.5126451503337366
3701,0.277056277,0.3430928885936737,0.4910367727279663,0.5126451503337366
3702,0.449541284,0.4045925438404083,0.31861233711242676,0.3264124031049207
3703,0.722943723,0.61128830909729,0.5203298330307007,0.5125346107049658
3704,0.66991342,0.61128830909729,0.5203298330307007,0.5125346107049658
3705,0.0505494509999999,0.43148747086524963,0.34949880838394165,0.3383852417195392
3706,0.362637363,0.5882141590118408,0.7394096851348877,0.7295985456313494
3707,0.979079498,0.6076080799102783,0.5031526684761047,0.52626408337065
3708,0.7246376809999999,0.3982946574687958,0.3297191262245178,0.34866294786773844
3709,0.822580645,0.5104407668113708,0.6278993487358093,0.6338039441084131
3710,0.5271739129999999,0.4428800940513611,0.4291428327560425,0.4375634454158073
3711,0.8138528140000001,0.5556711554527283,0.3969345986843109,0.3998591849811414
3712,0.6839826840000001,0.5556711554527283,0.3969345986843109,0.399714213647122
3713,0.373626374,0.2518689036369324,0.04895731806755066,0.09608873873607211
3714,0.178947368,0.2967882752418518,0.1096569299697876,0.1269762144441906
3715,0.954545455,0.41723203659057617,0.4212617874145508,0.4523013093731796
3716,0.138075314,0.34630706906318665,0.2367417812347412,0.24142757575196455
3717,0.652719665,0.5074417591094971,0.7174058556556702,0.70410058187234
3718,0.772727273,0.6014150381088257,0.5012497901916504,0.4830438865511052
3719,0.769480519,0.6014150381088257,0.5012497901916504,0.47557137375484126
3720,0.342105263,0.38708022236824036,0.4995388984680176,0.508942827202173
3721,0.6655844160000001,0.6634016633033752,0.6293870210647583,0.6542575283827261
3722,0.422077922,0.6634016633033752,0.6293870210647583,0.6424312061611634
3723,0.51978022,0.5687962770462036,0.5202856063842773,0.521973225324252
3724,0.187725632,0.33294570446014404,0.20512831211090088,0.22408707024864313
3725,0.234899329,0.4975338578224182,0.7281762957572937,0.7332518767500809
3726,0.482683983,0.41788238286972046,0.4375130832195282,0.4460811863424033
3727,0.541125541,0.41788238286972046,0.4375130832195282,0.43523697698958597
3728,0.160326087,0.33669349551200867,0.3471849262714386,0.34255515217932
3729,0.8505494509999999,0.5554444193840027,0.6986973285675049,0.6741469763053233
3730,0.236842105,0.23303329944610596,0.1420590877532959,0.12048927039608748
3731,0.823076923,0.582317590713501,0.9182111620903015,0.8703299025277993
3732,0.807065217,0.527035117149353,0.6857575178146362,0.6936640887563962
3733,0.647368421,0.502744197845459,0.26730507612228394,0.29263156580682387
3734,0.106227106,0.4193555414676666,0.22814390063285828,0.24393677737366065
3735,0.731884058,0.4947652220726013,0.4466254711151123,0.4174408444357738
3736,0.274725275,0.33431655168533325,0.317438542842865,0.3107718639279096
3737,0.0271739129999999,0.5562496781349182,0.5411044955253601,0.5532950072555662
3738,0.353896104,0.5156289935112,0.6089946627616882,0.5898338485032395
3739,0.281385281,0.5156289935112,0.6089946627616882,0.5898338485032395
3740,0.8789237670000001,0.4969801902770996,0.6077958345413208,0.6057710687393308
3741,0.692640693,0.4086509346961975,0.48196786642074585,0.47375962515514863
3742,0.746753247,0.4086509346961975,0.48196786642074585,0.47375962515514863
3743,0.519480519,0.44306135177612305,0.5799781084060669,0.5994555687566686
3744,0.1578947369999999,0.374666690826416,0.43376365303993225,0.4539553370178453
3745,0.701086957,0.6159549951553345,0.6683403253555298,0.65056912043774
3746,0.385281385,0.5384660959243774,0.5668887495994568,0.5620829762336711
3747,0.365800866,0.5384660959243774,0.5668887495994568,0.5514859147400473
3748,0.162454874,0.5575842261314392,0.33928167819976807,0.36082255363814136
3749,0.685920578,0.5942445993423462,0.6664304733276367,0.6740023516122494
3750,0.295857988,0.47988826036453247,0.47950834035873413,0.4654698164257636
3751,0.6190476189999999,0.43658098578453064,0.15698131918907166,0.16187830981364593
3752,0.917159763,0.7797462344169617,0.6188149452209473,0.6428909597682941
3753,0.985507246,0.4664444327354431,0.3356969654560089,0.35326387629496075
3754,0.397111913,0.36979246139526367,0.37679746747016907,0.36359747080157484
3755,0.30298913,0.45369553565979004,0.5272477269172668,0.4988457933457685
3756,0.974895397,0.6551674008369446,0.6217234134674072,0.640888232660747
3757,0.161290323,0.6012678146362305,0.6300061941146851,0.6531363686182994
3758,0.5,0.5408157110214233,0.4540539085865021,0.4650349315100107
3759,0.6982248520000001,0.40581342577934265,0.4822945296764374,0.49577163323297546
3760,0.214285714,0.5414085388183594,0.5959898233413696,0.6053338917696153
3761,0.7105263159999999,0.5522862076759338,0.4805477261543274,0.48918181459892274
3762,0.304347826,0.4968005418777466,0.34177181124687195,0.34480830305660226
3763,0.012987013,0.4229925870895386,0.44936126470565796,0.44490868560209995
3764,0.0779220779999999,0.4229925870895386,0.44936126470565796,0.4397832840381739
3765,0.138528139,0.5410614609718323,0.3671618402004242,0.39137660437738575
3766,0.085497835,0.5410614609718323,0.3671618402004242,0.38670496571487656
3767,0.224215247,0.43623989820480347,0.6443552374839783,0.6176198653677227
3768,0.30941704,0.4671090245246887,0.4784647822380066,0.4752627609508392
3769,0.970108696,0.4510927200317383,0.676023542881012,0.6678315615329181
3770,0.54076087,0.5183386206626892,0.6475775837898254,0.6425352250016929
3771,0.479120879,0.3536794185638428,0.36667174100875854,0.3783755606466226
3772,0.422594142,0.5656178593635559,0.6510426998138428,0.6735672543017508
3773,0.954945055,0.7032419443130493,0.6618836522102356,0.6480224015747514
3774,0.47032967,0.46079978346824646,0.43060266971588135,0.42950588266756873
3775,0.142857143,0.4513014256954193,0.3811146318912506,0.38299994101887047
3776,0.715367965,0.6113652586936951,0.5990785360336304,0.5891334079215662
3777,0.755411255,0.6113652586936951,0.5990785360336304,0.5984861346382726
3778,0.3384615379999999,0.676704466342926,0.47910404205322266,0.472697134085003
3779,0.914502165,0.5066178441047668,0.3905930519104004,0.3818740770542126
3780,0.79978355,0.5066178441047668,0.3905930519104004,0.3730588813218518
3781,0.84981685,0.3463113307952881,0.4983987808227539,0.4785356219221488
3782,0.382034632,0.48776358366012573,0.20313188433647156,0.2224960909351159
3783,0.399350649,0.48776358366012573,0.20313188433647156,0.2224960909351159
3784,0.696969697,0.5027913451194763,0.51109379529953,0.5247125513938624
3785,0.45995671,0.6198890209197998,0.5692862272262573,0.5846838650649799
3786,0.637445887,0.6198890209197998,0.5692862272262573,0.5860481931443626
3787,0.266233766,0.4591047763824463,0.3455997407436371,0.3611050125932024
3788,0.2186147189999999,0.4591047763824463,0.3455997407436371,0.35386139767926333
3789,0.221052632,0.3445994257926941,0.5223509669303894,0.5116649187250818
3790,0.256043956,0.38062676787376404,0.20765328407287598,0.21339264971473532
3791,0.313186813,0.5172653794288635,0.4531690180301666,0.4393817372983003
3792,0.050209205,0.19890451431274414,0.07551214098930359,0.12609043204326725
3793,0.941558442,0.5364450812339783,0.6497223973274231,0.6214934298257366
3794,0.70021645,0.5113013386726379,0.5817938446998596,0.5756835019761407
3795,0.654761905,0.5113013386726379,0.5817938446998596,0.5680433522960251
3796,0.757894737,0.3445902168750763,0.7350500822067261,0.718052917613761
3797,0.928870293,0.6277452111244202,0.8399245738983154,0.8560292642292924
3798,0.758152174,0.5549567341804504,0.7618544101715088,0.739864744597643
3799,0.370923913,0.5027094483375549,0.465349018573761,0.4513458537661885
3800,0.988095238,0.501700222492218,0.560782253742218,0.5683533188520549
3801,0.984848485,0.501700222492218,0.560782253742218,0.5683533188520551
3802,0.096774194,0.40401989221572876,0.6185879111289978,0.6098479849840668
3803,0.485355649,0.49894195795059204,0.5992732048034668,0.5772289225765943
3804,0.363636364,0.32131171226501465,0.40715861320495605,0.4007660762741141
3805,0.3019480519999999,0.32131171226501465,0.40715861320495605,0.4007660762741141
3806,0.282417582,0.34691768884658813,0.5883168578147888,0.593612158056019
3807,0.944293478,0.42127907276153564,0.5322157144546509,0.5014868608286365
3808,0.041420118,0.398977130651474,0.26784640550613403,0.2762140512455958
3809,0.884199134,0.6348056793212891,0.523898184299469,0.5284076588261548
3810,0.866883117,0.6348056793212891,0.523898184299469,0.5294155079827043
3811,0.8205128209999999,0.5682998895645142,0.6249362230300903,0.6159634554154692
3812,0.635869565,0.5205820798873901,0.5480107069015503,0.5380997248179964
3813,0.375838926,0.46110111474990845,0.5484269857406616,0.5237707617362739
3814,0.60326087,0.4915531873703003,0.7718502283096313,0.7493948625706435
3815,0.949728261,0.5302018523216248,0.7083667516708374,0.6767976922612093
3816,0.123188406,0.39361292123794556,0.2982903718948364,0.326421903252084
3817,0.7478354979999999,0.37493059039115906,0.49688050150871277,0.499728655772679
3818,0.843073593,0.37493059039115906,0.49688050150871277,0.49357370540104084
3819,0.5324675320000001,0.4864121973514557,0.6246740221977234,0.6476972927745601
3820,0.506493506,0.4864121973514557,0.6246740221977234,0.6476972927745601
3821,0.027056277,0.24942153692245483,0.28037145733833313,0.2794977685211521
3822,0.024891775,0.24942153692245483,0.28037145733833313,0.2793418103121821
3823,0.068421053,0.48094961047172546,0.3955498933792114,0.40511535210874566
3824,0.235054348,0.6932159662246704,0.6288658976554871,0.627471073317287
3825,0.977578475,0.7507811784744263,0.8713997006416321,0.8452735430823684
3826,0.449134199,0.6165301203727722,0.7424911260604858,0.7686787868660577
3827,0.366883117,0.6165301203727722,0.7424911260604858,0.7652921168923328
3828,0.980978261,0.661506175994873,0.5998141765594482,0.5886847514000513
3829,0.759340659,0.6266106367111206,0.7433387041091919,0.7267919847962306
3830,0.14673913,0.46653011441230774,0.47249171137809753,0.470865568475666
3831,0.934911243,0.5884895920753479,0.7291332483291626,0.7050679430481982
3832,0.390532544,0.5017447471618652,0.3940393328666687,0.41542175298308903
3833,0.4043956039999999,0.5149590969085693,0.875275731086731,0.8576582344094559
3834,0.558241758,0.5434831976890564,0.46118682622909546,0.4715785790044565
3835,0.537362637,0.4797256886959076,0.5031645894050598,0.49288845443938945
3836,0.843956044,0.6075366139411926,0.5182692408561707,0.5414775504071592
3837,0.36548913,0.5062066316604614,0.6600578427314758,0.6310017004503659
3838,0.484304933,0.5589561462402344,0.6704618334770203,0.6634384330076326
3839,0.388528139,0.622272253036499,0.7177605032920837,0.6964661342563585
3840,0.364718615,0.622272253036499,0.7177605032920837,0.6964661342563585
3841,0.812274368,0.447590708732605,0.7755236625671387,0.7796108231737993
3842,0.97826087,0.3325240910053253,0.7257546186447144,0.696014271357028
3843,0.849372385,0.5416829586029053,0.8063543438911438,0.7825206540268084
3844,0.8736263740000001,0.47452986240386963,0.6773396134376526,0.6841692670413522
3845,0.44295302,0.6131664514541626,0.7200618982315063,0.7443053966636671
3846,0.49048913,0.726799488067627,0.7641947269439697,0.7688741026147776
3847,0.97833935,0.8072624206542969,0.5723435282707214,0.5756054841662293
3848,0.671875,0.5202358365058899,0.5387269854545593,0.5438648362681605
3849,0.8934911240000001,0.37775883078575134,0.5490785241127014,0.5812983202685562
3850,0.1894736839999999,0.27671459317207336,0.2730436623096466,0.2541575324972689
3851,0.931868132,0.7411458492279053,0.5759769678115845,0.5976199124051436
3852,0.7186147190000001,0.7162772417068481,0.649708092212677,0.6545999094102112
3853,0.75,0.7162772417068481,0.649708092212677,0.6545999094102112
3854,0.7184115520000001,0.6167197227478027,0.5470851063728333,0.5500401996162105
3855,0.612087912,0.5317996740341187,0.6042114496231079,0.61502941611172
3856,0.941558442,0.5451736450195312,0.7793624401092529,0.7901435198656759
3857,1.0,0.5451736450195312,0.7793624401092529,0.7871067926452147
3858,0.548387097,0.5842442512512207,0.6820739507675171,0.6670585914592624
3859,0.395973154,0.5636788010597229,0.8050178289413452,0.814004823733846
3860,0.627717391,0.45611369609832764,0.6547747850418091,0.6646626235098716
3861,0.9375,0.6448670625686646,0.5181974172592163,0.5478478259598487
3862,0.739177489,0.7469669580459595,0.8253584504127502,0.8226849021678577
3863,0.689393939,0.7469669580459595,0.8253584504127502,0.8226849021678577
3864,0.610738255,0.5369640588760376,0.7388710975646973,0.7513874976016863
3865,0.913357401,0.6408536434173584,0.7039721012115479,0.7056957939848243
3866,0.396103896,0.6830967664718628,0.6373299956321716,0.6293298146281082
3867,0.55234657,0.6409481763839722,0.6234695315361023,0.6531266836559931
3868,0.479120879,0.43134286999702454,0.4399181604385376,0.4463999180805743
3869,0.524175824,0.6056131720542908,0.4692959487438202,0.4902811392780193
3870,0.467391304,0.42806562781333923,0.6587451696395874,0.6605846194180509
3871,0.915584416,0.6495242118835449,0.7044060230255127,0.7240825807076305
3872,0.50295858,0.4991651773452759,0.4296923577785492,0.40396064286347505
3873,0.7510822509999999,0.4327278137207031,0.3756444454193115,0.37027442305481156
3874,0.6655844160000001,0.4327278137207031,0.3756444454193115,0.37027442305481156
3875,0.230125523,0.4655202627182007,0.4426683187484741,0.41043396240828245
3876,0.080163043,0.5066450834274292,0.4156169295310974,0.41368384641600053
3877,0.106508876,0.6433705687522888,0.4513438642024994,0.44939646409340805
3878,0.20083682,0.49635639786720276,0.5399338603019714,0.5434030325174299
3879,0.186147186,0.3810221552848816,0.07055723667144775,0.08183014783522877
3880,0.688405797,0.5920628905296326,0.45446452498435974,0.4863243279127913
3881,0.1937229439999999,0.5564773678779602,0.6503012180328369,0.6447721323185762
3882,0.198051948,0.5564773678779602,0.6503012180328369,0.6551596249723183
3883,0.323593074,0.4411732852458954,0.5288999676704407,0.511985541145472
3884,0.230519481,0.4411732852458954,0.5288999676704407,0.5078233740775095
3885,0.17965368,0.3310260772705078,0.21557796001434326,0.2325176639601238
3886,0.142857143,0.3310260772705078,0.21557796001434326,0.2325176639601238
3887,0.67264574,0.671279788017273,0.4484040439128876,0.4530409021612195
3888,0.660649819,0.4898100197315216,0.632186233997345,0.6514189380353922
3889,0.8593073590000001,0.623668909072876,1.001217007637024,0.953913356288673
3890,0.896103896,0.623668909072876,1.001217007637024,0.9567672274127446
3891,0.541125541,0.5153769850730896,0.5215618014335632,0.5093453028211977
3892,0.4989177489999999,0.5153769850730896,0.5215618014335632,0.5093453028211977
3893,0.331838565,0.35979706048965454,0.31436872482299805,0.32131348963835227
3894,0.826839827,0.4582565426826477,0.4095880687236786,0.417104015977111
3895,0.838744589,0.4582565426826477,0.4095880687236786,0.417104015977111
3896,0.304395604,0.4788510203361511,0.42582938075065613,0.4223293703889406
3897,0.678700361,0.6033573150634766,0.43455785512924194,0.4281825386299724
3898,0.1114718609999999,0.3403133451938629,0.5344398021697998,0.5285122210599562
3899,0.067099567,0.3403133451938629,0.5344398021697998,0.5285122210599562
3900,0.705263158,0.35292214155197144,0.43531495332717896,0.41109312509936163
3901,0.772893773,0.5694093108177185,0.482941210269928,0.5026752527623182
3902,0.09375,0.3577868938446045,0.20603567361831665,0.2006960013178984
3903,0.128787879,0.35988548398017883,0.43895214796066284,0.44014303093179885
3904,0.071428571,0.35988548398017883,0.43895214796066284,0.4346232029704896
3905,0.8071748879999999,0.6087883710861206,0.8664295673370361,0.8399078065161039
3906,0.0692934779999999,0.3633738160133362,0.14803063869476318,0.1613797706937034
3907,0.1752717389999999,0.3892545700073242,0.444223552942276,0.4683300406054208
3908,0.20989011,0.3245558440685272,0.3256304860115051,0.3153487162670163
3909,0.523465704,0.35995253920555115,0.31956973671913147,0.32636063200518295
3910,0.0779220779999999,0.4324302673339844,0.3686399459838867,0.39168817073595014
3911,0.076839827,0.4324302673339844,0.3686399459838867,0.39168817073595014
3912,0.618206522,0.6963920593261719,0.9505864977836609,0.9030105644082835
3913,0.159090909,0.5472383499145508,0.4557368755340576,0.4385187128157064
3914,0.175324675,0.5472383499145508,0.4557368755340576,0.4385187128157064
3915,0.18021978,0.534461498260498,0.4921969771385193,0.5171608648562174
3916,0.682310469,0.5971345901489258,0.6082539558410645,0.5987293013347997
3917,0.423076923,0.601554274559021,0.5137442350387573,0.5297406830856576
3918,0.642663043,0.7016196250915527,0.7048087120056152,0.6986277491234221
3919,0.677824268,0.4699634611606598,0.4078260064125061,0.421607391507996
3920,0.244588745,0.35956141352653503,0.2772566080093384,0.269225903784476
3921,0.845238095,0.44186776876449585,0.49946051836013794,0.5194623841915473
3922,0.7813852809999999,0.44186776876449585,0.49946051836013794,0.5194623841915474
3923,0.8117154809999999,0.527851402759552,0.6073274612426758,0.6274667402785103
3924,0.821978022,0.5523053407669067,0.3713669776916504,0.3417144465870585
3925,0.37012987,0.6032198667526245,0.5307807922363281,0.5245841975695633
3926,0.871794872,0.6809807419776917,0.4733623266220093,0.48563988365033034
3927,0.073593074,0.37417733669281006,0.4090595841407776,0.41291213619663336
3928,0.0660173159999999,0.37417733669281006,0.4090595841407776,0.41905478563237064
3929,0.336996337,0.4864637851715088,0.5203371644020081,0.4959256630600335
3930,0.974358974,0.6673200130462646,0.6822787523269653,0.6796939008308565
3931,0.079710145,0.20882770419120789,0.25449514389038086,0.24981085796360647
3932,0.53030303,0.3452320694923401,0.40475785732269287,0.4124140004271425
3933,0.491341991,0.3452320694923401,0.40475785732269287,0.4124140004271425
3934,0.7781385279999999,0.6509470343589783,0.4774051308631897,0.46466150257840544
3935,0.760822511,0.6509470343589783,0.4774051308631897,0.46466150257840544
3936,0.25951087,0.4118809700012207,0.5345413088798523,0.5340360083250242
3937,0.7065934070000001,0.5182236433029175,0.4753558337688446,0.4872860681859091
3938,0.112771739,0.4445110261440277,0.23006802797317505,0.24804079988348468
3939,0.2486413039999999,0.45525431632995605,0.6289011240005493,0.6050817334486628
3940,0.467455621,0.3123535215854645,0.4048420786857605,0.4169620934809186
3941,0.006793478,0.40810060501098633,0.25332918763160706,0.27946993884365073
3942,0.268421053,0.4151776432991028,0.502582311630249,0.49329029554278925
3943,0.676630435,0.5348520874977112,0.39014118909835815,0.4075441558552709
3944,0.6739926740000001,0.4249245822429657,0.39190560579299927,0.41100492056403193
3945,0.172527473,0.2975322902202606,0.18592023849487305,0.20832709914065128
3946,0.869047619,0.6565030217170715,0.6929042935371399,0.6780151420619296
3947,0.857142857,0.6565030217170715,0.6929042935371399,0.6771601730586105
3948,0.88961039,0.5840586423873901,0.40011775493621826,0.39598956749895675
3949,0.905844156,0.5840586423873901,0.40011775493621826,0.39598956749895675
3950,0.987771739,0.3094725012779236,0.3936609923839569,0.42460084735339704
3951,0.326359833,0.27143749594688416,0.5208023190498352,0.5118872512574895
3952,0.2467532469999999,0.4273480474948883,0.6207882165908813,0.6113966083015773
3953,0.188311688,0.4273480474948883,0.6207882165908813,0.6113966083015773
3954,0.0027173909999999,0.6555464267730713,0.6983537673950195,0.6665014559502542
3955,0.7662337659999999,0.4900909662246704,0.41198012232780457,0.40315031315561106
3956,0.440433213,0.5845580697059631,0.6490583419799805,0.64365576113772
3957,0.05298913,0.5791707634925842,0.5265780687332153,0.5337183281325419
3958,0.590909091,0.6317676305770874,0.6791489720344543,0.6804967111942717
3959,0.6634199129999999,0.6317676305770874,0.6791489720344543,0.6736917804946492
3960,0.7218934909999999,0.35152092576026917,0.3194194436073303,0.3030946794661582
3961,0.369047619,0.39920687675476074,0.40764904022216797,0.42145002880924043
3962,0.325757576,0.39920687675476074,0.40764904022216797,0.42145002880924043
3963,0.68021978,0.6372618079185486,0.6590946316719055,0.6520760113040087
3964,0.5670995670000001,0.6679738759994507,0.6618766784667969,0.6500564261561197
3965,0.554112554,0.6679738759994507,0.6618766784667969,0.6500567590880348
3966,0.680473373,0.3178783655166626,0.40872806310653687,0.393027633441086
3967,0.038043478,0.6033854484558105,0.4509897828102112,0.45570669109177386
3968,0.958241758,0.6629457473754883,0.6154386401176453,0.6138758163560971
3969,0.643939394,0.3857342004776001,0.41976624727249146,0.4240431076477497
3970,0.614718615,0.3857342004776001,0.41976624727249146,0.43342277446940636
3971,0.113636364,0.5525369644165039,0.4675319492816925,0.4562753859347074
3972,0.137445887,0.5525369644165039,0.4675319492816925,0.4562753859347074
3973,0.090909091,0.3645135164260864,0.22053641080856323,0.22688301861248905
3974,0.5129870129999999,0.6189064979553223,0.649056077003479,0.6238230376945035
3975,0.284632035,0.6189064979553223,0.649056077003479,0.6314978800306205
3976,0.075313808,0.3111891448497772,0.2166106104850769,0.23234021969091645
3977,0.537878788,0.3972827196121216,0.4591556191444397,0.45678809827226835
3978,0.503246753,0.3972827196121216,0.4591556191444397,0.4581760028565027
3979,0.25,0.45402801036834717,0.5697964429855347,0.5654043305463314
3980,0.2088744589999999,0.45402801036834717,0.5697964429855347,0.5654043305463313
3981,0.578125,0.6146197319030762,0.5441096425056458,0.5602007912643483
3982,0.036101083,0.4577943682670593,0.32504165172576904,0.30051551187420034
3983,0.831521739,0.4333410859107971,0.5828770995140076,0.567238751702418
3984,0.735054348,0.6641179323196411,0.6454296112060547,0.6755979202826818
3985,0.718120805,0.5986369848251343,0.6255832314491272,0.6082411487224126
3986,0.081081081,0.33444398641586304,0.4116917550563812,0.38848099300170924
3987,0.423160173,0.5882793664932251,0.5562118291854858,0.5701878023050627
3988,0.4025974029999999,0.5882793664932251,0.5562118291854858,0.5701878023050627
3989,0.7633136090000001,0.5657399892807007,0.7000517249107361,0.7094871234770117
3990,0.6686390529999999,0.6281863451004028,0.6896235942840576,0.670589212548761
3991,0.6996336999999999,0.5728566646575928,0.26021862030029297,0.27993135167198646
3992,0.428571429,0.3334481120109558,0.19703727960586548,0.22823922407145011
3993,0.8890109890000001,0.5543345212936401,0.6759509444236755,0.6925537290250149
3994,0.784615385,0.5200899839401245,0.45877310633659363,0.4529135368881631
3995,0.3285714289999999,0.37339043617248535,0.4473040997982025,0.4280240563025563
3996,0.95995671,0.5416554808616638,0.8292720317840576,0.8066551307980431
3997,0.913419913,0.5416554808616638,0.8292720317840576,0.8066551307980431
3998,0.372294372,0.6642366051673889,0.68863844871521,0.7000636604016083
3999,0.409090909,0.6642366051673889,0.68863844871521,0.7000636604016083
4000,0.8842105259999999,0.6385547518730164,0.546029806137085,0.5505517733670365
4001,0.3268398269999999,0.2737833857536316,0.48241838812828064,0.49190545645856437
4002,0.297619048,0.2737833857536316,0.48241838812828064,0.4919054564585643
4003,0.313852814,0.4601750373840332,0.4947003126144409,0.5064109162865846
4004,0.306277056,0.4601750373840332,0.4947003126144409,0.5151314795218142
4005,0.420995671,0.602495014667511,0.5614723563194275,0.5713718515115402
4006,0.308441558,0.602495014667511,0.5614723563194275,0.5713718515115402
4007,0.928571429,0.5983442664146423,0.5815079808235168,0.5627876141642814
4008,0.988095238,0.5983442664146423,0.5815079808235168,0.5626498712546584
4009,0.447698745,0.40194010734558105,0.5174950957298279,0.5207316076096562
4010,0.439393939,0.5489785671234131,0.4669739305973053,0.4775197646062905
4011,0.542207792,0.5489785671234131,0.4669739305973053,0.47960368300010026
4012,0.21978022,0.6618276238441467,0.4072295129299164,0.4317347942677773
4013,0.794223827,0.6634995937347412,0.6668463945388794,0.668176723990278
4014,0.225941423,0.4516475796699524,0.2206081748008728,0.23399770751219223
4015,0.584615385,0.5660441517829895,0.56782466173172,0.5776162811746953
4016,0.384210526,0.5542579889297485,0.5613701939582825,0.567749671988929
4017,0.648535565,0.44626712799072266,0.532303512096405,0.5112784963016019
4018,0.652631579,0.545421838760376,0.4695686101913452,0.4800439887664424
4019,0.19665272,0.4000442624092102,0.3202875852584839,0.3510363520114643
4020,0.668831169,0.5209022760391235,0.5498217940330505,0.5324058061378698
4021,0.662337662,0.48901399970054626,0.37046337127685547,0.3932032806779669
4022,0.954545455,0.6601355075836182,0.7509628534317017,0.7617640808068409
4023,0.930735931,0.6601355075836182,0.7509628534317017,0.7617640808068409
4024,0.207792208,0.381661057472229,0.5775370597839355,0.581677072942538
4025,0.891774892,0.6586510539054871,0.7655704021453857,0.7628793342166716
4026,0.834415584,0.6586510539054871,0.7655704021453857,0.7628793342166718
4027,0.38961039,0.5255440473556519,0.7115342617034912,0.7233973433716713
4028,0.738255034,0.5690500140190125,0.541796863079071,0.5579011678040182
4029,0.597402597,0.5181475877761841,0.46938556432724,0.4739809670905247
4030,0.880866426,0.5927082896232605,0.6917524337768555,0.6881335540955407
4031,0.989177489,0.7108372449874878,0.7200616598129272,0.7314583363601793
4032,0.971861472,0.7108372449874878,0.7200616598129272,0.7138793367829426
4033,0.385650224,0.4355813264846802,0.31118476390838623,0.29748257163280406
4034,0.280334728,0.4236332178115845,0.5957985520362854,0.5749289253413419
4035,0.937238494,0.5671356916427612,0.6354060769081116,0.61318938073309
4036,0.186813187,0.3943234086036682,0.33550339937210083,0.3394000499278093
4037,0.853479853,0.647676408290863,0.6016300320625305,0.5984465123373373
4038,0.4838709679999999,0.5090480446815491,0.6296898722648621,0.6463307982669664
4039,0.252631579,0.29798394441604614,0.4941970109939575,0.46810298519332205
4040,0.963315217,0.5519058108329773,0.9177119731903076,0.8864607032914149
4041,0.8451086959999999,0.41263195872306824,0.32932838797569275,0.3109836002066947
4042,0.239177489,0.37142038345336914,0.4166792631149292,0.4189261025883914
4043,0.220779221,0.37142038345336914,0.4166792631149292,0.4189261025883914
4044,0.157509158,0.3160878121852875,0.12299495935440063,0.15140379016122746
4045,0.435064935,0.6713265180587769,0.6768805980682373,0.6491738908553625
4046,0.013586957,0.48374366760253906,0.6410447359085083,0.6202724713961306
4047,0.480978261,0.5895373821258545,0.7254139184951782,0.725642016277888
4048,0.623188406,0.6530381441116333,0.8526244163513184,0.817902277647363
4049,0.583333333,0.6568142175674438,0.5619758367538452,0.5798055665388122
4050,0.562770563,0.6568142175674438,0.5619758367538452,0.5726954901920547
4051,0.1086956519999999,0.6234748959541321,0.2934151291847229,0.2918012807802397
4052,0.546536797,0.550625741481781,0.5557904839515686,0.5602449733305765
4053,0.5324675320000001,0.550625741481781,0.5557904839515686,0.5602449733305765
4054,0.875,0.49106866121292114,0.5948632955551147,0.5696480483452486
4055,0.753246753,0.6588329076766968,0.41114115715026855,0.42238906034952445
4056,0.656903766,0.6923604607582092,0.7280393838882446,0.7175337079283889
4057,0.978021978,0.6574007272720337,0.7458597421646118,0.7420143595295414
4058,0.891304348,0.6999186277389526,0.8373242020606995,0.8355155246966097
4059,0.714801444,0.33309197425842285,0.3902179002761841,0.37511535299585763
4060,0.432432432,0.37358030676841736,0.4025396704673767,0.39160894354856834
4061,0.702197802,0.4524008631706238,0.3660910725593567,0.3575065831872313
4062,0.357798165,0.5994070768356323,0.6973376274108887,0.6872010864521518
4063,0.5,0.4829481840133667,0.41941046714782715,0.4288518547565213
4064,0.149350649,0.3098851442337036,0.38248348236083984,0.3628641017379849
4065,0.108225108,0.3098851442337036,0.38248348236083984,0.3628641017379849
4066,0.524891775,0.44376611709594727,0.5592572093009949,0.5369177024641562
4067,0.519480519,0.44376611709594727,0.5592572093009949,0.5426550406751379
4068,0.616883117,0.49818384647369385,0.4625900685787201,0.4771064691007231
4069,0.885281385,0.3263719081878662,0.04044705629348755,0.08849656937947556
4070,0.8712121209999999,0.7520374059677124,0.7812585234642029,0.7815091174010622
4071,0.862554113,0.7520374059677124,0.7812585234642029,0.7865334208929522
4072,0.184782609,0.4652925431728363,0.6630150079727173,0.6483745284520268
4073,0.275815217,0.4834439754486084,0.34416306018829346,0.37012059402155106
4074,0.640659341,0.4353136718273163,0.4039643406867981,0.38898129814384397
4075,0.794836957,0.5092665553092957,0.2822593152523041,0.3003712546878121
4076,0.221467391,0.44464921951293945,0.2843326926231384,0.2681853898722792
4077,0.430735931,0.5388326644897461,0.5521951913833618,0.5723900218989346
4078,0.384199134,0.5388326644897461,0.5521951913833618,0.5723900218989346
4079,1.0,0.6372487545013428,0.8159596920013428,0.8005506237923614
4080,0.706959707,0.3836783766746521,0.5309555530548096,0.5051567941488169
4081,0.6725274729999999,0.4189135432243347,0.48609834909439087,0.45926322811154646
4082,0.615384615,0.35174915194511414,0.3944392204284668,0.39393939453012655
4083,0.4835164839999999,0.7063636779785156,0.6365876197814941,0.634241687796347
4084,0.881318681,0.3956516981124878,0.4208892583847046,0.453051364949252
4085,0.487012987,0.4302339553833008,0.4363638460636139,0.4327038002351905
4086,0.187229437,0.3762877583503723,0.37699055671691895,0.35345900611118897
4087,0.1688311689999999,0.3762877583503723,0.37699055671691895,0.35345900611118897
4088,0.3992673989999999,0.6796719431877136,0.5674405694007874,0.5741104125976506
4089,0.615384615,0.5438023209571838,0.6236047148704529,0.6535632302383578
4090,0.205627706,0.5464377403259277,0.6370160579681396,0.6138855961532237
4091,0.166666667,0.5464377403259277,0.6370160579681396,0.6138855961532237
4092,0.664502165,0.5889154672622681,0.6309080123901367,0.6200268779047514
4093,0.572510823,0.5889154672622681,0.6309080123901367,0.6200268779047514
4094,0.8241758240000001,0.35425901412963867,0.5095634460449219,0.5154587918108207
4095,0.798165138,0.48056215047836304,0.49682149291038513,0.494437622734618
4096,0.862771739,0.4512556791305542,0.6629506945610046,0.6687561121436318
4097,0.784632035,0.5743116140365601,0.580451488494873,0.5727756836893951
4098,0.892857143,0.5743116140365601,0.580451488494873,0.5727756836893951
4099,0.182417582,0.4883580505847931,0.19928133487701416,0.21301084347454025
4100,0.155963303,0.43119674921035767,0.5945939421653748,0.5862475507184469
4101,0.661538462,0.6257435083389282,0.574087917804718,0.578650323503202
4102,0.330275229,0.2523379325866699,0.30840006470680237,0.28143315295106297
4103,0.673913043,0.3344639837741852,0.349232017993927,0.3677375140817535
4104,0.396103896,0.5195558071136475,0.7098273038864136,0.7198560625666046
4105,0.371212121,0.5195558071136475,0.7098273038864136,0.7198560625666046
4106,0.9375,0.6717580556869507,0.8093520402908325,0.7973636015564787
4107,0.631793478,0.4685351848602295,0.6126224994659424,0.5816224816924906
4108,0.046875,0.3749987483024597,0.45704400539398193,0.48230471224178134
4109,0.609865471,0.49678319692611694,0.37103530764579773,0.38773807001707994
4110,0.327445652,0.5738586187362671,0.6298069953918457,0.6102267641373345
4111,0.542207792,0.5002519488334656,0.5794066786766052,0.5585204692443597
4112,0.508658009,0.5002519488334656,0.5794066786766052,0.5585204692443597
4113,0.8993506490000001,0.3941689133644104,0.47752106189727783,0.4871938066330015
4114,0.887445887,0.3941689133644104,0.47752106189727783,0.49851607479328064
4115,0.953804348,0.4929834008216858,0.8111451268196106,0.7986632586183593
4116,0.762228261,0.5599338412284851,0.44615304470062256,0.4518419541969845
4117,0.252707581,0.5070462822914124,0.39204859733581543,0.4185922010393348
4118,0.621301775,0.44881880283355713,0.5393766760826111,0.5358250391957762
4119,0.371841155,0.6938450932502747,0.7015327215194702,0.7056355716604199
4120,0.519021739,0.5222827792167664,0.5512884259223938,0.528274612370037
4121,0.873646209,0.6387221217155457,0.5823357701301575,0.6047085232447325
4122,0.387228261,0.5339756011962891,0.5612157583236694,0.5496801229822293
4123,0.015625,0.4455146789550781,0.17300331592559814,0.16159150005401962
4124,0.7201086959999999,0.8193585872650146,0.5755560398101807,0.5913699902866598
4125,0.051630435,0.6089267134666443,0.042763203382492065,0.09107131629949936
4126,0.8744588740000001,0.6161647439002991,0.8230196237564087,0.8110866952874822
4127,0.8755411259999999,0.6161647439002991,0.8230196237564087,0.8110867040611214
4128,0.495670996,0.38096413016319275,0.5802752375602722,0.570467634136599
4129,0.488095238,0.38096413016319275,0.5802752375602722,0.5643808257664704
4130,0.576839827,0.5131361484527588,0.39039573073387146,0.39156387845486507
4131,0.556277056,0.5131361484527588,0.39039573073387146,0.39156387845486507
4132,0.189010989,0.45908379554748535,0.6125195026397705,0.5898365481232112
4133,0.607142857,0.6103217005729675,0.6863572597503662,0.6813608828861704
4134,0.58008658,0.6103217005729675,0.6863572597503662,0.6734307464165199
4135,0.9566787,0.5697945952415466,0.5818239450454712,0.5669235022848002
4136,0.743206522,0.3394046425819397,0.512046217918396,0.518043058058732
4137,0.190217391,0.673782467842102,0.3060494661331177,0.31136901683486706
4138,0.2779783389999999,0.40938061475753784,0.647940993309021,0.6412531903321883
4139,0.766304348,0.628652811050415,0.3538549542427063,0.3646721514522636
4140,0.7359307359999999,0.4424798786640167,0.5963310599327087,0.6160935027006029
4141,0.70995671,0.4424798786640167,0.5963310599327087,0.6141215806285745
4142,0.860054348,0.5495032072067261,0.8212623596191406,0.8103907164163369
4143,0.410326087,0.5593701004981995,0.6184196472167969,0.6394337733551243
4144,0.902597403,0.7336521148681641,0.561921238899231,0.5815396580778645
4145,0.906926407,0.7336521148681641,0.561921238899231,0.5815396580778645
4146,0.5,0.635530412197113,0.6774396896362305,0.6562973701623958
4147,0.529891304,0.5396511554718018,0.4195065498352051,0.42176238132478927
4148,0.180735931,0.49000874161720276,0.3870525360107422,0.40536647222495026
4149,0.186147186,0.49000874161720276,0.3870525360107422,0.40706631590928577
4150,0.4594594589999999,0.6507130861282349,0.5651172995567322,0.5600776281052393
4151,0.573593074,0.7866458892822266,0.8322033882141113,0.8115045958355006
4152,0.55952381,0.7866458892822266,0.8322033882141113,0.8115045958355007
4153,0.570652174,0.56673264503479,0.657795786857605,0.6437017161794149
4154,0.441558442,0.6397373676300049,0.7248482704162598,0.7022211237068982
4155,0.140625,0.331362783908844,0.06697410345077515,0.11880732745705451
4156,0.894736842,0.4765285849571228,0.37653616070747375,0.3885714691133576
4157,0.342391304,0.4599982500076294,0.3686121106147766,0.39453980034930103
4158,0.5519480520000001,0.7002513408660889,0.4146791696548462,0.41169289734438863
4159,0.354619565,0.4724932909011841,0.45921558141708374,0.4812767856572383
4160,0.202166065,0.44642210006713867,0.6077237725257874,0.6227199125220633
4161,0.161684783,0.5107616186141968,0.2654433846473694,0.26028582390478083
4162,0.976190476,0.6948568820953369,0.4830448627471924,0.5055762374276861
4163,0.939393939,0.6948568820953369,0.4830448627471924,0.5055762374276861
4164,0.808441558,0.4574473798274994,0.2892749607563019,0.307194391658761
4165,0.7489177490000001,0.4574473798274994,0.2892749607563019,0.30719439165876106
4166,0.671195652,0.3917608857154846,0.12430888414382935,0.1620162558676177
4167,0.536231884,0.5745344161987305,0.636814296245575,0.6510639754873188
4168,0.4935064939999999,0.3409489691257477,0.600497305393219,0.5745912878600752
4169,0.138528139,0.4494165778160095,0.49101656675338745,0.5109592441768722
4170,0.846153846,0.7163587212562561,0.5097851157188416,0.5316423037286129
4171,0.47826087,0.5912478566169739,0.7469545602798462,0.7546814453025859
4172,0.176895307,0.4519386887550354,0.6139121055603027,0.6122883741428351
4173,0.3116883119999999,0.5531266331672668,0.36999207735061646,0.3492359391418617
4174,0.618681319,0.576471209526062,0.8747159242630005,0.8422182961084155
4175,0.100591716,0.5168131589889526,0.3675905466079712,0.3821860448125773
4176,0.8111413040000001,0.5294069647789001,0.4770399332046509,0.4787803396181558
4177,0.705494505,0.6890853643417358,0.6481226682662964,0.6785196189812366
4178,0.082840237,0.2422768771648407,0.1700548529624939,0.16855198707155014
4179,0.3505434779999999,0.35445892810821533,0.27623629570007324,0.28268886631595747
4180,0.482336957,0.2845245897769928,0.29619210958480835,0.29747472615006765
4181,0.729241877,0.4397803544998169,0.2952722907066345,0.2925468394568235
4182,0.10326087,0.3337026834487915,0.17875391244888306,0.2123305807679144
4183,0.361471861,0.44200456142425537,0.1473093032836914,0.17294840872592604
4184,0.455627706,0.44200456142425537,0.1473093032836914,0.17582556920116532
4185,0.317582418,0.5416825413703918,0.4982694387435913,0.49426305631709605
4186,0.826086957,0.6215950846672058,0.7855873107910156,0.7859937973482307
4187,0.597402597,0.524197518825531,0.36472445726394653,0.3584712259791371
4188,0.285326087,0.6194567680358887,0.4196304380893707,0.4335744502815494
4189,0.95970696,0.726449728012085,0.452798068523407,0.4225023861748959
4190,0.919282511,0.5583879351615906,0.5747441053390503,0.5893245160599706
4191,0.216216216,0.49125242233276367,0.504056990146637,0.48404429948083816
4192,0.107692308,0.4356469213962555,0.535327672958374,0.5172548245530941
4193,0.8526315790000001,0.5639491677284241,0.8442338109016418,0.8384788805104928
4194,0.854619565,0.6770914793014526,0.4254803955554962,0.4285090968819456
4195,0.548701299,0.4629233777523041,0.3599538803100586,0.35090406090133663
4196,0.425324675,0.4629233777523041,0.3599538803100586,0.35090406090133663
4197,0.11038961,0.4475320875644684,0.4096783399581909,0.39595351622430136
4198,0.642857143,0.385100394487381,0.301583856344223,0.32483243795102346
4199,0.7186147190000001,0.385100394487381,0.301583856344223,0.3183704264525662
4200,0.075757576,0.45038139820098877,0.1961095929145813,0.20816754424930267
4201,0.028138528,0.45038139820098877,0.1961095929145813,0.18773339977737274
4202,0.13961039,0.4458204507827759,0.45268869400024414,0.44873322867983023
4203,0.167748918,0.4458204507827759,0.45268869400024414,0.44873322867983023
4204,0.084615385,0.5129806995391846,0.5661206245422363,0.563724356628712
4205,0.398550725,0.5154593586921692,0.46522754430770874,0.4533265804002602
4206,0.610108303,0.6471957564353943,0.7449906468391418,0.7249245477054151
4207,0.725543478,0.53546541929245,0.5349233150482178,0.5226936149333444
4208,0.4736263739999999,0.5712317228317261,0.6027292609214783,0.6104920466605319
4209,0.463203463,0.6786332130432129,0.6296924352645874,0.6401481193542473
4210,0.1059782609999999,0.5301496982574463,0.7246878147125244,0.6944175079982935
4211,0.8772563179999999,0.5102323293685913,0.757359504699707,0.7392987535818512
4212,0.612554113,0.6660344004631042,0.6014097332954407,0.6204440391008078
4213,0.673913043,0.3761700987815857,0.5784803032875061,0.5557908215214109
4214,0.267663043,0.3598286807537079,0.34838664531707764,0.3760956429109108
4215,0.310469314,0.575349748134613,0.42330750823020935,0.41926116761667587
4216,0.619565217,0.5973076820373535,0.612331748008728,0.5973780886278536
4217,0.449450549,0.2904273569583893,0.4559411406517029,0.4365983728218431
4218,0.376623377,0.6112716197967529,0.4431769847869873,0.4465819930324763
4219,0.902597403,0.5368748903274536,0.7582448124885559,0.7527223597791621
4220,0.972826087,0.5178570747375488,0.6224167943000793,0.5947991792356189
4221,0.614718615,0.4550088047981262,0.33209097385406494,0.31061223415973593
4222,0.62012987,0.4550088047981262,0.33209097385406494,0.31061223415973593
4223,0.978021978,0.5935468077659607,0.7394374012947083,0.725289516993664
4224,0.5844155839999999,0.35914620757102966,0.45272204279899597,0.433120976551579
4225,0.442640693,0.35914620757102966,0.45272204279899597,0.433120976551579
4226,0.992779783,0.7336426377296448,0.7859225273132324,0.7785591914295977
4227,0.1991341989999999,0.48217979073524475,0.3565594553947449,0.37798166721996623
4228,0.205627706,0.48217979073524475,0.3565594553947449,0.37798166721996623
4229,0.703125,0.39559006690979004,0.33111581206321716,0.34143248300386897
4230,0.940828402,0.7600151300430298,0.6635672450065613,0.6910532120560711
4231,0.957792208,0.6357908844947815,0.6695905923843384,0.6603552228930113
4232,0.938311688,0.6357908844947815,0.6695905923843384,0.6573252997661893
4233,0.156950673,0.33086153864860535,0.12529337406158447,0.13264812355605682
4234,0.129076087,0.6193881034851074,0.6499369740486145,0.6243047100137971
4235,0.804112554,0.5448789596557617,0.9361988306045532,0.900350935850488
4236,0.83982684,0.5448789596557617,0.9361988306045532,0.900350935850488
4237,0.564516129,0.33254891633987427,0.6191754341125488,0.5958226184487254
4238,0.46875,0.7713481187820435,0.5742120742797852,0.5897784747030594
4239,0.58982684,0.5951935648918152,0.7417871952056885,0.7483124788037405
4240,0.564935065,0.5951935648918152,0.7417871952056885,0.7483124788037405
4241,0.476190476,0.3329204320907593,0.49300098419189453,0.48800045864933517
4242,0.471861472,0.3329204320907593,0.49300098419189453,0.4972090433292429
4243,0.5,0.4726870656013489,0.6665453910827637,0.6383420298264129
4244,0.904891304,0.54578697681427,0.7265228033065796,0.7216239129724125
4245,0.7142857140000001,0.4764223098754883,0.30525273084640503,0.2967769718322937
4246,0.663157895,0.625975489616394,0.6988034844398499,0.7088722479578154
4247,0.981651376,0.5196449756622314,0.9158748388290405,0.910425364081556
4248,0.093073593,0.5012065768241882,0.7206382751464844,0.736416977504792
4249,0.125541126,0.5012065768241882,0.7206382751464844,0.7306559008383502
4250,0.861413043,0.4671832025051117,0.6689695119857788,0.6759671438737487
4251,0.16017316,0.49444580078125,0.6018656492233276,0.590614997920751
4252,0.1114718609999999,0.49444580078125,0.6018656492233276,0.5906149979207511
4253,0.71875,0.6298007965087891,0.8940104246139526,0.8967225065778215
4254,0.796536797,0.5113889575004578,0.6176648736000061,0.6033204153049101
4255,0.8170995670000001,0.5113889575004578,0.6176648736000061,0.6018192130233215
4256,0.083032491,0.34146544337272644,0.21038371324539185,0.18624526939273345
4257,0.155234657,0.5450929403305054,0.6120893359184265,0.600807087702548
4258,1.0,0.725321888923645,0.4963330626487732,0.47388141637533354
4259,0.004076087,0.307894229888916,0.403024286031723,0.4201968296132891
4260,0.902597403,0.6844232082366943,0.7802233099937439,0.804079766397092
4261,0.955627706,0.6978138089179993,0.7459381818771362,0.7383406675082953
4262,0.920995671,0.6978138089179993,0.7459381818771362,0.7383406675082951
4263,0.935064935,0.7917121648788452,0.669935941696167,0.6947852093717977
4264,0.336956522,0.43717923760414124,0.42532211542129517,0.41873303047269206
4265,0.1875,0.46910181641578674,0.48963791131973267,0.48885122407677506
4266,0.435483871,0.4930838346481323,0.2824852466583252,0.26237868628001443
4267,0.201098901,0.5017593502998352,0.3575940728187561,0.3794870482585985
4268,0.903532609,0.6779982447624207,0.7338095903396606,0.7192668472539991
4269,0.134228188,0.6407148241996765,0.7113891839981079,0.7364578979525092
4270,0.188858696,0.703794002532959,0.7821316719055176,0.7551108989943545
4271,0.331360947,0.29042303562164307,0.3853394389152527,0.3545097393237341
4272,0.8483754509999999,0.6576995849609375,0.7238384485244751,0.6936330840557472
4273,0.784753363,0.6039952635765076,0.44265004992485046,0.45752309810631975
4274,0.372282609,0.4154173731803894,0.6252663731575012,0.6057898584751129
4275,0.8311688309999999,0.5213333964347839,0.6928045749664307,0.6821006349662748
4276,0.87012987,0.4229189157485962,0.4260518252849579,0.44733130982735914
4277,0.91017316,0.4229189157485962,0.4260518252849579,0.4401365944321876
4278,0.151624549,0.5496212244033813,0.568608283996582,0.5651301190417682
4279,0.6442953020000001,0.7500936985015869,0.61285400390625,0.5825311432667564
4280,0.555956679,0.5489357113838196,0.45358747243881226,0.4622355852231905
4281,0.28125,0.4568271040916443,0.3874592185020447,0.3811136697700409
4282,0.28125,0.519970715045929,0.33575621247291565,0.32392677717490037
4283,0.056277056,0.43119049072265625,0.312095046043396,0.2986042447144134
4284,0.072510823,0.43119049072265625,0.312095046043396,0.2986042447144134
4285,0.403225806,0.37209275364875793,0.3215590715408325,0.33783637160969493
4286,0.090252708,0.28432121872901917,0.11934259533882141,0.10669661489132393
4287,0.4678899079999999,0.39687520265579224,0.5069313049316406,0.4939342340104788
4288,0.012987013,0.5475894808769226,0.4012727737426758,0.3893908400186303
4289,0.372197309,0.5843572616577148,0.4151025414466858,0.4278901946907269
4290,0.0507246379999999,0.1715378761291504,-0.04869675636291504,0.06627285057259477
4291,0.682417582,0.6204758882522583,0.7186022996902466,0.739835597463294
4292,0.02166065,0.3204694390296936,-0.009342789649963379,0.05293645209544134
4293,0.2922077919999999,0.5159866213798523,0.3046799302101135,0.27450898416824243
4294,0.2370129869999999,0.500764012336731,0.5967851281166077,0.6048184230629621
4295,0.24025974,0.500764012336731,0.5967851281166077,0.6048184230629621
4296,0.121076233,0.6546337604522705,0.6393123865127563,0.6156139835512726
4297,0.2824675319999999,0.757407009601593,0.5458208918571472,0.5527166499208989
4298,0.353896104,0.757407009601593,0.5458208918571472,0.5527166499208989
4299,0.607336957,0.48856741189956665,0.7133223414421082,0.6880862265566358
4300,0.8428571429999999,0.7021803855895996,0.8505489230155945,0.8673367421301201
4301,0.978021978,0.4863283932209015,0.5752915143966675,0.581519585290055
4302,0.348993289,0.5373582243919373,0.5690432786941528,0.5984113014896226
4303,0.36038961,0.5960149168968201,0.5411823391914368,0.548233074312533
4304,0.405844156,0.5960149168968201,0.5411823391914368,0.548233074312533
4305,0.732217573,0.6789613366127014,0.7249549627304077,0.7487883571823781
4306,0.7472924190000001,0.7923697233200073,0.8916512727737427,0.8740838370240835
4307,0.3285714289999999,0.4715229272842407,0.41808292269706726,0.41401005978646144
4308,0.914402174,0.6765598654747009,0.7120627760887146,0.7259024161073415
4309,0.675271739,0.6602535247802734,0.7289953231811523,0.7038821453209424
4310,0.057065217,0.49783816933631897,0.25388622283935547,0.27386569431289254
4311,0.202445652,0.5788106918334961,0.5531555414199829,0.5277221225263119
4312,0.339350181,0.5772840976715088,0.6117446422576904,0.629083814835256
4313,0.945054945,0.511797308921814,0.5291117429733276,0.49703798808102173
4314,0.797101449,0.6874206066131592,0.6071076393127441,0.6157826876059489
4315,0.8340807170000001,0.5616174936294556,0.7949273586273193,0.8155854587085408
4316,0.75,0.58978271484375,0.41432011127471924,0.4369647254246801
4317,0.904761905,0.4986695647239685,0.5863291025161743,0.602900740781017
4318,0.954545455,0.4986695647239685,0.5863291025161743,0.602900740781017
4319,0.6931407940000001,0.4894101619720459,0.5101403594017029,0.5185220740177082
4320,0.49112426,0.47458159923553467,0.7288130521774292,0.7242146613832812
4321,0.76534296,0.5885622501373291,0.6937297582626343,0.6773630514118278
4322,0.93956044,0.6688520908355713,0.9535492658615112,0.9152962122852335
4323,0.208053691,0.4897759258747101,0.595517098903656,0.572983879916847
4324,0.351902174,0.61576247215271,0.7745010852813721,0.7791411659549101
4325,1.0,0.47952696681022644,0.648489236831665,0.6395758336757291
4326,0.981601732,0.47952696681022644,0.648489236831665,0.6369550491094398
4327,0.501358696,0.5558781027793884,0.49269944429397583,0.4908107582348989
4328,0.527472527,0.5339547991752625,0.3757978081703186,0.38649142832028704
4329,0.438858696,0.7239225506782532,0.9074118137359619,0.87030354950001
4330,0.381318681,0.5311026573181152,0.45098939538002014,0.4338421015730729
4331,0.897186147,0.6244752407073975,0.5422219634056091,0.5599549324690609
4332,0.911255411,0.6244752407073975,0.5422219634056091,0.5599549324690609
4333,0.97309417,0.4826986789703369,0.6431697607040405,0.6573782527901619
4334,0.908791209,0.5532358288764954,0.7263565063476562,0.7196581029192222
4335,0.563852814,0.3716279864311218,0.16771376132965088,0.18010954456645945
4336,0.50974026,0.3716279864311218,0.16771376132965088,0.18010954456645945
4337,0.742105263,0.7164517641067505,0.7594300508499146,0.7326728280461798
4338,0.725806452,0.6715015769004822,0.7250755429267883,0.7008832432530439
4339,0.35426009,0.5668668746948242,0.6083735227584839,0.612770952785546
4340,0.832214765,0.7379332184791565,0.5965059995651245,0.5965833697608516
4341,0.965367965,0.6245397925376892,0.6004440188407898,0.6031233236919014
4342,0.931818182,0.6245397925376892,0.6004440188407898,0.5930620861665499
4343,0.938461538,0.5723249316215515,0.6376090049743652,0.6417204791778344
4344,0.341991342,0.5072959065437317,0.21635207533836365,0.23205078288834935
4345,0.561141304,0.6484596729278564,0.5856949090957642,0.5885204671503634
4346,0.0947368419999999,0.44859910011291504,0.5837186574935913,0.5775014843592099
4347,0.600649351,0.7244373559951782,0.41183051466941833,0.3998778603008575
4348,0.583333333,0.7244373559951782,0.41183051466941833,0.4031977124505637
4349,0.866108787,0.46758925914764404,0.5448732376098633,0.5779208957734181
4350,0.7824675320000001,0.7514586448669434,0.7335273027420044,0.7287478168269605
4351,0.6309523810000001,0.7514586448669434,0.7335273027420044,0.7285557388186641
4352,0.329004329,0.31104499101638794,0.5118639469146729,0.48842358061436053
4353,0.32034632,0.31104499101638794,0.5118639469146729,0.4873267723407487
4354,0.495670996,0.21417823433876038,0.2759998142719269,0.2623082944671524
4355,0.469314079,0.42508286237716675,0.58646559715271,0.57805857570723
4356,0.628787879,0.4562658667564392,0.46033191680908203,0.44799932526922503
4357,0.515151515,0.4562658667564392,0.46033191680908203,0.4765307991807914
4358,0.1558441559999999,0.5217487215995789,0.6598067283630371,0.6526573313935677
4359,0.084415584,0.5217487215995789,0.6598067283630371,0.6526573313935677
4360,0.306277056,0.5627124905586243,0.599124014377594,0.6205763512722752
4361,0.304112554,0.5627124905586243,0.599124014377594,0.6205763512722752
4362,0.886813187,0.8097714781761169,0.6267724633216858,0.6131034183904539
4363,0.830163043,0.5839682817459106,0.9141894578933716,0.8840785393423184
4364,0.029891304,0.44481417536735535,0.2257494330406189,0.2378489292120359
4365,0.8050541520000001,0.7051704525947571,0.7880539894104004,0.8037856415819453
4366,0.986486486,0.5988464951515198,0.5659225583076477,0.5665523452734733
4367,0.662337662,0.6571504473686218,0.3825015425682068,0.3671113284548378
4368,0.827922078,0.6571504473686218,0.3825015425682068,0.3671113284548378
4369,0.116883117,0.42271196842193604,0.6586373448371887,0.6418351915323042
4370,0.616847826,0.6868091821670532,0.7467825412750244,0.7649294435245241
4371,0.400815217,0.5585628151893616,0.6114952564239502,0.6022549570627063
4372,0.6143497760000001,0.6457657217979431,0.5853508710861206,0.5760597132702382
4373,0.167119565,0.5060517191886902,0.5723856687545776,0.5637483916775171
4374,0.053691275,0.43014994263648987,0.37767326831817627,0.3617853922253965
4375,0.347826087,0.5016930103302002,0.624142050743103,0.6143529488638826
4376,0.836956522,0.5534571409225464,0.8327228426933289,0.825471093474046
4377,0.63961039,0.537266731262207,0.5998435616493225,0.6036457425686851
4378,0.601731602,0.537266731262207,0.5998435616493225,0.6036457425686851
4379,0.538461538,0.41366854310035706,0.14039212465286255,0.15091336286716145
4380,0.584210526,0.6476935148239136,0.7522348165512085,0.7259607004921125
4381,0.1266233769999999,0.5414866805076599,0.45697635412216187,0.4615440447195497
4382,0.204545455,0.5414866805076599,0.45697635412216187,0.4615440447195497
4383,0.82034632,0.5140818953514099,0.5128886699676514,0.4927424366872529
4384,0.8495671,0.5140818953514099,0.5128886699676514,0.4927424366872529
4385,0.561688312,0.6387551426887512,0.7658078670501709,0.7433310399500968
4386,0.622294372,0.6387551426887512,0.7658078670501709,0.7433310399500968
4387,0.854978355,0.6662451028823853,0.6941332221031189,0.6726147050021104
4388,0.915584416,0.6662451028823853,0.6941332221031189,0.6726147050021104
4389,0.942857143,0.6149309277534485,0.44353142380714417,0.46052862727054733
4390,0.02173913,0.31099677085876465,0.10110235214233398,0.141351954480555
4391,0.107692308,0.3631032407283783,0.2889547348022461,0.2791887396647816
4392,0.047252747,0.3514489233493805,0.4722289443016052,0.4416348566523507
4393,0.2432065219999999,0.3517088294029236,0.34539297223091125,0.34568809397154293
4394,0.0041841,0.5268217325210571,0.4052424430847168,0.43369515060338504
4395,0.63956044,0.44827133417129517,0.5220080614089966,0.5249996989479074
4396,0.054112554,0.6013971567153931,0.6238309144973755,0.6046626909378798
4397,0.0508658009999999,0.6013971567153931,0.6238309144973755,0.6038844057234359
4398,0.896860987,0.47969555854797363,0.5213050842285156,0.5489494619250372
4399,0.183423913,0.6893898248672485,0.8987278938293457,0.8597381998354708
4400,0.285198556,0.4056592583656311,0.36265403032302856,0.3631219445470708
4401,0.041125541,0.42368167638778687,0.5219546556472778,0.5430494565779151
4402,0.025974026,0.42368167638778687,0.5219546556472778,0.5430494565779151
4403,0.5865800870000001,0.5237732529640198,0.47925475239753723,0.46660453884361297
4404,0.708874459,0.4322845935821533,0.6758021712303162,0.6536118073195403
4405,0.674242424,0.4322845935821533,0.6758021712303162,0.65361180731954
4406,0.1417748919999999,0.4367814064025879,0.6950838565826416,0.6924029215869438
4407,0.098484848,0.4367814064025879,0.6950838565826416,0.6924029215869436
4408,0.6839826840000001,0.5155901312828064,0.6034765839576721,0.6106508996797718
4409,0.5963203460000001,0.5155901312828064,0.6034765839576721,0.6106508996797718
4410,0.486413043,0.41291943192481995,0.5333688855171204,0.5390154271632411
4411,0.462121212,0.46769875288009644,0.5261516571044922,0.5307544177048453
4412,0.458874459,0.46769875288009644,0.5261516571044922,0.5307544177048453
4413,0.658008658,0.32404854893684387,0.2791174650192261,0.26087633922647974
4414,0.675324675,0.32404854893684387,0.2791174650192261,0.2608763392264797
4415,0.301775148,0.53736811876297,0.5774718523025513,0.60315297227512
4416,0.357336957,0.48680591583251953,0.3902135491371155,0.40957523236137444
4417,0.948369565,0.6648232340812683,0.7967346906661987,0.8011581826441821
4418,0.087912088,0.51203852891922,0.39576148986816406,0.41325867558589663
4419,0.866425993,0.3881334960460663,0.23828691244125366,0.2125087997088127
4420,0.639945652,0.5064740180969238,0.4032890796661377,0.3953682384534561
4421,0.154891304,0.38138052821159363,0.29368114471435547,0.28899104421542116
4422,0.7513586959999999,0.6772178411483765,0.8470130562782288,0.8180085643010346
4423,0.827922078,0.4528425335884094,0.6321417093276978,0.6169749632895132
4424,0.895021645,0.4528425335884094,0.6321417093276978,0.6169749632895132
4425,0.783393502,0.44583505392074585,0.6734434366226196,0.6787530851328585
4426,0.7943722940000001,0.48155203461647034,0.6096693277359009,0.607148774301602
4427,0.8138528140000001,0.48155203461647034,0.6096693277359009,0.607148774301602
4428,0.771428571,0.5014743804931641,0.19933748245239258,0.23149724030712815
4429,0.423913043,0.5049415230751038,0.28004515171051025,0.28496634703914003
4430,0.758389262,0.4639522433280945,0.31403160095214844,0.29645694636526915
4431,0.691558442,0.42302554845809937,0.5857763886451721,0.6024798050076177
4432,0.71969697,0.42302554845809937,0.5857763886451721,0.6024798050076177
4433,0.485930736,0.44603636860847473,0.5442715287208557,0.5393617862569267
4434,0.388528139,0.44603636860847473,0.5442715287208557,0.5409380139341291
4435,0.035714286,0.3548206388950348,0.2021002471446991,0.22446070673964957
4436,0.114718615,0.3548206388950348,0.2021002471446991,0.22446070673964957
4437,0.002164502,0.32081323862075806,0.300370454788208,0.2973548442045054
4438,0.00974026,0.32081323862075806,0.300370454788208,0.2973548442045054
4439,0.7751479290000001,0.49128904938697815,0.5469421148300171,0.52676222081692
4440,0.2996389889999999,0.3382689356803894,0.2859150767326355,0.28061264808378017
4441,0.209205021,0.3535248935222626,0.38108131289482117,0.3824774298350147
4442,0.755434783,0.40882301330566406,0.5445386171340942,0.5400238323603876
4443,0.3376623379999999,0.33794429898262024,0.27574777603149414,0.2762422295996898
4444,0.318181818,0.33794429898262024,0.27574777603149414,0.2762422295996898
4445,1.0,0.5667691826820374,0.5016931295394897,0.4740746487156347
4446,1.0,0.5089885592460632,0.5806785821914673,0.5744553045487664
4447,0.633136095,0.6817011833190918,0.5405504703521729,0.5660276418241967
4448,0.321052632,0.31567609310150146,0.3009594678878784,0.3214306479414374
4449,0.293406593,0.6225607395172119,0.5250430107116699,0.5526820196412481
4450,0.895604396,0.5349127650260925,0.36943310499191284,0.3924426843272423
4451,0.826315789,0.5580636858940125,0.836948037147522,0.8271299051830765
4452,0.3964497039999999,0.4825790524482727,0.5350359678268433,0.5435245716008793
4453,0.331168831,0.3898351788520813,0.6494570374488831,0.6387601026882159
4454,0.955163043,0.47633156180381775,0.5982791781425476,0.5846355798967
4455,0.8654708520000001,0.7262236475944519,0.5229877829551697,0.5189558709308567
4456,0.952380952,0.5665282607078552,0.31150853633880615,0.3255462710672861
4457,0.993288591,0.5670927166938782,0.5128942728042603,0.5260490502371131
4458,0.44765343,0.4030520021915436,0.4015306830406189,0.385409243916331
4459,0.1698369569999999,0.32596075534820557,0.4803127348423004,0.47214419894397897
4460,0.681818182,0.6798477172851562,0.7043715715408325,0.6984347296857955
4461,0.324675325,0.47081267833709717,0.2103947103023529,0.233388455042567
4462,0.278138528,0.47081267833709717,0.2103947103023529,0.233388455042567
4463,0.38451087,0.7225042581558228,0.7689995765686035,0.7639817754997871
4464,0.420289855,0.29593750834465027,0.26066726446151733,0.29152795904300455
4465,0.668831169,0.5393045544624329,0.6145190000534058,0.6120283168984941
4466,0.708874459,0.5393045544624329,0.6145190000534058,0.6330403893372487
4467,0.3928571429999999,0.466991126537323,0.6260144114494324,0.6307171689629556
4468,0.347402597,0.466991126537323,0.6260144114494324,0.6307171689629556
4469,0.351464435,0.5707085132598877,0.7015924453735352,0.692477569540983
4470,0.398097826,0.6093294024467468,0.625325083732605,0.6165207378820251
4471,0.535564854,0.5584944486618042,0.7357467412948608,0.7621030361047547
4472,0.2173913039999999,0.4223065674304962,0.47590139508247375,0.47505304727313646
4473,0.864835165,0.3121362328529358,0.31077221035957336,0.32633323605921716
4474,0.134529148,0.19991397857666016,0.19464930891990662,0.22725033509944167
4475,0.6158008660000001,0.6623530387878418,0.3497592508792877,0.3499216359988416
4476,0.495670996,0.6623530387878418,0.3497592508792877,0.3499216359988416
4477,0.659090909,0.5082203149795532,0.45850998163223267,0.45761981553725395
4478,0.585497835,0.5082203149795532,0.45850998163223267,0.4652558475436646
4479,0.37987013,0.4906763434410095,0.6026431918144226,0.5893194260786088
4480,0.401515152,0.4906763434410095,0.6026431918144226,0.5974386481214471
4481,0.058608059,0.41111692786216736,0.1498074233531952,0.166016640395107
4482,0.5665760870000001,0.5051943063735962,0.5197082757949829,0.5398119570686284
4483,0.1924686189999999,0.34743964672088623,0.3210929036140442,0.33652877601372067
4484,0.846320346,0.33657312393188477,0.5176365971565247,0.49686396317989184
4485,0.153532609,0.24874192476272583,0.4194895327091217,0.42502459618023003
4486,0.296536797,0.32272273302078247,0.2655913829803467,0.2520777443963529
4487,0.4309623429999999,0.5075713396072388,0.6660261154174805,0.6700908627296549
4488,0.238095238,0.45186692476272583,0.4308324456214905,0.4410233911761571
4489,0.679347826,0.5313608050346375,0.652391791343689,0.6474447222612576
4490,0.64673913,0.6060870289802551,0.4203525483608246,0.41290261024627545
4491,0.67114094,0.44788986444473267,0.4593815505504608,0.45233094540498436
4492,0.414502165,0.4403553605079651,0.4139746427536011,0.42855943884534287
4493,0.387445887,0.4403553605079651,0.4139746427536011,0.4181134268994342
4494,0.7337662340000001,0.6257597804069519,0.49553781747817993,0.5064778339532056
4495,0.641774892,0.6257597804069519,0.49553781747817993,0.49606985768653683
4496,0.181818182,0.5673275589942932,0.659030020236969,0.6277855806566343
4497,0.4529147979999999,0.7548635601997375,0.727936327457428,0.7240991442906396
4498,0.953125,0.4762032628059387,0.606012761592865,0.6055382658374988
4499,0.4686147189999999,0.6211018562316895,0.6293171644210815,0.6340043441224628
4500,0.5129870129999999,0.6211018562316895,0.6293171644210815,0.6456131973529191
4501,0.095238095,0.22061076760292053,0.3128523528575897,0.3335836892034251
4502,0.138528139,0.22061076760292053,0.3128523528575897,0.33565672498223226
4503,0.594594595,0.32658159732818604,0.4862588942050934,0.4802898081547821
4504,0.846153846,0.42436152696609497,0.25077441334724426,0.2539654201345545
4505,0.018315018,0.5744292140007019,0.42362451553344727,0.40853417688460303
4506,0.778947368,0.37791940569877625,0.39997008442878723,0.40230133828048165
4507,0.47985348,0.4000244140625,0.2652472257614136,0.29349008899678475
4508,0.233183857,0.4887464642524719,0.7936496138572693,0.7614758590074708
4509,0.234432234,0.3676689565181732,0.24650612473487854,0.24087422920422039
4510,0.69058296,0.6398375630378723,0.5868428945541382,0.6116423918271827
4511,0.8513513509999999,0.587766706943512,0.9736548662185669,0.9222882544245335
4512,0.103139013,0.5092601180076599,0.475382924079895,0.4592682618574714
4513,0.963157895,0.6417763233184814,0.5121117830276489,0.5177870205771782
4514,0.511210762,0.5414279699325562,0.8658583760261536,0.828488294535981
4515,0.594202899,0.4548273980617523,0.4991793930530548,0.5130616584064334
4516,0.448369565,0.4328562319278717,0.5904902815818787,0.5867365790071459
4517,0.5216450220000001,0.44260546565055847,0.677575945854187,0.6602625362969055
4518,0.659090909,0.44260546565055847,0.677575945854187,0.6585071325536477
4519,0.26007326,0.4030749201774597,0.4816311299800873,0.4970836136739175
4520,0.528985507,0.32343727350234985,0.39456871151924133,0.37821673513288123
4521,0.195887446,0.38239800930023193,0.47662538290023804,0.4817516510868005
4522,0.252164502,0.38239800930023193,0.47662538290023804,0.473288806164487
4523,0.889945652,0.6674960851669312,0.8591316938400269,0.8464265287099584
4524,0.756756757,0.6663554310798645,0.5956183671951294,0.581451752756313
4525,0.34375,0.5539455413818359,0.4750533401966095,0.45922506074688485
4526,0.8464673909999999,0.6320538520812988,0.4665197730064392,0.47419694807451396
4527,0.516304348,0.68238365650177,0.7820078730583191,0.7699363879909963
4528,0.389945652,0.4675697386264801,0.174632728099823,0.19500961008131174
4529,0.47706422,0.5305631160736084,0.40469783544540405,0.38524718640010847
4530,0.696750903,0.688599705696106,0.6703420877456665,0.6381001116649603
4531,0.562770563,0.6901916265487671,0.7334569692611694,0.7498363616498098
4532,0.448051948,0.6901916265487671,0.7334569692611694,0.7556585060723652
4533,0.554112554,0.39996466040611267,0.35539984703063965,0.3658170350959371
4534,0.293478261,0.5687406063079834,0.7827465534210205,0.7634732506922967
4535,0.7798913040000001,0.5283360481262207,0.5611806511878967,0.5768896499374461
4536,0.626373626,0.430641233921051,0.5923745632171631,0.5960619619862036
4537,0.385321101,0.6266713738441467,0.48260533809661865,0.47475506247018573
4538,0.994565217,0.7052297592163086,0.5390921831130981,0.569147735832052
4539,0.201183432,0.39349454641342163,0.5334197878837585,0.5240633003009699
4540,0.181318681,0.5167722105979919,0.35260581970214844,0.36463670690407624
4541,0.404761905,0.43015238642692566,0.40310537815093994,0.3986676574725807
4542,0.272727273,0.43015238642692566,0.40310537815093994,0.4051791477387048
4543,0.444043321,0.5123917460441589,0.49021705985069275,0.47397305161488157
4544,0.421875,0.5904893279075623,0.5645071864128113,0.593252422731308
4545,0.82967033,0.6657289266586304,0.5934218764305115,0.6241319571236037
4546,0.623641304,0.6728003025054932,0.9860333800315857,0.9229779238171523
4547,0.876923077,0.5476756691932678,0.6343798637390137,0.6211380972383816
4548,0.534296029,0.48842501640319824,0.25018706917762756,0.26289136334125784
4549,0.086642599,0.3738863468170166,0.3959263563156128,0.40499358259894264
4550,0.163157895,0.5261198282241821,0.5271914005279541,0.5278668872359127
4551,0.014440433,0.6051859259605408,0.480755090713501,0.4644899520050618
4552,0.899328859,0.5664513111114502,0.3278774619102478,0.34155573685893303
4553,0.051948052,0.5478512048721313,0.3286803364753723,0.32469612514119356
4554,0.63451087,0.37893974781036377,0.2642616629600525,0.26130123017810314
4555,0.723849372,0.4765869975090027,0.666231632232666,0.6894940786732722
4556,0.214765101,0.5252426862716675,0.34796223044395447,0.3523575759953943
4557,0.355311355,0.5634311437606812,0.514502763748169,0.5345307321487374
4558,0.334065934,0.5170589089393616,0.6229746341705322,0.6032237943432065
4559,0.025974026,0.5091283321380615,0.40476155281066895,0.4002565162735171
4560,0.162337662,0.5091283321380615,0.40476155281066895,0.40025651627351705
4561,0.804733728,0.5750640034675598,0.6818439960479736,0.6940849052169376
4562,0.770642202,0.41343554854393005,0.3276045322418213,0.31469115731780245
4563,0.263736264,0.27847445011138916,0.3749181032180786,0.38903124307131004
4564,0.964285714,0.45333680510520935,0.3170698285102844,0.3360835839403258
4565,0.963203463,0.45333680510520935,0.3170698285102844,0.3360835839403258
4566,0.879194631,0.5891838073730469,0.748167097568512,0.7464456918348708
4567,0.4798206279999999,0.6987067461013794,0.7165783643722534,0.7149914424479142
4568,0.017663043,0.2950262427330017,0.10779666900634766,0.12593607529879008
4569,0.958158996,0.6069380640983582,0.658284604549408,0.6790034573839248
4570,0.764835165,0.6234624981880188,0.8051843047142029,0.7804471799950528
4571,0.441558442,0.4057978093624115,0.4813876152038574,0.46882415789520593
4572,0.423160173,0.4057978093624115,0.4813876152038574,0.4688241578952058
4573,0.556213018,0.4168629050254822,0.5638161897659302,0.5720197211161882
4574,0.2971014489999999,0.45522060990333557,0.4398142099380493,0.4264883016163804
4575,0.883116883,0.5282307267189026,0.40654438734054565,0.42521188474572064
4576,0.91991342,0.5282307267189026,0.40654438734054565,0.41935191790797444
4577,0.592391304,0.5265220999717712,0.6581090688705444,0.6523575979118035
4578,0.904395604,0.5514840483665466,0.8511263132095337,0.834127374809299
4579,0.711956522,0.5302354097366333,0.7346242666244507,0.7132340489959612
4580,0.7640692640000001,0.47347569465637207,0.37006688117980957,0.37203423853411954
4581,0.841991342,0.47347569465637207,0.37006688117980957,0.37203423853411954
4582,0.4512635379999999,0.5239938497543335,0.5993828773498535,0.6090211859189432
4583,0.5021645020000001,0.5461679697036743,0.3283534348011017,0.348315594077773
4584,0.4177489179999999,0.5461679697036743,0.3283534348011017,0.348315594077773
4585,0.949790795,0.8103435635566711,0.7324422597885132,0.7436335763282449
4586,0.275824176,0.4610770344734192,0.41721320152282715,0.407096617483655
4587,0.224025974,0.5222153663635254,0.2912796437740326,0.28979038872590124
4588,0.239177489,0.5222153663635254,0.2912796437740326,0.2711443661772991
4589,0.3491847829999999,0.6185598969459534,0.5475460886955261,0.5519880882826336
4590,0.760869565,0.4226152300834656,0.39295703172683716,0.37508004525441974
4591,0.71875,0.5602309703826904,0.7167207598686218,0.6944577752549428
4592,0.615789474,0.6099230051040649,0.7030640840530396,0.6761950232237921
4593,0.054945055,0.3260040283203125,0.03187119960784912,0.09173842301685854
4594,0.959731544,0.6958815455436707,0.745871901512146,0.7416323844425753
4595,0.079120879,0.5588010549545288,0.5591309070587158,0.5594520799016885
4596,0.653532609,0.538998544216156,0.5488387942314148,0.5530360768890048
4597,0.464673913,0.8409480452537537,0.68398118019104,0.6823152960296299
4598,0.389121339,0.602381706237793,0.6454254388809204,0.6228434777263132
4599,0.843049327,0.5537622570991516,0.5941399931907654,0.6128870428829014
4600,0.577617329,0.4972476065158844,0.6085090637207031,0.6228272225396987
4601,0.64573991,0.8332479000091553,0.745711624622345,0.736494178276131
4602,0.995670996,0.5125552415847778,0.5705321431159973,0.5681050661438571
4603,0.970779221,0.5125552415847778,0.5705321431159973,0.5681050661438571
4604,0.039402174,0.5012656450271606,0.3510138690471649,0.33203988079643376
4605,0.296875,0.646492063999176,0.678497314453125,0.6762124087428258
4606,0.984848485,0.6786423921585083,0.7854390144348145,0.7988453723053981
4607,0.951298701,0.6786423921585083,0.7854390144348145,0.7988453723053981
4608,0.711038961,0.5407879948616028,0.6913983821868896,0.7131318744847528
4609,0.7370129870000001,0.5407879948616028,0.6913983821868896,0.7082574388661753
4610,0.792207792,0.45212414860725403,0.5941932201385498,0.6198384197801242
4611,0.5443786979999999,0.6634449362754822,0.7840648889541626,0.7797641471943141
4612,0.686098655,0.4014492630958557,0.7801029682159424,0.7687211395864653
4613,0.7934065929999999,0.4519692063331604,0.41716068983078003,0.39697421632377194
4614,0.295964126,0.6434154510498047,0.693682849407196,0.7220027417133632
4615,0.392663043,0.7054651975631714,0.8635693192481995,0.8569550801466688
4616,0.986413043,0.5720841884613037,0.748618483543396,0.767476010365534
4617,0.171548117,0.4383701682090759,0.3932439088821411,0.37647792441987926
4618,0.076086957,0.3427160978317261,0.19976022839546204,0.2160610963134536
4619,0.600732601,0.4012511372566223,0.4333518445491791,0.4499158674750577
4620,0.907608696,0.4084457755088806,0.46034353971481323,0.47116679942181355
4621,0.66017316,0.5298758745193481,0.47202616930007935,0.45877607540958765
4622,0.608225108,0.5298758745193481,0.47202616930007935,0.45877607540958765
4623,0.548351648,0.2981477379798889,0.31082120537757874,0.30423388871804524
4624,0.25,0.5449708700180054,0.40601831674575806,0.4195122630056586
4625,0.182417582,0.3288469910621643,0.23250380158424377,0.24465539521557053
4626,0.24048913,0.6789368391036987,0.7468240261077881,0.7316123450671184
4627,0.7839673909999999,0.7176502346992493,0.806290864944458,0.820101835135367
4628,0.7219730940000001,0.5166102051734924,0.3408564329147339,0.33213053338991916
4629,0.61038961,0.4636605978012085,0.4619911313056946,0.47786063927315114
4630,0.52173913,0.4505012333393097,0.1170009970664978,0.1463970985098012
4631,0.818181818,0.6320213079452515,0.7424628734588623,0.7697334688277816
4632,0.94701087,0.6794672012329102,0.6708041429519653,0.6891634758222891
4633,0.5201793720000001,0.4587481617927551,0.3952171206474304,0.40185342415893566
4634,0.604026846,0.2785818874835968,0.2112061083316803,0.21196740558786384
4635,0.8714285709999999,0.4870799481868744,0.4889034032821655,0.47932810175489615
4636,0.523809524,0.48124048113822937,0.4385813772678375,0.45293860004424025
4637,0.720879121,0.6801676750183105,0.7723632454872131,0.7874344786205845
4638,0.165137615,0.5279325246810913,0.3328709602355957,0.3613098711053551
4639,0.905405405,0.5639983415603638,0.6760938763618469,0.665023061592549
4640,0.265625,0.6823683381080627,0.5993858575820923,0.6059918665415021
4641,0.624548736,0.5861930251121521,0.4352096617221832,0.4268246898190775
4642,0.258152174,0.6516513228416443,0.6921178102493286,0.6805818990051484
4643,0.754512635,0.46516159176826477,0.5634658336639404,0.5327151275265953
4644,0.70995671,0.5328571200370789,0.5234546661376953,0.5468803350727253
4645,0.7164502159999999,0.5328571200370789,0.5234546661376953,0.5468803350727253
4646,0.41991342,0.5967106819152832,0.4355669617652893,0.42411199690085616
4647,0.44047619,0.5967106819152832,0.4355669617652893,0.43798857716347084
4648,0.28440367,0.5909979343414307,0.6069716215133667,0.6291258134998202
4649,0.4977578479999999,0.43154263496398926,0.5286078453063965,0.5391781738086423
4650,0.418410042,0.48232537508010864,0.5322264432907104,0.5447522192786447
4651,0.470852018,0.5137391686439514,0.5924654006958008,0.5914713277681423
4652,0.909090909,0.3835427463054657,0.4300525486469269,0.4192726331501042
4653,0.38021978,0.47063928842544556,0.49694111943244934,0.4996289562740642
4654,0.590909091,0.49374765157699585,0.6096711754798889,0.6000275470005619
4655,0.054151625,0.3897334635257721,0.2546408772468567,0.26136870407729484
4656,0.971861472,0.6732091903686523,0.7009532451629639,0.6702400067025822
4657,0.165919283,0.7132039070129395,0.6025048494338989,0.6214368483373498
4658,0.147928994,0.4459385871887207,0.5331851840019226,0.5610560192800134
4659,0.74556213,0.40170109272003174,0.6495690941810608,0.6201347263977117
4660,0.811659193,0.567064642906189,0.6420578360557556,0.6543268903456472
4661,0.891213389,0.5898363590240479,0.7054192423820496,0.6877256675306804
4662,0.142259414,0.32064205408096313,0.12712335586547852,0.1410759584530729
4663,0.627705628,0.39014583826065063,0.6267567873001099,0.6447599879282391
4664,0.574675325,0.39014583826065063,0.6267567873001099,0.6386392172385287
4665,0.887445887,0.445131778717041,0.452548086643219,0.45183678169048
4666,0.7792207790000001,0.445131778717041,0.452548086643219,0.45183678169047997
4667,0.807359307,0.6416519284248352,0.506135880947113,0.5210467687727707
4668,0.8365800870000001,0.6416519284248352,0.506135880947113,0.5210467687727707
4669,0.457399103,0.6000056266784668,0.8282950520515442,0.8006212095965436
4670,0.4170403589999999,0.46465492248535156,0.5658217668533325,0.5912676132150407
4671,0.456709957,0.6954736113548279,0.4964453876018524,0.5206843740531765
4672,0.520562771,0.6954736113548279,0.4964453876018524,0.5206843740531764
4673,0.231868132,0.5912336111068726,0.5070701241493225,0.49697925359867945
4674,0.34057971,0.43354880809783936,0.46593332290649414,0.45534328014130154
4675,0.35326087,0.5335930585861206,0.46220147609710693,0.4726810306922432
4676,0.64516129,0.4360450506210327,0.49814099073410034,0.49021707321352337
4677,0.7142857140000001,0.702025294303894,0.5727647542953491,0.5728072441094361
4678,0.651006711,0.6646100282669067,0.42914730310440063,0.4181519056774011
4679,0.895380435,0.6820986270904541,0.7065691947937012,0.7258414187033917
4680,0.402366864,0.6253445148468018,0.5782037973403931,0.5660731015901684
4681,0.119047619,0.46170759201049805,0.5152596831321716,0.5083837059149043
4682,0.130952381,0.46170759201049805,0.5152596831321716,0.5083837059149043
4683,0.19701087,0.679131269454956,0.41119584441185,0.393229433500801
4684,0.346570397,0.3887642025947571,0.5210992097854614,0.5302251205726466
4685,0.0433213,0.3839784264564514,0.32982537150382996,0.3152782779067922
4686,0.544836957,0.5486366152763367,0.6629685759544373,0.6446409385394793
4687,0.092050209,0.5585625171661377,0.4784012734889984,0.47231099184689895
4688,0.017751479,0.27073991298675537,0.23070868849754333,0.22380114979645827
4689,0.401098901,0.45044466853141785,0.6364731788635254,0.6264601646574695
4690,0.915750916,0.48105528950691223,0.29269492626190186,0.28366629265886
4691,0.326086957,0.35134732723236084,0.5936325192451477,0.5706932173112158
4692,0.279891304,0.49021270871162415,0.7808233499526978,0.765873513076864
4693,0.30044843,0.2601529359817505,0.3587222993373871,0.37339965443143197
4694,0.33008658,0.47993719577789307,0.5864757895469666,0.5663009074756034
4695,0.25974026,0.47993719577789307,0.5864757895469666,0.571989618312065
4696,0.6725274729999999,0.6451917886734009,0.4603162109851837,0.42761158886369477
4697,0.0681818179999999,0.3261469602584839,0.30240193009376526,0.30066868389576284
4698,0.018398268,0.3261469602584839,0.30240193009376526,0.2915487419865663
4699,0.461538462,0.49224579334259033,0.630122721195221,0.6329760572523965
4700,0.2,0.5226841568946838,0.6222171187400818,0.6272402688763944
4701,0.013452915,0.46401455998420715,0.7767736315727234,0.783871110895387
4702,0.664835165,0.47832807898521423,0.4232040047645569,0.40307580703871404
4703,0.10041841,0.3590703010559082,0.44159406423568726,0.43198075819914283
4704,0.930769231,0.5365489721298218,0.5862841010093689,0.584476309621751
4705,0.8428571429999999,0.5443170070648193,0.6215745210647583,0.5914878876891241
4706,0.115942029,0.18481409549713135,0.20166614651679993,0.18777719553853078
4707,0.04978355,0.38141095638275146,0.1340464949607849,0.1351109313846987
4708,0.979619565,0.3750137984752655,0.5704217553138733,0.5937265609694917
4709,0.7527173909999999,0.8500488996505737,0.8463553786277771,0.8413188298456621
4710,0.555194805,0.5363454222679138,0.6653793454170227,0.672997486497781
4711,0.577922078,0.5363454222679138,0.6653793454170227,0.6738653611243682
4712,0.771428571,0.48716381192207336,0.5684239864349365,0.5660696576821318
4713,0.210526316,0.32581621408462524,0.4267756938934326,0.4215935610686249
4714,0.3378378379999999,0.3628692328929901,0.45064687728881836,0.4702912669571413
4715,0.163043478,0.30172285437583923,0.3555859923362732,0.35637079968943375
4716,0.270562771,0.37277209758758545,0.41206544637680054,0.4178121381458304
4717,0.3376623379999999,0.37277209758758545,0.41206544637680054,0.4178121381458304
4718,0.1320346319999999,0.43195557594299316,0.5003912448883057,0.48355144812990264
4719,0.260822511,0.43195557594299316,0.5003912448883057,0.48355144812990264
4720,0.7813186809999999,0.5072451233863831,0.4342384338378906,0.41172089953212354
4721,0.311594203,0.3140460252761841,0.4537630081176758,0.42839464608318545
4722,0.805706522,0.456155002117157,0.5768387913703918,0.5465904782943046
4723,0.433423913,0.697169303894043,0.7427158951759338,0.7181949208763868
4724,0.508658009,0.6630435585975647,0.6622634530067444,0.6588223278733252
4725,0.531385281,0.6630435585975647,0.6622634530067444,0.6563077011434137
4726,0.434977578,0.40885454416275024,0.740653395652771,0.7272391407950802
4727,0.446886447,0.2983759045600891,0.24325981736183167,0.26757821948640703
4728,0.479619565,0.561191201210022,0.44488441944122314,0.428652058430448
4729,0.449275362,0.3003946840763092,0.24275308847427368,0.24173621934550898
4730,0.665271967,0.5698150992393494,0.7119520306587219,0.6822190823400123
4731,0.926739927,0.7004316449165344,0.7509927749633789,0.7428723332779201
4732,0.444805195,0.6803670525550842,0.7166895866394043,0.7171823095223984
4733,0.5021645020000001,0.6803670525550842,0.7166895866394043,0.7171823095223984
4734,0.385281385,0.7016050815582275,0.332000195980072,0.3148490010520738
4735,0.473684211,0.4860270023345947,0.2841769754886627,0.28175184175280177
4736,0.751648352,0.5458645820617676,0.35558003187179565,0.36145612424525825
4737,0.278026906,0.39822322130203247,0.6047954559326172,0.6135729908734537
4738,0.547252747,0.647106409072876,0.5752341151237488,0.58261608685017
4739,0.278138528,0.32221028208732605,0.4070725440979004,0.4210140778242815
4740,0.286796537,0.32221028208732605,0.4070725440979004,0.42101407782428146
4741,0.6081081079999999,0.65926593542099,0.5944797396659851,0.5874268068768662
4742,0.470779221,0.45418596267700195,0.5624513626098633,0.5388044318219333
4743,0.656926407,0.45418596267700195,0.5624513626098633,0.5388044318219333
4744,0.6634199129999999,0.40761667490005493,0.3332172632217407,0.35376047562790547
4745,0.582251082,0.40761667490005493,0.3332172632217407,0.3522469659590888
4746,0.798206278,0.41884714365005493,0.6839888095855713,0.6698071032322856
4747,0.355704698,0.5278223156929016,0.9697726368904114,0.9250128657939377
4748,0.545454545,0.3502984941005707,0.48385336995124817,0.5097120125152912
4749,0.822510823,0.6396526098251343,0.7252686619758606,0.7472924764209046
4750,0.8744588740000001,0.6396526098251343,0.7252686619758606,0.7472924764209046
4751,0.905829596,0.29604625701904297,0.31774264574050903,0.30687245127788554
4752,0.6359832639999999,0.5888296365737915,0.7056969404220581,0.7246124187943579
4753,0.768398268,0.5060709714889526,0.42097732424736023,0.4129924768979374
4754,0.7132034629999999,0.5060709714889526,0.42097732424736023,0.4129924768979374
4755,0.284518828,0.49081701040267944,0.35922080278396606,0.344500503740095
4756,0.11038961,0.3366512954235077,0.24482372403144836,0.24079981566597086
4757,0.187229437,0.3366512954235077,0.24482372403144836,0.24079981566597086
4758,0.596467391,0.3884466886520386,0.5346764326095581,0.5046132420699028
4759,0.006493506,0.25415319204330444,0.05373433232307434,0.1026713241560287
4760,0.216117216,0.6864806413650513,0.41735702753067017,0.4369988253823358
4761,0.0194805189999999,0.41465434432029724,0.21866217255592346,0.2274801745394756
4762,0.002164502,0.41465434432029724,0.21866217255592346,0.2274801745394756
4763,0.651648352,0.41853564977645874,0.20774289965629578,0.21005454042765298
4764,0.2173913039999999,0.46814781427383423,0.2572123408317566,0.2671335342006551
4765,0.33557047,0.5369597673416138,0.6633453369140625,0.6346023869728656
4766,0.585714286,0.518963634967804,0.3441769778728485,0.3603184055512348
4767,0.8267148009999999,0.5132837295532227,0.2784460186958313,0.30076255235749255
4768,0.628571429,0.629218339920044,0.755363941192627,0.7279744355043845
4769,0.406926407,0.4216983914375305,0.443349152803421,0.4334863239035778
4770,0.8138586959999999,0.44081729650497437,0.47595691680908203,0.5028715479970046
4771,0.267316017,0.3486645817756653,0.34681254625320435,0.3412083714111454
4772,0.268398268,0.3486645817756653,0.34681254625320435,0.3412083714111454
4773,0.403669725,0.5579920411109924,0.46334484219551086,0.4945717081551905
4774,0.724025974,0.4853529930114746,0.4487265944480896,0.4768415698672833
4775,0.687229437,0.4853529930114746,0.4487265944480896,0.4730258177204193
4776,0.310989011,0.43986326456069946,0.47608786821365356,0.48742320464030836
4777,0.73964497,0.6364953517913818,0.3554137349128723,0.38309968238842507
4778,0.814935065,0.6591449975967407,0.8045146465301514,0.7780459158956999
4779,0.765151515,0.6591449975967407,0.8045146465301514,0.7785775422909824
4780,0.582959641,0.23655235767364502,0.11460056900978088,0.1223592394684177
4781,0.158008658,0.38682764768600464,0.48824766278266907,0.49497318781841626
4782,0.134199134,0.38682764768600464,0.48824766278266907,0.4949731878184163
4783,0.974025974,0.6536945700645447,0.7883462905883789,0.7708285993990762
4784,0.979437229,0.6536945700645447,0.7883462905883789,0.7708285993990762
4785,0.174311927,0.22573813796043396,0.04014807939529419,0.09497383401508033
4786,0.1946308719999999,0.4646751582622528,0.283612459897995,0.3143263394564205
4787,0.339449541,0.6762625575065613,0.6503915786743164,0.6326358774646862
4788,0.0508658009999999,0.30646660923957825,0.3547900915145874,0.381312509518672
4789,0.097402597,0.30646660923957825,0.3547900915145874,0.3675920951320818
4790,0.6989010990000001,0.7053836584091187,0.639735221862793,0.6408451121778214
4791,0.094202899,0.5027397871017456,0.5509765148162842,0.5241205104187712
4792,0.722021661,0.5888054370880127,0.4966350495815277,0.5112417503364547
4793,0.7813852809999999,0.5580699443817139,0.3991008698940277,0.41692582076782636
4794,0.712121212,0.5580699443817139,0.3991008698940277,0.4307245389212703
4795,0.898268398,0.8525012135505676,0.8930966258049011,0.894872764535563
4796,0.941558442,0.8525012135505676,0.8930966258049011,0.894872764535563
4797,0.228354978,0.5665704011917114,0.6845827698707581,0.6837463517226237
4798,0.251082251,0.5665704011917114,0.6845827698707581,0.6893713120598248
4799,0.1277173909999999,0.10409495234489441,-0.015259921550750732,0.07231964940599714
4800,0.010822511,0.5189263224601746,0.46082302927970886,0.453329390914627
4801,0.005411255,0.5189263224601746,0.46082302927970886,0.45351951507638477
4802,0.172161172,0.16685044765472412,-0.027749180793762207,0.06602131330523561
4803,0.576086957,0.5163702368736267,0.4829833507537842,0.4664742030767999
4804,0.503246753,0.4576500654220581,0.3945814073085785,0.39245957724983915
4805,0.693722944,0.4576500654220581,0.3945814073085785,0.40580670240253414
4806,0.737771739,0.540104866027832,0.8693664073944092,0.8450672730156115
4807,0.6750902529999999,0.4996570348739624,0.4223799705505371,0.40880657662892084
4808,0.984210526,0.5762574672698975,0.6039729714393616,0.6145597403457418
4809,0.514945652,0.6204267144203186,0.5997951030731201,0.6033721952794603
4810,0.542600897,0.6764621138572693,0.8313387632369995,0.8074668696243475
4811,0.648097826,0.5670434236526489,0.7560218572616577,0.7764078514276684
4812,0.395380435,0.45444852113723755,0.3019685447216034,0.32546838673516904
4813,0.8615384620000001,0.5590196847915649,0.44616517424583435,0.4608142857596954
4814,0.0946745559999999,0.5213621258735657,0.5677337646484375,0.5683998926756275
4815,0.148648649,0.2779353857040405,0.3107806444168091,0.31294710509026025
4816,0.020920502,0.4159081280231476,0.5825452208518982,0.5507310072555338
4817,0.121052632,0.49714305996894836,0.49666672945022583,0.5110773887763176
4818,0.356043956,0.44995707273483276,0.6076778769493103,0.6153322744170735
4819,0.263586957,0.26323550939559937,0.1745276153087616,0.1706172076267527
4820,0.115800866,0.4520491361618042,0.2994820177555084,0.31551926194317714
4821,0.047619048,0.4520491361618042,0.2994820177555084,0.31551926194317714
4822,0.712121212,0.6335495710372925,0.5448662638664246,0.557607266801984
4823,0.706709957,0.6335495710372925,0.5448662638664246,0.557607266801984
4824,0.806277056,0.44881772994995117,0.3075646162033081,0.2930913149892329
4825,0.756493506,0.44881772994995117,0.3075646162033081,0.2930913149892329
4826,0.212454212,0.49426406621932983,0.29835858941078186,0.29638926944924404
4827,0.932735426,0.6080690026283264,0.79482102394104,0.7880104021925584
4828,0.422077922,0.33798205852508545,0.39676693081855774,0.42147786617369654
4829,0.382034632,0.33798205852508545,0.39676693081855774,0.42147786617369654
4830,0.193548387,0.632225513458252,0.4585290551185608,0.4470174776825222
4831,0.192640693,0.3712402284145355,0.18071115016937256,0.18932219047021415
4832,0.2928870289999999,0.408888578414917,0.652841329574585,0.6474639749691882
4833,0.025274725,0.5303016901016235,0.5631639957427979,0.5785336853056636
4834,0.496753247,0.2953333258628845,0.2267059087753296,0.2503288172165902
4835,0.426406926,0.2953333258628845,0.2267059087753296,0.25032881721659017
4836,0.597633136,0.556202232837677,0.6772952079772949,0.646681010515139
4837,0.140692641,0.34306973218917847,0.2900247573852539,0.26899201080303015
4838,0.124458874,0.34306973218917847,0.2900247573852539,0.26899201080303015
4839,0.283783784,0.527584969997406,0.434906542301178,0.4469962538998183
4840,0.712121212,0.5291483402252197,0.42953822016716003,0.41119116886019935
4841,0.357142857,0.7523353099822998,0.557868242263794,0.5708141729294676
4842,0.305706522,0.4675845205783844,0.5108897686004639,0.4868987291491619
4843,0.440366972,0.535554826259613,0.3481763005256653,0.36044328197953174
4844,0.796875,0.6248680949211121,0.7262134552001953,0.734840885998375
4845,0.0951086959999999,0.42299512028694153,0.06919312477111816,0.07468073642736556
4846,0.494505495,0.4266498386859894,0.4469132125377655,0.44938594267445436
4847,0.789402174,0.38059553503990173,0.39548152685165405,0.37180793472526386
4848,0.9,0.46809110045433044,0.7429656386375427,0.753510839852892
4849,0.505411255,0.49617111682891846,0.5932194590568542,0.5892625000608421
4850,0.492424242,0.49617111682891846,0.5932194590568542,0.585176963648457
4851,0.69874477,0.5232567191123962,0.6041727066040039,0.5920979883492996
4852,0.924686192,0.45281124114990234,0.281095951795578,0.2818872130442688
4853,0.934782609,0.6398934721946716,0.48743531107902527,0.4865573774971076
4854,0.117965368,0.22793632745742798,0.24295103549957275,0.25193290445820204
4855,0.115800866,0.22793632745742798,0.24295103549957275,0.25193290445820204
4856,0.231601732,0.34323522448539734,0.1891002357006073,0.1855120660732056
4857,0.238095238,0.34323522448539734,0.1891002357006073,0.2024310941251284
4858,0.977272727,0.60111403465271,0.5483230948448181,0.5543975678485347
4859,0.976190476,0.60111403465271,0.5483230948448181,0.5543975678485347
4860,0.271062271,0.2869706153869629,0.4366828203201294,0.40713232947927425
4861,0.297554348,0.3976961374282837,0.4568999409675598,0.4827954599587576
4862,0.085497835,0.3441464900970459,0.4728720784187317,0.44678220533893986
4863,0.069264069,0.3441464900970459,0.4728720784187317,0.4599905320290805
4864,0.321978022,0.45413118600845337,0.48772138357162476,0.45837399713197696
4865,0.989130435,0.46369385719299316,0.4513716995716095,0.43666742656944535
4866,0.27173913,0.21523898839950562,0.18081015348434448,0.19770188634429164
4867,0.969230769,0.5395931005477905,0.42812979221343994,0.4532000719355298
4868,0.103896104,0.2668742537498474,0.40984097123146057,0.4256360727375664
4869,0.915584416,0.484842449426651,0.6573066115379333,0.6504227685638874
4870,0.977272727,0.484842449426651,0.6573066115379333,0.6504227685638874
4871,0.124175824,0.4686046540737152,0.5282508134841919,0.518388992101189
4872,0.617449664,0.6561038494110107,0.5287906527519226,0.5396611463530369
4873,0.5167785229999999,0.4175003170967102,0.25232768058776855,0.2710254963547213
4874,0.365800866,0.4872245788574219,0.4779469966888428,0.48919185163301626
4875,0.403679654,0.4872245788574219,0.4779469966888428,0.4822300458089548
4876,0.095238095,0.33164989948272705,0.17082908749580383,0.1612491361328207
4877,0.154945055,0.286912202835083,0.12024685740470886,0.15702731405190562
4878,0.095238095,0.31983131170272827,0.2537209391593933,0.25466232408311795
4879,0.0072202169999999,0.38729456067085266,0.12397795915603638,0.15627056295549147
4880,0.338912134,0.30056968331336975,0.3361581563949585,0.33552749763144074
4881,0.431818182,0.42623475193977356,0.4878925383090973,0.4643786916288859
4882,0.470779221,0.42623475193977356,0.4878925383090973,0.4643786916288859
4883,0.347402597,0.5401131510734558,0.5457346439361572,0.5244515645135115
4884,0.393939394,0.5401131510734558,0.5457346439361572,0.5244515645135115
4885,0.145021645,0.6023680567741394,0.4242534637451172,0.40072944281912504
4886,0.133116883,0.6023680567741394,0.4242534637451172,0.41253675003020807
4887,0.744769874,0.49560508131980896,0.5894642472267151,0.5982472816355433
4888,0.974725275,0.641058623790741,0.7700020670890808,0.7543884439148628
4889,0.497282609,0.3381148874759674,0.27528172731399536,0.2784789631391048
4890,0.085597826,0.32932141423225403,0.12086862325668335,0.12965877490958783
4891,0.0865800869999999,0.37106090784072876,0.23365572094917297,0.24000693128398282
4892,0.122294372,0.37106090784072876,0.23365572094917297,0.24780983039486076
4893,0.857142857,0.5203570127487183,0.43893682956695557,0.4563981679191564
4894,0.925324675,0.5203570127487183,0.43893682956695557,0.4601666785912125
4895,0.3439560439999999,0.3040412664413452,0.4238232374191284,0.40144449052663844
4896,0.792207792,0.5650573968887329,0.44790634512901306,0.4712013368628488
4897,0.7536231879999999,0.4252759516239166,0.38154131174087524,0.37196772383431614
4898,0.206709957,0.42410755157470703,0.19141027331352234,0.2085177790968682
4899,0.2586580089999999,0.42410755157470703,0.19141027331352234,0.2085177790968682
4900,0.4729729729999999,0.2023509442806244,0.22569340467453003,0.21223530540386754
4901,0.7705627709999999,0.6825694441795349,0.4794676899909973,0.47596646355956684
4902,0.724025974,0.6825694441795349,0.4794676899909973,0.47596646355956684
4903,0.238095238,0.5209366083145142,0.4442536532878876,0.44195538002850443
4904,0.16991342,0.5209366083145142,0.4442536532878876,0.44195538002850443
4905,0.990825688,0.7752457857131958,0.7676005959510803,0.75762330864183
4906,0.5381165920000001,0.415130078792572,0.28720393776893616,0.3032119573093991
4907,0.20923913,0.6214887499809265,0.3418539762496948,0.33465563771545126
4908,0.389261745,0.39634212851524353,0.44613540172576904,0.4418883615397372
4909,0.435064935,0.24384909868240356,0.19515442848205566,0.18694899574792825
4910,0.252164502,0.5366098880767822,0.5252973437309265,0.5091866730175904
4911,0.182900433,0.5366098880767822,0.5252973437309265,0.5091866730175904
4912,0.992753623,0.5707894563674927,0.5590935945510864,0.5553589608741247
4913,0.8241758240000001,0.7907463908195496,0.7775849103927612,0.7620087312007562
4914,0.245421245,0.20693165063858032,0.2365272045135498,0.26282871694214527
4915,0.568421053,0.6091267466545105,0.4401419758796692,0.4206130989504939
4916,0.887892377,0.5027418732643127,0.37943166494369507,0.3965936113601878
4917,0.394618834,0.4128890931606293,0.4473182260990143,0.4559247258550003
4918,0.974025974,0.6590271592140198,0.5389000177383423,0.5547045697172002
4919,0.379061372,0.3885478079319,0.63587486743927,0.6347843634608242
4920,0.3831168829999999,0.3107805848121643,0.17217841744422913,0.18471526847923297
4921,0.008368201,0.16222608089447021,0.17084068059921265,0.1749785799420966
4922,0.101902174,0.4660938084125519,0.36063843965530396,0.3896720669421687
4923,0.3170995669999999,0.2828531861305237,0.5348689556121826,0.5282237525272863
4924,0.303030303,0.2828531861305237,0.5348689556121826,0.5246758243221987
4925,0.317689531,0.39732545614242554,0.21821251511573792,0.24050446319133417
4926,0.167748918,0.3001691401004791,0.33225852251052856,0.3093534745213348
4927,0.172077922,0.3001691401004791,0.33225852251052856,0.3091532954206329
4928,0.83423913,0.40020036697387695,0.3202051520347595,0.322803397426354
4929,0.8428571429999999,0.4490860402584076,0.8471792936325073,0.8634611722654508
4930,0.661684783,0.5735606551170349,0.5222675204277039,0.5240437332138187
4931,0.985930736,0.6141951084136963,0.6419646739959717,0.6504994390244294
4932,0.961038961,0.6141951084136963,0.6419646739959717,0.6504994390244294
4933,0.923076923,0.6263725161552429,0.7409860491752625,0.7371316055848042
4934,0.935483871,0.45921817421913147,0.591392993927002,0.6056812455143257
4935,0.5,0.5770928859710693,0.5031449794769287,0.5147519641100272
4936,0.501082251,0.5770928859710693,0.5031449794769287,0.5147519641100272
4937,0.482417582,0.5015205144882202,0.6614235639572144,0.6587817777645918
4938,0.104395604,0.3744123578071594,0.47299882769584656,0.44088966609224145
4939,0.563758389,0.5002473592758179,0.524667501449585,0.515645331829126
4940,0.109307359,0.2627951502799988,0.4085350036621094,0.40201062506874224
4941,0.180735931,0.2627951502799988,0.4085350036621094,0.4020106250687422
4942,0.318181818,0.45254796743392944,0.45046544075012207,0.47140613483325233
4943,0.1875,0.39546144008636475,0.2288743257522583,0.24074873267625874
4944,0.445887446,0.6006428003311157,0.7337150573730469,0.7180994478755837
4945,0.7835497840000001,0.6741642355918884,0.6285045146942139,0.6106442910728267
4946,0.7976190479999999,0.6741642355918884,0.6285045146942139,0.6106442910728267
4947,0.7489177490000001,0.5242916941642761,0.5983636975288391,0.5795416542082052
4948,0.214285714,0.4509660005569458,0.44865769147872925,0.45584214596606687
4949,0.229437229,0.4509660005569458,0.44865769147872925,0.45584214596606687
4950,0.362416107,0.6583914756774902,0.6522192358970642,0.6471886376051731
4951,0.418831169,0.4623259902000427,0.6092126369476318,0.5885161669185328
4952,0.3831168829999999,0.4623259902000427,0.6092126369476318,0.5885161669185328
4953,0.490974729,0.43120449781417847,0.7095257043838501,0.6993588156608915
4954,0.129963899,0.6187265515327454,0.6149721741676331,0.5901381018647238
4955,0.8736842109999999,0.6202932000160217,0.8431713581085205,0.8088297219646671
4956,0.746753247,0.5628503561019897,0.30733588337898254,0.29572128701155775
4957,0.40167364,0.36851760745048523,0.3020150363445282,0.29170819342789645
4958,0.728571429,0.433208167552948,0.50069659948349,0.5059794690476439
4959,0.456521739,0.510860025882721,0.5117897987365723,0.5172850765391599
4960,0.078125,0.33648043870925903,0.26443415880203247,0.2891901131865089
4961,0.805860806,0.4566566050052643,0.5043747425079346,0.5126124239192904
4962,0.945945946,0.5657097697257996,0.574752151966095,0.5698126746106907
4963,0.686813187,0.49432575702667236,0.48235854506492615,0.5069784352730486
4964,0.064220183,0.5279985070228577,0.31512904167175293,0.2968717498807147
4965,0.928571429,0.45124346017837524,0.4948420524597168,0.5236877432923132
4966,0.618834081,0.32982563972473145,0.4272192716598511,0.430342397669331
4967,0.537362637,0.5518156290054321,0.3937962055206299,0.38877810785937456
4968,0.175324675,0.3235552906990051,0.5065690875053406,0.484297820989543
4969,0.233766234,0.3235552906990051,0.5065690875053406,0.4902361005524911
4970,0.798534799,0.5060524940490723,0.2607600688934326,0.2525765912167171
4971,0.436842105,0.7192283868789673,0.8453007936477661,0.8434889312947831
4972,0.59832636,0.5063944458961487,0.6480231881141663,0.6313466365200524
4973,0.778242678,0.7006834149360657,0.7522096633911133,0.7460990524359992
4974,0.6829004329999999,0.4869785010814667,0.6119217872619629,0.6327736141510372
4975,0.604978355,0.4869785010814667,0.6119217872619629,0.6327736141510372
4976,0.910526316,0.6575090289115906,0.6582340002059937,0.6404995262191324
4977,0.917748918,0.6131216883659363,0.5309489965438843,0.5559317157470689
4978,0.810650888,0.4055224657058716,0.5750056505203247,0.5564984850146515
4979,0.623853211,0.5132588148117065,0.7053440809249878,0.6874018489827829
4980,0.586956522,0.5892413258552551,0.7997169494628906,0.7847924706480156
4981,0.216032609,0.5936583876609802,0.48540782928466797,0.45778930511732396
4982,0.623318386,0.4445793032646179,0.30462855100631714,0.2949137022669458
4983,0.736401674,0.6622687578201294,0.7942751049995422,0.788675698628361
4984,0.935018051,0.6445840001106262,0.7037109732627869,0.7111316214319795
4985,0.489932886,0.42590925097465515,0.45506322383880615,0.4549966519961004
4986,0.126353791,0.3971650302410126,0.553473949432373,0.5411581442667351
4987,0.541516245,0.6710386276245117,0.5310735702514648,0.5371628938362227
4988,0.994588745,0.6907700300216675,0.8331783413887024,0.8333739031581886
4989,0.982683983,0.6907700300216675,0.8331783413887024,0.8333739031581888
4990,0.333333333,0.5479164123535156,0.659554123878479,0.6528339086369107
4991,0.3625541129999999,0.5479164123535156,0.659554123878479,0.6528339086369107
4992,0.63898917,0.5130780935287476,0.2361791729927063,0.23656279218871454
4993,0.678021978,0.4543542265892029,0.43320029973983765,0.4431100142109898
4994,0.471428571,0.5947743058204651,0.40420639514923096,0.429943313625835
4995,0.058441558,0.398510217666626,0.14675772190093994,0.1502848553411282
4996,0.8008658009999999,0.35988569259643555,0.4339514672756195,0.4178647459145626
4997,0.68115942,0.7013072967529297,0.5348974466323853,0.5080325314312917
4998,0.798657718,0.6400293111801147,0.795688807964325,0.7943328927764758
4999,0.3684210529999999,0.3962281346321106,0.22459900379180908,0.23578386588719377
5000,0.154811715,0.43334200978279114,0.5192327499389648,0.523180177767496
5001,0.22147651,0.41534560918807983,0.38191622495651245,0.4090254713115673
5002,0.421052632,0.38910922408103943,0.5001121163368225,0.528681570833232
5003,0.253623188,0.45976880192756653,0.45181551575660706,0.4589836344856367
5004,0.518828452,0.44645464420318604,0.3218138515949249,0.3430226427356156
5005,0.6373626370000001,0.7553496360778809,0.7185403108596802,0.7049481373432105
5006,0.313609467,0.4903055429458618,0.4272312521934509,0.43698282645199626
5007,0.824728261,0.5003287196159363,0.4296412765979767,0.4105492906632573
5008,0.97032967,0.5966007113456726,0.8687527179718018,0.8708903986036908
5009,0.3831168829999999,0.3740544617176056,0.4050721824169159,0.43448530084337184
5010,0.246861925,0.5260928869247437,0.6281808614730835,0.6188720199320595
5011,0.817934783,0.5134968757629395,0.818369448184967,0.7994646123470929
5012,0.2087912089999999,0.3532194495201111,0.39472275972366333,0.38797337633512885
5013,0.89673913,0.4797897934913635,0.48385095596313477,0.495966231676532
5014,0.453463203,0.5739048719406128,0.8488904237747192,0.8377447220244211
5015,0.550865801,0.5739048719406128,0.8488904237747192,0.8377447220244211
5016,0.5173160170000001,0.33302170038223267,0.5267045497894287,0.519823107695738
5017,0.6991341990000001,0.33302170038223267,0.5267045497894287,0.519823107695738
5018,0.019021739,0.4450587332248688,0.4835771918296814,0.4644051916494272
5019,0.375541126,0.5144392848014832,0.39563149213790894,0.39008221463972015
5020,0.3982683979999999,0.5144392848014832,0.39563149213790894,0.39008221463972015
5021,0.387445887,0.5186054110527039,0.3652849793434143,0.38067997233304257
5022,0.374458874,0.5186054110527039,0.3652849793434143,0.38067997233304257
5023,0.86043956,0.6218944787979126,0.7529872059822083,0.7347646719567369
5024,0.202702703,0.4939483106136322,0.4012259840965271,0.37049884589260895
5025,0.7186147190000001,0.46492817997932434,0.22625291347503662,0.2272570451925421
5026,0.563176895,0.3741101920604706,0.6223973035812378,0.6109671802709788
5027,0.848484848,0.7001370191574097,0.7663913369178772,0.745826382974295
5028,0.142857143,0.6282848119735718,0.32290735840797424,0.30758687160481
5029,0.245923913,0.32565873861312866,0.31298893690109253,0.31750981507390696
5030,0.51978022,0.6328110098838806,0.6772252917289734,0.6866437829291772
5031,0.343096234,0.6620053052902222,0.7313718795776367,0.7275517926997477
5032,0.30952381,0.44789230823516846,0.3177509307861328,0.30426960081391485
5033,0.453463203,0.44789230823516846,0.3177509307861328,0.30426960081391485
5034,0.114285714,0.34362077713012695,0.24381953477859497,0.2607604311895212
5035,0.176406926,0.3158556818962097,0.5503199696540833,0.561817041575621
5036,0.156926407,0.3158556818962097,0.5503199696540833,0.5618170415756207
5037,0.818181818,0.6199504733085632,0.4895695447921753,0.49248552717736993
5038,0.137228261,0.5280975103378296,0.42513251304626465,0.4046021387318403
5039,0.950672646,0.6108099222183228,0.5234312415122986,0.5460904805872326
5040,0.7662337659999999,0.5849650502204895,0.6637181043624878,0.6550146460694337
5041,0.4116847829999999,0.5178700685501099,0.26049625873565674,0.26463588616474476
5042,0.036684783,0.4785473346710205,0.2179986536502838,0.22937556322172437
5043,0.097402597,0.7407674789428711,0.6667566895484924,0.6840427402727131
5044,0.547368421,0.6631301641464233,0.6469615697860718,0.6266508551263172
5045,0.6847826090000001,0.47405874729156494,0.45288997888565063,0.44224362853504545
5046,0.0489130429999999,0.3366624414920807,-0.045124053955078125,0.07670435135931127
5047,0.125,0.4649679958820343,0.393770694732666,0.383062859030432
5048,0.585497835,0.39181628823280334,0.2526870369911194,0.22998216824001677
5049,0.640692641,0.39181628823280334,0.2526870369911194,0.22998216824001677
5050,0.55952381,0.38915449380874634,0.5716973543167114,0.5652006867046491
5051,0.527056277,0.38915449380874634,0.5716973543167114,0.5652006867046491
5052,0.032608696,0.3329090476036072,0.10661935806274414,0.12509304344671957
5053,0.404891304,0.39001399278640747,0.4902258813381195,0.5141008839964051
5054,0.292119565,0.5230662822723389,0.5381881594657898,0.51699361237097
5055,0.919836957,0.4862198233604431,0.3866627514362335,0.4092546263057736
5056,0.921195652,0.4262695908546448,0.5634573101997375,0.567826699712676
5057,0.26035503,0.5096950531005859,0.6076614856719971,0.6330913861647487
5058,0.536912752,0.43351316452026367,0.32551318407058716,0.33795368224724803
5059,0.332251082,0.5792177319526672,0.3388809859752655,0.31456342056826303
5060,0.435064935,0.5792177319526672,0.3388809859752655,0.314165063735194
5061,0.844765343,0.521086573600769,0.4213995635509491,0.4051701164468714
5062,0.608695652,0.5382874011993408,0.42673975229263306,0.4241401260770382
5063,0.347368421,0.5740964412689209,0.8486652374267578,0.8335865229623838
5064,0.050271739,0.5160359740257263,0.6526689529418945,0.6453579310387747
5065,0.2269021739999999,0.5340868234634399,0.6790127158164978,0.6742447243576972
5066,0.501082251,0.5416886806488037,0.518490195274353,0.5273456773201071
5067,0.537878788,0.5416886806488037,0.518490195274353,0.5260095239404614
5068,0.982336957,0.5372830629348755,0.5703675746917725,0.5879125552455019
5069,0.898097826,0.5255576372146606,0.6797562837600708,0.6935186253481281
5070,0.625541126,0.3927753269672394,0.35953986644744873,0.3402284913081465
5071,0.83008658,0.3927753269672394,0.35953986644744873,0.3402284913081465
5072,0.364620939,0.5145455598831177,0.606600284576416,0.5836666643453852
5073,0.967532468,0.46497929096221924,0.6486230492591858,0.6361518460599419
5074,0.588447653,0.5888663530349731,0.8064062595367432,0.7834474338450841
5075,0.694293478,0.7527974843978882,0.8604788780212402,0.819029431618066
5076,0.220216606,0.6094262003898621,0.6015533208847046,0.5963231579523844
5077,0.602813853,0.6130621433258057,0.5888919830322266,0.5972405093594368
5078,0.606060606,0.6130621433258057,0.5888919830322266,0.5972405093594368
5079,0.838565022,0.5755270719528198,0.7308883666992188,0.732142604667504
5080,0.632034632,0.5987686514854431,0.7063422799110413,0.7005445165754614
5081,0.649350649,0.5987686514854431,0.7063422799110413,0.6857771725620012
5082,0.770380435,0.812768280506134,0.683403730392456,0.6597609327009634
5083,0.948051948,0.6001497507095337,0.7429660558700562,0.7208669615176737
5084,0.974025974,0.6001497507095337,0.7429660558700562,0.7208669615176737
5085,0.350180505,0.526546835899353,0.4276829659938812,0.4179953538218932
5086,0.359375,0.5699269771575928,0.4380565285682678,0.45949280901007006
5087,0.743243243,0.546108603477478,0.7244873046875,0.7406006264980858
5088,0.504329004,0.40868252515792847,0.4835056662559509,0.4910661901175832
5089,0.496753247,0.40868252515792847,0.4835056662559509,0.4910661901175832
5090,0.5515695070000001,0.5613909959793091,0.6037760972976685,0.6053518895927732
5091,0.025974026,0.5777011513710022,0.7011889219284058,0.7043879959314119
5092,0.985559567,0.8064974546432495,0.9120118021965027,0.8786649918877061
5093,0.8152173909999999,0.5014194250106812,0.3168376684188843,0.34214507382294645
5094,0.513586957,0.580271303653717,0.3693999648094177,0.3788159523208477
5095,0.084415584,0.5535048842430115,0.30375754833221436,0.2896172322794196
5096,0.0252707579999999,0.2841777801513672,0.29946184158325195,0.2981358151015215
5097,0.152173913,0.32551679015159607,-0.08765381574630737,0.04581982210682271
5098,0.082568807,0.5792765617370605,0.6478050947189331,0.6576541504773631
5099,0.114718615,0.42534908652305603,0.41620463132858276,0.4073275131011021
5100,0.265151515,0.42534908652305603,0.41620463132858276,0.40278960408791253
5101,0.74048913,0.593639075756073,0.5343868136405945,0.5406702519040387
5102,0.091032609,0.5151896476745605,0.0009261965751647949,0.07534712263631448
5103,0.298913043,0.5935878753662109,0.5429704189300537,0.5373978341687389
5104,0.866847826,0.5826000571250916,0.7769057750701904,0.805972902672167
5105,0.889473684,0.48091036081314087,0.23137167096138,0.21852330736190723
5106,0.951298701,0.5828692317008972,0.9137508273124695,0.8919199164501577
5107,0.987012987,0.5828692317008972,0.9137508273124695,0.8919880754593564
5108,0.85198556,0.44344228506088257,0.6118459105491638,0.6263437713719298
5109,0.255605381,0.6491629481315613,0.6997180581092834,0.6935686445386413
5110,0.587155963,0.5307937264442444,0.6665980815887451,0.67436814391408
5111,0.055194805,0.2884759306907654,0.2554513216018677,0.26905790716549793
5112,0.034632035,0.2884759306907654,0.2554513216018677,0.26905790716549793
5113,0.908256881,0.5881080627441406,0.6032440662384033,0.5934014900481837
5114,0.194293478,0.47413238883018494,0.2895205616950989,0.31476630525664173
5115,0.376358696,0.5901044607162476,0.4104236364364624,0.39380271636203396
5116,0.0505415159999999,0.3769892454147339,0.34364479780197144,0.3321372248957833
5117,0.108791209,0.2467784881591797,0.4963945746421814,0.49088829696108505
5118,0.6317991629999999,0.4517612159252167,0.39399242401123047,0.36682096471126235
5119,0.069264069,0.36297357082366943,0.31996703147888184,0.31783410080426555
5120,0.1212121209999999,0.36297357082366943,0.31996703147888184,0.30113449155192284
5121,0.573991031,0.3683711886405945,0.5202781558036804,0.544894554376314
5122,0.012552301,0.4244583249092102,0.5463651418685913,0.5732312926806689
5123,0.537906137,0.5889071226119995,0.5086749196052551,0.522202701377807
5124,0.359832636,0.35061585903167725,0.32044753432273865,0.33165891436525863
5125,0.69701087,0.3085011839866638,0.38732534646987915,0.36119726435010646
5126,0.410526316,0.4323989152908325,0.5128886699676514,0.4910633641129589
5127,0.2640692639999999,0.3267720341682434,0.5802661776542664,0.5689250500387584
5128,0.321428571,0.3267720341682434,0.5802661776542664,0.5692690651699269
5129,0.864864865,0.5488306283950806,0.8310171365737915,0.8365757261875546
5130,0.5090252710000001,0.5237714052200317,0.5104693174362183,0.5031991721519516
5131,0.27027027,0.5098479986190796,0.5872917175292969,0.5767369259327182
5132,0.487012987,0.2967149615287781,0.45207542181015015,0.4574219630921764
5133,0.4740259739999999,0.2967149615287781,0.45207542181015015,0.4574219630921764
5134,0.257142857,0.48947203159332275,0.4505748152732849,0.443885745051696
5135,0.433212996,0.5321497917175293,0.6070080995559692,0.5808508528242146
5136,0.284210526,0.438830703496933,0.49569955468177795,0.5033339462427242
5137,0.6756756759999999,0.2902917265892029,0.4939849078655243,0.47144197784895825
5138,0.297297297,0.3376539349555969,0.3663407564163208,0.38976075943542066
5139,0.405857741,0.4314742684364319,0.39416852593421936,0.3814944681838096
5140,0.644688645,0.5592036843299866,0.40226009488105774,0.41029601610600774
5141,0.8709239129999999,0.33379197120666504,0.2759101986885071,0.2790436906976351
5142,0.664402174,0.6224507093429565,0.48951512575149536,0.5101137933388065
5143,0.364016736,0.42123812437057495,0.35587725043296814,0.3671022015351864
5144,0.359307359,0.72613924741745,0.6921042799949646,0.7089777187989366
5145,0.319264069,0.72613924741745,0.6921042799949646,0.7089777187989366
5146,0.594142259,0.5047130584716797,0.44467073678970337,0.4357184252794554
5147,0.849184783,0.5114335417747498,0.6232041120529175,0.6340587593808147
5148,0.915584416,0.749690592288971,0.9415539503097534,0.8910063331240132
5149,0.50989011,0.5021922588348389,0.5558711290359497,0.5847612030103639
5150,0.285714286,0.5306412577629089,0.6493520736694336,0.6614971016850851
5151,0.256493506,0.5306412577629089,0.6493520736694336,0.6614971016850851
5152,0.880733945,0.5223223567008972,0.44216588139533997,0.44027037447747797
5153,0.609307359,0.38567259907722473,0.6193726658821106,0.606078173603087
5154,0.560606061,0.38567259907722473,0.6193726658821106,0.606078173603087
5155,0.268398268,0.5629372596740723,0.4516374468803406,0.4615484464392421
5156,0.235930736,0.5629372596740723,0.4516374468803406,0.46949498300751896
5157,0.730941704,0.6062251329421997,0.45108458399772644,0.4265546057133381
5158,0.130952381,0.26321175694465637,0.05351686477661133,0.0909974205421707
5159,0.25,0.26321175694465637,0.05351686477661133,0.08982156235999046
5160,0.036842105,0.44054657220840454,0.2425951063632965,0.24631057053261815
5161,0.4850543479999999,0.43269115686416626,0.6514456272125244,0.6312255631475346
5162,0.467741935,0.5159534811973572,0.6094968318939209,0.6119891227633061
5163,0.940217391,0.4890391230583191,0.6619143486022949,0.6844394515741777
5164,0.601902174,0.4353533089160919,0.5539112687110901,0.5513871908280217
5165,0.148351648,0.3354368209838867,0.17809098958969116,0.19041855841920086
5166,0.472803347,0.5955914258956909,0.3665878176689148,0.3463289382792645
5167,0.557359307,0.5200697779655457,0.49835118651390076,0.5085744324254946
5168,0.661255411,0.5200697779655457,0.49835118651390076,0.5085744324254946
5169,0.070652174,0.2515650689601898,0.1426195502281189,0.14723163399951456
5170,0.52173913,0.30030304193496704,0.27020516991615295,0.30074721354230116
5171,0.506276151,0.4833707809448242,0.5307045578956604,0.5422427366792052
5172,0.937229437,0.42143380641937256,0.4508059024810791,0.4587512780142467
5173,0.944805195,0.42143380641937256,0.4508059024810791,0.4508314584340535
5174,0.266055046,0.32577189803123474,0.40109723806381226,0.37126261234756425
5175,0.739130435,0.5826038718223572,0.6631367206573486,0.6900840246496911
5176,0.173913043,0.43739908933639526,0.35021424293518066,0.3558594312928892
5177,0.090909091,0.5610519647598267,0.4304499626159668,0.42397873266390546
5178,0.650224215,0.5731462240219116,0.33458584547042847,0.33292022038063296
5179,0.599184783,0.46418142318725586,0.30430957674980164,0.3327309728959023
5180,0.878378378,0.4208942949771881,0.3337450623512268,0.3498149076321839
5181,0.058441558,0.4241316616535187,0.3739945590496063,0.38939449828698464
5182,0.297619048,0.4281635880470276,0.44894635677337646,0.4511002656349399
5183,0.28030303,0.4281635880470276,0.44894635677337646,0.45515074162484026
5184,0.934782609,0.6198832988739014,0.7899218797683716,0.7859133009374566
5185,0.792207792,0.3563767075538635,0.20295578241348267,0.23410519396338383
5186,0.0625,0.33194589614868164,0.13919076323509216,0.1536722115786362
5187,0.655844156,0.6846158504486084,0.47644293308258057,0.4814548735197928
5188,0.745054945,0.4846270978450775,0.4292167127132416,0.4157441635488607
5189,0.41025641,0.35770219564437866,0.27946239709854126,0.2622330586356465
5190,0.578475336,0.6357676386833191,0.6441441178321838,0.6689395840176621
5191,0.0995671,0.5345029830932617,0.4385340213775635,0.43825838539537726
5192,0.217532468,0.5345029830932617,0.4385340213775635,0.4382583853953773
5193,0.137184116,0.5147411823272705,0.591827929019928,0.6128894295149933
5194,0.1,0.5992724299430847,0.7040321826934814,0.7032360396459277
5195,0.4267782429999999,0.4601248800754547,0.3994643986225128,0.3864331497172564
5196,0.109375,0.39144495129585266,0.3669472336769104,0.3502282992503515
5197,0.960597826,0.6437524557113647,0.552125096321106,0.5572569254917845
5198,0.116847826,0.450453519821167,0.307746022939682,0.334289919003035
5199,0.8478260870000001,0.35519033670425415,0.40383580327033997,0.38029784966096036
5200,0.137681159,0.232950359582901,0.07551300525665283,0.1137346437224927
5201,0.91991342,0.7541689276695251,0.5985822677612305,0.6187263209388462
5202,0.898268398,0.7541689276695251,0.5985822677612305,0.6187263209388462
5203,0.508152174,0.6013672351837158,0.48770707845687866,0.4653346047194171
5204,1.0,0.6329349875450134,0.9066848754882812,0.8834814204127441
5205,0.016736402,0.4768331050872803,0.1856113076210022,0.17624958591484335
5206,0.765567766,0.4490790367126465,0.37402263283729553,0.37954195749806663
5207,0.394021739,0.3786376714706421,0.09066003561019897,0.11386717328419407
5208,0.094170404,0.12749260663986206,0.21666833758354187,0.20626515706764037
5209,0.234848485,0.6178216934204102,0.5363682508468628,0.5518789157889241
5210,0.195887446,0.6178216934204102,0.5363682508468628,0.5518789157889241
5211,0.654761905,0.45260947942733765,0.7407151460647583,0.7561650538412841
5212,0.7023809520000001,0.45260947942733765,0.7407151460647583,0.7561650538412841
5213,0.800271739,0.20259827375411987,0.17711317539215088,0.20815883911428607
5214,0.661255411,0.672450840473175,0.490458607673645,0.5039423689562397
5215,0.523809524,0.672450840473175,0.490458607673645,0.5019130289295235
5216,0.241847826,0.70253586769104,0.5583224892616272,0.549405879651494
5217,0.1655844159999999,0.44487136602401733,0.4646627604961395,0.4706699034520744
5218,0.2738095239999999,0.44487136602401733,0.4646627604961395,0.48134824924462705
5219,0.932432432,0.6897791624069214,0.49722492694854736,0.5026466618213505
5220,0.54978355,0.7888191342353821,0.8729434013366699,0.8560092168311444
5221,0.404761905,0.7888191342353821,0.8729434013366699,0.8541591304892115
5222,0.527472527,0.5779432654380798,0.44441404938697815,0.460970779041745
5223,0.756793478,0.5051120519638062,0.5558029413223267,0.5671620605607077
5224,0.114130435,0.5188245177268982,0.3889167904853821,0.3778514312266378
5225,0.65625,0.39313340187072754,0.4337041974067688,0.4412733965241735
5226,0.281385281,0.41537052392959595,0.6911765336990356,0.7081881740024797
5227,0.248917749,0.41537052392959595,0.6911765336990356,0.7081881740024797
5228,0.703463203,0.6858325600624084,0.5942647457122803,0.5775726682126656
5229,0.658008658,0.6858325600624084,0.5942647457122803,0.5775726682126656
5230,0.236686391,0.6240944862365723,0.7107786536216736,0.6870130635866994
5231,0.8636363640000001,0.6626803874969482,0.7238432168960571,0.7230638923253554
5232,0.461883408,0.6692190170288086,0.33784034848213196,0.3439201735777074
5233,0.4895397489999999,0.38394153118133545,0.37807926535606384,0.39556675507074224
5234,0.328804348,0.2768336534500122,0.46332353353500366,0.47081427270939646
5235,0.918478261,0.29061007499694824,0.40372294187545776,0.43155710197618113
5236,0.77852349,0.5328513979911804,0.33370205760002136,0.34751032618004696
5237,0.124458874,0.4296509921550751,0.4472604990005493,0.4631720443513243
5238,0.104978355,0.4296509921550751,0.4472604990005493,0.4629038726023097
5239,0.448430493,0.3129771947860718,0.1300400197505951,0.12823211818326344
5240,0.649350649,0.45762985944747925,0.5923236608505249,0.5963067078558068
5241,0.573593074,0.45762985944747925,0.5923236608505249,0.5963067078558068
5242,0.118681319,0.5753536224365234,0.554903507232666,0.5278661176567414
5243,0.725108225,0.5721070170402527,0.6981533765792847,0.6741288614180584
5244,0.652597403,0.5721070170402527,0.6981533765792847,0.6741288614180584
5245,0.648351648,0.6000270247459412,0.6862598657608032,0.696102072507409
5246,0.304395604,0.4658532738685608,0.5187361836433411,0.5336924419456999
5247,0.8409090909999999,0.34848713874816895,0.5024042725563049,0.5108996205209853
5248,0.805194805,0.34848713874816895,0.5024042725563049,0.5108996205209853
5249,0.0194805189999999,0.18746814131736755,0.3204522132873535,0.3171372043790587
5250,0.8628158840000001,0.6037166118621826,0.4512423872947693,0.47030696933263083
5251,0.672077922,0.45064491033554077,0.4237831234931946,0.42723569142936063
5252,0.648268398,0.45064491033554077,0.4237831234931946,0.4270147444395451
5253,0.093862816,0.4886939525604248,0.2630018889904022,0.2518266929445444
5254,0.3789473679999999,0.49123767018318176,0.4644148349761963,0.4719436642736009
5255,0.797554348,0.6039109230041504,0.8124188184738159,0.807457518935923
5256,0.1010830319999999,0.2445967197418213,0.5417675971984863,0.536005307802371
5257,0.581521739,0.4827966094017029,0.793903112411499,0.7973317901842614
5258,0.072202166,0.3753099739551544,0.051870137453079224,0.09945253532627718
5259,0.32034632,0.5160751342773438,0.24072489142417908,0.2513230052906037
5260,0.41017316,0.5160751342773438,0.24072489142417908,0.2513230052906037
5261,0.694805195,0.5229812264442444,0.5699790120124817,0.570019441406926
5262,0.636363636,0.5229812264442444,0.5699790120124817,0.570019441406926
5263,0.24852071,0.503159761428833,0.5036413669586182,0.5298645915753699
5264,0.6341991339999999,0.6181784868240356,0.406861275434494,0.41994067634535676
5265,0.545454545,0.6181784868240356,0.406861275434494,0.41994067634535676
5266,0.207692308,0.2502269148826599,0.29582297801971436,0.30371493536876865
5267,0.971467391,0.5385087132453918,0.3505309522151947,0.33543077013010103
5268,0.981601732,0.5591108798980713,0.264654278755188,0.2883488393008121
5269,0.989177489,0.5591108798980713,0.264654278755188,0.28394798227063883
5270,0.135869565,0.6345444917678833,0.2801888883113861,0.30267423215369954
5271,0.998641304,0.6203500032424927,0.47163039445877075,0.45730115404472826
5272,0.8311688309999999,0.5929455161094666,0.5001623630523682,0.4692589403852155
5273,0.569293478,0.4926880896091461,0.45883530378341675,0.4517473335923885
5274,0.8441558440000001,0.6347264647483826,0.6217336058616638,0.6496053526399379
5275,0.4025974029999999,0.5362655520439148,0.28233227133750916,0.3145024286373565
5276,0.0475543479999999,0.3589840233325958,0.5195823311805725,0.527589909823158
5277,0.389010989,0.5664314031600952,0.7397913336753845,0.7277758378291194
5278,0.313858696,0.6162958741188049,0.5592948198318481,0.5692929000731568
5279,0.281588448,0.8021879196166992,0.5880078673362732,0.6048008122472421
5280,0.211009174,0.2835240364074707,0.4009726345539093,0.37296688749347273
5281,0.7003610109999999,0.7433205842971802,0.7327659726142883,0.7451627759775432
5282,0.171195652,0.6507377624511719,0.4006955027580261,0.37782983228364875
5283,0.140794224,0.6998609304428101,0.37864917516708374,0.3466970509833537
5284,0.668478261,0.48626911640167236,0.5656792521476746,0.5601566191567648
5285,0.896103896,0.5438528656959534,0.4822502136230469,0.4711459704418034
5286,0.567765568,0.8588123321533203,0.5909975171089172,0.5998796208234854
5287,0.175824176,0.41191890835762024,0.33091625571250916,0.33288478611815814
5288,0.572510823,0.46135202050209045,0.4696474075317383,0.47726208769913786
5289,0.6038961039999999,0.46135202050209045,0.4696474075317383,0.4772620876991379
5290,0.088744589,0.3544110655784607,0.21385887265205383,0.21849531714204679
5291,0.1017316019999999,0.3544110655784607,0.21385887265205383,0.2298502673312458
5292,0.825112108,0.5165809988975525,0.45457011461257935,0.4662650638849206
5293,0.658241758,0.7749012112617493,0.7750691175460815,0.764575352192155
5294,0.119266055,0.5517453551292419,0.3969801962375641,0.37676787083736935
5295,0.00951087,0.5433933734893799,0.5658029317855835,0.5450361724905521
5296,0.028532609,0.7463494539260864,0.5468664169311523,0.569053189074979
5297,0.103896104,0.6447123885154724,-0.0049932003021240234,0.07774794372207769
5298,0.326086957,0.6302931308746338,0.4293389320373535,0.43308187227207195
5299,0.1219780219999999,0.40650007128715515,0.5782854557037354,0.6123844438853948
5300,0.767663043,0.5205065011978149,0.6757329702377319,0.6666099225527466
5301,0.168478261,0.47899389266967773,0.2777154743671417,0.29368657431410744
5302,0.724175824,0.5933664441108704,0.6423629522323608,0.6165729813752745
5303,0.454545455,0.38396912813186646,0.2639506161212921,0.2587526629666507
5304,0.45995671,0.38396912813186646,0.2639506161212921,0.2587526629666507
5305,0.8506493509999999,0.436984658241272,0.4116678833961487,0.41989499782993833
5306,0.571428571,0.45857951045036316,0.5712513327598572,0.5887313021989233
5307,0.863157895,0.3934630751609802,0.41171276569366455,0.39451333110711906
5308,0.032467532,0.4563254117965698,0.38045042753219604,0.372295173860942
5309,0.054112554,0.4563254117965698,0.38045042753219604,0.372295173860942
