time,input,primary_sensitive,primary_resistant,primary_immune,primary_resource,primary_reserve,secondary_sensitive,secondary_resistant,secondary_immune,secondary_resource,secondary_reserve,third_sensitive,third_resistant,third_immune,third_resource,third_reserve,exposure
0.0,0.0,0.28,0.012,0.12,0.8,1.0,0.025,0.002,0.12,0.8,1.0,0.005,0.001,0.12,0.8,1.0,0.0
0.05,0.0,0.2814081434502045,0.012052511800315734,0.12200378927669596,0.8009509498140984,1.0,0.025292036652888733,0.0020169927067430955,0.12014706812189417,0.8072003313175432,1.0,0.005152979897342349,0.0010113482823473942,0.11960166258698064,0.8076983118758304,1.0,0.0
0.1,0.0,0.2828195696508784,0.012105113712886958,0.12400088248938383,0.8018223094526662,1.0,0.025588653445992877,0.0020342371922473785,0.12030011149240699,0.814105277692371,1.0,0.005308192030468491,0.001022863447571286,0.11921043918124277,0.8150894694171114,1.0,0.0
0.15000000000000002,0.0,0.28423407870222384,0.012157798280803801,0.1259912959465596,0.8026177202238548,1.0,0.02588984655385112,0.00205173168440961,0.12045917086218837,0.8207264125909493,1.0,0.005465663906358086,0.0010345454058772062,0.11882635273991132,0.8221854415751804,1.0,0.0
0.2,0.0,0.28565147628879173,0.012210558273898919,0.1279750455310014,0.803340664185696,1.0,0.02619561333116783,0.002069474513452498,0.12062428538409316,0.8270748516223534,1.0,0.005625422839451086,0.0010463941097994965,0.11844942631742052,0.8289977279757205,1.0,0.0
0.25,0.0,0.28707157347703943,0.012263386680410524,0.1299521467270157,0.8039944710679461,1.0,0.026505952258015514,0.0020874641071196103,0.12079549264696529,0.8331612706511338,1.0,0.005787495969253471,0.0010584095524963579,0.11807968304594496,0.8355373772845063,1.0,0.0
0.30000000000000004,0.0,0.28849418652144815,0.012316276698994565,0.13192261464634045,0.8045823248934454,1.0,0.026820862888123593,0.0021056989861296805,0.12097282870791144,0.8389959231906223,1.0,0.005951910277025781,0.0010705917661396822,0.11771714611639436,0.8418150048547742,1.0,0.0
0.35000000000000003,0.0,0.2899191366788006,0.012369221731070102,0.13388646405276491,0.8051072703121926,1.0,0.027140345800034726,0.0021241777598731007,0.12115632812315417,0.8445886571055471,1.0,0.006118692601608178,0.0010829408203931357,0.11736183875994237,0.8478408096842774,1.0,0.0
0.4,0.0,0.2913462500302419,0.012422215373482771,0.1358437093855241,0.8055722186607257,1.0,0.0274644025509265,0.0021428991223346686,0.12134602397754886,0.8499489306516402,1.0,0.006287869654431679,0.0010954568209724405,0.11701378423006167,0.8536245907089934,1.0,0.0
0.45,0.0,0.2927753573107669,0.01247525141147204,0.1377943647815228,0.8059799537588335,1.0,0.02779303563291137,0.0021618618482278063,0.12154194791284312,0.8550858278787937,1.0,0.0064594680337614705,0.0011081399082822454,0.11667300578503946,0.8591757624594043,1.0,0.0
0.5,0.0,0.2942062937457977,0.012528323811928711,0.13973844409644248,0.8063331374550776,1.0,0.02812624843164173,0.0021810647893265485,0.12174413015475267,0.8600080734232366,1.0,0.006633514238214798,0.0011209902561243837,0.1163395266709489,0.864503370104258,1.0,0.0
0.55,0.0,0.29563889889453143,0.012581426716929807,0.14167596092478132,0.8066343149320836,1.0,0.02846404518705984,0.002200506870982575,0.12195259953892272,0.8647240467131686,1.0,0.006810034679592771,0.0011340080704726912,0.1160133701050538,0.8696161039057511,1.0,0.0
0.6000000000000001,0.0,0.2970730164997574,0.01263455443753866,0.1436069286188762,0.8068859197820706,1.0,0.02880643095614408,0.002220187088815481,0.1221673835358397,0.8692417956112929,1.0,0.006989055695062597,0.0011471935883099035,0.11569455925962495,0.8745223131091385,1.0,0.0
0.65,0.0,0.29850849434385673,0.012687701447858628,0.14553136030695285,0.8070902788626183,1.0,0.029153411577513916,0.0022401045055653037,0.12238850827475421,0.8735690495167386,1.0,0.007170603558724076,0.0011605470765224746,0.11538311724614826,0.8792300192888819,1.0,0.0
0.7000000000000001,0.0,0.2999451841107127,0.012740862379329407,0.14744926891024884,0.8072496169422227,1.0,0.029504993637765986,0.002260258248097116,0.12261599856667224,0.8777132319479541,1.0,0.007354704492591821,0.001174068830849448,0.11507906709990565,0.8837469291725822,1.0,0.0
0.75,0.0,0.3013829412532754,0.01279403201525553,0.1493606671592518,0.8073660611447677,1.0,0.02986118443942295,0.002280647504548197,0.12284987792646823,0.8816814726272751,1.0,0.0075413846770224216,0.0011877591748817912,0.11478243176491101,0.8880804469631182,1.0,0.0
0.8,0.0,0.30282162486653463,0.012847205285557061,0.15126556760909363,0.8074416452016331,1.0,0.030221991970385265,0.0023012715216089567,0.12309016859417035,0.8854806190870373,1.0,0.007730670260613748,0.0012016184591088516,0.11449323407918482,0.8922376861786108,1.0,0.0
0.8500000000000001,0.0,0.30426109756566916,0.012900377261733032,0.1531639826541395,0.8074783135197746,1.0,0.030587424874783924,0.0023221296019294035,0.12333689155546536,0.8891172478163011,1.0,0.00792258736960171,0.0012156470600088263,0.11421149676035156,0.8962254810290738,1.0,0.0
0.9,0.0,0.30570122536915123,0.012953543152028594,0.15505592454180916,0.8074779250737407,1.0,0.03095749242513946,0.0023432211016435047,0.12359006656146758,0.892597674966483,1.0,0.008117162116778077,0.0012298453791803542,0.11393724239154535,0.9000503973478686,1.0,0.0
0.9500000000000001,0.0,0.3071418775865954,0.01300669829679729,0.156941405385666,0.8074422571292424,1.0,0.03133220449573926,0.002364545428004317,0.12384971214779388,0.8959279666334568,1.0,0.008314420609951356,0.0012442138425125383,0.11367049340761032,0.903718743095379,1.0,0.0
1.0,0.0,0.3085829267111516,0.013059838164050255,0.15882043717780775,0.8073730088055554,1.0,0.03171157153715138,0.002386102037123242,0.12411584565298414,0.8991139487329741,1.0,0.00851438895997128,0.0012587528993908896,0.1134112720815824,0.9072365784516395,1.0,0.0
1.05,0.0,0.3100242483162515,0.013112958345184516,0.16069303180059172,0.8072718044837153,1.0,0.03209560455179892,0.002407890431807219,0.12438848323630451,0.9021612164855836,1.0,0.00871709328833612,0.0012734630219368573,0.11315960051144078,0.9106097255139973,1.0,0.0
1.1,0.0,0.3114657209565253,0.013166054550882926,0.16255920103772553,0.8071401970671616,1.0,0.032484315070524135,0.002429910159488071,0.12466763989496832,0.9050751435265688,1.0,0.008922559734400736,0.0012883447042787656,0.11291550060711751,0.9138437776152601,1.0,0.0
1.1500000000000001,0.0,0.31290722607271615,0.013219122607178621,0.16441895658475306,0.8069796711011952,1.0,0.03287771513007663,0.0024521608102386163,0.12495332948080795,0.9078608906558118,1.0,0.009130814462202215,0.001303398461852126,0.11267899407775477,0.9169441082771795,1.0,0.0
1.2000000000000002,0.0,0.3143486479004257,0.013272158451677162,0.16627231005896392,0.8067916457573361,1.0,0.033275817251464286,0.002474642014870507,0.1252455647164288,0.9105234142418824,1.0,0.009341883666918792,0.0013186248307274317,0.11245010241919963,0.9199158798135375,1.0,0.0
1.25,0.0,0.31578987338253284,0.01332515812992988,0.16811927300875412,0.8065774776884035,1.0,0.033678634419109996,0.0024973534431090953,0.1255443572108749,0.9130674742940862,1.0,0.009555793580976827,0.0013340243669636622,0.1122288469017273,0.9227640515965478,1.0,0.0
1.3,0.0,0.31723079208513355,0.01337811779195218,0.16995985692246304,0.8063384637598869,1.0,0.03408618006076111,0.0025202948018409224,0.12584971747483376,0.9154976422156504,1.0,0.009772570479819687,0.0013495976459858502,0.1120152485579839,0.9254933879997476,1.0,0.0
1.35,0.0,0.318671296116858,0.013431033688880864,0.17179407323671242,0.8060758436629362,1.0,0.03449846802810212,0.002543465833429732,0.12616165493540749,0.9178183082507019,1.0,0.009992240687351496,0.001365345261985165,0.11180932817114084,0.9281084660300385,1.0,0.0
1.4000000000000001,0.0,0.320111280051426,0.013483902169764764,0.17362193334427026,0.805790802414065,1.0,0.0349155125780245,0.002566866314097153,0.12648017795047425,0.9200336886371828,1.0,0.010214830581067999,0.0013812678273400721,0.11161110626325298,0.9306136826610449,1.0,0.0
1.4500000000000002,0.0,0.32155064085330815,0.01353671967848323,0.17544344860146277,0.8054844727464459,1.0,0.035337328354510734,0.002590496052364462,0.1268052938226644,0.9221478324773671,1.0,0.010440366596885983,0.0013973659720572231,0.11142060308381393,0.9330132618794762,1.0,0.0
1.5,0.0,0.3229892778063666,0.013589482750787264,0.17725863033515574,0.8051579373974591,1.0,0.03576393037109257,0.002614354887552053,0.1271370088129731,0.9241646283371711,1.0,0.010668875233682096,0.0014136403432308113,0.11123783859850155,0.9353112614557281,1.0,0.0
1.55,0.0,0.32442709244535317,0.013642188011458266,0.1790674898493259,0.8048122312969612,1.0,0.03619533399384599,0.002638442688333459,0.127475328154031,0.9260878105850089,1.0,0.010900383057551194,0.0014300916045192173,0.11106283247810772,0.9375115794495159,1.0,0.0
1.6,0.0,0.3258639884901489,0.013694832171579631,0.18087003843124216,0.804448343660543,1.0,0.03663155492488819,0.0026627593513409813,0.12782025606305275,0.9279209654805106,1.0,0.011134916705793833,0.0014467204356378406,0.11089560408764691,0.939617960460911,1.0,0.0
1.6500000000000001,0.0,0.3272998717826337,0.013747412025916568,0.18266628735727522,0.8040672199918649,1.0,0.03707260918634406,0.0026873047998201387,0.12817179575448245,0.9296675370230122,1.0,0.011372502890641914,0.0014635275318670804,0.11073617247563812,0.9416340016367462,1.0,0.0
1.7000000000000002,0.0,0.32873465022607845,0.013799924450399754,0.18445624789835385,0.8036697639979807,1.0,0.03751851310475167,0.0027120789823303574,0.1285299494523542,0.9313308325693301,1.0,0.011613168402731027,0.0014805136035745009,0.11058455636355558,0.9435631584419667,1.0,0.0
1.75,0.0,0.33016823372695797,0.013852366399708582,0.18623993132508468,0.8032568394213933,1.0,0.03796928329587867,0.0027370818714894554,0.12889471840238473,0.9329140282299547,1.0,0.01185694011432753,0.0014976793757502708,0.11044077413544377,0.945408750205128,1.0,0.0
1.8,0.0,0.3316005341390856,0.013904734904949962,0.1880173489125519,0.8028292717924239,1.0,0.03842493664992298,0.0027623134627596363,0.12926610288381452,0.9344201740524326,1.0,0.012103844982317945,0.0015150255875550276,0.11030484382769284,0.9471739654468818,1.0,0.0
1.85,0.0,0.33303146520997534,0.01395702707142876,0.1897885119448125,0.8023878501053258,1.0,0.03888549031707318,0.0027877737732728506,0.12964410222101255,0.9358521990003602,1.0,0.012353910050967884,0.0015325529918793674,0.11017678311897064,0.9488618669999456,1.0,0.0
1.9000000000000001,0.0,0.3344609425293413,0.01400924007650617,0.1915534317191019,0.801933328421421,1.0,0.039350961693405496,0.0028134628406935053,0.1300287147948597,0.9372129157360737,1.0,0.012607162454457265,0.0015502623549142115,0.11005660932030825,0.9504753969287204,1.0,0.0
1.9500000000000002,0.0,0.3358888834796464,0.014061371167542405,0.19331211954976427,0.8014664274024048,1.0,0.03982136840709589,0.0028393807221166307,0.13041993805392454,0.9385050252148005,1.0,0.012863629419198259,0.001568154455731345,0.1099443393653359,0.9520173812563997,1.0,0.0
2.0,0.0,0.3373152071886182,0.014113417659920288,0.19506458677192065,0.8009878357768216,1.0,0.040296728304927074,0.0028655274929997227,0.13081776852544483,0.9397311210977294,1.0,0.01312333826594202,0.0015862300858734703,0.10983998980066673,0.9534905345071061,1.0,0.0
2.0500000000000003,0.0,0.3387398344836499,0.014165376935146431,0.19681084474488858,0.8004982117425918,1.0,0.040777059439071756,0.002891903246126593,0.13122220182612707,0.940893693991157,1.0,0.013386316411679975,0.0016044900489531491,0.10974357677642599,0.9548974640702992,1.0,0.0
2.1,0.0,0.3401626878480113,0.014217246439026816,0.19855090485536458,0.7999981843083439,1.0,0.0412623800541344,0.0029185080906016466,0.13163323267277655,0.9419951355185885,1.0,0.013652591371345108,0.0016229351602600542,0.10965511603692366,0.956240674394412,1.0,0.0
2.15,0.0,0.3415836913787936,0.01426902367991375,0.20028477852038212,0.799488354576189,1.0,0.04175270857443528,0.002945342150873113,0.13205085489276874,0.943037742232393,1.0,0.013922190759318392,0.0016415662463759777,0.10957462291146869,0.9575225710164038,1.0,0.0
2.2,0.0,0.3430027707465186,0.014320706227021262,0.20201247719005558,0.7989692969684627,1.0,0.04224806359152133,0.0029724055657838373,0.1324750614343732,0.944023719371355,1.0,0.014195142290745272,0.0016603841447970832,0.10950211230532336,0.9587454644336532,1.0,0.0
2.25,0.0,0.34441985315634266,0.014372291708806105,0.20373401235012134,0.7984415604008487,1.0,0.04274846385188957,0.002999698487648315,0.13290584437694009,0.9449551844702104,1.0,0.014471473782666826,0.0016793897035629107,0.10943759869079653,0.9599115738243647,1.0,0.0
2.3000000000000003,0.0,0.3458348673107904,0.014423777811411706,0.20544939552428598,0.7979056694042002,1.0,0.04325392824490973,0.0030272210813547438,0.1333431949409591,0.9458341708270149,1.0,0.014751213154969993,0.0016985837808916803,0.1093810960984746,0.9610230306224219,1.0,0.0
2.35,0.0,0.34724774337395414,0.014475162277172427,0.20715863827639133,0.7973621251972715,1.0,0.043764475790933434,0.0030549735234909245,0.13378710349800013,0.9466626308339592,1.0,0.01503438843116105,0.00171796724482146,0.1093326181085897,0.9620818819523852,1.0,0.0
2.4000000000000004,0.0,0.34865841293709926,0.014526442903175665,0.2088617522124056,0.7968114067124796,1.0,0.04428012562957849,0.003082956001492915,0.13423755958054467,0.9474424391770244,1.0,0.015321027738966285,0.0017375409728567902,0.10929217784252415,0.9630900939301117,1.0,0.0
2.45,0.0,0.3500668089856159,0.014577617539879384,0.21055874898224947,0.7962539715767271,1.0,0.044800897008177167,0.003111168712815408,0.13469455189171575,0.9481753959096569,1.0,0.015611159310763591,0.0017573058516203851,0.10925978795445121,0.9640495548342594,1.0,0.0
2.5,0.0,0.3514728658672615,0.014628684089782787,0.21224964028146545,0.7956902570492255,1.0,0.04532680927037841,0.0031396118641228545,0.13515806831491506,0.9488632294054362,1.0,0.015904811483848594,0.0017772627765095417,0.1092354606231116,0.9649620781537317,1.0,0.0
2.5500000000000003,0.0,0.35287651926164054,0.014679640506147904,0.21393443785273877,0.795120680918183,1.0,0.04585788184489445,0.003168285670500423,0.1356280959233745,0.9495075991945126,1.0,0.01620201270053864,0.0017974126513569213,0.10921920754372615,0.965829405515921,1.0,0.0
2.6,0.0,0.35427770615086784,0.014730484791769981,0.215613153487277,0.7945456423581327,1.0,0.04639413423438288,0.0031971903546839176,0.13610462098962914,0.9501100986884026,1.0,0.01650279150811786,0.0018177563880953749,0.10921103992004448,0.9666532095004192,1.0,0.0
2.6500000000000004,0.0,0.35567636479136766,0.014781214997794608,0.2172857990260561,0.7939655227496093,1.0,0.04693558600445606,0.003226326146307849,0.13658762899491886,0.9506722577975478,1.0,0.01680717655862638,0.001838294906426511,0.10921096845653032,0.9674350963426808,1.0,0.0
2.7,0.0,0.35707243468675853,0.01483182922257965,0.2189523863609397,0.793380686462802,1.0,0.04748225677281,0.0032556932811708813,0.13707710463852465,0.9511955454458699,1.0,0.017115196608496534,0.0018590291334927153,0.10921900335068384,0.9681766085319489,1.0,0.0
2.75,0.0,0.3584658565617792,0.014882325610600072,0.220612927435678,0.7927914816067494,1.0,0.048034166198465594,0.0032852920005179303,0.137573031847046,0.9516813719863838,1.0,0.017426880518038822,0.0018799600035523494,0.10923515428550179,0.968879227307585,1.0,0.0
2.8000000000000003,0.0,0.35985657233721,0.014932702351393854,0.222267434246793,0.7921982407455674,1.0,0.04859133397111558,0.0033151225503382266,0.13807539378362493,0.9521310915217749,1.0,0.017742257250780248,0.001901088457657871,0.10925943042207618,0.9695443750577819,1.0,0.0
2.85,0.0,0.361244525105748,0.014982957678547253,0.22391591884435555,0.7916012815831447,1.0,0.04915377980057083,0.0033451851806786956,0.1385841728571223,0.9525460041336878,1.0,0.018061355872657458,0.0019224154433366317,0.10929184039233256,0.9701734176244827,1.0,0.0
2.9000000000000004,0.0,0.36262965910879386,0.01503308986871775,0.22555839333266056,0.7910009076176726,1.0,0.04972152340630043,0.003375480144972045,0.1390993507312515,0.9529273580243277,1.0,0.018384205551067085,0.0019439419142741202,0.10933239229190887,0.970767666518181,1.0,0.0
2.95,0.0,0.3640119197141117,0.01508309724069305,0.22719486987080514,0.790397408767324,1.0,0.05029458450705989,0.0034060076993789787,0.13962090833367416,0.9532763515738323,1.0,0.01871083555377546,0.0019656688299994314,0.10938109367317621,0.9713283810461304,1.0,0.0
3.0,0.0,0.36539125339432366,0.015132978154484621,0.2288253606731753,0.7897910619683333,1.0,0.050872982810602804,0.0034367681021439983,0.14014882586506303,0.9535941353167366,1.0,0.01904127524768988,0.0019875971555727567,0.10943795153840266,0.9718567703573567,1.0,0.0
3.0500000000000003,0.0,0.36676760770620287,0.015182731010454264,0.2304498780098461,0.789182131746681,1.0,0.051456738003471066,0.0034677616129642707,0.14068308280813552,0.9538818138407206,1.0,0.019375554097493364,0.002009727861274696,0.10950297233306176,0.9723539954077315,1.0,0.0
3.1,0.0,0.36814093127072933,0.015232354248472305,0.23206843420689968,0.7885708707645329,1.0,0.05204586974085961,0.0034989884923710838,0.14122365793666278,0.9541404476107032,1.0,0.019713701664144885,0.002032061922297205,0.109576161939287,0.9728211708482374,1.0,0.0
3.1500000000000004,0.0,0.36951117375387554,0.015281846347106042,0.23368104164666606,0.7879575203425335,1.0,0.052640397636551574,0.0035304490011234253,0.14177052932445747,0.954371054721227,1.0,0.02005574760324683,0.0020546003184360078,0.10965752566947398,0.973259366839436,1.0,0.0
3.2,0.0,0.37087828584808924,0.015331205822837117,0.23528771276789057,0.7873423109590084,1.0,0.05324034125292034,0.003562143399613258,0.14232367435434418,0.9545746125799593,1.0,0.02040172166328142,0.002077344033784295,0.10974706826003193,0.973669610795028,1.0,0.0
3.25,0.0,0.37224221925444223,0.015380431229306575,0.2368884600658322,0.7867254627270833,1.0,0.053845720090995114,0.003594071947282079,0.1428830697271155,0.9547520595250257,1.0,0.020751653683717782,0.0021002940564275622,0.10984479386528626,0.9740528890572837,1.0,0.0
3.3000000000000003,0.0,0.3736029266654154,0.015429521156586388,0.23848329609229674,0.7861071858506858,1.0,0.05445655358058695,0.00362623490204838,0.1434486914704771,0.9549042963787823,1.0,0.021105573592991138,0.0021234513781394305,0.10995070605153398,0.9744101485070141,1.0,0.0
3.35,0.0,0.37496036174829095,0.015478474230476272,0.24007223345560827,0.7854876810603527,1.0,0.05507286107047249,0.0036586325197456443,0.14402051494798437,0.9550321879405338,1.0,0.021463511406355672,0.0021468169940783073,0.11006480779125394,0.9747422981106463,1.0,0.0
3.4000000000000004,0.0,0.376314479129125,0.015527289111824709,0.24165528482052254,0.7848671400297277,1.0,0.05569466181863283,0.0036912650535705404,0.14459851486797368,0.9551365644206017,1.0,0.021825497223612447,0.0021703919024847543,0.11018710145747355,0.975050210406868,1.0,0.0
3.45,0.0,0.37766523437727334,0.015575964495873076,0.24323246290808562,0.7842457457735944,1.0,0.05632197498254523,0.003724132753540985,0.14518266529249016,0.9552182228180536,1.0,0.02219156122671371,0.002194177104379435,0.1103175888182942,0.9753347229352091,1.0,0.0
3.5,0.0,0.3790125839904452,0.015624499111621877,0.24480378049544105,0.7836236730282563,1.0,0.05695481960952563,0.0037572358659637766,0.14577293964621463,0.955277928244314,1.0,0.022561733677244858,0.0022181736032615192,0.1104562710315772,0.9755966396088351,1.0,0.0
3.5500000000000003,0.0,0.3803564853802609,0.01567289172121807,0.2463692504155883,0.7830010886150361,1.0,0.057593214627120054,0.0037905746329115076,0.1463693107253917,0.9553164151947882,1.0,0.022936044913785317,0.0022423824048074274,0.11060314863979226,0.9758367320337399,1.0,0.0
3.6,0.0,0.38169689685829,0.01572114111936258,0.24792888555709555,0.7823781517876384,1.0,0.058237178833543304,0.003824149291708488,0.14697175070676052,0.9553343887705467,1.0,0.02331452534914944,0.0022668045165698115,0.11075822156503069,0.9760557407764359,1.0,0.0
3.6500000000000004,0.0,0.38303377762254676,0.015769246132737044,0.24948269886376961,0.781755014564082,1.0,0.05888673088816344,0.003857960074425428,0.14758023115649038,0.955332525852038,1.0,0.023697205467508576,0.002291440947676666,0.1109214891041851,0.9762543765821629,1.0,0.0
3.7,0.0,0.3843670877444223,0.015817205619448965,0.2510307033342854,0.7811318220438853,1.0,0.059541889302030845,0.0038920072073826413,0.14819472303912215,0.9553114762267184,1.0,0.02408411582139533,0.002316292708530471,0.11109294992429786,0.976433321545553,1.0,0.0
3.75,0.0,0.3856967881560326,0.01586501846849442,0.2525729120217775,0.7805087127111492,1.0,0.060202672428450746,0.003926290910661536,0.14881519672651722,0.9552718636724137,1.0,0.024475287028591076,0.002341360810507279,0.11127260205808034,0.9765932302356157,1.0,0.0
3.8000000000000003,0.0,0.387022840637962,0.015912683599237518,0.25410933803339636,0.7798858187241631,1.0,0.06086909845359824,0.003960811397624198,0.14944162200681485,0.9552142869981557,1.0,0.024870749768897634,0.002366646265655656,0.11146044289960495,0.9767347307768343,1.0,0.0
3.85,0.0,0.38834520780738413,0.015960199960905877,0.25563999452983105,0.7792632661921266,1.0,0.061541185387175144,0.003995568874440859,0.15007396809339915,0.9551393210441689,1.0,0.025270534780794083,0.0023921500863953943,0.111656469200172,0.9768584258880916,1.0,0.0
3.9000000000000004,0.0,0.3896638531065411,0.016007566532101333,0.25716489472480086,0.7786411754395566,1.0,0.06221895105310804,0.004030563539625062,0.1507122036338762,0.9550475176426139,1.0,0.025674672857979596,0.0024178732852159247,0.11186067706435342,0.9769648938810819,1.0,0.0
3.95,0.0,0.3909787407915647,0.016054782320325246,0.2586840518845179,0.7780196612589232,1.0,0.06290241308028706,0.004065795583576365,0.15135629671906237,0.9549394065406335,1.0,0.02608319484580315,0.0024438168743743504,0.11207306194621543,0.9770546896197941,1.0,0.0
4.0,0.0,0.39228983592162153,0.016101846361517663,0.26019747932712217,0.7773988331520366,1.0,0.0635915888933451,0.004101265188130404,0.15200621489198413,0.954815496287185,1.0,0.02649613163758094,0.0024699818655930382,0.11229361864572199,0.9771283454425941,1.0,0.0
4.05,0.0,0.39359710434836764,0.01614875771960976,0.26170519042209195,0.7767787955606815,1.0,0.06428649570347733,0.004136972526116181,0.1526619251568897,0.9546762750850833,1.0,0.026913514170802323,0.0024963692697567022,0.11252234130532111,0.9771863720483714,1.0,0.0
4.1000000000000005,0.0,0.3949005127056961,0.016195515486088895,0.2632071985896296,0.7761596480869765,1.0,0.06498715049930101,0.0041729177609204195,0.15332339398827305,0.9545222116096249,1.0,0.027335373423225062,0.002522980096608921,0.11275922340671579,0.9772292593481616,1.0,0.0
4.15,0.0,0.39620002839976354,0.016242118779575713,0.2647035173000261,0.7755414857039136,1.0,0.06569357003775553,0.004209101046058874,0.15399058733991008,0.9543537557951061,1.0,0.0277617404088606,0.002549815354448034,0.11300425776782161,0.9772574772835947,1.0,0.0
4.2,0.0,0.39749561959928165,0.016288566745412732,0.26619416007300506,0.7749243989565149,1.0,0.06640577083504316,0.004245522524754465,0.15466347065390726,0.9541713395905002,1.0,0.028192646173850158,0.002576876049822361,0.11325743653991262,0.9772714766134738,1.0,0.0
4.25,0.0,0.3987872552260601,0.01633485855526387,0.26767914047704755,0.7743084741540214,1.0,0.06712376915761063,0.00428218232952212,0.1553420088697623,0.9539753776855056,1.0,0.02862812179223234,0.0026041631872247076,0.11351875120495747,0.9772716896697324,1.0,0.0
4.3,0.0,0.40007490494578823,0.016380993406724404,0.2691584721286997,0.773693793553515,1.0,0.06784758101317208,0.004319080581760231,0.15602616643343703,0.9537662682081303,1.0,0.02906819836160298,0.002631677768786099,0.11378819257314732,0.977258531083971,1.0,0.0
4.3500000000000005,0.0,0.4013585391590428,0.016426970522940846,0.270632168691864,0.7730804355353532,1.0,0.06857722214177395,0.004356217391348619,0.15671590730644164,0.9535443933949329,1.0,0.0295129069986679,0.002659420793968714,0.11406575078061729,0.9772323984857272,1.0,0.0
4.4,0.0,0.40263812899251133,0.01647278915224031,0.2721002438770761,0.7724684747707824,1.0,0.06931270800690252,0.004393592856252941,0.15741119497493025,0.9533101202349935,1.0,0.029962278834689327,0.0026873932592579794,0.11435141528736294,0.9771936731735894,1.0,0.0
4.45,0.0,0.4039136462904184,0.016518448567768868,0.27356271144076727,0.771857982382078,1.0,0.07005405378663472,0.004431207062135421,0.15811199245880703,0.953063801088649,1.0,0.030416345010826577,0.0027155961578537845,0.11464517487535338,0.9771427207602177,1.0,0.0
4.5,0.0,0.40518506360614553,0.016563948067138512,0.27501958518451525,0.7712490260955451,1.0,0.07080127436483326,0.0044690600819718785,0.15881826232084215,0.9528057742819833,1.0,0.03087513667337178,0.0027440304793607995,0.11494701764684237,0.9770798917922958,1.0,0.0
4.55,0.0,0.4064523541940333,0.01660928697208227,0.276470878954283,0.7706416703876983,1.0,0.07155438432238695,0.004507151975674949,0.15952996667579705,0.9525363646780262,1.0,0.03133868496888123,0.0027726972094778597,0.11525693102287879,0.9770055223463993,1.0,0.0
4.6000000000000005,0.0,0.4077154920013575,0.016654464628117132,0.2779166066396476,0.770035976624926,1.0,0.07231339792849728,0.0045454827897234654,0.16024706719955795,0.9522558842255744,1.0,0.03180702103920313,0.0028015973296864004,0.11557490174201772,0.9769199346017227,1.0,0.0
4.65,0.0,0.40897445166046853,0.01669948040421437,0.27935678217301957,0.7694320031969307,1.0,0.07307832913201241,0.00458405255679793,0.1609695251382767,0.9519646324865164,1.0,0.03228017601640237,0.002830731816937917,0.11590091585923341,0.9768234373905754,1.0,0.0
4.7,0.0,0.4102292084810866,0.01674433369247691,0.28079141952885367,0.7688298056442237,1.0,0.07384919155280982,0.004622861295422037,0.16169730131751808,0.9516628971425021,1.0,0.03275818101758302,0.0028601016433404407,0.11623495874503513,0.9767163267275184,1.0,0.0
4.75,0.0,0.4114797384427434,0.016789023907823435,0.2822205327228527,0.7682294367799399,1.0,0.07462599847322893,0.00466190900961021,0.16243035615141233,0.9513509544817705,1.0,0.0332410671396093,0.002889707775844011,0.1165770150847869,0.9765988863179789,1.0,0.0
4.800000000000001,0.0,0.4127260181873624,0.016833550487678872,0.283644135811164,0.7676309468062306,1.0,0.07540876282955507,0.004701195688521102,0.16316864965181163,0.9510290698669139,1.0,0.033728865453725644,0.002919551175925138,0.1169270688782322,0.9764713880471497,1.0,0.0
4.8500000000000005,0.0,0.4139680250119712,0.016877912891670968,0.28506224288957066,0.7670343834254727,1.0,0.0761974972035563,0.00474072130611705,0.1639121414374497,0.9506974981843253,1.0,0.034221607000076676,0.0029496327992702452,0.11728510343922414,0.9763340924499472,1.0,0.0
4.9,0.0,0.41520573686153733,0.016922110601332644,0.28647486809267714,0.7664397919465323,1.0,0.07699221381407458,0.0047804858208294375,0.16466079074310264,0.9503564842760496,1.0,0.03471932278212777,0.0029799535954580935,0.11765110139566216,0.9761872491627701,1.0,0.0
4.95,0.0,0.4164391323219212,0.01696614311980988,0.28788202559309084,0.7658472153863014,1.0,0.07779292450867295,0.004820489175229964,0.16541455642875003,0.9500062633547273,1.0,0.03522204376098697,0.0030105145076411797,0.11802504468963558,0.9760310973577749,1.0,0.0
5.0,0.0,0.41766819061294025,0.017010009971574834,0.2892837296006,0.7652566945667219,1.0,0.07859964075534046,0.0048607312957077865,0.16617339698873473,0.9496470614022938,1.0,0.03572980084962903,0.0030413164722261172,0.11840691457777465,0.9758658661603536,1.0,0.0
5.050000000000001,0.0,0.41889289158153703,0.017053710702143954,0.29067999436134834,0.7646682682074999,1.0,0.07941237363425643,0.004901212092152535,0.1669372705609199,0.9492790955530719,1.0,0.0362426249070224,0.003072360418553,0.11879669163180948,0.9756917750504731,1.0,0.0
5.1000000000000005,0.0,0.42011321569504645,0.017097244877800847,0.29207083415700735,0.7640819730147053,1.0,0.0802311338296161,0.004941931457643193,0.16770613493584155,0.9489025744618671,1.0,0.03676054673215991,0.003103647268573762,0.11919435573933707,0.9755090342485103,1.0,0.0
5.15,0.0,0.4213291440345558,0.01714061208532367,0.2934562633039469,0.7634978437654398,1.0,0.08105593162151929,0.004982889268142833,0.1684799475658554,0.9485176986576553,1.0,0.03728359705799403,0.0031351779365295374,0.11959988610479672,0.9753178450861922,1.0,0.0
5.2,0.0,0.4225406582883525,0.017183811931716832,0.2948362961524045,0.7629159133887544,1.0,0.08188677687792431,0.005024085382199212,0.16925866557427593,0.9481246608834256,1.0,0.03781180654527761,0.003166953328627044,0.12001326125065372,0.9751184003632243,1.0,0.0
5.25,0.0,0.42374774074545507,0.017226844043946785,0.2962109470856534,0.7623362130429817,1.0,0.08272367904666875,0.005065519640651229,0.17004224576450613,0.9477236464227197,1.0,0.03834520577631089,0.0031989743427139985,0.12043445901879143,0.9749108846901703,1.0,0.0
5.300000000000001,0.0,0.4249503742892217,0.017269708068681736,0.2975802305191711,0.7617587721896487,1.0,0.08356664714755956,0.0051071918663412605,0.17083064462915654,0.9473148334133894,1.0,0.03888382524859577,0.0032312418679535885,0.12086345657211148,0.974695474818124,1.0,0.0
5.3500000000000005,0.0,0.426148542391033,0.017312403672035064,0.2989441608998077,0.7611836186641222,1.0,0.08441568976453431,0.005149101863833365,0.17162381835915116,0.9468983931490716,1.0,0.0394276953683983,0.0032637567844980234,0.12130023039634177,0.9744723399556898,1.0,0.0
5.4,0.0,0.4273422291040435,0.0173549305393123,0.30030275270495466,0.7606107787431355,1.0,0.08527081503789584,0.005191249419137392,0.17242172285281918,0.9464744903688601,1.0,0.0399768464442203,0.0032965199631611874,0.12174475630205205,0.9742416420737722,1.0,0.0
5.45,0.0,0.4285314190569992,0.017397288374761465,0.30165602044171497,0.760040277209338,1.0,0.08613203065662244,0.005233634299438997,0.17322431372497,0.946043283535636,1.0,0.04053130868018129,0.0033295322650904262,0.1221970094268762,0.9740035361986514,1.0,0.0
5.5,0.0,0.4297160974481164,0.017439476901326637,0.3030039786460747,0.7594721374130013,1.0,0.0869993438507559,0.005276256252835589,0.17403154631595028,0.9456049251034994,1.0,0.041091112169311515,0.003362794541437496,0.12265696423794101,0.9737581706938077,1.0,0.0
5.550000000000001,0.0,0.4308962500390188,0.017481495860404594,0.30434664188207616,0.7589063813310131,1.0,0.08787276138386974,0.005319115008078229,0.17484337570068081,0.9451595617747266,1.0,0.04165628688675747,0.0033963076330287122,0.12312459453450031,0.9735056875309325,1.0,0.0
5.6000000000000005,0.0,0.4320718631487295,0.017523345011604373,0.30568402474099354,0.7583430296232778,1.0,0.08875228954561971,0.005362210274319504,0.17565975669767134,0.9447073347466636,1.0,0.0422268626829008,0.0034300723700343284,0.12359987345077378,0.9732462225505547,1.0,0.0
5.65,0.0,0.43324292364771416,0.017565024132509637,0.30701614184051085,0.7577821016866466,1.0,0.08963793414437929,0.005405541740867402,0.17648064387801166,0.9442483799489445,1.0,0.042802869276391944,0.0034640895716371955,0.12408277345898931,0.9729799057126874,1.0,0.0
5.7,0.0,0.43440941895197377,0.017606533018443712,0.30834300782390256,0.7572236157064847,1.0,0.09052970049996217,0.005449109076945224,0.17730599157433674,0.9437828282714156,1.0,0.043384336247099545,0.0034983600457007312,0.12457326637262794,0.9727068613378882,1.0,0.0
5.75,0.0,0.4355713370171825,0.017647871482237162,0.30966463735921784,0.756667588705985,1.0,0.09142759343643458,0.005492911931457548,0.17813575388976427,0.9433108057831231,1.0,0.04397129302897707,0.003532884588436257,0.12507132334986995,0.9724272083391087,1.0,0.0
5.800000000000001,0.0,0.4367286663328692,0.017689039353997824,0.3109810451384675,0.7561140365933315,1.0,0.09233161727501955,0.005536949932762293,0.17896988470680242,0.942832433942715,1.0,0.044563768902847835,0.0035676639840697415,0.12557691489724082,0.972141060444696,1.0,0.0
5.8500000000000005,0.0,0.4378813959166404,0.017730036480883154,0.31229224587681526,0.7555629742068075,1.0,0.09324177582709581,0.0055812226884489075,0.179808337696226,0.9423478298005885,1.0,0.04516179298910978,0.003602699004508004,0.12609001087345567,0.9718485264128919,1.0,0.0
5.9,0.0,0.43902951530844075,0.017770862726874826,0.31359825431177224,0.7550144153579446,1.0,0.09415807238729375,0.005625729785122719,0.18065106632591912,0.9418571061931051,1.0,0.04576539424036146,0.003637990409004435,0.12661058049346033,0.971549710238165,1.0,0.0
5.95,0.0,0.44017301456485153,0.017811517972555462,0.31489908520239623,0.7544683728728,1.0,0.0950805097266911,0.005670470788195484,0.18149802386968225,0.94136037192918,1.0,0.04637460143395064,0.003673538943824287,0.1271385923326676,0.9712447113496955,1.0,0.0
6.0,0.0,0.44131188425342244,0.017852002114887425,0.3161947533284948,0.753924858631448,1.0,0.09600909008611071,0.005715445241682174,0.18234916341600185,0.9408577319695414,1.0,0.04698944316444698,0.003709345341909588,0.12767401433138675,0.97093362480232,1.0,0.0
6.050000000000001,0.0,0.442446115447037,0.01789231506699356,0.31748527348983324,0.7533838836057664,1.0,0.09694381516952308,0.0057606526680040356,0.18320443787678065,0.9403492875989445,1.0,0.04760994783604044,0.0037454103225437554,0.12821681379944408,0.9706165414602347,1.0,0.0
6.1000000000000005,0.0,0.4435756997183085,0.01793245675793985,0.3187706605053471,0.7528454578955958,1.0,0.09788468613755635,0.005806092567797968,0.1840637999960265,0.9398351365916118,1.0,0.04823614365486686,0.0037817345910159555,0.12876695742099298,0.9702935481737368,1.0,0.0
6.15,0.0,0.44470062913400604,0.017972427132519894,0.3200509292123596,0.7523095907633456,1.0,0.0988317036011162,0.005851764419732256,0.18492720235849816,0.9393153733701611,1.0,0.048868058621262554,0.003818318838285292,0.1293244112595108,0.9699647279492816,1.0,0.0
6.2,0.0,0.4458208962495078,0.018012226151041113,0.3213260944658044,0.7517762906671175,1.0,0.09978486761511826,0.005897667680328696,0.18579459739830556,0.9387900891582746,1.0,0.04950572052194943,0.003855163740644881,0.12988914076298064,0.9696301601131134,1.0,0.0
6.25,0.0,0.4469364941032818,0.01805185378911267,0.32259617113745304,0.7512455652924136,1.0,0.10074417767233584,0.00594380178379117,0.1866659374074634,0.9382593721273472,1.0,0.05014915692215253,0.0038922699593858896,0.13046111076925532,0.9692899204687258,1.0,0.0
6.300000000000001,0.0,0.4480474162113915,0.01809131003743501,0.3238611741151484,0.7507174215824944,1.0,0.10170963269736544,0.005990166141840693,0.18754117454439556,0.9377233075373499,1.0,0.050798395157651735,0.003929638140461615,0.1310402855116013,0.968944081448389,1.0,0.0
6.3500000000000005,0.0,0.4491536565620261,0.018130594901590975,0.3251211183020433,0.750191865767447,1.0,0.10268123104071268,0.0060367601435569835,0.18842026084238875,0.9371819778721264,1.0,0.05145346232676957,0.003967268914151676,0.13162662862441987,0.96859271225898,1.0,0.0
6.4,0.0,0.45025520961005416,0.018169708401838448,0.32637601861584475,0.7496689033920226,1.0,0.10365897047300143,0.006083583155226613,0.18930314821799346,0.9366354629693409,1.0,0.052114385282296956,0.0040051628947264,0.13222010314914284,0.9682358790223373,1.0,0.0
6.45,0.0,0.45135207027159935,0.01820865057290446,0.32762588998806386,0.7491485393423001,1.0,0.10464284817930858,0.006130634520197749,0.19018978847937057,0.9360838401452792,1.0,0.052781190623358995,0.004043320680111491,0.13282067154029986,0.9678736449103529,1.0,0.0
6.5,0.0,0.4524442339186378,0.018247421463780746,0.3288707473632721,0.7486307778712277,1.0,0.1056328607536272,0.006177913558741562,0.19108013333458151,0.9355271843147026,1.0,0.05345390468722271,0.00408174285155305,0.13342829567175477,0.96750607027501,1.0,0.0
6.550000000000001,0.0,0.45353169637361634,0.018286021137520682,0.33011060569836287,0.7481156226230946,1.0,0.10662900419346069,0.006225419567920323,0.19197413439982047,0.9349655681059417,1.0,0.05413255354104901,0.004120429973283055,0.1340429368431075,0.9671332127735623,1.0,0.0
6.6000000000000005,0.0,0.45461445390409067,0.01832444967103757,0.3313454799618195,0.7476030766569812,1.0,0.10763127389455049,0.006273151821462241,0.1928717432075867,0.934399061971414,1.0,0.05481716297359086,0.004159382592185375,0.13466455578625902,0.9667551274890442,1.0,0.0
6.65,0.0,0.45569250321738286,0.018362707154904255,0.3325753851329893,0.7470931424692335,1.0,0.10863966464573999,0.006321109569643077,0.19377291121479548,0.9338277342937386,1.0,0.05550775848684006,0.004198601237462416,0.13529311267213548,0.9663718670462955,1.0,0.0
6.7,0.0,0.4567658414552581,0.018400793693154026,0.33380033620136373,0.7465858220150073,1.0,0.10965417062397717,0.006369292039174579,0.1946775898108256,0.9332516514876159,1.0,0.05620436528762474,0.004238086420302488,0.13592856711756887,0.9659834817236743,1.0,0.0
6.75,0.0,0.45783446618861956,0.01843870940308275,0.33502034816586507,0.7460811167289231,1.0,0.11067478538945863,0.006417698433099785,0.19558573032550233,0.9326708780976338,1.0,0.05690700827916015,0.004277838633548006,0.13657087819233055,0.9655900195606265,1.0,0.0
6.800000000000001,0.0,0.45889837541222134,0.01847645441505227,0.3362354360341391,0.7455790275448727,1.0,0.11170150188091742,0.006466327930695216,0.19649728403701344,0.9320854768921543,1.0,0.05761571205255484,0.004317858351364595,0.13722000442631407,0.9651915264612733,1.0,0.0
6.8500000000000005,0.0,0.45995756753939926,0.018514028872294995,0.3374456148218544,0.7450795549150163,1.0,0.11273431241105733,0.006515179687380023,0.19741220217975755,0.9314955089534295,1.0,0.05833050087827508,0.0043581460289112365,0.13787590381686424,0.9647880462941707,1.0,0.0
6.9,0.0,0.4610120413968189,0.018551432930719664,0.3386508995520082,0.7445826988280053,1.0,0.11377320866213603,0.006564252834632101,0.19833043595212263,0.9309010337640896,1.0,0.05905139869756966,0.004398702102011526,0.1385385338362483,0.9643796209883911,1.0,0.0
6.95,0.0,0.4620617962192407,0.01858866675871828,0.33985130525423835,0.7440884588264678,1.0,0.11481818168169955,0.0066135464799112285,0.19925193652419335,0.9303021092901396,1.0,0.059778429113858014,0.004439526986826171,0.13920785143926603,0.9639662906260682,1.0,0.0
7.0,0.0,0.4631068316443022,0.018625730536974194,0.341046846964142,0.7435968340237883,1.0,0.11586922187847064,0.006663059706589254,0.20017665504538573,0.9296987920605961,1.0,0.060511615384084075,0.0044806210795268284,0.13988381307099462,0.9635480935315421,1.0,0.0
7.050000000000001,0.0,0.4641471477073169,0.01866262445827132,0.3422375397226013,0.7431078231202146,1.0,0.1169263190183932,0.006712791573887371,0.2011045426520079,0.9290911372438916,1.0,0.06125098041003869,0.0045219847559713885,0.1405663746746649,0.9631250663572382,1.0,0.0
7.1000000000000005,0.0,0.46518274483609007,0.018699348727304443,0.3434233985751148,0.742621424418322,1.0,0.11798946222083541,0.006762741116820512,0.20203555047474508,0.9284791987211652,1.0,0.06199654672965338,0.004563618371380823,0.14125549169966478,0.9626972441664029,1.0,0.0
7.15,0.0,0.46621362384575094,0.018735903560490666,0.3446044385711362,0.7421376358378632,1.0,0.11905863995495362,0.006812907346148899,0.202969629646068,0.9278630291565599,1.0,0.06274833650826825,0.00460552226001771,0.14195111910966612,0.9622646605128203,1.0,0.0
7.2,0.0,0.46723978593360177,0.01877228918578191,0.3457806747634196,0.7416564549300323,1.0,0.12013384003621957,0.006863289248336769,0.20390673130756273,0.9272426800646342,1.0,0.06350637152987697,0.004647696734866554,0.1426532113908711,0.9618273475176236,1.0,0.0
7.25,0.0,0.4682612326739834,0.01880850584247852,0.34695212220737115,0.7411778788911685,1.0,0.12121504962311293,0.006913885785518322,0.20484680661718152,0.9266182018749989,1.0,0.06427067318835175,0.0046901420873160056,0.14336172256037388,0.9613853359433139,1.0,0.0
7.300000000000001,0.0,0.46927796601315763,0.018844553781043934,0.3481187959604076,0.7407019045759254,1.0,0.12230225521398147,0.006964695895470892,0.2057898067564125,0.9259896439942807,1.0,0.06504126247865145,0.0047328585868431266,0.1440766061746338,0.9609386552650945,1.0,0.0
7.3500000000000005,0.0,0.47028998826420654,0.018880433262920427,0.3492807110813217,0.7402285285099292,1.0,0.12339544264407112,0.007015718491595395,0.20673568293736777,0.9253570548655121,1.0,0.06581815998801575,0.004775846480699791,0.14479781533805552,0.9604873337396206,1.0,0.0
7.4,0.0,0.4712973021019483,0.018916144560345904,0.3504378826296537,0.7397577469019478,1.0,0.1244945970827278,0.00706695246290406,0.20768438640978817,0.9247204820250421,1.0,0.06660138588714866,0.004819105993601373,0.14552530271167252,0.9600313984712662,1.0,0.0
7.45,0.0,0.47229991055787063,0.018951687956171758,0.3515903256650703,0.739289555655596,1.0,0.12559970303077317,0.007118396674015461,0.20863586846796414,0.924079972157061,1.0,0.06739095992139445,0.004862637327417827,0.1462590205219293,0.9595708754759995,1.0,0.0
7.5,0.0,0.47329781701508095,0.01898706374368178,0.3527380552467499,0.7388239503805919,1.0,0.1267107443180564,0.0071700499651568845,0.20959008045757105,0.9234355711458254,1.0,0.06818690140190942,0.004906440660867298,0.14699892056955827,0.9591057897429608,1.0,0.0
7.550000000000001,0.0,0.4742910252032743,0.01902227222641212,0.3538810864327744,0.7383609264035906,1.0,0.1278277041011837,0.0072219111521740365,0.21054697378241852,0.9227873241256693,1.0,0.06898922919683266,0.004950516149212384,0.14774495423854708,0.958636165293827,1.0,0.0
7.6000000000000005,0.0,0.475279539193719,0.019057313717972292,0.3550194342795281,0.7379004787786086,1.0,0.12895056486142756,0.00727397902654811,0.2115064999111123,0.9221352755288804,1.0,0.0697979617224593,0.00499486392395918,0.14849707250519203,0.958162025240048,1.0,0.0
7.65,0.0,0.47626336339425973,0.01909218854186723,0.356153113841103,0.7374426022970605,1.0,0.13007930840281764,0.007326252355420223,0.2124686103836282,0.921479469131522,1.0,0.07061311693441959,0.005039484092559245,0.1492552259472333,0.9576833918380343,1.0,0.0
7.7,0.0,0.4772425025443393,0.019126897031320412,0.35728214016871085,0.7369872914974234,1.0,0.13121391585041478,0.007378729881623235,0.21343325681779657,0.920819948097274,1.0,0.07143471231886736,0.005084376738114604,0.1500193647530676,0.9572002865423728,1.0,0.0
7.75,0.0,0.4782169617100385,0.01916143952909799,0.3584065283101019,0.7365345406745463,1.0,0.13235436764877004,0.007431410323720959,0.2144003909156974,0.9201567550193648,1.0,0.0722627648836814,0.005129541919085937,0.15078943873103404,0.956712730057144,1.0,0.0
7.800000000000001,0.0,0.4791867462791348,0.019195816387334027,0.3595262933089902,0.736084343888619,1.0,0.1335006435605703,0.007484292376054761,0.21536996446996426,0.919489931960664,1.0,0.07309729114968329,0.005174979669004085,0.15156539731876875,0.9562207423854119,1.0,0.0
7.8500000000000005,0.0,0.48015186195618004,0.019230027967356744,0.3606414502044858,0.7356366949738165,1.0,0.1346527226654719,0.0075373747087975574,0.21634192936999702,0.9188195204920022,1.0,0.07393830714187535,0.005220689996184998,0.15234718959262394,0.9557243428769538,1.0,0.0
7.9,0.0,0.48111231475759736,0.019264074639515846,0.3617520140305329,0.7351915875466317,1.0,0.135810583359124,0.007590655968015211,0.21731623760808247,0.9181455617287814,1.0,0.0747858283807025,0.005266672883448278,0.15313476427714706,0.9552235502742946,1.0,0.0
7.95,0.0,0.48206811100679786,0.019297956783010908,0.3628579998153557,0.7347490150139123,1.0,0.13697420335238258,0.007644134775735321,0.21829284128542192,0.9174680963659374,1.0,0.07563986987334155,0.005312928287839442,0.15392806975461554,0.9547183827571083,1.0,0.0
8.0,0.0,0.4830192573293174,0.01933167478572082,0.36395942258090963,0.7343089705806115,1.0,0.13814355967071698,0.007697809730023393,0.2192716926180656,0.9167871647113144,1.0,0.07650044610502195,0.005359456140356048,0.15472705407462298,0.9542088579850466,1.0,0.0
8.05,0.0,0.48396576064797336,0.0193652290440343,0.36505629734233985,0.7338714472572673,1.0,0.1393186286538097,0.0077516794050664,0.22025274394275288,0.9161028067175067,1.0,0.07736757103038165,0.005406256345677827,0.1555316649637122,0.9536949931390505,1.0,0.0
8.1,0.0,0.48490762817804256,0.019398619962681506,0.36614863910744616,0.7334364378672212,1.0,0.14049938595535102,0.007805742351263704,0.2212359477226582,0.9154150620122236,1.0,0.07824125806486208,0.0054533287819009514,0.15634184983505106,0.953176804961201,1.0,0.0
8.15,0.0,0.4858448674224598,0.019431847954566678,0.36723646287615413,0.7330039350535879,1.0,0.14168580654302917,0.007859997095325333,0.22222125655304173,0.9147239699272296,1.0,0.07912152007614606,0.005500673300276587,0.1571575557981464,0.9526543097931607,1.0,0.0
8.200000000000001,0.0,0.4867774861670382,0.019464913440601916,0.36831978363999307,0.732573931285985,1.0,0.14287786469871716,0.0079144421403776,0.22320862316680487,0.9140295695259096,1.0,0.08000836937564262,0.005548289724953871,0.15797872966859194,0.9521275236132559,1.0,0.0
8.25,0.0,0.487705492475711,0.01949781684954203,0.36939861638158006,0.7321464188670358,1.0,0.14407553401885723,0.007969075966076026,0.22419800043994983,0.9133318996295092,1.0,0.08090181771002285,0.005596177852727449,0.1588053179778461,0.9515964620722496,1.0,0.0
8.3,0.0,0.48862889468579584,0.01953055861782048,0.37047297607411067,0.7317213899386514,1.0,0.14527878741504363,0.008023897028725578,0.22518934139694305,0.912630998842095,1.0,0.08180187625281055,0.0056443374527897225,0.15963726698303474,0.9510611405278482,1.0,0.0
8.35,0.0,0.4895477014032814,0.019563139189386416,0.37154287768085587,0.7312988364881045,1.0,0.14648759711480452,0.008078903761408152,0.2261825992159821,0.9119269055742814,1.0,0.08270855559603209,0.005692768266487936,0.16047452267677537,0.9505215740779894,1.0,0.0
8.4,0.0,0.490461921498137,0.01959555901554287,0.3726083361546653,0.7308787503539008,1.0,0.1477019346625835,0.008134094574117307,0.22717772723416613,0.9112196580657664,1.0,0.08362186574192926,0.00574147000708626,0.1613170307970181,0.9499777775929511,1.0,0.0
8.450000000000001,0.0,0.49137156409964555,0.01962781855478601,0.373669366437477,0.7304611232314596,1.0,0.14892177092092135,0.00818946785390021,0.22817467895256904,0.9105092944067185,1.0,0.08454181609473939,0.005790442359532999,0.16216473683689922,0.949429765746323,1.0,0.0
8.5,0.0,0.4922766385917603,0.01965991827264555,0.374725983459833,0.7300459466786078,1.0,0.15014707607183855,0.008245021965006734,0.22917340804121583,0.9097958525580536,1.0,0.08546841545254696,0.005839684980233071,0.16301758605460342,0.9488775530448799,1.0,0.0
8.55,0.0,0.4931771546084855,0.019691858641526293,0.3757782021404016,0.7296332121208979,1.0,0.15137781961841865,0.008300755249045708,0.2301738683439616,0.9090793703706426,1.0,0.0864016719992107,0.005889197496825906,0.16387552348323028,0.9483211538573926,1.0,0.0
8.6,0.0,0.49407312202928166,0.019723640140550804,0.3768260373855056,0.7292229108567566,1.0,0.15261397038659302,0.008356666025148242,0.23117601388327325,0.9083598856034845,1.0,0.08734159329637052,0.005938979507968883,0.1647384939406611,0.9477605824424138,1.0,0.0
8.65,0.0,0.49496455097449565,0.01975526325540322,0.37786950408865655,0.7288150340624694,1.0,0.15385549652712688,0.008412752590138102,0.23217979886491377,0.9076374359408826,1.0,0.08828818627553846,0.005989030583126476,0.1656064420394219,0.9471958529750706,1.0,0.0
8.700000000000001,0.0,0.495851451800816,0.019786728478174243,0.3789086171300955,0.7284095727970096,1.0,0.15510236551780687,0.00846901321870909,0.23318517768252936,0.9069120590086582,1.0,0.08924145723027788,0.0060393502623652265,0.1664793121965388,0.9466269795728987,1.0,0.0
8.75,0.0,0.49673383509675395,0.01981803630720726,0.3799433913763393,0.7280065180067172,1.0,0.15635454416582995,0.008525446163609353,0.23419210492213885,0.906183792389433,1.0,0.09020141180847517,0.006089938056154682,0.16735704864338158,0.9460539763207475,1.0,0.0
8.8,0.0,0.49761171167815027,0.01984918724694566,0.3809738416797334,0.727605860529834,1.0,0.15761199861039354,0.008582049655832598,0.2352005353665262,0.9054526736370152,1.0,0.09116805500470825,0.006140793445174455,0.16823959543549155,0.9454768572947871,1.0,0.0
8.85,0.0,0.49848509258370866,0.0198801818077813,0.3819999828780103,0.7272075911008996,1.0,0.1588746943254867,0.008638821904816131,0.2362104239995356,0.904718740289918,1.0,0.09214139115271607,0.006191915880127522,0.1691268964623901,0.944895636585645,1.0,0.0
8.9,0.0,0.4993539890705559,0.01991102050590418,0.38302182979385413,0.7268117003550157,1.0,0.16014259612288184,0.008695761098645675,0.23722172601026975,0.9039820298840417,1.0,0.09312142391797351,0.0062433047815599095,0.17001889545736382,0.9443103283206999,1.0,0.0
8.950000000000001,0.0,0.500218412609829,0.01994170386315329,0.38403939723447106,0.7264181788319816,1.0,0.1614156681553268,0.008752865404266884,0.23823439679719102,0.9032425799645467,1.0,0.09410815629037593,0.006294959539686896,0.17091553600722267,0.9437209466855596,1.0,0.0
9.0,0.0,0.50107837488229,0.01997223240686866,0.38505269999116554,0.7260270169803076,1.0,0.1626938739199363,0.008810132967703515,0.23924839197212633,0.9025004280969463,1.0,0.09510159057703753,0.006346879514225867,0.1718167615620274,0.9431275059447458,1.0,0.0
9.05,0.0,0.5019338877739683,0.020002606669744617,0.38606175283892247,0.7256382051611107,1.0,0.16397717626178265,0.008867561914282146,0.24026366736417534,0.9017556118774462,1.0,0.09610172839520797,0.006399064034235954,0.17272251544478265,0.9425300204616128,1.0,0.0
9.1,0.0,0.5027849633718315,0.02003282718968425,0.3870665705359949,0.7252517336518958,1.0,0.16526553737768437,0.008925150348863415,0.24128017902352286,0.9010081689425554,1.0,0.09710857066531157,0.006451512397964586,0.17363274086109198,0.9419285047175197,1.0,0.0
9.15,0.0,0.5036316139594849,0.020062894509655104,0.3880671678234979,0.7248675926502287,1.0,0.1665589188201924,0.00898289635607966,0.24229788322515527,0.9002581369779943,1.0,0.09812211760411307,0.006504223872701091,0.1745473809087718,0.9413229733302799,1.0,0.0
9.200000000000001,0.0,0.5044738520128991,0.020092809177546075,0.38906355942500753,0.7244857722773037,1.0,0.16785728150177243,0.0090407980005789,0.24331673647248164,0.8995055537269242,1.0,0.0991423687180146,0.00655719769463746,0.17546637858742015,0.9407134410719091,1.0,0.0
9.25,0.0,0.505311690196168,0.02012257174602557,0.3900557600461659,0.7241062625814099,1.0,0.1691605856991829,0.009098853327275086,0.2443366955008599,0.898750456997521,1.0,0.10016932279648778,0.006610433068736418,0.1763896768079374,0.9400999228856892,1.0,0.0
9.3,0.0,0.5061451413572953,0.020152182772400884,0.3910437843742915,0.7237290535412998,1.0,0.17046879105804671,0.009157060361604494,0.24535771728102826,0.8979928846699158,1.0,0.10120297790564543,0.006663929168606905,0.1773172184019954,0.9394824339025705,1.0,0.0
9.35,0.0,0.5069742185240115,0.020181642818478826,0.3920276470779956,0.7233541350694651,1.0,0.17178185659761605,0.00921541710978823,0.24637975902244266,0.8972328747025247,1.0,0.10224333138195686,0.006717685136387102,0.17824894613145195,0.9388609894569276,1.0,0.0
9.4,0.0,0.507798934899621,0.0202109524504276,0.39300736280680343,0.7229814970153207,1.0,0.17309974071572862,0.009273921559100697,0.2474027781765204,0.8964704651377878,1.0,0.10329037982611117,0.006771700082635121,0.17918480269770715,0.9382356051016894,1.0,0.0
9.450000000000001,0.0,0.5086193038588794,0.020240112238639946,0.39398294619078134,0.7226111291683022,1.0,0.17442240119395389,0.009332571678143966,0.24842673243979074,0.8957056941073391,1.0,0.10434411909703249,0.006825973086227466,0.18012473075099905,0.9376062966228553,1.0,0.0
9.5,0.0,0.5094353389439021,0.020269122757597544,0.3949544118401693,0.7222430212608791,1.0,0.1757497952029277,0.009391365417127944,0.24945157975695284,0.8949385998366257,1.0,0.10540454430605145,0.006880503194265386,0.18106867289963507,0.9369730800534197,1.0,0.0
9.55,0.0,0.5102470538601036,0.020297984585736683,0.3959217743450184,0.7218771629714873,1.0,0.1770818793078736,0.009450300708156226,0.2504772783238416,0.8941692206489966,1.0,0.10647164981123687,0.006935289421989236,0.1820165717191566,0.936335971686714,1.0,0.0
9.600000000000001,0.0,0.5110544624721682,0.020326698305315208,0.3968850482748344,0.7215135439273821,1.0,0.17841860947430932,0.009509375465517547,0.2515037865903021,0.8933975949692791,1.0,0.10754542921189178,0.0069903307527009375,0.1829683697614337,0.935694988089185,1.0,0.0
9.65,0.0,0.511857578800053,0.020355264502280757,0.39784424817822567,0.7211521537074166,1.0,0.17975994107393597,0.009568587585982708,0.2525310632629732,0.89262376132686,1.0,0.10862587534321776,0.007045626137694668,0.18392400956368732,0.9350501461126215,1.0,0.0
9.700000000000001,0.0,0.512656417015022,0.020383683766140272,0.3987993885825571,0.7207929818447467,1.0,0.1811058288907087,0.009627934949106886,0.2535590673079809,0.8918477583582912,1.0,0.10971298027115148,0.007101174496195865,0.1848834336574361,0.9344014629058426,1.0,0.0
9.75,0.0,0.5134509914357129,0.020411956689830802,0.39975048399360874,0.7204360178294654,1.0,0.1824562271270861,0.009687415417537194,0.2545877579535421,0.8910696248094335,1.0,0.1108067352873776,0.007156974715308646,0.18584658457736541,0.9337489559258618,1.0,0.0
9.8,0.0,0.5142413165242367,0.02044008386959162,0.4006975488952399,0.7200812511111688,1.0,0.18381108941045654,0.009747026837325392,0.25561709469247984,0.8902893995371579,1.0,0.11190713090452152,0.007213025649971752,0.18681340487011583,0.9330926429485372,1.0,0.0
9.850000000000001,0.0,0.5150274068823091,0.02046806590483761,0.40164059774905797,0.7197286711014562,1.0,0.18517036879973925,0.009806767038245642,0.2566470372846499,0.8895071215106183,1.0,0.1130141568515262,0.0072693261229230975,0.18778383710298857,0.9324325420787211,1.0,0.0
9.9,0.0,0.5158092772474159,0.020495903398034,0.40257964499409266,0.7193782671763661,1.0,0.18653401779215725,0.009866633834117152,0.2576775457592803,0.8887228298121119,1.0,0.11412780206921644,0.007325874924673016,0.18875782387256582,0.9317686717599187,1.0,0.0
9.950000000000001,0.0,0.5165869424890108,0.020523596954572367,0.4035147050464751,0.7190300286787507,1.0,0.18790198833018049,0.009926625023131623,0.2587085804172244,0.8879365636375424,1.0,0.11524805470605454,0.007382670813486295,0.18973530781324327,0.9311010507834687,1.0,0.0
10.0,0.0,0.5173604176047477,0.020551147182647972,0.40444579229912164,0.7186839449205902,1.0,0.1892742318086358,0.009986738388185357,0.25974010183312746,0.8871483622964995,1.0,0.11637490211409085,0.007439712515373082,0.19071623160567283,0.9304296982972532,1.0,0.0
10.05,0.0,0.5181297177167452,0.020578554693138424,0.40537292112142326,0.7183400051852494,1.0,0.19065069908198184,0.010046971697215905,0.26077207085750875,0.8863582652119713,1.0,0.11750833084511283,0.007496998724088732,0.1917005379851133,0.9297546338139498,1.0,0.0
10.100000000000001,0.0,0.5188948580678863,0.020605820099483647,0.40629610585893894,0.717998198729678,1.0,0.19203134047174555,0.010107322703543116,0.2618044486187592,0.8855663119196996,1.0,0.11864832664699604,0.007554528101142679,0.19268816974968705,0.9290758772188331,1.0,0.0
10.15,0.0,0.5196558540181515,0.020632944017567177,0.40721536083309456,0.717658514786556,1.0,0.19341610577411794,0.01016778914621448,0.2628371965250554,0.8847725420671954,1.0,0.11979487446026044,0.007612299275816404,0.19367906976854052,0.9283934487771353,1.0,0.0
10.200000000000001,0.0,0.5204127210409867,0.0206599270655988,0.4081307003408863,0.7173209425663869,1.0,0.19480494426770595,0.010228368750354601,0.2638702762661914,0.8839769954124248,1.0,0.12094795841483545,0.007670310845190558,0.1946731809899068,0.9277073691409753,1.0,0.0
10.25,0.0,0.5211654747197046,0.02068676986399849,0.4090421386545886,0.7169854712595394,1.0,0.19619780472143755,0.010289059227518696,0.2649036498153285,0.88317971182218,1.0,0.12210756182703683,0.007728561374181312,0.19567044644906842,0.9270176593558638,1.0,0.0
10.3,0.0,0.5219141307439221,0.020713473035281735,0.4099496900214674,0.7166520900382389,1.0,0.19759463540261699,0.010349858276049954,0.26593727943066414,0.8823807312701458,1.0,0.12327366719675868,0.007787049395585988,0.19667080927621866,0.9263243408667926,1.0,0.0
10.350000000000001,0.0,0.5226587049060315,0.020740037203946134,0.41085336866349725,0.7163207880585116,1.0,0.19899538408512712,0.010410763581440642,0.26697112765702136,0.8815800938346756,1.0,0.12444625620488356,0.007845773410138025,0.1976742127042195,0.9256274355239161,1.0,0.0
10.4,0.0,0.5233992130977069,0.020766462996359376,0.41175318877708367,0.7159915544620805,1.0,0.20039999805777556,0.010471772816696808,0.2680051573273584,0.8807778396962871,1.0,0.12562530971091365,0.00790473188657133,0.198680600076255,0.9249269655878324,1.0,0.0
10.450000000000001,0.0,0.5241356713064462,0.020792751040648552,0.4126491645327896,0.7156643783782166,1.0,0.20180842413278133,0.010532883642706426,0.269039331564201,0.8799740091348905,1.0,0.12681080775082595,0.007963923261694062,0.19968991485337814,0.9242229537344703,1.0,0.0
10.5,0.0,0.524868095612148,0.020818901966590798,0.4135413100750667,0.7153392489255458,1.0,0.20322060865439875,0.010594093708610869,0.2700736137809968,0.8791686425267591,1.0,0.12800272953515415,0.008023345940471884,0.20070210062195026,0.9235154230595911,1.0,0.0
10.55,0.0,0.5255965021837237,0.02084491640550529,0.414429639521991,0.7150161552138117,1.0,0.20463649750767524,0.010655400652179537,0.2711079676833941,0.8783617803412535,1.0,0.12920105344729993,0.008082998296120728,0.20171710110097119,0.9228043970829102,1.0,0.0
10.600000000000001,0.0,0.5263209072757459,0.020870794990146595,0.41531416696500295,0.7146950863455974,1.0,0.20605603612733916,0.010716802100187516,0.27214235727044483,0.8775534631373115,1.0,0.13040575704207624,0.008142878670209092,0.20273486014929915,0.9220898997518444,1.0,0.0
10.65,0.0,0.5270413272251318,0.02089653835459934,0.41619490646865165,0.7143760314180063,1.0,0.2074791695068147,0.0107782956687961,0.27317674683573356,0.8767437315597119,1.0,0.13161681704448502,0.008202985372769908,0.2037553217727592,0.9213719554448941,1.0,0.0
10.700000000000001,0.0,0.5277577784478626,0.020922147134174254,0.417071872070344,0.7140589795243025,1.0,0.20890584220735967,0.010839878963936053,0.2742111009684328,0.8759326263351229,1.0,0.13283420934873158,0.008263316682421992,0.20477843013113908,0.9206505889746631,1.0,0.0
10.75,0.0,0.5284702774357395,0.020947621965305547,0.41794507778009765,0.713743919755513,1.0,0.21033599836732295,0.010901549581693433,0.2752453845542863,0.8751201882679474,1.0,0.13405790901747813,0.008323870846501097,0.20580412954507118,0.9199258255905237,1.0,0.0
10.8,0.0,0.529178840753174,0.020972963485449643,0.41881453758029813,0.7134308412019918,1.0,0.21176958171151758,0.010963305108697854,0.27627956277652077,0.8743064582359701,1.0,0.1352878902813383,0.008384646081200585,0.20683236450280026,0.9191976909809331,1.0,0.0
10.850000000000001,0.0,0.5298834850340164,0.02099817233298525,0.41968026542546066,0.7131197329549476,1.0,0.21320653556070585,0.011025143122513023,0.277313601116687,0.8734914771858214,1.0,0.13652412653861482,0.00844564057172171,0.20786307966683537,0.918466211275405,1.0,0.0
10.9,0.0,0.5305842269784189,0.021023249147114786,0.4205422752419959,0.7128105841079347,1.0,0.21464680284119247,0.011087061192029395,0.27834746535543214,0.872675286128263,1.0,0.1377665903552821,0.008506852472433537,0.20889621988048557,0.917731413046144,1.0,0.0
10.950000000000001,0.0,0.5312810833497359,0.021048194567767162,0.4214005809279796,0.7125033837583102,1.0,0.21609032609452217,0.0111490568778588,0.279381121573203,0.8718579261333057,1.0,0.13901525346521565,0.008568279907042462,0.20993173017427874,0.9169933233093466,1.0,0.0
11.0,0.0,0.5319740709714601,0.0210730092355019,0.4222551963529268,0.7121981210086556,1.0,0.21753704748727734,0.011211127732730905,0.2804145361508824,0.8710394383251698,1.0,0.14027008677066963,0.008629920968771354,0.21096955577226245,0.9162519695261737,1.0,0.0
11.05,0.0,0.5326632067241951,0.02109769379141459,0.4231061353575696,0.7118947849681659,1.0,0.2189869088209723,0.011273271301891319,0.28144767577035906,0.870219863877094,1.0,0.14153106034300447,0.008691773720548286,0.21200964209818668,0.9155073796034018,1.0,0.0
11.100000000000001,0.0,0.5333485075426647,0.02112224887704372,0.4239534117536393,0.7115933647540057,1.0,0.2204398515420397,0.011335485123501222,0.2824805074150321,0.8693992440060031,1.0,0.14279814342366537,0.008753836195204836,0.21305193478156767,0.9147595818937548,1.0,0.0
11.15,0.0,0.5340299904127583,0.02114667513427882,0.42479703932365254,0.7112938494926336,1.0,0.22189581675190548,0.011397766729038361,0.2835129983702514,0.8685776199670419,1.0,0.14407130442541344,0.008816106395683945,0.2140963796636325,0.9140086051959249,1.0,0.0
11.200000000000001,0.0,0.5347076723686133,0.02117097320526998,0.42563703182070084,0.7109962283210953,1.0,0.22335474521714765,0.011460113643699229,0.2845451162236945,0.8677550330479844,1.0,0.14535051093381016,0.008878582295257289,0.21514292280314404,0.9132544787542836,1.0,0.0
11.25,0.0,0.5353815704897333,0.021195143732338675,0.42647340296824465,0.7107004903882866,1.0,0.22481657737973562,0.011522523386802314,0.28557682886568136,0.8669315245635254,1.0,0.14663572970895633,0.008941261837752129,0.21619151048210572,0.9124972322582907,1.0,0.0
11.3,0.0,0.5360517018981441,0.021219187357889954,0.42730616645991104,0.7104066248561861,1.0,0.22628125336734506,0.011584993472192238,0.28660810448942814,0.8661071358494614,1.0,0.1479269266874862,0.009004142937787616,0.21724208921134638,0.9117368958416046,1.0,0.0
11.350000000000001,0.0,0.5367180837555847,0.021243104724325966,0.4281353359592949,0.710114620901059,1.0,0.2277487130037449,0.011647521408644638,0.28763891159124044,0.865281908256771,1.0,0.1492240669848175,0.009067223481020476,0.21829460573598441,0.9109735000808981,1.0,0.0
11.4,0.0,0.5373807332607365,0.02126689647396081,0.4289609250997646,0.7098244677146329,1.0,0.22921889581925173,0.011710104700271635,0.28866921897064773,0.8644558831455992,1.0,0.15052711489765797,0.009130501324400042,0.2193490070407714,0.9102070759943853,1.0,0.0
11.450000000000001,0.0,0.538039667646488,0.021290563248936717,0.4297829474842704,0.7095361545052447,1.0,0.2306917410612476,0.01177274084692774,0.28969899573047947,0.8636291018791552,1.0,0.1518360339067685,0.009193974296432579,0.22040524035531517,0.9094376550400644,1.0,0.0
11.5,0.0,0.5386949041772363,0.021314105691141578,0.4306014166851576,0.7092496704989608,1.0,0.23216718770475706,0.011835427344616055,0.2907282112768843,0.8628016058175294,1.0,0.15315078667998355,0.009257640197454817,0.22146325315918225,0.9086652691136786,1.0,0.0
11.55,0.0,0.5393464601462258,0.02133752444212778,0.43141634624398273,0.7089650049406708,1.0,0.23364517446307898,0.011898161685894587,0.2917568353192933,0.8619734363114372,1.0,0.1544713350754884,0.00932149679991665,0.22252299318687957,0.9078899505464035,1.0,0.0
11.600000000000001,0.0,0.5399943528729225,0.02136082014303237,0.4322277496713332,0.7086821470951543,1.0,0.23512563979846918,0.011960941360282555,0.29278483787032805,0.861144634695896,1.0,0.15579764014535363,0.00938554184867291,0.2235844084327159,0.9071117321022615,1.0,0.0
11.65,0.0,0.5406385997004258,0.021383993434498552,0.4330356404466512,0.7084010862481224,1.0,0.23660852193286938,0.012023763854666523,0.2938121892456549,0.8603152422838426,1.0,0.15712966213932636,0.009449773061284137,0.2246474471555428,0.90633064697527,1.0,0.0
11.700000000000001,0.0,0.5412792179929159,0.021407044956598488,0.43384003201806065,0.7081218117072338,1.0,0.23809375885867817,0.012086626653706216,0.2948388600637862,0.8594853003596972,1.0,0.15846736050887805,0.009514188128326278,0.22571205788337562,0.9055467287863284,1.0,0.0
11.75,0.0,0.5419162251331384,0.021429975348757412,0.4346409378021976,0.7078443128030866,1.0,0.2395812883495601,0.01214952724023986,0.2958648212458299,0.8586548501728797,1.0,0.15981069391150815,0.009578784713709201,0.2267781894178946,0.9047600115798456,1.0,0.0
11.8,0.0,0.5425496385199249,0.021452785249679057,0.43543837118404455,0.7075685788901857,1.0,0.24107104797128812,0.012212463095688913,0.2968900440151879,0.8578239329312862,1.0,0.1611596202153031,0.009643560455003945,0.22784579083882656,0.9039705298201158,1.0,0.0
11.850000000000001,0.0,0.54317947556575,0.02147547529727238,0.43623234551676776,0.7072945993478859,1.0,0.24256297509261537,0.012275431700462032,0.29791449989720487,0.8569925897947298,1.0,0.16251409650374998,0.009708512963778605,0.2289148115082075,0.9031783183874443,1.0,0.0
11.9,0.0,0.5438057536943247,0.0214980461285796,0.43702287412155816,0.7070223635813128,1.0,0.24405700689617227,0.012338430534358121,0.29893816071876794,0.8561608618683535,1.0,0.16387407908080331,0.009773639825942738,0.22998520107452644,0.90238341257403,1.0,0.0
11.950000000000001,0.0,0.5444284903382262,0.021520498379705516,0.4378099702874756,0.7067518610222595,1.0,0.2455530803893841,0.012401457076968339,0.29996099860785896,0.8553287901960192,1.0,0.16523952347620469,0.00983893860210019,0.23105690947675123,0.9015858480796071,1.0,0.0
12.0,0.0,0.5450477029365631,0.021542832685748126,0.4385936472712965,0.7064830811300622,1.0,0.2470511324154053,0.012464508808076905,0.3009829859930595,0.8544964157536803,1.0,0.16661038445105336,0.009904406827910215,0.23212988694823652,0.9007856610068528,1.0,0.0
12.05,0.0,0.5456634089326778,0.021565049680730527,0.4393739182973648,0.7062160133924525,1.0,0.24855109966406633,0.012527583208060569,0.3020040956030105,0.8536637794427422,1.0,0.1679866160036266,0.009970042014456788,0.23320408402051485,0.8999828878565633,1.0,0.0
12.100000000000001,0.0,0.5462756257718839,0.021587149997534093,0.44015079655744577,0.7059506473263891,1.0,0.25005291868282825,0.0125906777582866,0.30302430046582673,0.8528309220834164,1.0,0.16936817137544816,0.010035841648625957,0.23427945152697102,0.8991775655226043,1.0,0.0
12.15,0.0,0.54688437089924,0.02160913426783294,0.44092429521058374,0.7056869724788671,1.0,0.2515565258877416,0.012653789941509166,0.30404357390846753,0.8519978844080734,1.0,0.17075500305760333,0.010101803193491124,0.23535594060640097,0.8983697312866396,1.0,0.0
12.200000000000001,0.0,0.5474896617573594,0.021631003122029636,0.4416944273829625,0.7054249784277078,1.0,0.2530618575744049,0.012716917242263962,0.30506188955606484,0.8511647070546009,1.0,0.17214706279729855,0.010167924088706122,0.23643350270645522,0.8975594228126431,1.0,0.0
12.25,0.0,0.5480915157842546,0.021652757189192202,0.442461206167769,0.7051646547823267,1.0,0.2545688499289191,0.012780057147260942,0.30607922133120924,0.8503314305597692,1.0,0.17354430160466358,0.010234201750905935,0.23751208958696818,0.896746678141199,1.0,0.0
12.3,0.0,0.548689950411219,0.021674397096992353,0.44322464462506034,0.7049059911844822,1.0,0.2560774390388331,0.012843207145775045,0.30709554345319523,0.8494980953526128,1.0,0.17494666975979412,0.010300633574114914,0.23859165332317375,0.895931535683594,1.0,0.0
12.350000000000001,0.0,0.5492849830607424,0.021695923471644993,0.4439847557816335,0.7046489773090037,1.0,0.25758756090407725,0.012906364730034762,0.30811083043722637,0.8486647417478292,1.0,0.17635411682003255,0.010367216930162366,0.2396721463088082,0.8951140342157069,1.0,0.0
12.4,0.0,0.5498766311444627,0.021717336937848962,0.4447415526308985,0.7043936028645009,1.0,0.2590991514478799,0.012969527395608424,0.3091250570935817,0.8478314099392028,1.0,0.17776659162748443,0.010433949169105332,0.24075352125910116,0.8942942128717011,1.0,0.0
12.450000000000001,0.0,0.5504649120611531,0.02173863811872901,0.4454950481327545,0.7041398575940538,1.0,0.2606121465276637,0.013032692641788097,0.3101381985267439,0.8469981399930551,1.0,0.17918404231676796,0.010500827619658409,0.24183573121365545,0.8934721111375225,1.0,0.0
12.5,0.0,0.5510498431947433,0.021759827635779015,0.4462452552134686,0.7038877312758833,1.0,0.2621264819459169,0.013095857971970923,0.3111502301344908,0.8461649718417289,1.0,0.1806064163229939,0.010567849589630463,0.24291872953921698,0.8926477688442108,1.0,0.0
12.55,0.0,0.5516314419123766,0.021780906108806414,0.4469921867655581,0.7036372137240038,1.0,0.26364209346103695,0.01315902089403783,0.3121611276069502,0.8453319452771089,1.0,0.18203366038997298,0.010635012366368053,0.24400246993233538,0.8918212261610267,1.0,0.0
12.600000000000001,0.0,0.5522097255625014,0.02180187415587786,0.4477358556476752,0.7033882947888574,1.0,0.2651589167981408,0.01322217892072946,0.3131708669256199,0.8444990999441827,1.0,0.18346572057864777,0.010702313217205398,0.2450869064219164,0.8909925235884004,1.0,0.0
12.65,0.0,0.5527847114729977,0.021822732393266094,0.448476274684495,0.7031409643579306,1.0,0.26667688765983966,0.013285329570019202,0.31417942436235324,0.8436664753346477,1.0,0.1849025422757458,0.010769749389920714,0.24617199337166745,0.890161701950708,1.0,0.0
12.700000000000001,0.0,0.5533564169493372,0.021843481435397997,0.4492134566666062,0.7028952123563523,1.0,0.26819594173697353,0.013348470365483223,0.3151867764783114,0.8428341107805661,1.0,0.1863440702026509,0.010837318113198761,0.24725768548243657,0.8893288023888778,1.0,0.0
12.75,0.0,0.5539248592727792,0.02186412189480387,0.4499474143504046,0.7026510287474755,1.0,0.26971601471930207,0.01341159883666738,0.31619290012288304,0.8420020454480734,1.0,0.1877902484244891,0.010905016597099382,0.24834393779444672,0.8884938663528351,1.0,0.0
12.8,0.0,0.554490055698599,0.021884654382067884,0.45067816045798936,0.7024084035334414,1.0,0.2712370423061478,0.013474712519450897,0.31719777243257263,0.8411703183311428,1.0,0.1892410203594256,0.010972842033531882,0.249430705689426,0.8876569355937877,1.0,0.0
12.850000000000001,0.0,0.5550520234543512,0.021905079505779707,0.45140570767706245,0.7021673267557264,1.0,0.27275896021698864,0.013537808956406704,0.3182013708298577,0.84033896824541,1.0,0.1906963287881693,0.011040791596735045,0.25051794489263496,0.8868180521563582,1.0,0.0
12.9,0.0,0.5556107797381674,0.021925397872487307,0.4521300686608302,0.7019277884956736,1.0,0.27428170420199527,0.013600885697158335,0.3192036730220167,0.8395080338220617,1.0,0.1921561158636808,0.011108862443762592,0.25160561147479227,0.8859772583705698,1.0,0.0
12.950000000000001,0.0,0.5561663417170859,0.021945610086650934,0.4528512560279082,0.701689778875007,1.0,0.2758052100525108,0.01366394029873327,0.32020465699992734,0.8386775535017903,1.0,0.19362032312108038,0.011177051714973907,0.2526936618538999,0.8851345968436879,1.0,0.0
13.0,0.0,0.5567187265254165,0.021965716750598233,0.4535692823622285,0.7014532880563301,1.0,0.27732941361146835,0.013726970325912644,0.3212043010368375,0.837847565528819,1.0,0.1950888914877515,0.0112453565345298,0.2537820527969689,0.8842901104519252,1.0,0.0
13.05,0.0,0.5572679512631376,0.02198571846448052,0.45428416021294954,0.7012183062436081,1.0,0.27885425078374376,0.01378997335157719,0.32220258368710836,0.8370181079450006,1.0,0.19656176129363595,0.011313774010893141,0.254870741421647,0.8834438423320145,1.0,0.0
13.100000000000001,0.0,0.5578140329943264,0.0220056158262302,0.45499590209436885,0.7009848236826359,1.0,0.28037965754644006,0.013852946957049356,0.32319948378493124,0.8361892185839919,1.0,0.19803887228171635,0.011382301237334134,0.2559596851977493,0.8825958358726546,1.0,0.0
13.15,0.0,0.5583569887456227,0.022025409431519302,0.4557045204858383,0.7007528306614895,1.0,0.28190556995909977,0.013915888732431487,0.3241949804430188,0.835360935065507,1.0,0.19952016361868152,0.01145093529244005,0.2570488419486933,0.8817461347058351,1.0,0.0
13.200000000000001,0.0,0.5588968355047242,0.02204509987371914,0.4564100278316819,0.7005223175109628,1.0,0.2834319241738426,0.013978796276939971,0.32518905305127166,0.8345332947896533,1.0,0.20100557390577045,0.01151967324062919,0.25813816985283955,0.8808947826980444,1.0,0.0
13.25,0.0,0.5594335902189157,0.0220646877438611,0.457112436541116,0.7002932746049898,1.0,0.2849586564454252,0.014041667199235296,0.32618168127542074,0.8337063349313515,1.0,0.20249504118979006,0.011588512132668875,0.2592276274447388,0.8800418239413682,1.0,0.0
13.3,0.0,0.559967269793629,0.02208417363059851,0.4578117589881725,0.7000656923610519,1.0,0.28648570314121913,0.014104499117747898,0.32717284505564664,0.8328800924348425,1.0,0.2039885029743023,0.011657449006197258,0.26031717361628787,0.8791873027444812,1.0,0.0
13.350000000000001,0.0,0.560497891091036,0.02210355812016962,0.4585080075116239,0.6998395612405709,1.0,0.28801300075110553,0.01416728966099974,0.3281625246051764,0.8320546040082843,1.0,0.20548589623097566,0.01172648088624874,0.26140676761779413,0.8783312636235404,1.0,0.0
13.4,0.0,0.5610254709286732,0.022122841796361654,0.4592011944149115,0.6996148717492878,1.0,0.28954048589728193,0.014230036467921542,0.32915070040885885,0.8312299061184408,1.0,0.20698715741109638,0.01179560478578276,0.26249636905895146,0.8774737512929836,1.0,0.0
13.450000000000001,0.0,0.5615500260780976,0.022142025240475958,0.45989133196607523,0.699391614437628,1.0,0.2910680953439794,0.014292737188165565,0.33013735322171894,0.8304060349854638,1.0,0.20849222245723437,0.011864817706215766,0.26358593790972773,0.8766148106562383,1.0,0.0
13.5,0.0,0.5620715732635743,0.02216110903129418,0.460578432397687,0.6991697799010518,1.0,0.2925957660070869,0.014355389482413923,0.3311224640674919,0.8295830265777726,1.0,0.2100010268150586,0.011934116637956136,0.2646754345011658,0.8757544867963486,1.0,0.0
13.55,0.0,0.562590129160795,0.02218009374504555,0.46126250790678525,0.6989493587803928,1.0,0.29412343496368004,0.014417991022682302,0.3321060142371383,0.8287609166070306,1.0,0.21151350544529732,0.012003498560941817,0.2657648195260992,0.874892824966523,1.0,0.0
13.600000000000001,0.0,0.5631057103956274,0.02219897995537517,0.4619435706548128,0.6987303417621817,1.0,0.29565103946145155,0.014480539492619052,0.3330879852873401,0.8279397405232224,1.0,0.2130295928358374,0.012072960445180487,0.2668540540397838,0.8740298705806104,1.0,0.0
13.65,0.0,0.5636183335428955,0.022217768233313343,0.46262163276755647,0.6985127195789581,1.0,0.2971785169280413,0.014543032587799574,0.3340683590389791,0.8271195335098336,1.0,0.21454922301395796,0.01214249925129199,0.26794309946044687,0.8731656692035096,1.0,0.0
13.700000000000001,0.0,0.5641280151251898,0.022236459147245972,0.4632967063350894,0.6982964830095681,1.0,0.29870580498026283,0.014605468016015945,0.3350471175755978,0.8263003304791326,1.0,0.21607232955869282,0.012212111931052847,0.26903191756975486,0.8723002665415162,1.0,0.0
13.75,0.0,0.5646347716117085,0.022255053262885915,0.4639688034117153,0.6980816228794506,1.0,0.3002328414332241,0.014667843497561736,0.33602424324184427,0.8254821660675595,1.0,0.21759884561331627,0.0122817954279426,0.2701204705132013,0.8714337084326155,1.0,0.0
13.8,0.0,0.5651386194171274,0.022273551143245383,0.46463793601591524,0.6978681300609099,1.0,0.3017595643093406,0.014730156765511935,0.3369997186419006,0.82466507463122,1.0,0.21912870389794686,0.012351546677691774,0.27120872080041614,0.8705660408367236,1.0,0.0
13.850000000000001,0.0,0.5656395749005009,0.022291953348609336,0.4653041161302966,0.6976559954733765,1.0,0.3032859118472378,0.014792405565997958,0.3379735266378967,0.8238490902414882,1.0,0.22066183672226375,0.012421362608831234,0.2722966313053978,0.8696973098258844,1.0,0.0
13.9,0.0,0.5661376543641911,0.02231026043650984,0.46596735570154424,0.6974452100836562,1.0,0.3048118225105413,0.014854587658477686,0.3389456503483093,0.8230342466807196,1.0,0.2221981759983299,0.012491240143242701,0.27338416526666937,0.8688275615744273,1.0,0.0
13.950000000000001,0.0,0.5666328740528268,0.022328472961701432,0.4666276666403738,0.6972357649061661,1.0,0.30633723499655213,0.01491670081600047,0.3399160731463473,0.8222205774380724,1.0,0.22373765325351674,0.012561176196710225,0.2744712862873607,0.8679568423490907,1.0,0.0
14.0,0.0,0.5671252501522916,0.022346591476137413,0.4672850608214872,0.6970276510031599,1.0,0.3078620882448059,0.014978742825467075,0.34088477865832373,0.8214081157054433,1.0,0.22528019964352458,0.012631167679472366,0.27555795833521707,0.8670851984991176,1.0,0.0
14.05,0.0,0.5676147987887397,0.022364616528947126,0.4679395500835304,0.6968208594849412,1.0,0.30938632144551276,0.01504071148788452,0.3418517507620154,0.8205968943735132,1.0,0.22682574596549285,0.012701211496774882,0.27664414574253604,0.8662126764463282,1.0,0.0
14.100000000000001,0.0,0.5681015360276406,0.022382548666414172,0.46859114622905307,0.6966153815100653,1.0,0.3109098740478774,0.015102604618615775,0.3428169735850105,0.8197869460279091,1.0,0.228374222671195,0.012771304549423677,0.2777298132060344,0.8653393226751745,1.0,0.0
14.15,0.0,0.5685854778728524,0.022400388431955548,0.46923986102447063,0.69641120828553,1.0,0.31243268576829647,0.015164420047624281,0.34378043150304494,0.8189783029454781,1.0,0.2299255598803119,0.012841443734337817,0.27881492578664574,0.8644651837227839,1.0,0.0
14.200000000000001,0.0,0.5690666402657221,0.022418136366101703,0.46988570620002806,0.6962083310669551,1.0,0.31395469659843217,0.01522615561971325,0.34474210913832787,0.8181709970906783,1.0,0.23147968739377808,0.01291162594510236,0.27989944890925056,0.8635903061689945,1.0,0.0
14.25,0.0,0.5695450390842134,0.022435793006477533,0.4705286934497659,0.6960067411587513,1.0,0.3154758468131601,0.015287809194759739,0.3457019913578572,0.817365060112084,1.0,0.23303653470719518,0.012981848072520806,0.2809833483623401,0.8627147366263902,1.0,0.0
14.3,0.0,0.5700206901420627,0.02245335888778425,0.47116883443148844,0.6958064299142781,1.0,0.31699607697839005,0.01534937864794345,0.34666006327172555,0.8165605233390083,1.0,0.23459603102430662,0.013052107005166928,0.2820665902976153,0.8618385217303397,1.0,0.0
14.350000000000001,0.0,0.5704936091879611,0.022470834541782142,0.4718061407667336,0.6956073887359915,1.0,0.31851532795875814,0.015410861869970238,0.3476163102314172,0.8157574177782422,1.0,0.2361581052705279,0.013122399629935787,0.28314914122952217,0.8609617081290435,1.0,0.0
14.4,0.0,0.5709638119047638,0.022488220497274232,0.4724406240407451,0.6954096090755809,1.0,0.3200335409251889,0.015472256767290325,0.3485707178280967,0.8149557741109099,1.0,0.23772268610652664,0.013192722832593696,0.28423096803472486,0.8600843424735963,1.0,0.0
14.450000000000001,0.0,0.571431313908725,0.022505517280090783,0.47307229580244636,0.6952130824340964,1.0,0.3215506573623257,0.015533561262311162,0.34952327189088944,0.8141556226894431,1.0,0.2392897019418463,0.013263073498326918,0.2853120379515181,0.8592064714080686,1.0,0.0
14.5,0.0,0.5718961307487606,0.02252272541307467,0.4737011675644165,0.6950178003620653,1.0,0.3230666190758292,0.015594773293604966,0.35047395848515533,0.8133569935346712,1.0,0.24085908094856842,0.013333448512288912,0.28639231857918007,0.8583281415596122,1.0,0.0
14.55,0.0,0.5723582779057346,0.02253984541606758,0.4743272508028681,0.6948237544595994,1.0,0.32458136819954114,0.015655890816110893,0.3514227639107551,0.8125599163330307,1.0,0.24243075107500692,0.013403844760145877,0.2874717778772668,0.8574493995285963,1.0,0.0
14.600000000000001,0.0,0.5728177707917729,0.022556877805897078,0.474950556957627,0.6946309363764922,1.0,0.3260948472025143,0.015716911801331838,0.3523696747003108,0.8117644204338914,1.0,0.2440046400594289,0.013474259128620414,0.28855038416485007,0.8565702918787775,1.0,0.0
14.65,0.0,0.5732746247496012,0.02257382309636447,0.47557109743211406,0.6944393378123066,1.0,0.3276069988959055,0.01577783423752587,0.35331467761746016,0.8109705348470005,1.0,0.24558067544379644,0.013544688506033088,0.2896281061196995,0.8556908651275098,1.0,0.0
14.700000000000001,0.0,0.5737288550519086,0.022590681798233474,0.4761888835933284,0.6942489505164534,1.0,0.32911776643973273,0.01583865612989229,0.3542577596551063,0.8101782882400448,1.0,0.24715878458752324,0.013615129782841693,0.2907049127774107,0.8548111657359981,1.0,0.0
14.75,0.0,0.5741804769007354,0.02260745441921972,0.47680392677183286,0.6940597662882604,1.0,0.3306270933494939,0.015899375500752284,0.35519890803366183,0.8093877089363296,1.0,0.2487388946812407,0.013685579852177996,0.2917807735304797,0.8539312400996023,1.0,0.0
14.8,0.0,0.5746295054268854,0.022624141463980996,0.47741623826174107,0.6938717769770323,1.0,0.3321349235026478,0.015959990389724225,0.3561381101992893,0.8085988249125755,1.0,0.25032093276056744,0.013756035610381799,0.29285565812732706,0.8530511345381938,1.0,0.0
14.850000000000001,0.0,0.5750759556893627,0.02264074343410831,0.4780258293207065,0.6936849744821018,1.0,0.3336412011449552,0.016020498853893568,0.35707535382213756,0.8078116637968313,1.0,0.251904825719877,0.01382649395753208,0.2939295366712701,0.8521708952865715,1.0,0.0
14.9,0.0,0.5755198426748314,0.022657260828117694,0.47863271116991296,0.6934993507528721,1.0,0.3351458708966808,0.016080898967977385,0.3580106267945746,0.807026252866504,1.0,0.25349050032605763,0.01389695179797506,0.29500237961944714,0.8512905684849409,1.0,0.0
14.950000000000001,0.0,0.5759611812970998,0.022673694141442775,0.47923689499406724,0.6933148977888502,1.0,0.3366488777586543,0.016141188824483524,0.35894391722941804,0.8062426190465041,1.0,0.255077883232259,0.013967406040848968,0.2960741577816934,0.8504102001694601,1.0,0.0
15.0,0.0,0.5763999863966273,0.02269004386642808,0.4798383919413931,0.6931316076396727,1.0,0.33815016711819124,0.016201366533864402,0.3598752134581622,0.8054607889075072,1.0,0.2566669009916199,0.01403785360060534,0.2971448423193702,0.8495298362628587,1.0,0.0
15.05,0.0,0.5768362727400538,0.022706310492323068,0.4804372131236273,0.692949472405122,1.0,0.33964968475487184,0.016261430224665478,0.3608045040292041,0.8046807886643296,1.0,0.2582574800709717,0.014108291397526661,0.29821440474414923,0.8486495225651324,1.0,0.0
15.100000000000001,0.0,0.5772700550197525,0.022722494505276906,0.4810333696160171,0.692768484235135,1.0,0.34114737684617896,0.016321378043668348,0.3617317777060671,0.8039026441744184,1.0,0.2598495468645124,0.014178716358240173,0.2992828169167521,0.8477693047443183,1.0,0.0
15.15,0.0,0.5777013478534045,0.022738596388333927,0.48162687245731967,0.6925886353298045,1.0,0.3426431899729937,0.016381208156028566,0.36265702346562373,0.8031263809364552,1.0,0.26144302770744476,0.014249125416227654,0.3003500510456476,0.8468892283273558,1.0,0.0
15.200000000000001,0.0,0.5781301657835956,0.022754616621429795,0.4822177326498028,0.6924099179393711,1.0,0.3441370711249492,0.01644091874540813,0.3635802304963174,0.8023520240890721,1.0,0.26303784888957477,0.014319515512331021,0.30141607968570666,0.8460093386910348,1.0,0.0
15.25,0.0,0.5785565232774339,0.022770555681388357,0.48280596115924745,0.6922323243642082,1.0,0.34562896770564194,0.01650050801410271,0.36450138819638384,0.8015795984096803,1.0,0.26463393666886376,0.014389883595253563,0.3024808757368171,0.8451296810530378,1.0,0.0
15.3,0.0,0.5789804347261907,0.022786414041919167,0.4833915689149521,0.6920558469547999,1.0,0.3471188275377012,0.016559974183163607,0.3654204861720726,0.8008091283134084,1.0,0.2662312172849298,0.014460226622056647,0.303544412442459,0.8442503004630786,1.0,0.0
15.350000000000001,0.0,0.5794019144449601,0.022802192173615673,0.4839745668097384,0.6918804781117104,1.0,0.34860659886771556,0.016619315492514487,0.3663375142358686,0.8000406378521521,1.0,0.26782961697249313,0.014530541558651732,0.30460666338824177,0.8433712417941407,1.0,0.0
15.4,0.0,0.5798209766723417,0.022817890543954052,0.4845549656999584,0.6917062102855464,1.0,0.35009223037101783,0.016678530201062892,0.3672524624047142,0.7992741507137315,1.0,0.26942906197476,0.014600825380287532,0.3056676025004043,0.8424925497338204,1.0,0.0
15.450000000000001,0.0,0.5802376355701414,0.022833509617292698,0.48513277640550356,0.6915330359769127,1.0,0.3515756711563275,0.016737616586806593,0.3681653208982333,0.7985096902211581,1.0,0.2710294785567409,0.014671075072032174,0.30672720404427917,0.8416142687757774,1.0,0.0
15.5,0.0,0.5806519052230945,0.022849049854872315,0.4857080097098153,0.6913609477363608,1.0,0.35305687077025105,0.01679657294693477,0.3690760801369553,0.7977472793320068,1.0,0.2726307930184972,0.014741287629250192,0.3077854426227219,0.8407364432112965,1.0,0.0
15.55,0.0,0.5810637996386072,0.022864511714816647,0.48628067635989664,0.6911899381643293,1.0,0.3545357792016411,0.01685539759792409,0.36998473074054217,0.7969869406378949,1.0,0.274232931708312,0.014811460058074221,0.30884229317450684,0.8398591171209635,1.0,0.0
15.600000000000001,0.0,0.5814733327465182,0.022879895652133813,0.48685078706632584,0.691019999911079,1.0,0.3560123468858136,0.016914088875629705,0.37089126352601676,0.796228696364065,1.0,0.27583582103578064,0.014881589375871236,0.3098977309726904,0.8389823343664593,1.0,0.0
15.65,0.0,0.5818805183988794,0.022895202118718212,0.4874183525032714,0.6908511256766209,1.0,0.35748652470862446,0.016972645135371174,0.37179566950599374,0.795472568369072,1.0,0.27743938748481545,0.014951672611703206,0.31095173162294276,0.8381061385824745,1.0,0.0
15.700000000000001,0.0,0.5822853703697558,0.022910431563353047,0.48798338330850843,0.6906833082106371,1.0,0.358958264010405,0.017031064752013398,0.37269793988691324,0.7947185781445713,1.0,0.27904355762656063,0.015021706806782022,0.3120042710618489,0.837230573168748,1.0,0.0
15.75,0.0,0.5826879023550435,0.022925584431713393,0.48854589008343635,0.690516540312396,1.0,0.3604275165897578,0.017089346120042564,0.37359806606727736,0.7939667468152082,1.0,0.280648258132213,0.015091689014918567,0.313055325555181,0.8363556812822324,1.0,0.0
15.8,0.0,0.5830881279723065,0.02294066116636984,0.4891058833930984,0.6903508148306607,1.0,0.3618942347072126,0.01714748765363717,0.37449603963589007,0.7932170951386067,1.0,0.28225341578574353,0.015161616302965808,0.31410487169614165,0.8354815058293886,1.0,0.0
15.850000000000001,0.0,0.5834860607606311,0.022955662206792675,0.4896633737662023,0.6901861246635921,1.0,0.36335837108874314,0.017205487786734135,0.3753918523701007,0.7924696435054563,1.0,0.28385895749651613,0.015231485751255788,0.31515288640358047,0.8346080894586141,1.0,0.0
15.9,0.0,0.5838817141804987,0.022970587989356615,0.4902183716951422,0.6900224627586444,1.0,0.3648198789291458,0.01726334497309007,0.3762854962340513,0.7917244119396957,1.0,0.2854648103117987,0.01530129445403039,0.31619934692018403,0.833735474552804,1.0,0.0
15.950000000000001,0.0,0.5842751016136749,0.02298543894734605,0.4907708876360225,0.6898598221124568,1.0,0.3662787118952802,0.01732105768633775,0.37717696337692785,0.7909814200987909,1.0,0.28707090142916314,0.015371039519865765,0.31724423081064074,0.8328637032220512,1.0,0.0
16.0,0.0,0.5846662363631168,0.02300021551096082,0.49132093200868227,0.6896981957707374,1.0,0.3677348241291732,0.017378624420037802,0.37806624613121637,0.7902406872741083,1.0,0.28867715820876955,0.015440718072090328,0.3182875159597813,0.8319928172964854,1.0,0.0
16.05,0.0,0.585055131652896,0.023014918107322486,0.49186851519672176,0.689537576828143,1.0,0.36918817025098605,0.017436043687725694,0.3789533370109631,0.7895022323913792,1.0,0.29028350818553145,0.015510327249196189,0.31932918057069576,0.8311228583192546,1.0,0.0
16.1,0.0,0.5854418006281398,0.023029547160481098,0.4924136475475298,0.6893779584281525,1.0,0.370638705361847,0.017493314022954058,0.37983822871004014,0.7887660740112549,1.0,0.2918898790811573,0.015579864205243954,0.3203692031628286,0.8302538675396494,1.0,0.0
16.150000000000002,0.0,0.5858262563549861,0.02304410309142244,0.4929563393723127,0.6892193337629353,1.0,0.37208638504654856,0.01755043397933038,0.3807209141004156,0.7880322303299515,1.0,0.29349619881606587,0.01564932611026077,0.3214075625700517,0.8293858859063749,1.0,0.0
16.2,0.0,0.5862085118205569,0.023058586318075752,0.49349660094612435,0.6890616960732142,1.0,0.3735311653761117,0.017607402130550145,0.3816013862304299,0.7873007191799823,1.0,0.2951023955211702,0.01571871015063154,0.32244423793871774,0.8285189540609695,1.0,0.0
16.25,0.0,0.5865885799329451,0.023072997255321935,0.4940344425078976,0.6889050386481234,1.0,0.37497300291021696,0.017664217070425432,0.38247963832307696,0.7865715580309759,1.0,0.29670839754952855,0.01578801352948321,0.32347920872569286,0.8276531123313742,1.0,0.0
16.3,0.0,0.5869664735212181,0.023087336315002156,0.49456987426047694,0.688749354825061,1.0,0.37641185469950444,0.017720877412909085,0.3833556637742917,0.7858447639905786,1.0,0.29831413348785757,0.015857233467062082,0.3245124546963716,0.8267884007256517,1.0,0.0
16.35,0.0,0.5873422053354358,0.02310160390592694,0.4951029063706526,0.6885946379895376,1.0,0.3778476782877427,0.017777381792114435,0.3842294561512432,0.7851203538054402,1.0,0.2999195321679047,0.015926367201104,0.32554395592267343,0.8259248589258603,1.0,0.0
16.400000000000002,0.0,0.5877157880466833,0.023115800433885673,0.4956335489691953,0.6884408815750184,1.0,0.37928043171386827,0.017833728862330697,0.3851010091906345,0.7843983438622807,1.0,0.3015245226776772,0.015995411987197422,0.32657369278102266,0.8250625262820808,1.0,0.0
16.45,0.0,0.5880872342471184,0.02312992630165652,0.49616181215089317,0.6882880790627623,1.0,0.38071007351389696,0.017889917298034037,0.3859703167970086,0.783678750189036,1.0,0.30312903437252425,0.01606436509913927,0.3276016459503119,0.8242014418065989,1.0,0.0
16.5,0.0,0.5884565564500323,0.02314398190901677,0.4966877059745888,0.6881362239816559,1.0,0.38213656272270746,0.017945945793894413,0.38683737304106103,0.7829615884560821,1.0,0.3047329968860691,0.016133223829283463,0.3286277964098504,0.8233416441682457,1.0,0.0
16.55,0.0,0.5888237670899253,0.02315796765275354,0.4972112404632183,0.687985309908042,1.0,0.3835598588756992,0.01800181306477822,0.38770217215795955,0.7822468739775351,1.0,0.3063363401409889,0.01620198548888214,0.32965212543729805,0.8224831716868942,1.0,0.0
16.6,0.0,0.5891888785225955,0.023171883926674925,0.49773242560385117,0.6878353304655456,1.0,0.3849799220103254,0.0180575178457468,0.3885647085456706,0.7815346217126257,1.0,0.3079389943596394,0.016270647408419475,0.3306746146065856,0.821626062328116,1.0,0.0
16.650000000000002,0.0,0.5895519030252404,0.023185731121621467,0.49825127134773123,0.687686279324894,1.0,0.3863967126675019,0.01811305889205089,0.389424976763293,0.7808248462671463,1.0,0.3095408900745212,0.016339206937938017,0.33169524578582177,0.8207703536979966,1.0,0.0
16.7,0.0,0.589912852796572,0.02319950962547803,0.4987677876103191,0.6875381502037341,1.0,0.3878101918928946,0.01816843497912103,0.39028297152939917,0.78011756189497,1.0,0.3111419581385863,0.016407661447357585,0.33271400113518884,0.8199160830381121,1.0,0.0
16.75,0.0,0.5902717399569446,0.02321321982318602,0.4992819842713352,0.6873909368664444,1.0,0.38922032123808503,0.018223644902554056,0.39113868772038357,0.7794127824996372,1.0,0.31274212973538174,0.016476008326786577,0.3337308631048263,0.8190632872206661,1.0,0.0
16.8,0.0,0.5906285765484943,0.023226862096755944,0.4997938711748044,0.6872446331239441,1.0,0.39062706276161646,0.018278687478095655,0.3919921203688191,0.7787105216360116,1.0,0.31434133638902784,0.016544244986825735,0.3347458144327043,0.818212002743788,1.0,0.0
16.85,0.0,0.5909833745352917,0.023240436825280326,0.5003034581291015,0.6870992328334984,1.0,0.3920303790299221,0.018333561541619112,0.3928432646618211,0.7780107925120012,1.0,0.3159395099740301,0.01661236885886429,0.3357588381424869,0.8173622657269939,1.0,0.0
16.900000000000002,0.0,0.5913361458035055,0.02325394438494693,0.5008107549069978,0.6869547298985189,1.0,0.3934302331181357,0.01838826594910028,0.3936921159394196,0.7773136079903434,1.0,0.3175365827249212,0.016680377395368474,0.3367699175413868,0.8165141119068089,1.0,0.0
16.95,0.0,0.5916869021615779,0.023267385149052317,0.5013157712457088,0.686811118268362,1.0,0.39482658861078707,0.018442799576588814,0.3945386696929394,0.776618980590453,1.0,0.3191324872457325,0.016748268070162366,0.33777903621801064,0.8156675766325523,1.0,0.0
17.0,0.0,0.5920356553404119,0.023280759488015695,0.501818516846943,0.686668391938123,1.0,0.3962194096023833,0.018497161320175808,0.39538292156338845,0.7759269224903302,1.0,0.32072715651929246,0.01681603837870106,0.33878617804019756,0.8148226948622849,1.0,0.0
17.05,0.0,0.5923824169935685,0.023294067769393086,0.5023190013769514,0.6865265449484266,1.0,0.3976086606978775,0.018551350095957778,0.3962248673398549,0.7752374455285288,1.0,0.3223205239163503,0.01688368583833614,0.33979132715285004,0.8139795011589188,1.0,0.0
17.1,0.0,0.592727198697476,0.023307310357891766,0.5028172344665783,0.6863855713852145,1.0,0.39899430701302613,0.018605364839997158,0.3970645029579123,0.77455056120618,1.0,0.32391252320452396,0.01695120798857344,0.34079446797575846,0.81313802968649,1.0,0.0
17.150000000000002,0.0,0.5930700119516483,0.023320487615384994,0.5033132257113133,0.6862454653795301,1.0,0.4003763141746369,0.018659204508279334,0.3979018244980334,0.7738662806890736,1.0,0.3255030885570701,0.017018602391323086,0.34179558520142,0.8122983142065917,1.0,0.0
17.2,0.0,0.5934108681789148,0.02333359990092701,0.5038069846713439,0.6861062211072996,1.0,0.4017546483207085,0.01871286807666626,0.3987368281840131,0.7731846148097913,1.0,0.32709215456147533,0.017085866631141807,0.3427946637928523,0.8114603880749712,1.0,0.0
17.25,0.0,0.5937497787256589,0.02334664757076829,0.5042985208716091,0.6859678327891098,1.0,0.40312927610046345,0.018766354540846745,0.39956951038139993,0.7725055740698937,1.0,0.3286796562278672,0.017152998315467544,0.3437916889814025,0.8106242842382867,1.0,0.0
17.3,0.0,0.5940867548620679,0.023359630978371054,0.5047878438018542,0.6858302946899842,1.0,0.40450016467427613,0.018819662916283467,0.40039986759593627,0.7718291686421567,1.0,0.33026552899724376,0.017219995074846315,0.3447866462645526,0.8097900352310253,1.0,0.0
17.35,0.0,0.5944218077823901,0.023372550474425033,0.5052749629166865,0.6856936011191556,1.0,0.40586728171349723,0.01887279223815678,0.4012278964720082,0.7711554083728567,1.0,0.3318497087495208,0.017286854563151384,0.34577952140372115,0.8089576731725819,1.0,0.0
17.400000000000002,0.0,0.5947549486052033,0.023385406406863447,0.5057598876356317,0.6855577464298354,1.0,0.4072305954001762,0.01892574156130536,0.4020535937911039,0.7704843027841037,1.0,0.33343213181139586,0.01735357445779472,0.34677030042206264,0.8081272297644965,1.0,0.0
17.45,0.0,0.5950861883736906,0.02339819912087922,0.5062426273431916,0.6854227250189815,1.0,0.4085900744266835,0.018978509960163793,0.40287695647028177,0.7698158610762192,1.0,0.335012734964028,0.017420152459930765,0.34775896960226416,0.8072987362878509,1.0,0.0
17.5,0.0,0.595415538055926,0.023410928958941424,0.506723191388902,0.685288531327063,1.0,0.4099456879952337,0.01903109652869711,0.40369798156064746,0.7691500921301575,1.0,0.33659145545053265,0.01748658629465255,0.3487455154843407,0.8064722236008233,1.0,0.0
17.55,0.0,0.5957430085451668,0.023423596260811898,0.5072015890873924,0.6851551598378227,1.0,0.41129740581731195,0.0190835003803324,0.4045166662458405,0.7684870045099699,1.0,0.3381682309832913,0.017552873711180143,0.34972992486342946,0.8056477221363997,1.0,0.0
17.6,0.0,0.5960686106601567,0.023436201363562108,0.5076778297184463,0.6850226050780369,1.0,0.4126451981130045,0.0191357206478875,0.40533300784053045,0.767826606465309,1.0,0.3397429997510749,0.017619012483041478,0.35071218478758337,0.8048252619002412,1.0,0.0
17.650000000000002,0.0,0.5963923551454342,0.023448744601590174,0.5081519225270618,0.6848908616172736,1.0,0.4139890356102355,0.019187756483496875,0.40614700378892243,0.7671689059339719,1.0,0.34131570042598114,0.017685000408245596,0.35169228255556445,0.8040048724687059,1.0,0.0
17.7,0.0,0.5967142526716502,0.023461226306638085,0.5086238767235133,0.6847599240676482,1.0,0.41532888954391134,0.01923960705853473,0.4069586516632724,0.7665139105444806,1.0,0.34288627217018475,0.017750835309448324,0.352670205714638,0.8031865829870247,1.0,0.0
17.75,0.0,0.5970343138358929,0.02347364680780909,0.5090937014834147,0.6846297870835769,1.0,0.41666473165497464,0.019291271563535422,0.407767949162412,0.7658616276186978,1.0,0.34445465464250113,0.017816515034110407,0.3536459420583672,0.8023704221676293,1.0,0.0
17.8,0.0,0.5973525491620192,0.023486006431585264,0.5095614059477828,0.6845004453615289,1.0,0.4179965341893689,0.019342749208111205,0.4085748941102833,0.7652120641744776,1.0,0.34602078800476294,0.017882037454648166,0.35461947962440954,0.8015564182886309,1.0,0.0
17.85,0.0,0.5976689691009939,0.023498305501845215,0.5100269992231014,0.6843718936397758,1.0,0.41932426989691596,0.019394039220867444,0.40937948445448313,0.7645652269283478,1.0,0.34758461292800946,0.017947400468576707,0.35559080669231474,0.8007445991924489,1.0,0.0
17.900000000000002,0.0,0.5979835840312352,0.023510544339881964,0.5104904903813865,0.6842441266981398,1.0,0.4206479120301077,0.01944514084931528,0.4101817182648174,0.7639211222982237,1.0,0.3491460705984892,0.018012601998645714,0.35655991178132534,0.7999349922845875,1.0,0.0
17.95,0.0,0.5982964042589668,0.02352272326442096,0.5109518884602523,0.6841171393577401,1.0,0.42196743434281375,0.019496053359781856,0.4109815937318653,0.7632797564061513,1.0,0.3507051027234753,0.018077639992967874,0.3575267836481796,0.7991276245325589,1.0,0.0
18.0,0.0,0.598607440018576,0.023534842591638225,0.5114112024629779,0.6839909264807376,1.0,0.42328281108890653,0.01954677603731815,0.41177910916555344,0.7626411350810782,1.0,0.352261651536895,0.018142512425140016,0.3584914112849179,0.7983225224649514,1.0,0.0
18.05,0.0,0.5989167014729784,0.02354690263517864,0.5118684413585743,0.6838654829700777,1.0,0.4245940170208059,0.019597308185604487,0.4125742629937397,0.7620052638616512,1.0,0.35381565980477203,0.018207217294356967,0.35945378391669264,0.7975197121706407,1.0,0.0
18.1,0.0,0.599224198713988,0.02355890370617435,0.5123236140818535,0.6837408037692325,1.0,0.42590102738794433,0.019647649126853784,0.4133670537608078,0.7613721479990393,1.0,0.3553670708304839,0.01827175262551822,0.360413890999582,0.7967192192981428,1.0,0.0
18.150000000000002,0.0,0.5995299417626934,0.023570846113263266,0.5127767295334963,0.683616883861941,1.0,0.42720381793515494,0.01969779820171257,0.41415748012627096,0.7607417924597789,1.0,0.3569158284598335,0.018336116469327438,0.3613717222184083,0.7959210690551072,1.0,0.0
18.2,0.0,0.5998339405698383,0.023582730162607708,0.5132277965801227,0.6834937182719476,1.0,0.4285023649009834,0.019747754769159895,0.41494554086338653,0.7601142019286429,1.0,0.3584618770859359,0.0184003069023849,0.36232726748456084,0.795125286207947,1.0,0.0
18.25,0.0,0.6001362050162089,0.02359455615791312,0.5136768240543622,0.6833713020627404,1.0,0.42979664501592596,0.019797518206404133,0.4157312348577803,0.7594893808115292,1.0,0.3600051616539215,0.018464322027272887,0.36328051693382407,0.7943318950816062,1.0,0.0
18.3,0.0,0.6004367449130249,0.023606324400446882,0.5141238207549242,0.6832496303372876,1.0,0.4310866355005947,0.019847087908777768,0.4165145611060808,0.7588673332383689,1.0,0.3615456276654552,0.01852815997263413,0.36423146092421127,0.79354091955946,1.0,0.0
18.35,0.0,0.6007355700023356,0.023618035189057227,0.5145687954466706,0.6831286982377727,1.0,0.43237231406381194,0.019896463289630205,0.4172955187145643,0.7582480630660529,1.0,0.36308322118307373,0.018591818893243347,0.3651800900338039,0.7927523830833485,1.0,0.0
18.400000000000002,0.0,0.601032689957421,0.02362968882019222,0.5150117568606873,0.6830085009453295,1.0,0.4336536589006358,0.019945643780218698,0.4180741068978092,0.7576315738813741,1.0,0.3646178888343408,0.018655296970071983,0.36612639505859734,0.7919663086537393,1.0,0.0
18.45,0.0,0.6013281143831968,0.02364128558791881,0.5154527136943583,0.6828890336797753,1.0,0.4349306486903173,0.019994628829597412,0.41885032497736174,0.7570178690039864,1.0,0.3661495778158221,0.01871859241034616,0.3670703670103527,0.791182718830019,1.0,0.0
18.5,0.0,0.601621852816624,0.023652825783941962,0.5158916746114383,0.6827702916993438,1.0,0.43620326259419223,0.02004341790450471,0.41962417238041066,0.7564069514893759,1.0,0.3676782358968802,0.018781703447597962,0.3680119971144562,0.7904016357309106,1.0,0.0
18.55,0.0,0.6019139147271219,0.02366430969762385,0.5163286482421275,0.6826522703004168,1.0,0.4374714802535083,0.020092010489248698,0.420395648638473,0.7557988241318464,1.0,0.3692038114232914,0.018844628341710124,0.3689512768077849,0.7896230810350142,1.0,0.0
18.6,0.0,0.6022043095169857,0.023675737616003077,0.516763643183147,0.6825349648172553,1.0,0.4387352817871894,0.020140406085591103,0.4211647533860898,0.7551934894675154,1.0,0.3707262533206849,0.01890736537895415,0.36988819773658027,0.7888470759814701,1.0,0.0
18.650000000000002,0.0,0.6024930465218067,0.023687109823813984,0.5171966679978137,0.6824183706217304,1.0,0.43999464778953895,0.02018860421262954,0.42193148635953187,0.7545909497773208,1.0,0.3722455110978059,0.018969912872022036,0.3708227517543296,0.7880736413707404,1.0,0.0
18.7,0.0,0.602780135010897,0.023698426603505966,0.5176277312161167,0.6823024831230526,1.0,0.44124955932788335,0.020236604406678207,0.4226958473955163,0.7539912070900361,1.0,0.3737615348496043,0.019032269160051556,0.37175493091965495,0.7873027975655091,1.0,0.0
18.75,0.0,0.6030655841877166,0.023709688235262847,0.5180568413347942,0.682187297767502,1.0,0.44249999794015754,0.020284406221147074,0.4234578364299327,0.7533942631852942,1.0,0.3752742752601492,0.0190944326086453,0.37268472749421083,0.7865345644916959,1.0,0.0
18.8,0.0,0.603349403190304,0.023720894997022277,0.5184840068174106,0.6820728100381561,1.0,0.4437459456324343,0.02033200922641965,0.42421745349657985,0.7528001195966174,1.0,0.3767836836053723,0.019156401609883484,0.3736121339405901,0.7857689616395834,1.0,0.0
18.85,0.0,0.6036316010917091,0.02373204716449515,0.5189092360944345,0.6819590154546195,1.0,0.4449873848763982,0.02037941300972931,0.42497469872591287,0.7522087776144527,1.0,0.37828971175563963,0.019218174582330636,0.3745371429202388,0.7850060080650547,1.0,0.0
18.900000000000002,0.0,0.60391218690043,0.023743145011185057,0.5193325375633173,0.681845909572751,1.0,0.44622429860676677,0.020426617175034325,0.42572957234380004,0.7516202382892121,1.0,0.37979231217815546,0.019279749971036243,0.37545974729138,0.7842457223909387,1.0,0.0
18.95,0.0,0.6041911695608511,0.023754188808407732,0.5197539195885721,0.6817334879843926,1.0,0.4474566702186592,0.020473621342891563,0.4264820746702904,0.7510345024343158,1.0,0.3812914379391976,0.019341126247529435,0.3763799401069467,0.7834881228084611,1.0,0.0
19.0,0.0,0.6044685579536839,0.023765178825310523,0.520173390501853,0.681621746317096,1.0,0.4486844835649155,0.020520425150328987,0.4272322061183913,0.7504515706292381,1.0,0.38278704270618785,0.019402301909807816,0.3772977146125246,0.7827332270787994,1.0,0.0
19.05,0.0,0.6047443608964108,0.02377611532889186,0.5205909586020353,0.6815106802338513,1.0,0.4499077229533664,0.020567028250716955,0.427979967192856,0.7498714432225537,1.0,0.3842790807495975,0.019463275482320505,0.3782130642443042,0.7819810525347378,1.0,0.0
19.1,0.0,0.6050185871437296,0.02378699858402072,0.5210066321552965,0.6814002854328134,1.0,0.45112637314405585,0.020613430313638388,0.428725358488982,0.7492941203349852,1.0,0.38576750694469075,0.0195240455159455,0.379125982627043,0.7812316160824215,1.0,0.0
19.150000000000002,0.0,0.6052912453880007,0.0237978288534561,0.5214204193951968,0.6812905576470301,1.0,0.4523404193464184,0.020659631024757857,0.42946838069141885,0.7487196018624491,1.0,0.3872522767731077,0.01958461058796142,0.38003646357203785,0.7804849342032071,1.0,0.0
19.200000000000003,0.0,0.6055623442596965,0.023808606397866448,0.5218323285227607,0.6811814926441692,1.0,0.45354984721641156,0.02070563008568964,0.4302090345729865,0.7481478874791002,1.0,0.38873334632428785,0.01964496930201379,0.38094450107510736,0.7797410229556062,1.0,0.0
19.25,0.0,0.6058318923278508,0.023819331475849102,0.5222423677065595,0.6810730862262462,1.0,0.4547546428536059,0.020751427213864793,0.43094732099350386,0.7475789766403735,1.0,0.39021067229673717,0.019705120288075847,0.3818500893145851,0.7789998979773213,1.0,0.0
19.3,0.0,0.6060998981005116,0.023830004343949714,0.5226505450827932,0.6809653342293516,1.0,0.45595479279823314,0.0207970221423973,0.4316832408986272,0.7470128685860223,1.0,0.3916842119991396,0.019765062202404076,0.38275322264932315,0.7782615744873697,1.0,0.0
19.35,0.0,0.6063663700251932,0.023840625256681628,0.5230568687553738,0.6808582325233788,1.0,0.457150284028195,0.020842414619949318,0.43241679531869875,0.7464495623431515,1.0,0.39315392335131566,0.0198247937274885,0.383653895616707,0.7775260672882945,1.0,0.0
19.400000000000002,0.0,0.6066313164893312,0.02385119446654523,0.5234613467960089,0.6807517770117525,1.0,0.45834110395603284,0.020887604410595603,0.4331479853676054,0.7458890567292459,1.0,0.39461976488502953,0.019884313571997842,0.3845521029306807,0.77679339076846,1.0,0.0
19.450000000000003,0.0,0.6068947458207372,0.023861712224047284,0.5238639872442848,0.6806459636311561,1.0,0.4595272404258606,0.020932591293687138,0.4338768122416474,0.7453313503551918,1.0,0.396081695744647,0.019943620470719632,0.38544783947978384,0.7760635589044277,1.0,0.0
19.5,0.0,0.6071566662880549,0.023872178777720212,0.5242647981077518,0.6805407883512615,1.0,0.4607086817102617,0.020977375063714006,0.43460327721841713,0.7447764416282922,1.0,0.39753967568764625,0.020002713184495396,0.3863411003251995,0.775336585263413,1.0,0.0
19.55,0.0,0.6074170861012169,0.023882594374141336,0.524663787362008,0.680436247174457,1.0,0.46188541650715187,0.021021955530167585,0.4353273816556875,0.7442243287552729,1.0,0.3989936650849831,0.020061590500150987,0.38723188069881376,0.7746124830058175,1.0,0.0
19.6,0.0,0.6076760134119022,0.023892959257952064,0.5250609629507851,0.6803323361355775,1.0,0.4630574339366086,0.021066332517402073,0.43604912699031095,0.7436750097452812,1.0,0.40044362492131336,0.020120251230422156,0.38812017600128657,0.7738912648878371,1.0,0.0
19.650000000000002,0.0,0.6079334563139938,0.023903273671877053,0.5254563327860331,0.680229051301634,1.0,0.464224723537669,0.021110505864495404,0.4367685147371277,0.7431284824128743,1.0,0.40188951679507423,0.020178694213875477,0.38900598180013474,0.773172943264141,1.0,0.0
19.700000000000003,0.0,0.6081894228440363,0.023913537856743286,0.5258499047480071,0.6801263887715442,1.0,0.4653872752650977,0.021154475425109596,0.4374855464878842,0.7425847443809973,1.0,0.4033313029184265,0.02023691831482471,0.38988929382782644,0.772457530090621,1.0,0.0
19.75,0.0,0.6084439209816952,0.023923752051499103,0.5262416866853528,0.6800243446758633,1.0,0.46654507948612495,0.021198241067350587,0.43820022391016134,0.7420437930839512,1.0,0.40476894611706016,0.02029492242324271,0.39077010797988765,0.7717450369272084,1.0,0.0
19.8,0.0,0.6086969586502146,0.023933916493233183,0.5266316864151935,0.6799229151765158,1.0,0.46769812697715746,0.02124180267362756,0.4389125487463127,0.7415056257703484,1.0,0.40620240982986533,0.02035270545466895,0.39164842031302094,0.7710354749407554,1.0,0.0
19.85,0.0,0.6089485437168755,0.023944031417193434,0.5270199117232173,0.6798220964665278,1.0,0.46884640892046286,0.02128516014051187,0.4396225228124121,0.7409702395060563,1.0,0.40763165810847074,0.020410266350112786,0.392524227043236,0.7703288549079794,1.0,0.0
19.900000000000002,0.0,0.6091986839934541,0.023954097056805842,0.5274063703637636,0.6797218847697595,1.0,0.4699899169008284,0.02132831337859552,0.4403301479972112,0.7404376311771279,1.0,0.409056655616652,0.020467604075952557,0.3933975245439928,0.7696251872184675,1.0,0.0
19.950000000000003,0.0,0.6094473872366799,0.02396411364369323,0.5277910700599118,0.6796222763406393,1.0,0.47112864290219614,0.02137126231234932,0.44103542626110676,0.7399077974927188,1.0,0.4104773676296119,0.020524717623830593,0.39426830934435697,0.7689244818777392,1.0,0.0
20.0,0.0,0.6096946611486926,0.023974081407693942,0.5281740185035686,0.6795232674638984,1.0,0.472262579304275,0.021414006879980685,0.44173835963511743,0.7393807349879898,1.0,0.4118937600331347,0.020581606010544255,0.39513657812716757,0.768226748510365,1.0,0.0
20.05,0.0,0.6099405133774999,0.023984000576880465,0.5285552233555566,0.6794248544543051,1.0,0.4733917188791317,0.02145654703329119,0.4424389502198703,0.7388564400269951,1.0,0.41330579932261724,0.020638268277933074,0.3960023277272174,0.7675319963631377,1.0,0.0
20.1,0.0,0.610184951517433,0.023993871377577948,0.5289346922457029,0.6793270336564021,1.0,0.47451605478776054,0.021498882737533836,0.4431372001845968,0.7383349088055549,1.0,0.41471345260197817,0.02069470349276212,0.39686555512944577,0.7668402343082958,1.0,0.0
20.150000000000002,0.0,0.610427983109603,0.02400369403438265,0.529312432772928,0.6792298014442428,1.0,0.475635580576635,0.02154101397127015,0.4438331117661383,0.7378161373541117,1.0,0.41611668758244863,0.02075091074660167,0.3977262574671444,0.7661514708467954,1.0,0.0
20.200000000000003,0.0,0.6106696156423554,0.024013468770180294,0.5296884525053354,0.6791331542211292,1.0,0.47675029017424037,0.021582940726227077,0.44452668726796124,0.7373001215405712,1.0,0.41751547258124594,0.020806889155703272,0.3985844320201755,0.7654657141116287,1.0,0.0
20.25,0.0,0.6109098565517243,0.024023195806164344,0.5300627589803002,0.679037088419351,1.0,0.4778601778875898,0.02162466300715376,0.4452179290591811,0.7367868570731256,1.0,0.4189097765201326,0.02086263786087231,0.39944007621320293,0.7647829718711877,1.0,0.0
20.3,0.0,0.611148713221885,0.024032875361854167,0.5304353597045599,0.6789416004999251,1.0,0.47896523839872474,0.0216661808316782,0.4459068395735968,0.7362763395030592,1.0,0.42029956892386333,0.02091815602733717,0.40029318761393606,0.7641032515326698,1.0,0.0
20.35,0.0,0.6113861929856066,0.024042507655113114,0.530806262154304,0.6788466869523371,1.0,0.48006546676120043,0.02170749423016386,0.44659342130873325,0.7357685642275362,1.0,0.4216848199185219,0.020973442844615078,0.4011437639313868,0.7634265601455237,1.0,0.0
20.400000000000002,0.0,0.6116223031247018,0.02405209290216651,0.5311754737752644,0.6787523442942826,1.0,0.48116085839655764,0.02174860324556624,0.44727767682489417,0.7352635264923714,1.0,0.42306550022975026,0.02102849752637472,0.40199180301413906,0.7627529044049337,1.0,0.0
20.450000000000003,0.0,0.6118570508704769,0.024061631317619517,0.5315430019828059,0.6786585690714103,1.0,0.48225140909078223,0.02178950793328942,0.44795960874422347,0.7347612213947801,1.0,0.42444158118087244,0.02108331931029573,0.4028373028486319,0.7620822906553402,1.0,0.0
20.5,0.0,0.61209044340418,0.024071123114474936,0.531908854162017,0.6785653578570667,1.0,0.4833371149907528,0.02183020836104269,0.44863921974977616,0.7342616438861105,1.0,0.425813034690915,0.02113790745792516,0.403680261557455,0.7614147248939936,1.0,0.0
20.55,0.0,0.6123224878574469,0.024080568504150853,0.5322730376678013,0.6784727072520406,1.0,0.4844179726006782,0.021870704608697174,0.44931651258459826,0.7337647887745554,1.0,0.42717983327252695,0.02119226125453098,0.4045206773976577,0.7607502127745412,1.0,0.0
20.6,0.0,0.6125531913127471,0.02408996769649822,0.5326355598249681,0.6783806138843098,1.0,0.485493978778525,0.021910996768142614,0.4499914900508158,0.7332706507278448,1.0,0.42854195002980067,0.02124638000895274,0.4053585487590706,0.7600887596106431,1.0,0.0
20.650000000000002,0.0,0.6127825608038265,0.02409932089981831,0.5329964279283246,0.6782890744087893,1.0,0.48656513073243735,0.021951084943144232,0.45066415500873286,0.7327792242759176,1.0,0.42989935865599677,0.02130026305344947,0.4061938741626411,0.759430370379617,1.0,0.0
20.700000000000003,0.0,0.6130106033161498,0.02410862832088006,0.5333556492427671,0.6781980855070794,1.0,0.4876314260171484,0.021990969249199764,0.4513345103759385,0.7322905038135727,1.0,0.4312520334311749,0.021353909743544893,0.4070266522587808,0.7587750497261083,1.0,0.0
20.75,0.0,0.6132373257873402,0.024117890164937296,0.5337132310033734,0.6781076438872161,1.0,0.4886928625303857,0.02203064981339667,0.4520025591264229,0.7318044836030997,1.0,0.43259994921973255,0.021407319457870073,0.4078568818257276,0.7581228019657854,1.0,0.0
20.8,0.0,0.6134627351076181,0.024127106635745865,0.5340691804154942,0.6780177462834228,1.0,0.489749438509271,0.02207012677426956,0.4526683042897018,0.7313211577768873,1.0,0.43394308146785426,0.021460491598003544,0.4086845617679195,0.7574736310890564,1.0,0.0
20.85,0.0,0.6136868381202366,0.02413627793558062,0.5344235046548461,0.6779283894558628,1.0,0.4908011525267151,0.022109400281657865,0.45333174894995043,0.7308405203400113,1.0,0.4352814062008738,0.021513425588309057,0.4095096911143825,0.756827540764807,1.0,0.0
20.900000000000002,0.0,0.613909641621917,0.02414540426525231,0.5347762108676036,0.6778395701903931,1.0,0.4918480034878088,0.022148470496563745,0.45399289624514566,0.7303625651727998,1.0,0.43661490002055087,0.021566120875770978,0.41033226901713127,0.7561845343441562,1.0,0.0
20.950000000000003,0.0,0.6141311523632803,0.024154485824124328,0.5351273061704919,0.6777512852983203,1.0,0.49288999062621164,0.022187337591010322,0.45465174936621716,0.7298872860333768,1.0,0.4379435401022651,0.021618576929827462,0.4111522947495831,0.7555446148642306,1.0,0.0
21.0,0.0,0.6143513770492779,0.024163522810129373,0.5354767976508795,0.677663531616157,1.0,0.49392711350053753,0.02222600174790021,0.45530831155620705,0.7294146765601831,1.0,0.4392673041921295,0.021670793242201482,0.41196976770498506,0.7549077850519517,1.0,0.0
21.05,0.0,0.6145703223396194,0.024172515419785944,0.5358246923668716,0.6775763060053801,1.0,0.4949593719907402,0.022264463160874395,0.45596258610943813,0.7289447302744753,1.0,0.440586170604025,0.021722769326729768,0.41278468739485424,0.7542740473278379,1.0,0.0
21.1,0.0,0.6147879948491989,0.02418146384821474,0.5361709973474027,0.6774896053521904,1.0,0.49598676629449767,0.02230272203417148,0.45661457637069086,0.728477440582801,1.0,0.4419001182165591,0.021774504719189784,0.41359705344743114,0.7536434038098188,1.0,0.0
21.150000000000002,0.0,0.6150044011485184,0.024190368289154923,0.5365157195923301,0.6774034265672736,1.0,0.49700929692359747,0.022340778582487314,0.4572642857343885,0.7280128007794517,1.0,0.44320912646995025,0.021825998977124794,0.41440686560614626,0.7530158563170583,1.0,0.0
21.200000000000003,0.0,0.6152195477641093,0.024199228934980267,0.5368588660725273,0.6773177665855626,1.0,0.4980269647003229,0.02237863303083505,0.4579117176437909,0.7275508040488929,1.0,0.44451317536284013,0.02187725167966709,0.4152141237280998,0.752391406373787,1.0,0.0
21.25,0.0,0.6154334411789509,0.024208045976715147,0.5372004437299773,0.6772326223660018,1.0,0.49903977075384165,0.02241628561440562,0.45855687559019664,0.7270914434681696,1.0,0.44581224544903614,0.02192826242735951,0.41601882778255456,0.7517700552131417,1.0,0.0
21.3,0.0,0.6156460878328877,0.024216819604050435,0.5375404594778662,0.6771479908913121,1.0,0.5000477165165969,0.022453736578428682,0.4591997631121533,0.7266347120092892,1.0,0.4471063178341862,0.021979030841975254,0.41682097784944183,0.7511518037810095,1.0,0.0
21.35,0.0,0.6158574941230427,0.02422555000535924,0.5378789202006773,0.6770638691677582,1.0,0.501050803720702,0.02249098617803404,0.4598403837946762,0.7261806025415809,1.0,0.4483953741723879,0.022029556566336157,0.41762057411788034,0.7505366527398772,1.0,0.0
21.400000000000002,0.0,0.6160676664042294,0.024234237367712533,0.5382158327542844,0.6769802542249168,1.0,0.50204903439434,0.02252803467811357,0.460478741268475,0.7257291078340308,1.0,0.44967939666273415,0.022079839264129417,0.4184176168847084,0.7499246024726817,1.0,0.0
21.450000000000003,0.0,0.6162766109893605,0.024242881876894624,0.5385512039660462,0.6768971431154467,1.0,0.5030424108581675,0.02256488235318366,0.46111483920918905,0.7252802205575931,1.0,0.45095836804579714,0.022129878619722914,0.4192121065530289,0.7493156530866619,1.0,0.0
21.5,0.0,0.6164843341498545,0.02425148371741852,0.5388850406349,0.6768145329148602,1.0,0.5040309357217241,0.022601529487248195,0.4617486813366301,0.7248339332874779,1.0,0.45223227160005314,0.02217967433797916,0.42000404363076727,0.7487098044172109,1.0,0.0
21.55,0.0,0.6166908421160393,0.024260043072541135,0.5392173495314558,0.6767324207212965,1.0,0.5050146118798492,0.0226379763736621,0.46238027141403343,0.7243902385054142,1.0,0.45350109113824966,0.022229226144067974,0.4207934287292428,0.7481070560317253,1.0,0.0
21.6,0.0,0.6168961410775532,0.024268560124278374,0.5395481373980909,0.676650803655296,1.0,0.505993442509105,0.022674223314995457,0.4630096132473168,0.7239491286018891,1.0,0.45476481100371746,0.02227853378327795,0.42158026256175246,0.7475074072334524,1.0,0.0
21.650000000000002,0.0,0.6171002371837431,0.024277035053420076,0.5398774109490435,0.6765696788595768,1.0,0.5069674310642075,0.022710270622898234,0.46363671068434753,0.7235105958783627,1.0,0.45602341606662883,0.022327597020826765,0.4223645459421676,0.7469108570653321,1.0,0.0
21.700000000000003,0.0,0.6173031365440601,0.024285468039544834,0.5402051768705076,0.6764890434988124,1.0,0.5079365812744657,0.022746118617965598,0.46426156761421705,0.7230746325494588,1.0,0.4572768917202048,0.02237641564167045,0.42314627978354385,0.746317404313834,1.0,0.0
21.75,0.0,0.6175048452284525,0.02429385926103465,0.540531441820727,0.6764088947594116,1.0,0.5089008971402301,0.02278176762960389,0.4648841879665234,0.7226412307451305,1.0,0.45852522387687245,0.022424989450311638,0.4239254650967436,0.7457270475127868,1.0,0.0
21.8,0.0,0.6177053692677552,0.024302208895089477,0.5408562124300897,0.6763292298492989,1.0,0.5098603829293503,0.02281721799589723,0.4655045757106617,0.7222103825128029,1.0,0.459768398964375,0.022473318270606897,0.4247021029890712,0.7451397849472005,1.0,0.0
21.85,0.0,0.6179047146540771,0.02431051711774162,0.541179495301223,0.6762500459976978,1.0,0.5108150431736433,0.022852470063474774,0.4661227348551218,0.7217820798194894,1.0,0.46100640392183595,0.02252140194557319,0.42547619466292097,0.7445556146570782,1.0,0.0
21.900000000000002,0.0,0.6181028873411853,0.02431878410386998,0.541501297009087,0.6761713404549149,1.0,0.511764882665372,0.022887524187378678,0.4667386694467938,0.7213563145538856,1.0,0.4622392261957797,0.022569240337193548,0.426247741414438,0.7439745344412187,1.0,0.0
21.950000000000003,0.0,0.618299893244886,0.024327010027214192,0.5418216241010699,0.676093110492126,1.0,0.5127099064537354,0.022922380730932737,0.46735238357028136,0.7209330785284371,1.0,0.4634668537361097,0.022616833326222014,0.42701674463219136,0.7433965418610071,1.0,0.0
22.0,0.0,0.6184957382434029,0.02433519506038858,0.5421404830970824,0.6760153534011637,1.0,0.5136501198413702,0.022957040065611722,0.46796388134722183,0.7205123634813838,1.0,0.46468927499204726,0.0226641808119879,0.42778320579586004,0.7428216342441922,1.0,0.0
22.05,0.0,0.6186904281777527,0.024343339374896012,0.542457880489652,0.6759380664943071,1.0,0.5145855283808656,0.022991502570911464,0.4685731669356146,0.7200941610787792,1.0,0.46590647890803144,0.02271128271219947,0.4285471264749313,0.7422498086886516,1.0,0.0
22.1,0.0,0.6188839688521172,0.024351443141141595,0.5427738227440183,0.6758612471040722,1.0,0.5155161378712896,0.023025768634219644,0.4691802445291562,0.7196784629164856,1.0,0.4671184549195825,0.02275813896274705,0.42930850832741174,0.7416810620661415,1.0,0.0
22.150000000000002,0.0,0.6190763660342128,0.02435950652844623,0.5430883162982266,0.6757848925830052,1.0,0.5164419543547303,0.023059838650687347,0.4697851183565829,0.7192652605221449,1.0,0.4683251929491307,0.02280474951750569,0.43006735309855026,0.7411153910260305,1.0,0.0
22.200000000000003,0.0,0.6192676254556565,0.02436752970506004,0.5434013675632235,0.6757090003034764,1.0,0.5173629841128496,0.02309371302310138,0.47038779268102066,0.7188545453571248,1.0,0.46952668340181236,0.02285111434813737,0.43082366261957417,0.7405527919990185,1.0,0.0
22.25,0.0,0.6194577528123294,0.024375512838175635,0.543712982922951,0.6756335676574764,1.0,0.5182792336634524,0.023127392161757347,0.47098827179934233,0.7184463088184407,1.0,0.4707229171612337,0.02289723344389286,0.43157743880643684,0.739993261200836,1.0,0.0
22.3,0.0,0.6196467537647365,0.024383456093941262,0.5440231687344411,0.6755585920564143,1.0,0.5191907097570695,0.023160876484333515,0.47158656004153165,0.7180405422406537,1.0,0.4719138855852062,0.02294310681141328,0.4323286836585781,0.7394367946359272,1.0,0.0
22.35,0.0,0.6198346339383642,0.024391359637473797,0.5443319313279107,0.6754840709309166,1.0,0.5200974193735569,0.02319416641576547,0.4721826617700547,0.7176372368977437,1.0,0.47309958050145295,0.022988734474531397,0.43307739925769645,0.7388833881011129,1.0,0.0
22.400000000000002,0.0,0.6200213989240339,0.024399223632871603,0.544639277006856,0.6754100017306284,1.0,0.52099936971871,0.02322726238812159,0.4727765813792379,0.7172363840049591,1.0,0.47427999420328937,0.02303411647407272,0.433823587766534,0.7383330371892338,1.0,0.0
22.450000000000003,0.0,0.6202070542782526,0.024407048243227245,0.5449452120481469,0.6753363819240167,1.0,0.5218965682208937,0.02326016484047931,0.47336832329465367,0.7168379747206417,1.0,0.47545511944527874,0.023079252867656472,0.4345672514276726,0.7377857372927731,1.0,0.0
22.5,0.0,0.6203916055235614,0.024414833630640065,0.545249742702122,0.6752632089981746,1.0,0.52278902252769,0.02329287421880225,0.4739578919725122,0.7164420001480281,1.0,0.4766249494388648,0.023124143729496484,0.43530839256234266,0.7372414836074573,1.0,0.0
22.55,0.0,0.6205750581488795,0.024422579956228627,0.5455528751926825,0.6751904804586277,1.0,0.5236767405025613,0.023325390975818112,0.4745452918990607,0.716048451337027,1.0,0.4777894778479827,0.023168789150202,0.4360470135692437,0.7367002711358358,1.0,0.0
22.6,0.0,0.6207574176098453,0.024430287380143,0.5458546157173871,0.6751181938291421,1.0,0.5245597302215318,0.023357715570897504,0.47513052758998897,0.7156573192859726,1.0,0.47894869878464985,0.02321318923657855,0.4367831169233766,0.7361620946908367,1.0,0.0
22.650000000000002,0.0,0.6209386893291554,0.024437956061576924,0.5461549704475465,0.675046346651534,1.0,0.525437999969886,0.02338984846993354,0.475713603589842,0.7152685949433545,1.0,0.48010260680453815,0.023257344111428872,0.437516705174888,0.7356269488992996,1.0,0.0
22.700000000000003,0.0,0.6211188786968992,0.024445586158779824,0.5464539455283172,0.6749749364854813,1.0,0.5263115582388858,0.02342179014522235,0.4762945244714391,0.7148822692095234,1.0,0.4812511969025294,0.02330125391335392,0.43824778094792594,0.7350948282054839,1.0,0.0
22.75,0.0,0.6212979910708909,0.024453177829068688,0.5467515470787965,0.6749039609083368,1.0,0.5271804137225048,0.023453541075344423,0.47687329483529967,0.7144983329383742,1.0,0.48239446450825463,0.02334491879655407,0.4389763469395076,0.7345657268745529,1.0,0.0
22.8,0.0,0.6214760317769982,0.024460731228839804,0.5470477811921163,0.6748334175149427,1.0,0.5280445753141829,0.023485101745046852,0.47744991930907543,0.7141167769390047,1.0,0.48353240548161963,0.02338833893063049,0.43970240591839854,0.7340396389960321,1.0,0.0
22.85,0.0,0.6216530061094679,0.024468246513580365,0.5473426539355375,0.6747633039174475,1.0,0.5289040521035983,0.023516472645126442,0.47802440254698936,0.7137375919773518,1.0,0.4846650161083176,0.023431514500386812,0.4404259607240032,0.7335165584872416,1.0,0.0
22.900000000000002,0.0,0.6218289193312483,0.024475723837879923,0.5476361713505441,0.6746936177451242,1.0,0.5297588533734593,0.023547654272313714,0.4785967492292808,0.7133607687778039,1.0,0.48579229309533,0.023474445705631036,0.4411470142652672,0.7329964790967025,1.0,0.0
22.950000000000003,0.0,0.6220037766743082,0.024483163355441723,0.5479283394529372,0.6746243566441898,1.0,0.5306089885963166,0.0235786471291578,0.4791669640616572,0.7129862980247906,1.0,0.48691423356641805,0.023517132760977826,0.4418655695195907,0.7324793944075161,1.0,0.0
23.0,0.0,0.6221775833399529,0.024490565219093884,0.5482191642329289,0.6745555182776283,1.0,0.5314544674313935,0.02360945172391224,0.479735051774752,0.71261417036435,1.0,0.48803083505760464,0.023559575895651153,0.4425816295317535,0.7319652978407155,1.0,0.0
23.05,0.0,0.6223503444991373,0.024497929580800448,0.5485086516552365,0.6744871003250125,1.0,0.5322952997214382,0.023640068570421675,0.4803010171235888,0.7122443764056717,1.0,0.48914209551264953,0.02360177535328738,0.4432951974128507,0.7314541826585899,1.0,0.0
23.1,0.0,0.6225220652927751,0.024505256591672298,0.5487968076591762,0.67441910048233,1.0,0.5331314954895954,0.02367049818800948,0.4808648648870519,0.7118769067226189,1.0,0.49024801327851786,0.02364373139173879,0.44400627633924017,0.7309460419679801,1.0,0.0
23.150000000000002,0.0,0.6226927508320453,0.024512546401977933,0.5490836381587564,0.6743515164618102,1.0,0.5339630649362985,0.02370074110136627,0.48142659986736275,0.711511751855227,1.0,0.491348587100844,0.023685444282877607,0.44471486955150086,0.7304408687235457,1.0,0.0
23.200000000000003,0.0,0.6228624061986957,0.024519799161154113,0.5493691490427721,0.6742843459917522,1.0,0.5347900184361832,0.02373079784043936,0.48198622688956266,0.7111489023111799,1.0,0.4924438161193916,0.02372691431240059,0.445420980353402,0.7299386557310032,1.0,0.0
23.25,0.0,0.6230310364453425,0.024527015017816366,0.5496533461748978,0.6742175868163554,1.0,0.5356123665350219,0.023760668940323127,0.48254375080100165,0.7107883485672648,1.0,0.4935336998635111,0.023768141779634166,0.4461246121108833,0.7294393956503343,1.0,0.0
23.3,0.0,0.6231986465957676,0.02453419411976936,0.5499362353937812,0.674151236695551,1.0,0.5364301199466791,0.02379035494115033,0.48309917647083295,0.7104300810708041,1.0,0.494618238247596,0.02380912699734018,0.44682576825104614,0.7289430809989649,1.0,0.0
23.35,0.0,0.623365241645212,0.024541336614017143,0.5502178225131367,0.6740852934048362,1.0,0.5372432895500892,0.02381985638798432,0.4836525087895138,0.710074090241066,1.0,0.49569743156653895,0.023849870291522305,0.4475244522611554,0.7284497041549138,1.0,0.0
23.400000000000002,0.0,0.6235308265606663,0.02454844264677326,0.550498113321838,0.6740197547351091,1.0,0.538051886386255,0.023849173830712205,0.48420375266831195,0.7097203664706534,1.0,0.49677128049118857,0.023890372001233114,0.448220667687652,0.7279592573599113,1.0,0.0
23.450000000000003,0.0,0.6236954062811582,0.024555512363470717,0.5507771135840119,0.6739546184925056,1.0,0.538855921655269,0.02387830782393898,0.4847529130388179,0.7093689001268706,1.0,0.4978397860638085,0.023930632478381876,0.44891441813517624,0.7274717327224868,1.0,0.0
23.5,0.0,0.6238589857180369,0.024562545908771827,0.5510548290391311,0.673889882498238,1.0,0.5396554067133558,0.023907258926882547,0.4852999948524631,0.7090196815530695,1.0,0.49890294969353954,0.023970652087543082,0.4496057072656013,0.7269871222210257,1.0,0.0
23.55,0.0,0.6240215697552537,0.024569543426577925,0.5513312654021066,0.6738255445884355,1.0,0.5404503530699382,0.023936027703269705,0.4858450030800439,0.7086727010699742,1.0,0.4999607731518659,0.024010431205765757,0.4502945387970776,0.7265054177067956,1.0,0.0
23.6,0.0,0.6241831632496403,0.02457650506003896,0.5516064283633811,0.6737616026139859,1.0,0.5412407723847239,0.023964614721233093,0.48638794271125085,0.7083279489769843,1.0,0.5010132585680864,0.02404997022238358,0.45098091650308747,0.72602661090694,1.0,0.0
23.650000000000002,0.0,0.6243437710311835,0.02458343095156293,0.5518803235890212,0.6736980544403794,1.0,0.5420266764648166,0.023993020553209055,0.4869288187542039,0.7079854155534577,1.0,0.5020604084247924,0.024089269538825828,0.45166484421151,0.7255506934274423,1.0,0.0
23.700000000000003,0.0,0.624503397903297,0.024590321242825227,0.5521529567208099,0.6736348979475539,1.0,0.5428080772618484,0.024021245775836475,0.4874676362349932,0.7076450910599732,1.0,0.5031022255533523,0.02412832956842918,0.4523463258036961,0.7250776567560563,1.0,0.0
23.75,0.0,0.6246620486430897,0.02459717607477782,0.5524243333763391,0.6735721310297417,1.0,0.5435849868691358,0.024049290969856554,0.4880044001972249,0.707306965739571,1.0,0.5041387131294045,0.024167150736250427,0.45302536521355413,0.724607492265206,1.0,0.0
23.8,0.0,0.6248197280016314,0.024603995587658342,0.5526944591491018,0.6735097515953178,1.0,0.5443574175188585,0.024077156720013527,0.4885391157015733,0.7069710298189745,1.0,0.5051698746683594,0.024205733478880092,0.45370196642664495,0.7241401912148532,1.0,0.0
23.85,0.0,0.6249764407042153,0.024610779920999012,0.5529633396085839,0.6734477575666505,1.0,0.545125381579261,0.02410484361495635,0.4890717878253375,0.7066372735097916,1.0,0.5061957140209108,0.024244078244256978,0.4543761334792875,0.7236757447553325,1.0,0.0
23.900000000000002,0.0,0.6251321914506172,0.024617529213635476,0.5532309803003564,0.6733861468799534,1.0,0.5458888915518783,0.02413235224714133,0.48960242166200385,0.706305687009695,1.0,0.5072162353685589,0.024282185491483706,0.45504787045767414,0.7232141439301549,1.0,0.0
23.950000000000003,0.0,0.6252869849153516,0.024624243603715495,0.5534973867461672,0.6733249174851378,1.0,0.5466479600687834,0.024159683212735695,0.49013102232081374,0.7059762605035844,1.0,0.5082314432191446,0.02432005569064323,0.4557171814969957,0.7227553796787787,1.0,0.0
24.0,0.0,0.6254408257479257,0.02463092322870751,0.5537625644440322,0.6732640673456688,1.0,0.5474025998898598,0.024186837111522138,0.4906575949263364,0.7056489841647279,1.0,0.5092413424023963,0.02435768932261637,0.4563840707805765,0.7222994428393477,1.0,0.0
24.05,0.0,0.6255937185730887,0.024637568225409103,0.5540265188683272,0.6732035944384211,1.0,0.5481528239000967,0.024213814546804303,0.49118214461804727,0.7053238481558841,1.0,0.5102459380654899,0.024395086878900372,0.45704854253901905,0.7218463241513975,1.0,0.0
24.1,0.0,0.6257456679910796,0.024644178729955314,0.5542892554698795,0.6731434967535378,1.0,0.5488986451069071,0.02424061612531322,0.49170467654991085,0.7050008426304055,1.0,0.5112452356686235,0.024432248861428557,0.45771060104935807,0.7213960142585295,1.0,0.0
24.150000000000002,0.0,0.6258966785778712,0.02465075487782686,0.5545507796760581,0.6730837722942895,1.0,0.5496400766374713,0.02426724245711469,0.4922251958899694,0.7046799577333228,1.0,0.512239240980606,0.024469175782391005,0.45837025063422426,0.7209485037110517,1.0,0.0
24.200000000000003,0.0,0.6260467548854116,0.024657296803858208,0.5548110968908655,0.6730244190769362,1.0,0.550377131736102,0.024293694155517628,0.49274370781993626,0.7043611836024097,1.0,0.5132279600744627,0.024505868164056376,0.45902749566101775,0.7205037829685875,1.0,0.0
24.25,0.0,0.6261959014418622,0.024663804642245553,0.5550702124950281,0.67296543513059,1.0,0.551109823761635,0.024319971836983346,0.4932602175347943,0.7040445103692301,1.0,0.5142113993230558,0.02454232653859482,0.45968234054109036,0.7200618424026521,1.0,0.0
24.3,0.0,0.626344122751833,0.02467027852655466,0.5553281318460869,0.6729068184970796,1.0,0.5518381661848424,0.0243460761210358,0.49377473024239926,0.703729928160166,1.0,0.5151895653947233,0.024578551447902053,0.4603347897289376,0.7196226722991961,1.0,0.0
24.35,0.0,0.6264914232966156,0.02467671858972861,0.555584860278488,0.6728485672308161,1.0,0.5525621725858703,0.024372007630172766,0.49428725116308786,0.7034174270974274,1.0,0.5161624652489346,0.024614543443424553,0.4609848477213997,0.7191862628611165,1.0,0.0
24.400000000000002,0.0,0.6266378075344116,0.024683124964095398,0.5558404031036728,0.6727906793986609,1.0,0.5532818566517002,0.024397766989777966,0.49479778552929116,0.7031069973000444,1.0,0.5171301061319654,0.02465030308598596,0.46163251905687186,0.7187526042107362,1.0,0.0
24.450000000000003,0.0,0.6267832799005604,0.02468949778137545,0.5560947656101682,0.6727331530797944,1.0,0.5539972321736344,0.024423354828034143,0.49530633858515233,0.7027986288848413,1.0,0.518092495572591,0.02468583094561464,0.46227780831452353,0.7183216863922497,1.0,0.0
24.5,0.0,0.6269278448077622,0.024695837172689007,0.5563479530636766,0.672675986365587,1.0,0.5547083130448051,0.02444877177583707,0.4958129155861493,0.7024923119673928,1.0,0.5190496413777995,0.02472112760137247,0.4629207201135264,0.717893499374138,1.0,0.0
24.55,0.0,0.6270715066462992,0.02470214326856339,0.556599970707165,0.6726191773594709,1.0,0.5554151132577074,0.024474018466710504,0.49631752179872224,0.7021880366629627,1.0,0.520001551628526,0.024756193641184823,0.4635612591122919,0.7174680330515504,1.0,0.0
24.6,0.0,0.6272142697842533,0.02470841619894017,0.5568508237609555,0.6725627241768135,1.0,0.5561176469017572,0.024499095536722085,0.49682016249990546,0.701885793087426,1.0,0.5209482346754065,0.024791029661671786,0.46419943000771685,0.7170452772486537,1.0,0.0
24.650000000000002,0.0,0.6273561385677219,0.024714656093182227,0.557100517422814,0.6725066249447932,1.0,0.5568159281608716,0.024524003624400145,0.4973208429769642,0.7015855713581732,1.0,0.5218896991345542,0.024825636267980646,0.46483523753443834,0.7166252217209511,1.0,0.0
24.700000000000003,0.0,0.6274971173210298,0.024720863080080677,0.5573490568680394,0.6724508778022752,1.0,0.5575099713110738,0.024548743370651473,0.4978195685270358,0.7012873615949976,1.0,0.5228259538833572,0.024860014073619614,0.46546868646409695,0.716207856157567,1.0,0.0
24.75,0.0,0.6276372103469391,0.02472703728786171,0.5575964472495529,0.6723954808996899,1.0,0.5581997907181232,0.024573315418679995,0.4983163444567754,0.7009911539209666,1.0,0.5237570080562993,0.024894163700292814,0.4660997816046088,0.7157931701835014,1.0,0.0
24.8,0.0,0.6277764219268561,0.02473317884419331,0.5578426936979864,0.6723404323989125,1.0,0.5588854008351675,0.024597720413906392,0.49881117608200626,0.700696938463276,1.0,0.5246828710408036,0.024928085777736576,0.46672852779944596,0.7153811533618525,1.0,0.0
24.85,0.0,0.6279147563210354,0.024739287876191878,0.5580878013217714,0.6722857304731436,1.0,0.5595668162004197,0.02462195900388863,0.49930406872737426,0.700404705354088,1.0,0.5256035524730992,0.024961780943557,0.46735492992692534,0.7149717951960067,1.0,0.0
24.900000000000002,0.0,0.6280522177687816,0.024745364510428736,0.558331775207227,0.6722313733067916,1.0,0.5602440514348594,0.02464603183824342,0.4997950277260071,0.7001144447313534,1.0,0.5265190622341127,0.024995249843068834,0.467978992899506,0.7145650851317985,1.0,0.0
24.950000000000003,0.0,0.6281888104886476,0.024751408872936535,0.5585746204186484,0.672177359095357,1.0,0.5609171212399572,0.024669939568568586,0.5002840584191776,0.6998261467396172,1.0,0.5274294104453839,0.02502849312913567,0.46860072166309463,0.7141610125596383,1.0,0.0
25.0,0.0,0.6283245386786311,0.024757421089215557,0.5588163419983945,0.672123686045317,1.0,0.561586040395423,0.024693682848366354,0.5007711661559712,0.6995398015308093,1.0,0.528334607465006,0.025061511462011445,0.46922012119635925,0.7137595668166091,1.0,0.0
25.05,0.0,0.6284594065163681,0.024763401284239917,0.5590569449669761,0.6720703523740126,1.0,0.5622508237569792,0.024717262332967543,0.5012563562929583,0.699255399265019,1.0,0.5292346638835919,0.025094305509183287,0.4698371965100511,0.7133607371885329,1.0,0.0
25.1,0.0,0.6285934181593233,0.024769349582463653,0.5592964343231431,0.672017356309536,1.0,0.5629114862541559,0.024740678679456667,0.5017396341938701,0.6989729301112545,1.0,0.5301295905202651,0.02512687594521569,0.4704519526463347,0.7129645129120051,1.0,0.0
25.150000000000002,0.0,0.6287265777449789,0.024775266107826724,0.559534815043972,0.6719646960906207,1.0,0.5635680428881115,0.024763932546597946,0.502221005229279,0.6986923842481871,1.0,0.5310193984186783,0.025159223451596043,0.4710643946781256,0.7125708831763996,1.0,0.0
25.200000000000003,0.0,0.6288588893910195,0.024781150983760904,0.5597720920849526,0.6719123699665318,1.0,0.5642205087294758,0.024787024594762203,0.5027004747762829,0.6984137518648804,1.0,0.5319040988430572,0.025191348716581505,0.47167452770843615,0.7121798371258427,1.0,0.0
25.25,0.0,0.628990357195516,0.02478700433319559,0.5600082703800756,0.6718603761969584,1.0,0.5648688989162177,0.024809955485854657,0.5031780482181938,0.6981370231615047,1.0,0.5327837032742717,0.025223252435047243,0.4722823568697293,0.7117913638611568,1.0,0.0
25.3,0.0,0.6291209852371055,0.024792826278563485,0.5602433548419187,0.6718087130519067,1.0,0.5655132286515354,0.024832725883243617,0.5036537309442304,0.6978621883500371,1.0,0.5336582234059344,0.025254935308336036,0.47288788732327985,0.7114054524417746,1.0,0.0
25.35,0.0,0.6292507775751698,0.02479861694180622,0.5604773503617333,0.6717573788115953,1.0,0.566153513201771,0.024855336451690052,0.5041275283492147,0.6975892376549464,1.0,0.5345276711405261,0.025286398044109235,0.47349112425854367,0.7110220918876224,1.0,0.0
25.400000000000002,0.0,0.6293797382500105,0.024804376444379835,0.5607102618095308,0.6717063717663507,1.0,0.5667897678943481,0.02487778785727804,0.5045994458332722,0.6973181613138648,1.0,0.5353920585855501,0.025317641356199124,0.4740920728925343,0.7106412711809753,1.0,0.0
25.450000000000003,0.0,0.6295078712830224,0.024810104907260225,0.5609420940341683,0.6716556902165057,1.0,0.5674220081157327,0.024900080767346105,0.5050694888015367,0.6970489495782448,1.0,0.5362513980497133,0.025348665964462634,0.4746907384692072,0.7102629792682815,1.0,0.0
25.5,0.0,0.6296351806768643,0.024815802450948433,0.5611728518634347,0.6716053324722971,1.0,0.568050249309418,0.02492221585041942,0.5055376626638582,0.6967815927140028,1.0,0.5371057020391377,0.02537947259463646,0.47528712625885133,0.7098872050619585,1.0,0.0
25.55,0.0,0.6297616704156265,0.024821469195475888,0.5614025401041361,0.6715552968537666,1.0,0.5686745069739315,0.024944193776142876,0.5060039728345156,0.6965160810021481,1.0,0.5379549832535979,0.025410061978193545,0.47588124155748857,0.7095139374421593,1.0,0.0
25.6,0.0,0.6298873444649973,0.024827105260409536,0.5616311635421815,0.6715055816906614,1.0,0.5692947966608657,0.02496601521521502,0.5064684247319318,0.6962524047393998,1.0,0.5387992545827905,0.025440434852200978,0.4764730896862797,0.7091431652585112,1.0,0.0
25.650000000000002,0.0,0.6300122067724262,0.024832710764856897,0.5618587269426669,0.6714561853223374,1.0,0.5699111339729321,0.024987680839322846,0.5069310237783939,0.6959905542387888,1.0,0.5396385291026302,0.025470591959179268,0.47706267599093843,0.7087748773318246,1.0,0.0
25.700000000000003,0.0,0.630136261267285,0.024838285827471003,0.5620852350499616,0.6714071060976629,1.0,0.570523534562038,0.02500919132107744,0.5073917753997769,0.695730519830248,1.0,0.5404728200715768,0.025500534046963008,0.4776500058411519,0.7084090624557751,1.0,0.0
25.75,0.0,0.6302595118610265,0.02484383056645528,0.5623106925877915,0.6713583423749232,1.0,0.5711320141273855,0.025030547333950475,0.5078506850252696,0.6954722918611892,1.0,0.5413021409269915,0.025530261868562946,0.47823508463000897,0.7080457093985557,1.0,0.0
25.8,0.0,0.630381962447341,0.024849345099568324,0.5625351042593246,0.6713098925217278,1.0,0.5717365884135943,0.025051749552211556,0.5083077580871068,0.6952158606970663,1.0,0.5421265052815225,0.02555977618202945,0.4788179177734349,0.7076848069045033,1.0,0.0
25.85,0.0,0.6305036169023107,0.024854829544128595,0.5627584747472543,0.6712617549149171,1.0,0.5723372732088469,0.025072798650866385,0.5087630000203022,0.6949612167219272,1.0,0.5429459269195218,0.025589077750317376,0.4793985107096336,0.7073263436956957,1.0,0.0
25.900000000000002,0.0,0.6306244790845613,0.024860284017019025,0.5629808087138838,0.671213927940472,1.0,0.5729340843430555,0.025093695305595787,0.5092164162623871,0.6947083503389526,1.0,0.5437604197934907,0.02561816734115232,0.47997686889853614,0.7069703084735229,1.0,0.0
25.950000000000003,0.0,0.6307445528354119,0.02486570863469155,0.5632021108012096,0.6711664099934229,1.0,0.5735270376860527,0.025114440192695528,0.5096680122531516,0.6944572519709824,1.0,0.5445699980205566,0.025647045726898274,0.48055299782125677,0.7066166899202303,1.0,0.0
26.0,0.0,0.6308638419790222,0.024871103513171545,0.5634223856310053,0.6711191994777619,1.0,0.5741161491458038,0.02513503398901699,0.5101177934343891,0.6942079120610306,1.0,0.5453746758789807,0.025675713684426706,0.4811269029795552,0.7062654767004354,1.0,0.0
26.05,0.0,0.6309823503225384,0.024876468768062193,0.5636416378049043,0.6710722948063541,1.0,0.5747014346666411,0.025155477371908645,0.5105657652496451,0.6939603210727878,1.0,0.546174467804695,0.025704171994986987,0.48169858989530573,0.7059166574626183,1.0,0.0
26.1,0.0,0.6311000816562357,0.02488180451454875,0.5638598719044831,0.671025694400852,1.0,0.5752829102275214,0.02517577101915834,0.5110119331439688,0.693714469491112,1.0,0.5469693883878713,0.025732421444078262,0.4822680641099732,0.7055702208405856,1.0,0.0
26.150000000000002,0.0,0.6312170397536597,0.02488711086740277,0.5640770924913437,0.6709793966916096,1.0,0.5758605918403045,0.025195915608936397,0.5114563025636675,0.6934703478225082,1.0,0.5477594523695207,0.0257604628213227,0.48283533118409505,0.7052261554549083,1.0,0.0
26.200000000000003,0.0,0.6313332283717653,0.024892387940986204,0.5642933041071969,0.6709334001175981,1.0,0.5764344955480538,0.025215911819739506,0.5118988789560659,0.693227946595596,1.0,0.5485446746381238,0.025788296920340115,0.4834003966967704,0.7048844499143339,1.0,0.0
26.25,0.0,0.6314486512510533,0.024897635849255445,0.5645085112739435,0.6708877031263233,1.0,0.5770046374233595,0.02523576033033542,0.5123396677692675,0.6929872563615664,1.0,0.5493250702262926,0.025815924538624028,0.4839632662451551,0.7045450928171731,1.0,0.0
26.3,0.0,0.6315633121157054,0.024902854705765306,0.5647227184937569,0.6708423041737432,1.0,0.5775710335666825,0.025255461819708436,0.5127786744519196,0.6927482676946278,1.0,0.5501006543074632,0.02584334647741907,0.48452394544396366,0.7042080727526618,1.0,0.0
26.35,0.0,0.6316772146737165,0.024908044623672902,0.5649359302491646,0.6707972017241874,1.0,0.5781337001047202,0.025275016967005657,0.5132159044529812,0.6925109711924402,1.0,0.5508714421926196,0.025870563541599802,0.48508243992497685,0.703873378302297,1.0,0.0
26.400000000000002,0.0,0.6317903626170261,0.02491320571574147,0.5651481510031298,0.6707523942502772,1.0,0.5786926531887943,0.025294426451484033,0.5136513632214946,0.6922753574765391,1.0,0.5516374493270495,0.025897576539550906,0.485638755336556,0.7035409980411489,1.0,0.0
26.450000000000003,0.0,0.6319027596216463,0.02491833809434411,0.5653593851991326,0.6707078802328467,1.0,0.5792479089932586,0.02531369095245819,0.5140850562063605,0.6920414171927494,1.0,0.5523986912871307,0.02592438628304876,0.48619289734316334,0.7032109205391484,1.0,0.0
26.5,0.0,0.6320144093477889,0.024923441871467455,0.5655696372612512,0.6706636581608656,1.0,0.5797994837139296,0.025332811149248995,0.5145169888561147,0.6918091410115875,1.0,0.5531551837771496,0.025950993587144394,0.48674487162488844,0.7028831343623502,1.0,0.0
26.55,0.0,0.63212531543999,0.024928517158715264,0.5657789115942423,0.6706197265313624,1.0,0.580347393566537,0.025351787721132918,0.5149471666187098,0.6915785196286549,1.0,0.5539069426261505,0.02597739927004782,0.48729468387698066,0.7025576280741723,1.0,0.0
26.6,0.0,0.6322354815272331,0.024933564067311953,0.5659872125836217,0.6705760838493489,1.0,0.5808916547851953,0.025370621347292115,0.5153755949412981,0.6913495437650199,1.0,0.5546539837848172,0.02600360415301372,0.4878423398093875,0.702234390236612,1.0,0.0
26.650000000000002,0.0,0.63234491122307,0.024938582708106057,0.5661945445957448,0.6705327286277458,1.0,0.581432283620897,0.02538931270676528,0.5158022792700195,0.6911222041675904,1.0,0.5553963233223855,0.026029609060228515,0.48838784514629924,0.701913409411438,1.0,0.0
26.700000000000003,0.0,0.6324536081257398,0.024943573191573608,0.566400911977886,0.6704896593873092,1.0,0.5819692963400251,0.025407862478399244,0.5162272250497908,0.6908964916094769,1.0,0.5561339774235874,0.026055414818698795,0.4889312056256989,0.7015946741613597,1.0,0.0
26.75,0.0,0.6325615758182862,0.02494853562782146,0.5666063190583192,0.6704468746565581,1.0,0.5825027092228873,0.025426271340801294,0.5166504377240982,0.690672396890345,1.0,0.5568669623856268,0.026081022258141084,0.48947242699891846,0.7012781730511743,1.0,0.0
26.8,0.0,0.6326688178686728,0.024953470126590542,0.5668107701463964,0.670404372971703,1.0,0.58303253856227,0.025444539972292242,0.5170719227347939,0.6904499108367594,1.0,0.5575952946151871,0.026106432210872985,0.49001151503020046,0.7009638946488906,1.0,0.0
26.85,0.0,0.632775337829897,0.024958376797259055,0.5670142695326278,0.6703621528765755,1.0,0.5835588006620129,0.025462669050860202,0.5174916855218938,0.6902290243025181,1.0,0.5583189906254696,0.02613164551170565,0.49054847549626557,0.7006518275268305,1.0,0.0
26.900000000000002,0.0,0.6328811392401018,0.024963255748845573,0.5672168214887601,0.670320212922559,1.0,0.5840815118356034,0.025480659254115103,0.5179097315233799,0.6900097281689768,1.0,0.5590380670332644,0.026156662997837605,0.4910833141858856,0.7003419602627093,1.0,0.0
26.950000000000003,0.0,0.6329862256226854,0.024968107090012123,0.5674184302678554,0.6702785516685195,1.0,0.5846006884047908,0.025498511259243906,0.5183260661750041,0.6897920133453652,1.0,0.5597525405560514,0.026181485508749908,0.49161603689946204,0.7000342814406936,1.0,0.0
27.0,0.0,0.63309060048641,0.024972930929067168,0.5676191001043699,0.6702371676807389,1.0,0.5851163466982212,0.02551622574296652,0.5187406949100951,0.689575870769094,1.0,0.560462428009134,0.026206113886102618,0.4921466494486103,0.6997287796524376,1.0,0.0
27.05,0.0,0.6331942673255085,0.024977727373968545,0.5678188352142316,0.6701960595328482,1.0,0.5856285030500908,0.025533803381492456,0.5191536231593691,0.6893612914060526,1.0,0.5611677463028037,0.026230548973632622,0.49267515765574904,0.6994254434980993,1.0,0.0
27.1,0.0,0.6332972296197892,0.024982496532326343,0.5680176397949185,0.6701552258057615,1.0,0.5861371737988201,0.02555124485047812,0.5195648563507417,0.6891482662508991,1.0,0.5618685124395358,0.026254791617052745,0.4932015673536953,0.6991242615873345,1.0,0.0
27.150000000000002,0.0,0.6333994908347389,0.0249872385114057,0.5682155180255364,0.6701146650876113,1.0,0.5866423752857464,0.025568550824984843,0.5199743999091437,0.6889367863273407,1.0,0.5625647435112168,0.0262788426639522,0.49372588438526466,0.6988252225402711,1.0,0.0
27.200000000000003,0.0,0.633501054421625,0.02499195341812957,0.568412474066896,0.670074375973685,1.0,0.587144123853836,0.02558572197943758,0.5203822592563391,0.6887268426884068,1.0,0.5632564566964026,0.02630270296369831,0.49424811460287665,0.6985283149884622,1.0,0.0
27.25,0.0,0.6336019238175951,0.02499664135908141,0.5686085120615902,0.6700343570663618,1.0,0.5876424358464158,0.025602758987584275,0.5207884398107452,0.688518426416713,1.0,0.5639436692576082,0.02632637336733957,0.4947682638681656,0.6982335275758201,1.0,0.0
27.3,0.0,0.6337021024457757,0.025001302440507817,0.5688036361340711,0.6699946069750506,1.0,0.5881373276059234,0.02561966252245591,0.5211929469872569,0.6883115286247176,1.0,0.5646263985386286,0.026349854727509957,0.49528633805159644,0.6979408489595293,1.0,0.0
27.35,0.0,0.6338015937153689,0.02500593676832111,0.5689978503907265,0.669955124316129,1.0,0.5886288154726758,0.02563643325632722,0.5215957861970718,0.6881061404549693,1.0,0.5653046619618899,0.026373147898334563,0.49580234303208576,0.6976502678109412,1.0,0.0
27.400000000000002,0.0,0.6339004010217476,0.025010544448101857,0.5691911589199559,0.6699159077128828,1.0,0.5891169157836575,0.025653071860678056,0.521996962847519,0.6879022530803484,1.0,0.565978477025832,0.026396253735336463,0.49631628469662764,0.6973617728164482,1.0,0.0
27.450000000000003,0.0,0.6339985277465493,0.02501512558510133,0.5693835657922472,0.6698769557954467,1.0,0.5896016448713269,0.02566957900615541,0.5223964823418898,0.6876998577042988,1.0,0.5666478613023225,0.026419173095344896,0.4968281689399249,0.6970753526783395,1.0,0.0
27.5,0.0,0.6340959772577685,0.025019680284243947,0.5695750750602525,0.6698382672007457,1.0,0.5900830190624403,0.025685955362536088,0.5227943500792718,0.6874989455610533,1.0,0.5673128324340996,0.02644190683640467,0.4973380016640246,0.6967909961156384,1.0,0.0
27.55,0.0,0.6341927529098469,0.02502420865012961,0.5697656907588631,0.6697998405724372,1.0,0.5905610546768952,0.025702201598690015,0.5231905714543841,0.6872995079158516,1.0,0.567973408132248,0.02646445581768685,0.49784578877795943,0.6965086918649201,1.0,0.0
27.6,0.0,0.6342888580437634,0.02502871078703602,0.5699554169052852,0.6697616745608547,1.0,0.591035768026591,0.025718318382544188,0.5235851518574163,0.6871015360651499,1.0,0.568629606173703,0.02648682089940068,0.49835153619739286,0.6962284286811118,1.0,0.0
27.650000000000002,0.0,0.6343842959871215,0.025033186798920942,0.5701442574991149,0.6697237678229505,1.0,0.5915071754143076,0.025734306381047248,0.523978096673869,0.6869050213368246,1.0,0.5692814443987868,0.02650900294270674,0.4988552498442698,0.6959501953382746,1.0,0.0
27.700000000000003,0.0,0.6344790700542356,0.025037636789424417,0.5703322165224132,0.6696861190222417,1.0,0.5919752931326023,0.02575016626013468,0.5243694112843973,0.6867099550903681,1.0,0.5699289407087738,0.02653100280963134,0.4993569356464717,0.6956739806303683,1.0,0.0
27.75,0.0,0.6345731835462163,0.025042060861870906,0.57051929793978,0.669648726828755,1.0,0.5924401374627237,0.02576589868469462,0.5247591010646562,0.6865163287170775,1.0,0.5705721130634865,0.026552821362982145,0.4998565995374763,0.6953997733719974,1.0,0.0
27.8,0.0,0.6346666397510536,0.025046459119271405,0.5707055056984287,0.6696115899189728,1.0,0.5929017246735432,0.025781504318534293,0.5251471713851485,0.686324133640237,1.0,0.5712109794789221,0.026574459466264994,0.500354247456022,0.695127562399141,1.0,0.0
27.85,0.0,0.6347594419436997,0.025050831664325517,0.5708908437282604,0.669574706975781,1.0,0.593360071020504,0.025796983824347038,0.5255336276110755,0.6861333613152937,1.0,0.5718455580249073,0.026595917983601943,0.500849885345777,0.6948573365698649,1.0,0.0
27.900000000000002,0.0,0.6348515933861492,0.02505517859942345,0.5710753159419371,0.669538076688416,1.0,0.5938151927445874,0.02581233786367993,0.5259184751021887,0.6859440032300256,1.0,0.5724758668227846,0.026617197779650503,0.5013435191550129,0.6945890847650175,1.0,0.0
27.950000000000003,0.0,0.6349430973275192,0.02505950002664799,0.5712589262349553,0.6695016977524139,1.0,0.5942671060712952,0.025827567096902017,0.5263017192126456,0.6857560509047046,1.0,0.5731019240431272,0.026638299719524063,0.501835154836282,0.6943227958889086,1.0,0.0
28.0,0.0,0.6350339570041276,0.025063796047776435,0.5714416784857196,0.6694655688695592,1.0,0.5947158272096504,0.025842672183173113,0.5266833652908659,0.685569495892252,1.0,0.5737237479034835,0.02665922466871349,0.502324798346101,0.6940584588699724,1.0,0.0
28.05,0.0,0.6351241756395696,0.02506806676428245,0.5716235765556151,0.6694296887478356,1.0,0.5951613723512132,0.025857653780413208,0.5270634186793914,0.6853843297783883,1.0,0.574341356666151,0.026679973493009917,0.5028124556446363,0.6937960626614145,1.0,0.0
28.1,0.0,0.6352137564447937,0.02507231227733792,0.5718046242890804,0.6693940561013761,1.0,0.5956037576691144,0.02587251254527241,0.5274418847147472,0.6852005441817763,1.0,0.5749547686359798,0.026700547058428687,0.5032981326953961,0.693535596241842,1.0,0.0
28.150000000000002,0.0,0.6353027026181765,0.025076532687814727,0.5719848255136799,0.6693586696504151,1.0,0.5960429993171047,0.025887249133101503,0.5278187687273048,0.6850181307541592,1.0,0.575564002158204,0.026720946231134444,0.5037818354649255,0.6932770486158801,1.0,0.0
28.200000000000003,0.0,0.6353910173455951,0.025080728096286507,0.5721641840401758,0.6693235281212401,1.0,0.5964791134286205,0.025901864197923022,0.5281940760411488,0.6848370811804914,1.0,0.576169075616303,0.02674117187736738,0.5042635699225058,0.6930204088147712,1.0,0.0
28.25,0.0,0.6354787038005003,0.025084898603030342,0.5723427036626002,0.6692886302461446,1.0,0.5969121161158658,0.025916358392402927,0.528567811973944,0.6846573871790641,1.0,0.576770007429891,0.026761224863370618,0.5047433420398585,0.6927656658969601,1.0,0.0
28.3,0.0,0.6355657651439863,0.025089044308028444,0.5725203881583266,0.669253974763382,1.0,0.5973420234689101,0.025930732367822795,0.5289399818368057,0.6844790405016256,1.0,0.5773668160526351,0.02678110605531872,0.5052211577908534,0.6925128089486642,1.0,0.0
28.35,0.0,0.6356522045248613,0.02509316531096976,0.5726972412881411,0.6692195604171198,1.0,0.5977688515548015,0.02594498677405258,0.5293105909341714,0.6843020329334949,1.0,0.5779595199702016,0.02680081631924732,0.5056970231512202,0.6922618270844288,1.0,0.0
28.400000000000002,0.0,0.6357380250797153,0.025097261711251567,0.5728732667963138,0.6691853859573943,1.0,0.5981926164166963,0.025959122259523904,0.5296796445636754,0.6841263562936709,1.0,0.5785481376982307,0.026820356520983867,0.5061709440982649,0.6920127094476684,1.0,0.0
28.450000000000003,0.0,0.6358232299329883,0.025101333607981013,0.5730484684106693,0.6691514501400663,1.0,0.5986133340730034,0.02597313947120388,0.5300471480160243,0.6839520024349353,1.0,0.579132687780339,0.02683972752607945,0.5066429266105894,0.6917654452111928,1.0,0.0
28.5,0.0,0.6359078221970361,0.025105381099976634,0.5732228498426573,0.6691177517267775,1.0,0.5990310205165442,0.025987039054569467,0.5304131065748751,0.6837789632439503,1.0,0.5797131887861501,0.026858930199741757,0.5071129766678157,0.6915200235777208,1.0,0.0
28.55,0.0,0.6359918049721954,0.02510940428576981,0.5733964147874229,0.6690842894849068,1.0,0.599445691713728,0.026000821653582345,0.5307775255167156,0.6836072306413515,1.0,0.5802896593093525,0.02687796540676907,0.507581100250314,0.6912764337803788,1.0,0.0
28.6,0.0,0.6360751813468484,0.02511340326360621,0.5735691669238768,0.6690510621875289,1.0,0.5998573636037416,0.02601448791066431,0.5311404101107463,0.6834367965818356,1.0,0.5808621179657851,0.02689683401148537,0.5080473033389339,0.6910346650831867,1.0,0.0
28.650000000000002,0.0,0.6361579543974855,0.02511737813144719,0.573741109914765,0.6690180686133709,1.0,0.6002660520977552,0.02602803846667318,0.5315017656187638,0.6832676530542423,1.0,0.5814305833915503,0.026915536877676477,0.5085115919147404,0.6907947067815294,1.0,0.0
28.700000000000003,0.0,0.6362401271887674,0.025121328986971142,0.5739122474067379,0.6689853075467725,1.0,0.600671773078141,0.02604147396087919,0.5318615972950472,0.683099792081632,1.0,0.5819950742411534,0.02693407486852728,0.508973971958753,0.6905565482026172,1.0,0.0
28.75,0.0,0.6363217027735867,0.025125255927574842,0.5740825830304198,0.6689527777776445,1.0,0.6010745423977084,0.02605479503094193,0.5322199103862456,0.6829332057213583,1.0,0.5825556091856696,0.026952448846559975,0.5094344494516891,0.690320178705931,1.0,0.0
28.8,0.0,0.6364026841931268,0.02512915905037473,0.5742521204004782,0.6689204781014287,1.0,0.6014743758789522,0.026068002312887723,0.5325767101312675,0.6827678860651362,1.0,0.5831122069109378,0.026970659673573365,0.5098930303737103,0.6900855876836561,1.0,0.0
28.85,0.0,0.6364830744769222,0.025133038452208174,0.5744208631156918,0.6688884073190591,1.0,0.6018712893133159,0.026081096441087515,0.5329320017611723,0.6826038252391047,1.0,0.5836648861157802,0.026988708210583183,0.5103497207041727,0.6898527645611039,1.0,0.0
28.900000000000002,0.0,0.6365628766429154,0.0251368942296347,0.5745888147590196,0.6688565642369221,1.0,0.6022652984604686,0.02609407804823527,0.5332857904990636,0.6824410154038857,1.0,0.5842136655102487,0.027006595317763428,0.5108045264213816,0.6896216987971201,1.0,0.0
28.950000000000003,0.0,0.6366420936975149,0.025140726478937187,0.5747559788976683,0.668824947666819,1.0,0.602656419047596,0.026106947765326807,0.5336380815599839,0.6822794487546381,1.0,0.5847585638138979,0.027024321854388706,0.5112574535023485,0.6893923798844817,1.0,0.0
29.0,0.0,0.6367207286356509,0.02514453529612303,0.5749223590831611,0.6687935564259275,1.0,0.6030446667687057,0.02611970622163913,0.533988880150812,0.6821191175211069,1.0,0.5852995997540829,0.027041888678777583,0.5117085079225523,0.689164797350282,1.0,0.0
29.05,0.0,0.6367987844408307,0.025148320776925283,0.5750879588514048,0.6687623893367652,1.0,0.6034300572839452,0.026132354044710215,0.5343381914701607,0.681960013967669,1.0,0.5858367920642837,0.027059296648236916,0.5121576956557038,0.6889389407563039,1.0,0.0
29.1,0.0,0.6368762640851933,0.025152083016803748,0.5752527817227572,0.6687314452271522,1.0,0.6038126062189343,0.026144891860319257,0.5346860207082776,0.6818021303933741,1.0,0.5863701594824553,0.027076546619007165,0.5126050226735139,0.6887147996993813,1.0,0.0
29.150000000000002,0.0,0.6369531705295624,0.02515582211094607,0.5754168312020942,0.6687007229301756,1.0,0.6041923291641107,0.02615732029246738,0.5350323730469471,0.6816454591319813,1.0,0.586899720749402,0.02709363944620869,0.5130504949454652,0.6884923638117502,1.0,0.0
29.200000000000003,0.0,0.6370295067234991,0.025159538154268763,0.5755801107788769,0.6686702212841533,1.0,0.6045692416740884,0.026169639963358807,0.5353772536593936,0.6814899925519919,1.0,0.5874254946071782,0.027110575983788993,0.5134941184385861,0.6882716227613874,1.0,0.0
29.25,0.0,0.6371052756053542,0.02516323124141824,0.5757426239272182,0.6686399391325997,1.0,0.60494335926703,0.026181851493382438,0.5357206677101874,0.6813357230566787,1.0,0.5879474997975132,0.02712735708447091,0.5139358991172295,0.68805256625234,1.0,0.0
29.3,0.0,0.6371804801023184,0.025166901466771804,0.5759043741059487,0.6686098753241901,1.0,0.6053146974240309,0.026193955501093907,0.5360626203551516,0.6811826430841097,1.0,0.5884657550602612,0.02714398359970177,0.5143758429428541,0.6878351840250421,1.0,0.0
29.35,0.0,0.6372551231304728,0.025170548924438606,0.5760653647586833,0.6685800287127276,1.0,0.6056832715885171,0.02620595260319805,0.5364031167412704,0.6810307451071703,1.0,0.588980279131876,0.027160456379603456,0.5148139558738088,0.6876194658566229,1.0,0.0
29.400000000000002,0.0,0.6373292075948381,0.025174173708260583,0.5762255993138865,0.6685503981571088,1.0,0.6060490971656557,0.026217843414531816,0.5367421620065996,0.6808800216335795,1.0,0.5894910907439089,0.02717677627292341,0.5152502438651211,0.6874054015612034,1.0,0.0
29.450000000000003,0.0,0.6374027363894229,0.025177775911813374,0.5763850811849384,0.6685209825212912,1.0,0.6064121895217772,0.026229628548047584,0.5370797612801786,0.680730465205904,1.0,0.5899982086215324,0.02719294412698655,0.5156847128682872,0.6871929809901831,1.0,0.0
29.5,0.0,0.6374757123972716,0.025181355628407197,0.5765438137701998,0.6684917806742604,1.0,0.6067725639838111,0.026241308614796923,0.5374159196819435,0.6805820684015673,1.0,0.5905016514820863,0.02720896078764809,0.5161173688310673,0.6869821940325168,1.0,0.0
29.55,0.0,0.6375481384905114,0.02518491295108772,0.5767018004530773,0.668462791489998,1.0,0.6071302358387327,0.02625288422391474,0.537750642322642,0.680434823832857,1.0,0.5910014380336486,0.02722482709924725,0.5165482176972819,0.6867730306149817,1.0,0.0
29.6,0.0,0.6376200175303982,0.02518844797263689,0.5768590446020879,0.6684340138474497,1.0,0.6074852203330232,0.02626435598260386,0.5380839343037508,0.6802887241469269,1.0,0.591497586973629,0.027240543904561855,0.5169772654066128,0.686565480702435,1.0,0.0
29.650000000000002,0.0,0.6376913523673625,0.025191960785573755,0.5770155495709238,0.6684054466304946,1.0,0.6078375326721406,0.02627572449611998,0.5384158007173924,0.6801437620257963,1.0,0.5919901169873865,0.027256112044763827,0.5174045178944062,0.686359534298061,1.0,0.0
29.700000000000003,0.0,0.6377621458410537,0.025195451482155247,0.5771713186985165,0.668377088727914,1.0,0.6081871880200032,0.02628699036775705,0.5387462466462556,0.6799999301863465,1.0,0.5924790467468694,0.02727153235937552,0.5178299810914792,0.6861551814436105,1.0,0.0
29.75,0.0,0.6378324007803845,0.02519892015437695,0.5773263553091005,0.6683489390333612,1.0,0.6085342014984845,0.02629815419883304,0.5390752771635161,0.6798572213803133,1.0,0.5929643949092785,0.027286805686226927,0.5182536609239287,0.6859524122196302,1.0,0.0
29.8,0.0,0.6379021200035738,0.02520236689397385,0.5774806627122777,0.6683209964453319,1.0,0.6088785881869198,0.02630921658867608,0.5394028973327593,0.6797156283942768,1.0,0.5934461801157533,0.027301932861413743,0.5186755633129443,0.6857512167456826,1.0,0.0
29.85,0.0,0.63797130631819,0.02520579179242106,0.5776342442030805,0.6682932598671346,1.0,0.6092203631216236,0.026320178134610996,0.5397291122079039,0.6795751440496473,1.0,0.5939244209900796,0.02731691471925625,0.5190956941746231,0.6855515851805583,1.0,0.0
29.900000000000002,0.0,0.6380399625211922,0.02520919494093452,0.577787103062035,0.6682657282068611,1.0,0.6095595412954194,0.026331039431946226,0.5400539268331277,0.6794357612026491,1.0,0.5943991361374203,0.02733175209225904,0.5195140594197876,0.6853535077224786,1.0,0.0
29.950000000000003,0.0,0.6381080913989723,0.025212576430471673,0.5779392425552239,0.6682384003773589,1.0,0.6098961376571796,0.026341801073961103,0.5403773462427941,0.6792974727443011,1.0,0.5948703441430682,0.02734644581107159,0.5199306649538068,0.6851569746092908,1.0,0.0
30.0,0.0,0.6381756957273953,0.025215936351732148,0.5780906659343497,0.6682112752962022,1.0,0.6102301671113768,0.02635246365189351,0.5406993754613806,0.6791602716003933,1.0,0.5953380635712198,0.027360996704449577,0.5203455166764196,0.6849619761186536,1.0,0.0
30.05,0.0,0.6382427782718394,0.025219274795158383,0.5782413764367965,0.6681843518856642,1.0,0.6105616445176459,0.026363027754927895,0.5410200195034081,0.6790241507314622,1.0,0.5958023129637715,0.027375405599217088,0.5207586204815613,0.6847685025682159,1.0,0.0
30.1,0.0,0.6383093417872355,0.025222591850936258,0.5783913772856929,0.6681576290726902,1.0,0.6108905846903574,0.02637349397018365,0.5413392833733721,0.6788891031327621,1.0,0.5962631108391371,0.027389673320229548,0.5211699822571927,0.6845765443157861,1.0,0.0
30.150000000000002,0.0,0.6383753890181062,0.025225887608995703,0.5785406716899735,0.6681311057888701,1.0,0.6112170023982003,0.026383862882703845,0.5416571720656751,0.6787551218342339,1.0,0.5967204756910858,0.02740380069033748,0.5215796078851317,0.684386091759495,1.0,0.0
30.200000000000003,0.0,0.638440922698604,0.025229162159011283,0.5786892628444406,0.6681047809704121,1.0,0.6115409123637768,0.0263941350754443,0.5419736905645598,0.6786221999004718,1.0,0.5971744259876022,0.02741778853035102,0.5219875032408882,0.6841971353379501,1.0,0.0
30.25,0.0,0.6385059455525487,0.025232415590402762,0.5788371539298258,0.6680786535581165,1.0,0.611862329263206,0.026404311129263017,0.5422888438440447,0.6784903304306864,1.0,0.5976249801697664,0.027431637659005203,0.5223936741935006,0.6840096655303822,1.0,0.0
30.3,0.0,0.6385704602934652,0.025235647992335665,0.5789843481128514,0.6680527224973493,1.0,0.6121812677257388,0.02641439162290995,0.54260263686786,0.6783595065586662,1.0,0.5980721566506545,0.02744534889292602,0.5227981266053761,0.6838236728567851,1.0,0.0
30.35,0.0,0.6386344696246196,0.025238859453721812,0.5791308485462908,0.6680269867380174,1.0,0.6124977423333822,0.0264243771330171,0.5429150745893853,0.6782297214527354,1.0,0.5985159738142601,0.02745892304659721,0.5232008663321324,0.6836391478780477,1.0,0.0
30.400000000000002,0.0,0.6386979762390551,0.025242050063219838,0.57927665836903,0.6680014452345432,1.0,0.6128117676205344,0.026434268234088946,0.5432261619515881,0.6781009683157107,1.0,0.5989564500144356,0.027472360932327796,0.5236018992224429,0.683456081196079,1.0,0.0
30.450000000000003,0.0,0.6387609828196281,0.025245219909235693,0.5794217807061272,0.6679760969458396,1.0,0.6131233580736288,0.026444065498493218,0.5435359038869647,0.6779732403848543,1.0,0.5993936035738532,0.027485663360220364,0.524001231117884,0.6832744634539262,1.0,0.0
30.5,0.0,0.6388234920390428,0.025248369079923134,0.5795662186688735,0.6679509408352858,1.0,0.6134325281307885,0.026453769496451958,0.5438443053174806,0.6778465309318256,1.0,0.5998274527829857,0.027498831138140053,0.5243988678527843,0.6830942853358856,1.0,0.0
30.55,0.0,0.6388855065598856,0.025251497663184196,0.5797099753548529,0.6679259758707032,1.0,0.6137392921814896,0.02646338079603294,0.5441513711545137,0.6777208332626297,1.0,0.6002580158991072,0.02751186507168426,0.5247948152540778,0.6829155375676073,1.0,0.0
30.6,0.0,0.6389470290346596,0.025254605746669656,0.5798530538480018,0.6679012010243316,1.0,0.6140436645662347,0.026472899963141373,0.5444571062987981,0.6775961407175644,1.0,0.6006853111453131,0.027524765964153066,0.5251890791411576,0.6827382109161925,1.0,0.0
30.650000000000002,0.0,0.6390080621058175,0.025257693417779472,0.5799954572186684,0.6678766152728056,1.0,0.6143456595762355,0.026482327561511924,0.5447615156403683,0.6774724466711646,1.0,0.6011093567095582,0.027537534616520344,0.5255816653257338,0.6825622961902853,1.0,0.0
30.700000000000003,0.0,0.6390686084057952,0.02526076076366322,0.5801371885236721,0.667852217597132,1.0,0.6146452914531043,0.02649166415270105,0.5450646040585067,0.6773497445321446,1.0,0.6015301707437154,0.027550171827405566,0.5259725796116921,0.6823877842401572,1.0,0.0
30.75,0.0,0.6391286705570439,0.025263807871220505,0.5802782508063625,0.6678280069826662,1.0,0.6149425743885549,0.02650091029607962,0.5453663764216895,0.6772280277433383,1.0,0.6019477713626511,0.02756267839304628,0.5263618277949561,0.682214665957786,1.0,0.0
30.8,0.0,0.6391882511720629,0.025266834827101372,0.5804186470966779,0.6678039824190904,1.0,0.6152375225241128,0.026510066548825848,0.5456668375875362,0.6771072897816377,1.0,0.6023621766433209,0.027575055107271276,0.5267494156633513,0.6820429322769282,1.0,0.0
30.85,0.0,0.6392473528534305,0.025269841717706694,0.5805583804112039,0.6677801429003913,1.0,0.6155301499508332,0.02651913346591849,0.5459659924027588,0.6769875241579283,1.0,0.6027734046238825,0.0275873027614744,0.5271353489964711,0.6818725741731859,1.0,0.0
30.900000000000002,0.0,0.6393059781938357,0.02527282862918855,0.5806974537532317,0.6677564874248381,1.0,0.6158204707090292,0.026528111600130373,0.5462638457031126,0.6768687244170241,1.0,0.603181473302827,0.027599422144589023,0.5275196335655457,0.6817035826640672,1.0,0.0
30.950000000000003,0.0,0.6393641297761092,0.025275795647450593,0.5808358701128158,0.6677330149949608,1.0,0.6161084987880073,0.026537001502022164,0.5465604023133481,0.6767508841375995,1.0,0.603586400638128,0.02761141404306319,0.5279022751333126,0.6815359488090413,1.0,0.0
31.0,0.0,0.6394218101732535,0.02527874285814842,0.5809736324668323,0.6677097246175294,1.0,0.6163942481258122,0.026545803719936447,0.5468556670471639,0.6766339969321202,1.0,0.6039882045464084,0.027623279240835352,0.5282832794538901,0.6813696637095881,1.0,0.0
31.05,0.0,0.639479021948473,0.025281670346689898,0.5811107437790358,0.6676866153035323,1.0,0.6166777326089796,0.02655451879999206,0.547149644707161,0.6765180564467711,1.0,0.604386902902125,0.027635018519310783,0.528662652272652,0.6812047185092415,1.0,0.0
31.1,0.0,0.6395357676552036,0.025284578198235506,0.5812472070001171,0.6676636860681561,1.0,0.6169589660722977,0.026563147286078725,0.5474423400847973,0.6764030563613838,1.0,0.6047825135367696,0.027646632657338577,0.5290403993261049,0.6810411043936284,1.0,0.0
31.150000000000002,0.0,0.6395920498371424,0.02528746649769866,0.5813830250677599,0.6676409359307647,1.0,0.6172379622985764,0.026571689719851903,0.5477337579603447,0.6762889903893614,1.0,0.6051750542380879,0.027658122431189296,0.5294165263417682,0.6808788125905018,1.0,0.0
31.200000000000003,0.0,0.6396478710282759,0.025290335329746033,0.5815182009066976,0.6676183639148796,1.0,0.6175147350184248,0.026580146640727963,0.5480239031028455,0.6761758522776021,1.0,0.6055645427493151,0.027669488614533198,0.5297910390380549,0.6807178343697681,1.0,0.0
31.25,0.0,0.639703233752909,0.025293184778797842,0.5816527374287703,0.6675959690481598,1.0,0.6177892979100365,0.026588518585879583,0.548312780270071,0.676063635806421,1.0,0.605950996768428,0.02768073197841908,0.5301639431241559,0.680558161043511,1.0,0.0
31.3,0.0,0.6397581405256932,0.025296014929028155,0.5817866375329805,0.667573750362382,1.0,0.618061664598983,0.02659680609023141,0.5486003942084808,0.6759523347894701,1.0,0.6063344339474136,0.027691853291253694,0.530535244299925,0.6803997839660088,1.0,0.0
31.35,0.0,0.639812593851654,0.02529882586436518,0.5819199041055496,0.6675517068934214,1.0,0.6183318486580147,0.02660500968645597,0.5488867496531832,0.6758419430736573,1.0,0.6067148718915543,0.02770285331878178,0.5309049482557671,0.6802426945337475,1.0,0.0
31.400000000000002,0.0,0.6398665962262187,0.02530161766849153,0.5820525400199733,0.6675298376812325,1.0,0.6185998636068691,0.02661312990496984,0.549171851327896,0.6757324545390632,1.0,0.6070923281587286,0.02771373282406664,0.5312730606725273,0.6800868841854297,1.0,0.0
31.450000000000003,0.0,0.6399201501352435,0.025304390424844503,0.5821845481370775,0.6675081417698304,1.0,0.6188657229120874,0.026621167273930046,0.5494557039449095,0.6756238630988567,1.0,0.6074668202587287,0.027724492567471278,0.5316395872213833,0.6799323444019774,1.0,0.0
31.5,0.0,0.6399732580550404,0.025307144216616326,0.5823159313050739,0.6674866182072717,1.0,0.6191294399868376,0.026629122319230713,0.5497383122050489,0.6755161626992098,1.0,0.6078383656525924,0.027735133306640142,0.5320045335637381,0.6797790667065317,1.0,0.0
31.55,0.0,0.6400259224524035,0.025309879126754427,0.5824466923596142,0.6674652660456366,1.0,0.6193910281907451,0.026636995564499954,0.5500196807976391,0.6754093473192097,1.0,0.6082069817519521,0.027745655796481375,0.5323679053511162,0.6796270426644475,1.0,0.0
31.6,0.0,0.6400781457846356,0.02531259523796166,0.5825768341238462,0.6674440843410104,1.0,0.6196505008297312,0.026644787531096985,0.5502998144004698,0.6753034109707704,1.0,0.6085726859183976,0.02775606078914963,0.5327297082250607,0.6794762638832835,1.0,0.0
31.650000000000002,0.0,0.6401299304995738,0.02531529263269656,0.5827063594084675,0.6674230721534657,1.0,0.6199078711558577,0.026652498738109476,0.5505787176797613,0.6751983476985433,1.0,0.6089354954628555,0.027766349034029417,0.5330899478170327,0.6793267220127884,1.0,0.0
31.700000000000003,0.0,0.6401812790356151,0.025317971393173558,0.5828352710117802,0.6674022285470448,1.0,0.6201631523671791,0.026660129702351123,0.5508563952901315,0.6750941515798252,1.0,0.6092954276449822,0.027776521277718985,0.533448629748312,0.6791784087448828,1.0,0.0
31.75,0.0,0.640232193821742,0.02532063160136321,0.5829635717197453,0.6673815525897419,1.0,0.6204163576076017,0.026667680938359452,0.5511328518745643,0.6749908167244666,1.0,0.6096524996725727,0.02778657826401472,0.5338057596299006,0.6790313158136367,1.0,0.0
31.8,0.0,0.6402826772775475,0.025323273338992418,0.5830912643060365,0.6673610433534858,1.0,0.6206674999667487,0.026675152958393823,0.5514080920643777,0.6748883372747776,1.0,0.6100067287009834,0.02779652073389607,0.5341613430624275,0.6788854349952439,1.0,0.0
31.85,0.0,0.6403327318132599,0.025325896687544633,0.5832183515320938,0.6673406999141234,1.0,0.6209165924798331,0.026682546272433678,0.5516821204791941,0.6747867074054333,1.0,0.6103581318325697,0.027806349425510968,0.5345153856360545,0.6787407581079914,1.0,0.0
31.900000000000002,0.0,0.6403823598297672,0.02532850172826007,0.5833448361471769,0.6673205213514022,1.0,0.6211636481275363,0.026689861388176975,0.5519549417269104,0.6746859213233776,1.0,0.6107067261161374,0.02781606507416175,0.5348678929303855,0.6785972770122255,1.0,0.0
31.950000000000003,0.0,0.6404315637186417,0.025331088542135893,0.583470720888419,0.6673005067489539,1.0,0.621408679835894,0.02669709881103885,0.55222656040367,0.6745859732677262,1.0,0.6110525285464085,0.027825668412291588,0.5352188705143758,0.6784549836103144,1.0,0.0
32.0,0.0,0.640480345862164,0.02533365720992642,0.5835960084808793,0.6672806551942779,1.0,0.6216517004761873,0.026704259044150472,0.5524969810938345,0.6744868575096683,1.0,0.6113955560635005,0.027835160169471386,0.5355683239462443,0.678313869846607,1.0,0.0
32.050000000000004,0.0,0.6405287086333464,0.0253362078121433,0.583720701637596,0.6672609657787253,1.0,0.6218927228648415,0.026711342588358108,0.5527662083699573,0.6743885683523676,1.0,0.6117358255524198,0.027844541072387177,0.5359162587733869,0.6781739277073876,1.0,0.0
32.1,0.0,0.6405766543959572,0.025338740429055713,0.5838448030596389,0.6672414375974822,1.0,0.62213175976333,0.026718349942222382,0.5530342467927574,0.6742911001308617,1.0,0.6120733538425684,0.027853811844827974,0.5362626805322915,0.6780351492208281,1.0,0.0
32.15,0.0,0.6406241855045437,0.02534125514069054,0.5839683154361617,0.6672220697495546,1.0,0.6223688238780848,0.026725281602017734,0.5533011009110941,0.6741944472119609,1.0,0.6124081577072638,0.027862973207674103,0.5366075947484552,0.677897526456936,1.0,0.0
32.2,0.0,0.6406713043044553,0.025343752026832523,0.5840912414444539,0.6672028613377519,1.0,0.6226039278604127,0.02673213806173207,0.553566775261943,0.6740986039941462,1.0,0.6127402538632718,0.027872025878885986,0.5369510069363022,0.6777610515274995,1.0,0.0
32.25,0.0,0.6407180131318665,0.025346231167024464,0.5842135837499933,0.6671838114686722,1.0,0.6228370843064182,0.026738919813066597,0.5538312743703718,0.6740035649074659,1.0,0.6130696589703536,0.02788097057349338,0.5372929225991042,0.6776257165860294,1.0,0.0
32.300000000000004,0.0,0.6407643143137998,0.025348692640567366,0.5843353450064972,0.6671649192526865,1.0,0.6230683057569307,0.026745627345435858,0.5540946027495183,0.6739093244134317,1.0,0.6133963896308237,0.02788980800358505,0.5376333472289023,0.6774915138276972,1.0,0.0
32.35,0.0,0.640810210168148,0.025351136526520605,0.5844565278559739,0.6671461838039233,1.0,0.6232976046974393,0.02675226114596793,0.5543567649005675,0.6738158770049134,1.0,0.6137204623891218,0.027898538878298913,0.5379722863064299,0.6773584354892713,1.0,0.0
32.4,0.0,0.6408557030036969,0.025353562903702092,0.584577134928774,0.6671276042402543,1.0,0.6235249935580319,0.02675882169950482,0.5546177653127313,0.6737232172060338,1.0,0.6140418937313974,0.027907163903812576,0.5383097453010376,0.6772264738490488,1.0,0.0
32.45,0.0,0.640900795120147,0.025355971850688424,0.5846971688436413,0.667109179683279,1.0,0.62375048471334,0.026765309488603024,0.5548776084632273,0.6736313395720612,1.0,0.6143607000851051,0.02791568378333432,0.5386457296706195,0.6770956212267856,1.0,0.0
32.5,0.0,0.640945488808136,0.025358363445815033,0.5848166322077639,0.6670909092583102,1.0,0.6239740904824898,0.026771724993534272,0.5551362988172595,0.673540238689303,1.0,0.614676897818614,0.02792409921709451,0.5389802448615413,0.6769658699836227,1.0,0.0
32.550000000000004,0.0,0.6409897863492602,0.025360737767176338,0.5849355276168244,0.6670727920943594,1.0,0.6241958231290575,0.026778068692286442,0.5553938408279991,0.6734499091749967,1.0,0.6149905032408275,0.027932410902337397,0.5393132963085694,0.6768372125220107,1.0,0.0
32.6,0.0,0.6410336900160964,0.025363094892625896,0.5850538576550505,0.667054827324123,1.0,0.6244156948610311,0.026784341060564626,0.5556502389365666,0.6733603456772016,1.0,0.6153015326008155,0.027940619533313348,0.5396448894348019,0.6767096412856299,1.0,0.0
32.65,0.0,0.6410772020722235,0.02536543489977654,0.5851716248952648,0.6670370140839674,1.0,0.6246337178307763,0.02679054257179239,0.5559054975720138,0.6732715428746888,1.0,0.6156100020874588,0.027948725801271473,0.539975029651601,0.67658314875931,1.0,0.0
32.7,0.0,0.6411203247722433,0.025367757866000522,0.5852888318989352,0.6670193515139153,1.0,0.6248499041350082,0.02679667369711316,0.5561596211513075,0.6731834954768312,1.0,0.6159159278291035,0.02795673039445263,0.5403037223585265,0.6764577274689453,1.0,0.0
32.75,0.0,0.6411630603618023,0.025370063868429653,0.5854054812162243,0.6670018387576317,1.0,0.6250642658147681,0.02680273490539181,0.5564126140793129,0.6730961982234924,1.0,0.6162193258932287,0.027964633998082838,0.5406309729432712,0.6763333699814083,1.0,0.0
32.800000000000004,0.0,0.6412054110776122,0.025372352983955435,0.5855215753860388,0.6669844749624103,1.0,0.6252768148554047,0.026808726663216365,0.5566644807487787,0.6730096458849153,1.0,0.6165202122861232,0.02797243729436706,0.5409567867815975,0.6762100689044604,1.0,0.0
32.85,0.0,0.6412473791474713,0.025374625289229208,0.5856371169360788,0.6669672592791598,1.0,0.6254875631865604,0.026814649434899893,0.5569152255403222,0.6729238332616096,1.0,0.616818602952575,0.027980140962483382,0.5412811692372754,0.6760878168866612,1.0,0.0
32.9,0.0,0.641288966790285,0.025376880860662275,0.5857521083828872,0.6669501908623904,1.0,0.6256965226821629,0.02682050368248252,0.5571648528224152,0.6728387551842396,1.0,0.6171145137755705,0.02798774567857752,0.5416041256620217,0.6759666066172736,1.0,0.0
32.95,0.0,0.6413301762160863,0.025379119774426032,0.585866552231898,0.6669332688702005,1.0,0.6259037051604209,0.026826289865733613,0.5574133669513708,0.6727544065135102,1.0,0.6174079605760049,0.027995252115757742,0.5419256613954407,0.6758464308261686,1.0,0.0
33.0,0.0,0.6413710096260565,0.025381342106452112,0.5859804509774852,0.6669164924642638,1.0,0.6261091223838245,0.02683200844215409,0.5576607722713304,0.672670782140053,1.0,0.617698959112403,0.028002660944090124,0.542245781764967,0.6757272822837265,1.0,0.0
33.050000000000004,0.0,0.6414114692125454,0.0253835479324325,0.5860938071030113,0.6668998608098156,1.0,0.6263127860591506,0.026837659866978895,0.557907073114252,0.6725878769843131,1.0,0.6179875250806504,0.02800997283059415,0.5425644920858076,0.6756091538007367,1.0,0.0
33.1,0.0,0.6414515571590919,0.025385737327819662,0.5862066230808752,0.6668833730756403,1.0,0.626514707837472,0.026843244593179605,0.5581522737998988,0.6725056859964325,1.0,0.6182736741137347,0.028017188439238675,0.5428817976608877,0.6754920382282952,1.0,0.0
33.15,0.0,0.6414912756404435,0.025387910367826696,0.5863189013725606,0.6668670284340585,1.0,0.6267148993141718,0.026848763071467156,0.5583963786358284,0.6724242041561359,1.0,0.6185574217814972,0.028024308430938234,0.5431977037807963,0.6753759284576999,1.0,0.0
33.2,0.0,0.6415306268225771,0.02539006712742743,0.5864306444286832,0.6668508260609145,1.0,0.6269133720289617,0.026854215750294737,0.5586393919173821,0.6723434264726146,1.0,0.6188387835903943,0.028031333463549662,0.5435122157237333,0.6752608174203439,1.0,0.0
33.25,0.0,0.6415696128627185,0.02539220768135656,0.586541854689039,0.6668347651355633,1.0,0.6271101374659042,0.02685960307586079,0.5588813179276764,0.6722633479844099,1.0,0.6191177749832686,0.028038264191869073,0.5438253387554582,0.6751466980876074,1.0,0.0
33.300000000000004,0.0,0.6416082359093623,0.025394332104109792,0.5866525345826508,0.6668188448408584,1.0,0.6273052070534396,0.02686492549211215,0.5591221609375934,0.672183963759297,1.0,0.6193944113391294,0.02804510126762914,0.54413707812924,0.675033563470747,1.0,0.0
33.35,0.0,0.6416464981022917,0.02539644046994394,0.5867626865278162,0.6668030643631395,1.0,0.6274985921644168,0.026870183440747326,0.5593619252057725,0.6721052688941674,1.0,0.6196687079729436,0.028051845339496718,0.5444474390858077,0.6749214066207834,1.0,0.0
33.4,0.0,0.6416844015725978,0.025398532852877076,0.5868723129321539,0.6667874228922201,1.0,0.6276903041161281,0.026875377361219872,0.5596006149786033,0.672027258514912,1.0,0.6199406801354349,0.02805849705307076,0.5447564268533032,0.674810220628388,1.0,0.0
33.45,0.0,0.6417219484426997,0.02540060932668864,0.5869814161926509,0.6667719196213757,1.0,0.6278803541703482,0.026880507690741923,0.5598382344902176,0.6719499277763025,1.0,0.6202103430128928,0.028065057050880558,0.5450640466472341,0.6746999986237666,1.0,0.0
33.5,0.0,0.6417591408263636,0.025402669964919578,0.5870899986957085,0.6667565537473313,1.0,0.6280687535333764,0.026885574864287817,0.5600747879624837,0.6718732718618741,1.0,0.6204777117269905,0.02807152597238427,0.5453703036704285,0.6745907337765423,1.0,0.0
33.550000000000004,0.0,0.6417959808287226,0.02540471484087246,0.5871980628171894,0.6667413244702499,1.0,0.6282555133560841,0.02689057931459786,0.5603102796049997,0.6717972859838065,1.0,0.6207428013346118,0.02807790445396777,0.5456752031129908,0.6744824192956367,1.0,0.0
33.6,0.0,0.6418324705462953,0.025406744027611616,0.587305610922463,0.6667262309937204,1.0,0.628440644733964,0.026895521472182184,0.5605447136150888,0.6717219653828057,1.0,0.6210056268276865,0.02808419312894377,0.5459787501522585,0.674375048429149,1.0,0.0
33.65,0.0,0.6418686120670057,0.025408757597963256,0.5874126453664519,0.6667112725247463,1.0,0.6286241587071849,0.026900401765324745,0.560778094177794,0.6716473053279842,1.0,0.6212662031330349,0.028090392627551235,0.5462809499527602,0.674268614464234,1.0,0.0
33.7,0.0,0.6419044074702022,0.0254107556245156,0.5875191684936771,0.6666964482737334,1.0,0.6288060662606489,0.02690522062008741,0.5610104254658738,0.6715733011167424,1.0,0.6215245451122208,0.028096503576955097,0.5465818076661749,0.674163110726979,1.0,0.0
33.75,0.0,0.6419398588266765,0.025412738179619008,0.5876251826383042,0.6666817574544792,1.0,0.6289863783240527,0.026909978460314152,0.5612417116397985,0.6714999480746487,1.0,0.621780667561412,0.028102526601246215,0.5468813284312921,0.6740585305822782,1.0,0.0
33.800000000000004,0.0,0.6419749681986828,0.02541470533538611,0.5877306901241882,0.6666671992841606,1.0,0.6291651057719518,0.02691467570763538,0.5614719568477473,0.6714272415553199,1.0,0.6220345852112507,0.028108462321441652,0.5471795173739732,0.6739548674337066,1.0,0.0
33.85,0.0,0.642009737639957,0.025416657163691944,0.5878356932649187,0.6666527729833233,1.0,0.6293422594238295,0.026919312781472336,0.5617011652256052,0.6713551769403007,1.0,0.62228631272673,0.02811431135548518,0.5474763796071137,0.6738521147233925,1.0,0.0
33.9,0.0,0.642044169195735,0.02541859373617407,0.587940194363865,0.6666384777758697,1.0,0.629517850044167,0.02692389009904162,0.561929340896961,0.6712837496389443,1.0,0.6225358647070802,0.02812007431824807,0.5477719202306073,0.6737502659318879,1.0,0.0
33.95,0.0,0.6420782649027725,0.02542051512423272,0.5880441957142206,0.6666243128890487,1.0,0.6296918883425193,0.02692840807535981,0.5621564879731057,0.6712129550882916,1.0,0.6227832556856622,0.02812575182153014,0.5480661443313096,0.6736493145780391,1.0,0.0
34.0,0.0,0.6421120267893631,0.025422421399030927,0.588147699599048,0.6666102775534439,1.0,0.6298643849735923,0.026932867123248168,0.562382610553031,0.6711427887529505,1.0,0.623028500129868,0.02813134447406106,0.5483590569830046,0.6735492542188544,1.0,0.0
34.050000000000004,0.0,0.6421454568753571,0.025424312631494663,0.5882507082913226,0.6665963710029632,1.0,0.6300353505373243,0.026937267653337458,0.562607712723429,0.6710732461249755,1.0,0.6232716124410304,0.028136852881501886,0.5486506632463704,0.6734500784493717,1.0,0.0
34.1,0.0,0.6421785571721808,0.02542618889231297,0.5883532240539774,0.6665825924748273,1.0,0.6302047955789699,0.026941610074072853,0.5628317985586921,0.6710043227237469,1.0,0.6235126069543385,0.02814227764644687,0.5489409681689472,0.6733517809025249,1.0,0.0
34.15,0.0,0.6422113296828544,0.025428050251938103,0.5884552491399463,0.6665689412095593,1.0,0.6303727305891874,0.02694589479171893,0.5630548721209131,0.6709360140958494,1.0,0.623751497938762,0.02814761936842548,0.5492299767851063,0.673254355249009,1.0,0.0
34.2,0.0,0.6422437764020117,0.025429896780585673,0.5885567857922084,0.6665554164509739,1.0,0.6305391660041292,0.02695012221036476,0.5632769374598858,0.6708683158149514,1.0,0.6239882995969811,0.028152878643904696,0.549517694116019,0.6731577951971437,1.0,0.0
34.25,0.0,0.6422758993159176,0.02543172854823479,0.5886578362438312,0.6665420174461665,1.0,0.6307041122055344,0.026954292731929074,0.5634979986131069,0.670801223481684,1.0,0.6242230260653256,0.028158056066291494,0.5498041251696275,0.673062094492737,1.0,0.0
34.300000000000004,0.0,0.6423077004024873,0.02543354562462821,0.5887584027180142,0.6665287434455026,1.0,0.6308675795208252,0.026958406756165537,0.563718059605777,0.6707347327235194,1.0,0.6244556914137193,0.028163152225935583,0.5500892749406165,0.6729672469189468,1.0,0.0
34.35,0.0,0.642339181631305,0.025435348079272457,0.5888584874281317,0.6665155937026077,1.0,0.6310295782232058,0.026962464680668086,0.5639371244508036,0.6706688391946494,1.0,0.6246863096456317,0.02816816771013236,0.5503731484103855,0.6728732462961424,1.0,0.0
34.4,0.0,0.6423703449636419,0.025437135981438014,0.5889580925777764,0.6665025674743565,1.0,0.6311901185317638,0.026966466900876358,0.5641551971488028,0.6706035385758649,1.0,0.6249148946980373,0.028173103103126085,0.5506557505470223,0.6727800864817642,1.0,0.0
34.45,0.0,0.6424011923524752,0.025438909400159436,0.5890572203608015,0.6664896640208625,1.0,0.6313492106115741,0.0269704138100812,0.5643722816881033,0.6705388265744334,1.0,0.6251414604413805,0.02817795898611327,0.5509370863052772,0.6726877613701835,1.0,0.0
34.5,0.0,0.6424317257425063,0.025440668404235523,0.5891558729613637,0.6664768826054677,1.0,0.6315068645738066,0.026974305799430255,0.5645883820447494,0.6704746989239786,1.0,0.6253660206795476,0.02818273593724628,0.5512171606265381,0.6725962648925606,1.0,0.0
34.550000000000004,0.0,0.6424619470701793,0.025442413062229465,0.5892540525539655,0.6664642224947323,1.0,0.6316630904758348,0.02697814325793363,0.564803502182505,0.670411151384358,1.0,0.6255885891498449,0.028187434531637138,0.5514959784388074,0.6725055910167028,1.0,0.0
34.6,0.0,0.6424918582636996,0.025444143442469005,0.5893517613034973,0.6664516829584248,1.0,0.6318178983213486,0.02698192657246962,0.5650176460528583,0.6703481797415421,1.0,0.6258091795229836,0.028192055341361533,0.5517735446566779,0.6724157337469209,1.0,0.0
34.65,0.0,0.6425214612430521,0.025445859613046597,0.5894490013652798,0.6664392632695118,1.0,0.6319712980604684,0.02698565612779054,0.5652308175950265,0.6702857798074927,1.0,0.6260278054030706,0.028196598935463026,0.5520498641813116,0.6723266871238857,1.0,0.0
34.7,0.0,0.6425507579200197,0.025447561641819567,0.5895457748851054,0.6664269627041473,1.0,0.6321232995898618,0.02698933230652858,0.5654430207359605,0.6702239474200412,1.0,0.6262444803276052,0.02820106587995746,0.5523249419004178,0.6722384452244832,1.0,0.0
34.75,0.0,0.6425797501982018,0.02544924959641028,0.5896420839992803,0.6664147805416636,1.0,0.6322739127528636,0.026992955489201793,0.5656542593903517,0.6701626784427678,1.0,0.6264592177674823,0.02820545673783754,0.5525987826882331,0.6721510021616695,1.0,0.0
34.800000000000004,0.0,0.6426084399730326,0.0254509235442063,0.5897379308346654,0.6664027160645607,1.0,0.6324231473395966,0.026996526054220076,0.5658645374606369,0.6701019687648795,1.0,0.626672031127001,0.028209772069077634,0.552871391405502,0.6720643520843248,1.0,0.0
34.85,0.0,0.6426368291317994,0.025452583552360564,0.5898333175087183,0.6663907685584969,1.0,0.6325710130870961,0.02700004437789129,0.5660738588370052,0.6700418143010893,1.0,0.6268829337438795,0.028214012430638705,0.5531427728994573,0.6719784891771069,1.0,0.0
34.9,0.0,0.6426649195536611,0.02545422968779156,0.5899282461295337,0.6663789373122783,1.0,0.6327175196794357,0.027003510834427383,0.5662822273974051,0.6699822109914946,1.0,0.6270919388892752,0.02821817837647348,0.5534129320038035,0.6718934076603043,1.0,0.0
34.95,0.0,0.6426927131096665,0.0254558620171835,0.5900227187958847,0.6663672216178498,1.0,0.6328626767478557,0.027006925795950626,0.5664896470075513,0.6699231548014559,1.0,0.6272990597678104,0.028222270457531767,0.5536818735386982,0.671809101789688,1.0,0.0
35.0,0.0,0.6427202116627725,0.025457480606986486,0.5901167375972639,0.6663556207702847,1.0,0.6330064938708934,0.027010289632499875,0.5666961215209326,0.6698646417214762,1.0,0.627504309517604,0.028226289221765923,0.5539496023107373,0.6717255658563639,1.0,0.0
35.050000000000004,0.0,0.642747417067863,0.025459085523416705,0.5902103046139232,0.6663441340677753,1.0,0.6331489805745157,0.027013602712036913,0.5669016547788198,0.6698066677670794,1.0,0.6277077012103082,0.028230235214136538,0.5542161231129383,0.6716427941866239,1.0,0.0
35.1,0.0,0.6427743311717666,0.0254606768324566,0.5903034219169147,0.6663327608116234,1.0,0.6332901463322537,0.02701686540045283,0.567106250610274,0.6697492289786899,1.0,0.6279092478511499,0.028234108976618242,0.554481440724726,0.6715607811417964,1.0,0.0
35.15,0.0,0.6428009558132755,0.02546225459985508,0.5903960915681307,0.6663215003062305,1.0,0.6334300005653386,0.02702007806157449,0.5673099128321554,0.6696923214215115,1.0,0.6281089623789786,0.028237911048205704,0.5547455599119189,0.6714795211180972,1.0,0.0
35.2,0.0,0.6428272928231632,0.02546381889112767,0.5904883156203439,0.6663103518590883,1.0,0.6335685526428412,0.027023241057171025,0.5675126452491323,0.6696359411854066,1.0,0.6283068576663184,0.02824164196491976,0.555008485426715,0.6713990085464788,1.0,0.0
35.25,0.0,0.6428533440242038,0.025465369771556747,0.590580096117247,0.6662993147807692,1.0,0.6337058118818111,0.02702635474696039,0.5677144516536905,0.669580084384776,1.0,0.6285029465194254,0.028245302259813723,0.5552702220076803,0.6713192378924806,1.0,0.0
35.300000000000004,0.0,0.6428791112311896,0.0254669073061917,0.5906714350934927,0.6662883883849169,1.0,0.6338417875474195,0.027029419488615983,0.5679153358261434,0.6695247471584382,1.0,0.6286972416783493,0.02824889246297982,0.5555307743797364,0.6712402036560776,1.0,0.0
35.35,0.0,0.6429045962509498,0.025468431559849156,0.5907623345747329,0.666277571988237,1.0,0.633976488853103,0.027032435637773303,0.5681153015346418,0.6694699256695092,1.0,0.628889755817001,0.028252413101555802,0.5557901472541499,0.6711619003715293,1.0,0.0
35.4,0.0,0.6429298008823688,0.025469942597113163,0.5908527965776581,0.6662668649104876,1.0,0.6341099249607093,0.027035403548036654,0.5683143525351846,0.6694156161052826,1.0,0.6290805015432239,0.028255864699731677,0.5560483453285218,0.6710843226072284,1.0,0.0
35.45,0.0,0.6429547269164049,0.025471440482335402,0.5909428231100367,0.6662562664744699,1.0,0.6342421049806447,0.027038323570985907,0.5685124925716292,0.6693618146771089,1.0,0.6292694913988705,0.02825924777875659,0.5563053732867779,0.6710074649655484,1.0,0.0
35.5,0.0,0.6429793761361079,0.02547292527963539,0.5910324161707536,0.6662457760060191,1.0,0.6343730379720233,0.027041196056183308,0.5687097253757032,0.6693085176202768,1.0,0.6294567378598827,0.028262562856945853,0.5565612357991601,0.6709313220826922,1.0,0.0
35.550000000000004,0.0,0.6430037503166387,0.025474397052900707,0.5911215777498497,0.666235392833995,1.0,0.6345027329428171,0.02704402135118032,0.5689060546670155,0.6692557211938929,1.0,0.6296422533363774,0.028265810449688084,0.5568159375222178,0.6708558886285393,1.0,0.0
35.6,0.0,0.6430278512252868,0.02547585586578719,0.5912103098285598,0.666225116290273,1.0,0.6346311988500093,0.027046799801524517,0.5691014841530683,0.6692034216807623,1.0,0.6298260501727362,0.028268991069452517,0.5570694830988009,0.6707811593064931,1.0,0.0
35.65,0.0,0.6430516806214891,0.025477301781719162,0.5912986143793513,0.6662149457097347,1.0,0.6347584445997472,0.027049531750766524,0.5692960175292688,0.6691516153872695,1.0,0.6300081406476989,0.0282721052257964,0.5573218771580523,0.6707071288533284,1.0,0.0
35.7,0.0,0.6430752402568484,0.025478734863889654,0.5913864933659624,0.6662048804302588,1.0,0.6348844790474982,0.027052217540466987,0.5694896584789422,0.6691002986432596,1.0,0.6301885369744619,0.028275153425372544,0.557573124315402,0.6706337920390383,1.0,0.0
35.75,0.0,0.6430985318751518,0.025480155175260623,0.5914739487434407,0.6661949197927122,1.0,0.6350093109982067,0.027054857510203596,0.5696824106733436,0.669049467801919,1.0,0.63036725130078,0.02827813617193698,0.5578232291725614,0.6705611436666807,1.0,0.0
35.800000000000004,0.0,0.6431215572123893,0.02548156277856319,0.5915609824581807,0.6661850631409406,1.0,0.6351329492064516,0.02705745199757813,0.569874277771672,0.668999119239657,1.0,0.6305442957090729,0.028281053966356762,0.5580721963175188,0.6704891785722253,1.0,0.0
35.85,0.0,0.6431443179967722,0.02548295773629786,0.5916475964479613,0.66617530982176,1.0,0.6352554023766068,0.027060001338223554,0.5700652634210829,0.6689492493559879,1.0,0.6307196822165352,0.028283907306617846,0.5583200303245344,0.6704178916243999,1.0,0.0
35.9,0.0,0.6431668159487516,0.025484340110734763,0.5917337926419842,0.6661656591849471,1.0,0.6353766791630018,0.027062505865811142,0.5702553712567021,0.6688998545734118,1.0,0.6308934227752501,0.02828669668783312,0.5585667357541367,0.6703472777245368,1.0,0.0
35.95,0.0,0.6431890527810372,0.025485709963913892,0.5918195729609107,0.6661561105832308,1.0,0.6354967881700838,0.027064965912057648,0.5704446049016396,0.6688509313372979,1.0,0.6310655292723074,0.02828942260225053,0.5588123171531202,0.6702773318064194,1.0,0.0
36.0,0.0,0.6432110301986158,0.025487067357645343,0.5919049393168992,0.6661466633722829,1.0,0.635615737952582,0.027067381806732484,0.5706329679670037,0.6688024761157657,1.0,0.6312360135299249,0.0282920855392613,0.5590567790545418,0.6702080488361277,1.0,0.0
36.050000000000004,0.0,0.6432327498987697,0.02548841235350956,0.5919898936136424,0.6661373169107097,1.0,0.6357335370156715,0.02706975387766497,0.5708204640519157,0.6687544853995685,1.0,0.6314048873055731,0.028294685985408297,0.5593001259777198,0.6701394238118854,1.0,0.0
36.1,0.0,0.6432542135710954,0.025489745012857588,0.5920744377464039,0.6661280705600424,1.0,0.6358501938151401,0.02707208245075157,0.5710070967435241,0.6687069557019757,1.0,0.6315721622921041,0.028297224424394456,0.5595423624282324,0.6700714517639053,1.0,0.0
36.15,0.0,0.6432754228975224,0.025491065396811317,0.5921585736020554,0.666118923684729,1.0,0.6359657167575551,0.027074367849963192,0.5711928696170204,0.6686598835586559,1.0,0.6317378501178837,0.028299701337091334,0.5597834928979166,0.6700041277542355,1.0,0.0
36.2,0.0,0.6432963795523319,0.02549237356626374,0.5922423030591131,0.6661098756521251,1.0,0.6360801142004318,0.02707661039735251,0.5713777862356535,0.6686132655275605,1.0,0.6319019623469264,0.02830211720154775,0.5600235218648687,0.6699374468766057,1.0,0.0
36.25,0.0,0.6433170852021753,0.025493669581879215,0.5923256279877742,0.666100925832485,1.0,0.6361933944524026,0.027078810413061292,0.5715618501507458,0.6685670981888072,1.0,0.6320645104790343,0.028304472492998514,0.560262453793444,0.6698714042562732,1.0,0.0
36.300000000000004,0.0,0.6433375415060931,0.02549495350409373,0.5924085502499532,0.6660920735989534,1.0,0.6363055657733884,0.02708096821532779,0.5717450649017086,0.6685213781445638,1.0,0.6322255059499393,0.028306767683873277,0.5605002931342584,0.669805995049869,1.0,0.0
36.35,0.0,0.6433577501155334,0.02549622539311516,0.5924910716993179,0.666083318327556,1.0,0.6364166363747686,0.02708308412049413,0.5719274340160586,0.6684761020189325,1.0,0.632384960131448,0.028309003243805426,0.5607370443241898,0.6697412144452438,1.0,0.0
36.4,0.0,0.6433777126743708,0.025497485308923543,0.5925731941813257,0.6660746593971912,1.0,0.6365266144195554,0.02708515844301372,0.5721089610094336,0.6684312664578342,1.0,0.6325428843315897,0.028311179639641113,0.5609727117863799,0.6696770576613142,1.0,0.0
36.45,0.0,0.6433974308189255,0.02549873331127135,0.5926549195332589,0.6660660961896218,1.0,0.6366355080225657,0.02708719149545872,0.5722896493856097,0.6683868681288937,1.0,0.6326992897947682,0.028313297335448333,0.5612072999302368,0.6696135199479094,1.0,0.0
36.5,0.0,0.6434169061779818,0.02549996945968377,0.5927362495842609,0.6660576280894652,1.0,0.6367433252505968,0.027089183588527483,0.5724695026365172,0.6683429037213242,1.0,0.6328541877019156,0.028315356792526107,0.5614408131514387,0.6695505965856168,1.0,0.0
36.550000000000004,0.0,0.6434361403728066,0.025501193813458976,0.5928171861553713,0.6660492544841861,1.0,0.6368500741226009,0.027091135031052066,0.5726485242422585,0.6682993699458131,1.0,0.6330075891706497,0.028317358469413738,0.561673255831937,0.6694882828856291,1.0,0.0
36.6,0.0,0.6434551350171693,0.025502406431668418,0.5928977310595615,0.6660409747640867,1.0,0.6369557626098615,0.02709304613000572,0.5728267176711249,0.6682562635344071,1.0,0.6331595052554335,0.028319302821900143,0.5619046323399604,0.6694265741895907,1.0,0.0
36.65,0.0,0.6434738917173598,0.02550360737315711,0.5929778861017695,0.6660327883222991,1.0,0.6370603986361708,0.02709491719051043,0.5730040863796139,0.6682135812403991,1.0,0.6333099469477385,0.028321190303033265,0.56213494703002,0.6693654658694443,1.0,0.0
36.7,0.0,0.6434924120722078,0.02550479669654392,0.5930576530789354,0.6660246945547758,1.0,0.6371639900780072,0.027096748515844454,0.5731806338124471,0.6681713198382134,1.0,0.6334589251762093,0.02832302136312955,0.562364204242914,0.6693049533272776,1.0,0.0
36.75,0.0,0.6435106976731017,0.02550597446022186,0.5931370337800361,0.6660166928602818,1.0,0.6372665447647138,0.027098540407449894,0.5733563634025883,0.6681294761232932,1.0,0.6336064508068323,0.028324796449783515,0.5625924083057339,0.6692450319951703,1.0,0.0
36.800000000000004,0.0,0.6435287501040077,0.025507140722358393,0.5932160299861198,0.6660087826403858,1.0,0.6373680704786784,0.02710029316494027,0.5735312785712615,0.668088046911987,1.0,0.6337525346431061,0.028326516007877355,0.5628195635318698,0.6691856973350416,1.0,0.0
36.85,0.0,0.6435465709414887,0.025508295540895724,0.5932946434703406,0.6660009632994517,1.0,0.637468574955513,0.027102007086108118,0.573705382727969,0.668047029041436,1.0,0.6338971874262141,0.028328180479590646,0.5630456742210178,0.6691269448384972,1.0,0.0
36.9,0.0,0.6435641617547234,0.025509438973551114,0.5933728759979933,0.6659932342446303,1.0,0.637568065884235,0.027103682466932594,0.5738786792705103,0.6680064193694617,1.0,0.6340404198352008,0.028329790304410095,0.5632707446591867,0.669068770026677,1.0,0.0
36.95,0.0,0.6435815241055255,0.025510571077817183,0.5934507293265471,0.6659855948858504,1.0,0.6376665509074483,0.02710531960158711,0.5740511715850005,0.6679662147744541,1.0,0.6341822424871489,0.028331345919139363,0.5634947791187055,0.6690111684501024,1.0,0.0
37.0,0.0,0.6435986595483625,0.025511691910962225,0.5935282052056801,0.6659780446358108,1.0,0.637764037621526,0.02710691878244696,0.57422286304589,0.6679264121552593,1.0,0.6343226659373602,0.02833284775790894,0.5637177818582314,0.6689541356885249,1.0,0.0
37.050000000000004,0.0,0.6436155696303753,0.025512801530030525,0.593605305377313,0.6659705829099714,1.0,0.6378605335767926,0.02710848030009697,0.5743937570159826,0.6678870084310687,1.0,0.6344617006795374,0.028334296252186076,0.5639397571227583,0.6688976673507735,1.0,0.0
37.1,0.0,0.6436322558913968,0.02551389999184267,0.5936820315756434,0.665963209126545,1.0,0.6379560462777075,0.027110004443339168,0.574563856846456,0.6678480005413079,1.0,0.6345993571459695,0.02833569183078479,0.5641607091436256,0.6688417590746037,1.0,0.0
37.15,0.0,0.643648719863972,0.025514987352995885,0.5937583855271784,0.6659559227064892,1.0,0.6380505831830492,0.027111491499200446,0.5747331658768803,0.6678093854455255,1.0,0.6347356457077179,0.028337034919875916,0.5643806421385275,0.668786406526546,1.0,0.0
37.2,0.0,0.6436649630733761,0.025516063669864347,0.5938343689507694,0.6659487230734973,1.0,0.6381441517060991,0.027112941752940236,0.5749016874352387,0.6677711601232834,1.0,0.6348705766748057,0.02833832594299718,0.5645995603115227,0.6687316054017544,1.0,0.0
37.25,0.0,0.6436809870376347,0.025517128998599516,0.5939099835576441,0.6659416096539905,1.0,0.6382367592148269,0.0271143554880582,0.575069424837947,0.6677333215740463,1.0,0.6350041602964087,0.028339565321063395,0.5648174678530449,0.6686773514238559,1.0,0.0
37.300000000000004,0.0,0.6436967932675426,0.02551818339513048,0.5939852310514412,0.6659345818771093,1.0,0.6383284130320761,0.027115732986301936,0.5752363813898734,0.6676958668170724,1.0,0.635136406761048,0.02834075347237662,0.5650343689399125,0.6686236403448,1.0,0.0
37.35,0.0,0.6437123832666835,0.02551922691516428,0.5940601131282419,0.6659276391747051,1.0,0.6384191204357493,0.027117074527674666,0.5754025603843597,0.6676587928913039,1.0,0.6352673261967849,0.02834189081263644,0.5652502677353407,0.6685704679447083,1.0,0.0
37.4,0.0,0.6437277585314488,0.025520259614186254,0.5941346314766041,0.665920780981332,1.0,0.6385088886589952,0.027118380390442957,0.5755679651032407,0.6676220968552583,1.0,0.6353969286714181,0.028342977754950233,0.5654651683889519,0.6685178300317244,1.0,0.0
37.45,0.0,0.6437429205510576,0.02552128154746038,0.5942087877775943,0.6659140067342385,1.0,0.638597724890395,0.02711965085114443,0.5757325988168659,0.6675857757869196,1.0,0.6355252241926813,0.02834401470984353,0.565679075036788,0.6684657224418643,1.0,0.0
37.5,0.0,0.6437578708075758,0.025522292770029622,0.5942825837048208,0.6659073158733588,1.0,0.6386856362741493,0.02712088618459549,0.5758964647841196,0.6675498267836302,1.0,0.6356522227084445,0.028345002085270375,0.5658919918013225,0.6684141410388672,1.0,0.0
37.550000000000004,0.0,0.6437726107759356,0.025523293336716282,0.5943560209244656,0.6659007078413052,1.0,0.6387726299102661,0.027122086663899023,0.5760595662524423,0.6675142469619832,1.0,0.635777934106915,0.028345940286623763,0.5661039227914728,0.6683630817140462,1.0,0.0
37.6,0.0,0.6437871419239548,0.025524283302122357,0.5944291010953172,0.6658941820833589,1.0,0.6388587128547482,0.02712325256045216,0.5762219064578515,0.6674790334577152,1.0,0.6359023682168418,0.028346829716746073,0.5663148721026134,0.6683125403861399,1.0,0.0
37.65,0.0,0.6438014657123569,0.02552526272062989,0.5945018258688027,0.6658877380474627,1.0,0.6389438921197815,0.02712438414395398,0.5763834886249637,0.6674441834255986,1.0,0.6360255348077205,0.02834767077593958,0.5665248438165891,0.6682625130011636,1.0,0.0
37.7,0.0,0.6438155835947897,0.02552623164640133,0.5945741968890196,0.665881375184212,1.0,0.6390281746739238,0.027125481682413247,0.5765443159670149,0.6674096940393355,1.0,0.6361474435900003,0.028348463861976973,0.5667338420017284,0.6682129955322617,1.0,0.0
37.75,0.0,0.643829497017846,0.025527190133379913,0.5946462157927678,0.6658750929468469,1.0,0.6391115674422928,0.027126545442156154,0.5767043916858833,0.667375562491451,1.0,0.6362681042152923,0.028349209370111924,0.5669418707128581,0.6681639839795598,1.0,0.0
37.800000000000004,0.0,0.6438432074210821,0.025528138235289998,0.5947178842095816,0.6658688907912439,1.0,0.6391940773067556,0.02712757568783404,0.5768637189721102,0.6673417859931877,1.0,0.6363875262765792,0.028349907693089673,0.5671489339913172,0.6681154743700175,1.0,0.0
37.85,0.0,0.6438567162370384,0.025529076005637467,0.594789203761761,0.6658627681759076,1.0,0.639275711106118,0.02712857268243114,0.5770223010049227,0.6673083617744,1.0,0.6365057193084269,0.028350559221157656,0.5673550358649717,0.6680674627572813,1.0,0.0
37.9,0.0,0.6438700248912583,0.025530003497710084,0.5948601760644034,0.6658567245619627,1.0,0.6393564756363137,0.027129536687272304,0.5771801409522551,0.6672752870834486,1.0,0.6366226927871966,0.028351164342076154,0.5675601803482299,0.6680199452215385,1.0,0.0
37.95,0.0,0.6438831348023083,0.02553092076457788,0.5949308027254347,0.6658507594131452,1.0,0.6394363776505938,0.027130467962030735,0.5773372419707719,0.6672425591870965,1.0,0.6367384561312592,0.02835172344112898,0.5677643714420575,0.6679729178693704,1.0,0.0
38.0,0.0,0.6438960473817975,0.02553182785909352,0.5950010853456408,0.6658448721957952,1.0,0.6395154238597172,0.02713136676473572,0.5774936072058894,0.6672101753704041,1.0,0.6368530187012102,0.028352236901134167,0.5679676131339937,0.667926376833607,1.0,0.0
38.050000000000004,0.0,0.6439087640343976,0.025532724833892708,0.5950710255186983,0.6658390623788478,1.0,0.6395936209321398,0.02713223335178035,0.5776492397917988,0.6671781329366251,1.0,0.6369663898000867,0.028352705102454714,0.5681699093981669,0.6678803182731814,1.0,0.0
38.1,0.0,0.6439212861578624,0.025533611741394555,0.5951406248312057,0.6658333294338253,1.0,0.6396709754942054,0.027133067977929255,0.5778041428514887,0.6671464292071037,1.0,0.6370785786735842,0.028353128423009324,0.5683712641953114,0.6678347383729849,1.0,0.0
38.15,0.0,0.6439336151430479,0.02553448863380198,0.5952098848627142,0.6658276728348291,1.0,0.6397474941303354,0.027133870896326313,0.5779583194967678,0.6671150615211704,1.0,0.6371895945102765,0.02835350723828319,0.5685716814727839,0.6677896333437224,1.0,0.0
38.2,0.0,0.6439457523739319,0.0255353555631021,0.5952788071857581,0.6658220920585314,1.0,0.6398231833832193,0.02713464235850237,0.5781117728282877,0.6670840272360402,1.0,0.6372994464418348,0.028353841921338763,0.5687711651645808,0.6677449994217686,1.0,0.0
38.25,0.0,0.6439576992276339,0.02553621258106662,0.5953473933658856,0.665816586584167,1.0,0.6398980497540051,0.02713538261438295,0.5782645059355667,0.6670533237267094,1.0,0.6374081435432493,0.028354132842826597,0.5689697191913552,0.6677008328690236,1.0,0.0
38.300000000000004,0.0,0.643969457074435,0.025537059739252254,0.595415644961689,0.6658111558935255,1.0,0.6399720997024899,0.027136091912295962,0.5784165218970119,0.6670229483858544,1.0,0.6375156948330508,0.02835438037099615,0.5691673474604348,0.6676571299727702,1.0,0.0
38.35,0.0,0.6439810272777978,0.0255378970890011,0.5954835635248348,0.6658057994709428,1.0,0.6400453396473103,0.027136770498979397,0.5785678237799432,0.6669928986237295,1.0,0.6376221092735341,0.02835458487170663,0.5693640538658399,0.6676138870455308,1.0,0.0
38.400000000000006,0.0,0.6439924111943865,0.025538724681441062,0.5955511506000942,0.6658005168032931,1.0,0.6401177759661328,0.027137418619589022,0.5787184146406168,0.6669631718680659,1.0,0.637727395770982,0.028354746708437864,0.5695598422883011,0.6675711004249251,1.0,0.0
38.45,0.0,0.6440036101740866,0.025539542567486265,0.595618407725373,0.6657953073799808,1.0,0.640189414995845,0.027138036517706063,0.5788682975242482,0.6669337655639711,1.0,0.6378315631758902,0.028354866242301165,0.5697547165952787,0.667528766473528,1.0,0.0
38.5,0.0,0.644014625560025,0.02554035079783745,0.5956853364317409,0.6657901706929326,1.0,0.6402602630327454,0.027138624435344885,0.5790174754650363,0.6669046771738285,1.0,0.6379346202831927,0.02835494383205021,0.5699486806409806,0.6674868815787283,1.0,0.0
38.550000000000004,0.0,0.6440254586885902,0.025541149422982395,0.5957519382434621,0.6657851062365888,1.0,0.6403303263327346,0.027139182612960666,0.5791659514861873,0.6668759041771973,1.0,0.6380365758324891,0.028354979834091944,0.5701417382663823,0.6674454421525873,1.0,0.0
38.6,0.0,0.6440361108894519,0.025541938493196345,0.595818214678024,0.665780113507896,1.0,0.6403996111115051,0.02713971128945705,0.579313728599938,0.6668474440707131,1.0,0.6381374385082718,0.02835497460249747,0.5703338932992453,0.6674044446316985,1.0,0.0
38.650000000000006,0.0,0.6440465834855816,0.02554271805854242,0.5958841672461672,0.6657751920062985,1.0,0.6404681235447328,0.0271402107021938,0.5794608098075803,0.6668192943679886,1.0,0.638237216940154,0.02835492848901297,0.5705251495541376,0.6673638854770473,1.0,0.0
38.7,0.0,0.6440568777932724,0.02554348816887204,0.5959497974519149,0.6657703412337305,1.0,0.6405358697682665,0.027140681086994453,0.5796071980994851,0.666791452599515,1.0,0.6383359197030992,0.02835484184307063,0.5707155108324529,0.6673237611738716,1.0,0.0
38.75,0.0,0.6440669951221589,0.02554424887382536,0.5960151067926016,0.6657655606946077,1.0,0.6406028558783186,0.027141122678153936,0.5797528964551267,0.6667639163125638,1.0,0.6384335553176502,0.028354715011799547,0.5709049809224314,0.6672840682315223,1.0,0.0
38.800000000000004,0.0,0.6440769367752379,0.025545000222831696,0.5960800967589025,0.6657608498958195,1.0,0.6406690879316551,0.027141535708446192,0.5798979078431069,0.6667366830710887,1.0,0.63853013225016,0.028354548340036673,0.5710935635991796,0.6672448031833246,1.0,0.0
38.85,0.0,0.6440867040488881,0.02554574226510995,0.5961447688348623,0.6657562083467211,1.0,0.6407345719457864,0.0271419204091318,0.5800422352211795,0.666709750455628,1.0,0.6386256589130223,0.02835434217033774,0.5712812626246915,0.6672059625864399,1.0,0.0
38.900000000000006,0.0,0.6440962982328904,0.02554647504966906,0.5962091244979243,0.6657516355591251,1.0,0.6407993138991565,0.027142277009965573,0.5801858815362747,0.6666831160632077,1.0,0.6387201436649034,0.028354096842988213,0.5714680817478691,0.6671675430217283,1.0,0.0
38.95,0.0,0.644105720610448,0.02554719862530842,0.5962731652189586,0.6657471310472935,1.0,0.640863319731333,0.02714260573920413,0.5803288497245239,0.6666567775072451,1.0,0.6388135948109741,0.028353812696014204,0.571654024704544,0.6671295410936107,1.0,0.0
39.0,0.0,0.6441149724582071,0.025547913040618344,0.596336892462291,0.6657426943279303,1.0,0.6409265953431974,0.027142906823613484,0.5804711427112843,0.6666307324174519,1.0,0.6389060206031426,0.028353490065193426,0.5718390952174982,0.6670919534299325,1.0,0.0
39.050000000000004,0.0,0.6441240550462766,0.025548618343980492,0.5964003076857315,0.6657383249201724,1.0,0.6409891465971339,0.02714318048847662,0.5806127634111636,0.6666049784397388,1.0,0.6389974292402874,0.02835312928406613,0.5720232969964865,0.6670547766818274,1.0,0.0
39.1,0.0,0.6441329696382484,0.025549314583568326,0.596463412340602,0.6657340223455825,1.0,0.6410509793172193,0.02714342695760101,0.5807537147280452,0.6665795132361201,1.0,0.6390878288684907,0.028352730683946035,0.5722066337382575,0.6670180075235813,1.0,0.0
39.150000000000006,0.0,0.6441417174912182,0.025550001807347553,0.5965262078717652,0.6657297861281408,1.0,0.6411120992894119,0.027143646453326183,0.5808939995551126,0.6665543344846183,1.0,0.6391772275812734,0.028352294593931265,0.5723891091265767,0.6669816426524973,1.0,0.0
39.2,0.0,0.6441502998558052,0.02555068006307658,0.5965886957176525,0.665725615794237,1.0,0.6411725122617405,0.02714383919653122,0.5810336207748749,0.6665294398791701,1.0,0.6392656334198283,0.028351821340915292,0.5725707268322479,0.6669456787887608,1.0,0.0
39.25,0.0,0.6441587179761729,0.025551349398306975,0.5966508773102914,0.665721510872662,1.0,0.6412322239444933,0.02714400540664229,0.5811725812591919,0.6665048271295317,1.0,0.6393530543732561,0.02835131124959784,0.5727514905131361,0.6669101126753052,1.0,0.0
39.300000000000004,0.0,0.6441669730900489,0.025552009860383914,0.596712754075334,0.6657174708946004,1.0,0.6412912400104063,0.02714414530164012,0.5813108838692993,0.6664804939611851,1.0,0.6394394983787997,0.028350764642495824,0.5729314038141906,0.6668749410776785,1.0,0.0
39.35,0.0,0.644175066428746,0.025552661496446645,0.596774327432084,0.6657134953936225,1.0,0.6413495660948514,0.02714425909806748,0.5814485314558336,0.6664564381152451,1.0,0.6395249733220802,0.02835018183995426,0.5731104703674674,0.6668401607839097,1.0,0.0
39.400000000000006,0.0,0.644182999217182,0.02555330435342895,0.5968355987935252,0.6657095839056758,1.0,0.641407207796025,0.027144347011036664,0.5815855268588581,0.666432657348366,1.0,0.639609487037333,0.02834956316015717,0.5732886937921527,0.6668057686043763,1.0,0.0
39.45,0.0,0.6441907726739003,0.025553938478059618,0.5968965695663478,0.6657057359690777,1.0,0.6414641706751352,0.027144409254236907,0.5817218729078878,0.6664091494326492,1.0,0.639693047307643,0.028348908919138483,0.5734660776945864,0.6667717613716719,1.0,0.0
39.5,0.0,0.6441983880110903,0.0255545639168629,0.5969572411509767,0.6657019511245069,1.0,0.6415204602565896,0.027144446039941844,0.5818575724219152,0.6663859121555511,1.0,0.6397756618651818,0.028348219430792933,0.573642625668285,0.6667381359404748,1.0,0.0
39.550000000000004,0.0,0.6442058464346077,0.025555180716158987,0.597017614941598,0.6656982289149962,1.0,0.6415760820281823,0.02714445757901691,0.5819926282094358,0.6663629433197916,1.0,0.6398573383914435,0.02834749500688693,0.5738183412939662,0.6667048891874168,1.0,0.0
39.6,0.0,0.6442131491439952,0.02555578892206448,0.5970776923261866,0.6656945688859238,1.0,0.641631041441281,0.027144444080926748,0.5821270430684738,0.6663402407432625,1.0,0.6399380845174824,0.028346735957069435,0.5739932281395727,0.6666720180109523,1.0,0.0
39.650000000000006,0.0,0.6442202973325029,0.02555638858049287,0.5971374746865327,0.6656909705850059,1.0,0.6416853439110136,0.027144405753742582,0.582260819786608,0.6663178022589367,1.0,0.6400179078241487,0.02834594258888283,0.5741672897602959,0.6666395193312289,1.0,0.0
39.7,0.0,0.6442272921871084,0.025556979737155,0.5971969633982689,0.6656874335622885,1.0,0.6417389948164544,0.02714434280414959,0.5823939611409972,0.666295625714778,1.0,0.6400968158423266,0.02834511520777375,0.5743405296986006,0.666607390089957,1.0,0.0
39.75,0.0,0.6442341348885381,0.02555756243755957,0.5972561598308971,0.6656839573701396,1.0,0.6417919995008099,0.02714425543745424,0.5825264698984061,0.666273708973651,1.0,0.6401748160531706,0.028344254117103923,0.5745129514842497,0.6665756272502811,1.0,0.0
39.800000000000004,0.0,0.6442408266112868,0.025558136727013597,0.5973150653478146,0.6656805415632412,1.0,0.6418443632716048,0.027144143857591632,0.5826583488152316,0.6662520499132314,1.0,0.6402519158883434,0.028343359618161,0.5746845586343287,0.6665442277966518,1.0,0.0
39.85,0.0,0.6442473685236387,0.025558702650622905,0.5973736813063412,0.6656771856985813,1.0,0.641896091400867,0.027144008267132803,0.5827896006375284,0.6662306464259168,1.0,0.6403281227302527,0.028342432010169345,0.5748553546532702,0.6665131887346971,1.0,0.0
39.900000000000006,0.0,0.644253761787688,0.02555926025329262,0.5974320090577449,0.6656738893354462,1.0,0.6419471891253127,0.027143848867292018,0.5829202281010352,0.6662094964187381,1.0,0.6404034439122889,0.028341471590300846,0.5750253430328797,0.6664825070910956,1.0,0.0
39.95,0.0,0.6442600075593591,0.025559809579727644,0.5974900499472686,0.6656706520354128,1.0,0.6419976616465306,0.02714366585793404,0.5830502339312006,0.6661885978132709,1.0,0.640477886719062,0.028340478653685674,0.5751945272523603,0.6664521799134491,1.0,0.0
40.0,0.0,0.6442661069884275,0.025560350674433165,0.5975478053141564,0.6656674733623398,1.0,0.6420475141311666,0.0271434594375814,0.5831796208432096,0.6661679485455478,1.0,0.6405514583866397,0.028339453493423053,0.5753629107783383,0.6664222042701566,1.0,0.0
40.050000000000004,0.0,0.64427206121854,0.02556088358171513,0.5976052764916792,0.665664352882361,1.0,0.6420967517111071,0.02714322980342161,0.5833083915420095,0.6661475465659707,1.0,0.6406241661027839,0.028338396400592,0.5755304970648889,0.6663925772502887,1.0,0.0
40.1,0.0,0.6442778713872356,0.025561408345680763,0.5976624648071606,0.6656612901638767,1.0,0.6421453794836628,0.027142977151314394,0.5834365487223362,0.6661273898392239,1.0,0.6406960170071886,0.028337307664262044,0.5756972895535614,0.6663632959634616,1.0,0.0
40.150000000000006,0.0,0.644283538625966,0.025561925010239035,0.5977193715820032,0.6656582847775459,1.0,0.6421934025117513,0.027142701675798884,0.5835640950687404,0.666107476344187,1.0,0.6407670181917167,0.02833618757150394,0.5758632916734056,0.6663343575397132,1.0,0.0
40.2,0.0,0.644289064060116,0.02556243361910119,0.5977759981317137,0.6656553362962785,1.0,0.6422408258240799,0.027142403570100785,0.5836910332556143,0.666087804073849,1.0,0.6408371767006372,0.028335036407400347,0.5760285068409975,0.6663057591293786,1.0,0.0
40.25,0.0,0.6442944488090244,0.02556293421578123,0.5978323457659289,0.6656524442952276,1.0,0.6422876544153281,0.027142083026139546,0.5838173659472176,0.6660683710352225,1.0,0.6409064995308625,0.028333854455056505,0.5761929384604658,0.6662774979029664,1.0,0.0
40.300000000000004,0.0,0.6442996939860044,0.025563426843596422,0.5978884157884411,0.6656496083517817,1.0,0.6423338932463285,0.027141740234535482,0.583943095797704,0.6660491752492578,1.0,0.640974993632185,0.02833264199561087,0.5763565899235179,0.6662495710510359,1.0,0.0
40.35,0.0,0.644304800698364,0.025563911545667815,0.597944209497223,0.6656468280455561,1.0,0.642379547244249,0.027141375384616893,0.5840682254511479,0.6660302147507581,1.0,0.641042665907514,0.02833139930824575,0.5765194646094665,0.6662219757840742,1.0,0.0
40.400000000000006,0.0,0.6443097700474274,0.025564388364920726,0.5979997281844537,0.6656441029583862,1.0,0.6424246213027729,0.027140988664427157,0.5841927575415709,0.666011487588295,1.0,0.6411095232131121,0.028330126670197894,0.5766815658852561,0.6661947093323745,1.0,0.0
40.45,0.0,0.6443146031285545,0.02556485734408527,0.5980549731365431,0.6656414326743187,1.0,0.6424691202822801,0.02714058026073181,0.5843166946929679,0.6659929918241242,1.0,0.6411755723588316,0.028328824356769096,0.5768428971054901,0.6661677689459148,1.0,0.0
40.5,0.0,0.6443193010311625,0.02556531852569686,0.5981099456341573,0.6656388167796046,1.0,0.6425130490100265,0.02714015035902558,0.5844400395193342,0.6659747255341015,1.0,0.6412408201083508,0.02832749264133673,0.5770034616124571,0.6661411518942368,1.0,0.0
40.550000000000004,0.0,0.6443238648387463,0.02556577195209673,0.5981646469522436,0.6656362548626904,1.0,0.6425564122803236,0.027139699143539427,0.5845627946246922,0.6659566868075998,1.0,0.64130527317941,0.028326131795364303,0.5771632627361584,0.6661148554663257,1.0,0.0
40.6,0.0,0.6443282956288985,0.02556621766543243,0.5982190783600548,0.6656337465142114,1.0,0.6425992148547175,0.02713922679724756,0.5846849626031174,0.6659388737474254,1.0,0.6413689382440471,0.028324742088411962,0.5773223037943348,0.66608887697049,1.0,0.0
40.650000000000006,0.0,0.6443325944733309,0.02556665570765837,0.5982732411211746,0.665631291326983,1.0,0.6426414614621678,0.027138733501874398,0.5848065460387659,0.6659212844697364,1.0,0.6414318219288327,0.028323323788146972,0.5774805880924943,0.6660632137342433,1.0,0.0
40.7,0.0,0.6443367624378948,0.02556708612053632,0.5983271364935416,0.6656288888959934,1.0,0.6426831567992254,0.02713821943790156,0.5849275475059007,0.6659039171039597,1.0,0.6414939308151063,0.028321877160354194,0.5776381189239389,0.6660378631041844,1.0,0.0
40.75,0.0,0.6443408005826016,0.025567508945635937,0.598380765729474,0.6656265388183955,1.0,0.6427243055302098,0.027137684784574786,0.5850479695689186,0.6658867697927096,1.0,0.64155527143921,0.028320402468946508,0.5777948995697928,0.6660128224458803,1.0,0.0
40.800000000000004,0.0,0.6443447099616433,0.025567924224335285,0.5984341300756938,0.6656242406934996,1.0,0.6427649122873866,0.027137129719910866,0.5851678147823768,0.6658698406917063,1.0,0.6416158502927236,0.028318899975975233,0.5779509332990294,0.6659880891437477,1.0,0.0
40.85,0.0,0.6443484916234136,0.025568331997821363,0.5984872307733515,0.6656219941227649,1.0,0.6428049816711443,0.02713655442070453,0.58528708569102,0.6658531279696953,1.0,0.6416756738226992,0.02831736994164051,0.5781062233684992,0.6659636606009367,1.0,0.0
40.900000000000006,0.0,0.6443521466105281,0.025568732307090627,0.5985400690580498,0.6656197987097924,1.0,0.6428445182501696,0.027135959062535325,0.585405784829807,0.6658366298083663,1.0,0.6417347484318945,0.02831581262430166,0.578260773022958,0.6659395342392139,1.0,0.0
40.95,0.0,0.6443556759598452,0.025569125192949516,0.5985926461598678,0.6656176540603168,1.0,0.6428835265616237,0.027135343819774466,0.585523914723938,0.6658203444022737,1.0,0.6417930804790067,0.028314228280487515,0.5784145854950944,0.6659157074988468,1.0,0.0
41.0,0.0,0.6443590807024868,0.025569510696014985,0.598644963303385,0.6656155597821989,1.0,0.642922011111317,0.027134708865591658,0.5856414778888811,0.665804269958756,1.0,0.6418506762789057,0.02831261716490672,0.5785676640055584,0.6658921778384881,1.0,0.0
41.050000000000004,0.0,0.6443623618638588,0.025569888856715038,0.5986970217077051,0.6656135154854176,1.0,0.6429599763738834,0.0271340543719619,0.5857584768303992,0.6657884046978574,1.0,0.6419075421028667,0.028310979530458007,0.5787200117629889,0.6658689427350614,1.0,0.0
41.1,0.0,0.6443655204636716,0.025570259715289246,0.5987488225864797,0.6656115207820624,1.0,0.6429974267929549,0.027133380509672275,0.5858749140445771,0.6657727468522482,1.0,0.6419636841788028,0.02830931562824045,0.5788716319640428,0.6658459996836463,1.0,0.0
41.150000000000006,0.0,0.6443685575159611,0.025570623311789296,0.5988003671479318,0.6656095752863258,1.0,0.6430343667813346,0.02713268744832869,0.5859907920178489,0.6657572946671467,1.0,0.6420191086914968,0.028307625707563674,0.5790225277934226,0.6658233461973656,1.0,0.0
41.2,0.0,0.6443714740291092,0.02557097968607952,0.5988516565948798,0.6656076786144951,1.0,0.6430708007211697,0.02713197535636262,0.586106113227024,0.6657420464002408,1.0,0.642073821782833,0.028305910015958047,0.5791727024239052,0.6658009798072712,1.0,0.0
41.25,0.0,0.6443742710058643,0.025571328877837425,0.5989026921247603,0.6656058303849451,1.0,0.6431067329641239,0.027131244401037813,0.5862208801393152,0.6657270003216103,1.0,0.6421278295520282,0.028304168799184834,0.5793221590163707,0.6657788980622319,1.0,0.0
41.300000000000004,0.0,0.6443769494433622,0.02557167092655424,0.5989534749296521,0.6656040302181304,1.0,0.6431421678315492,0.02713049474845698,0.5863350952123647,0.6657121547136494,1.0,0.6421811380558624,0.028302402301246334,0.5794709007198309,0.6657570985288218,1.0,0.0
41.35,0.0,0.6443795103331464,0.025572005871535457,0.5990040061962987,0.6656022777365773,1.0,0.6431771096146573,0.027129726563568442,0.586448760894272,0.6656975078709906,1.0,0.6422337533089089,0.028300610764395977,0.5796189306714576,0.6657355787912081,1.0,0.0
41.400000000000006,0.0,0.6443819546611891,0.02557233375190136,0.5990542871061318,0.6656005725648766,1.0,0.6432115625746901,0.027128940010172787,0.5865618796236205,0.6656830581004268,1.0,0.6422856812837642,0.028298794429148382,0.5797662519966125,0.6657143364510407,1.0,0.0
41.45,0.0,0.6443842834079114,0.025572654606587572,0.5991043188352947,0.6655989143296756,1.0,0.64324553094309,0.02712813525092946,0.5866744538295046,0.6656688037208366,1.0,0.6423369279112771,0.0282969535342894,0.579912867808875,0.6656933691273414,1.0,0.0
41.5,0.0,0.6443864975482044,0.025572968474345606,0.5991541025546644,0.6655973026596704,1.0,0.6432790189216693,0.027127312447363366,0.5867864859315569,0.6656547430631072,1.0,0.6423874990807774,0.028295088316886124,0.5800587812100718,0.6656726744563944,1.0,0.0
41.550000000000004,0.0,0.6443885980514493,0.025573275393743395,0.599203639429875,0.6655957371855987,1.0,0.6433120306827793,0.02712647175987143,0.5868979783399754,0.6656408744700602,1.0,0.6424374006403045,0.02829319901229685,0.5802039952903062,0.6656522500916368,1.0,0.0
41.6,0.0,0.6443905858815383,0.02557357540316585,0.5992529306213401,0.6655942175402314,1.0,0.643344570369479,0.027125613347729127,0.58700893345555,0.6656271962963756,1.0,0.6424866383968345,0.028291285854181027,0.5803485131279867,0.6656320937035497,1.0,0.0
41.650000000000006,0.0,0.6443924619968951,0.0255738685408154,0.5993019772842759,0.6655927433583655,1.0,0.6433766420957024,0.02712473736909701,0.5871193536696906,0.6656137069085182,1.0,0.6425352181165078,0.028289349074509165,0.5804923377898568,0.6656122029795507,1.0,0.0
41.7,0.0,0.6443942273504958,0.02557415484471254,0.5993507805687232,0.6655913142768164,1.0,0.6434082499464263,0.02712384398102718,0.5872292413644532,0.6656004046846629,1.0,0.6425831455248555,0.028287388903572706,0.5806354723310236,0.6655925756238855,1.0,0.0
41.75,0.0,0.6443958828898887,0.02557443435269639,0.5993993416195699,0.66558992993441,1.0,0.6434393979778367,0.02712293333946977,0.5873385989125679,0.6655872880146207,1.0,0.6426304263070256,0.028285405569993868,0.5807779197949883,0.6655732093575212,1.0,0.0
41.800000000000004,0.0,0.6443974295572157,0.025574707102425223,0.5994476615765737,0.6655885899719756,1.0,0.6434700902174947,0.027122005599279363,0.5874474286774652,0.665574355299766,1.0,0.6426770661080082,0.028283399300735455,0.5809196832136745,0.6655541019180394,1.0,0.0
41.85,0.0,0.6443988682892323,0.025574973131377046,0.599495741574384,0.6655872940323374,1.0,0.6435003306645025,0.027121060914221427,0.587555733013304,0.6655616049529629,1.0,0.6427230705328608,0.028281370321110635,0.5810607656074586,0.6655352510595308,1.0,0.0
41.900000000000006,0.0,0.6444002000173285,0.025575232476850125,0.599543582742564,0.6655860417603078,1.0,0.6435301232896681,0.02712009943697868,0.587663514264998,0.6655490353984927,1.0,0.6427684451469323,0.02827931885479268,0.581201169985199,0.665516654552489,1.0,0.0
41.95,0.0,0.6444014256675489,0.025575485175963558,0.5995911862056131,0.6655848328026793,1.0,0.6435594720356692,0.027119121319157478,0.5877707747682431,0.6655366450719821,1.0,0.6428131954760868,0.028277245123824665,0.5813408993442659,0.665498310183706,1.0,0.0
42.0,0.0,0.6444025461606138,0.02557573126565782,0.5996385530829884,0.6655836668082172,1.0,0.6435883808172176,0.027118126711294127,0.5878775168495449,0.6655244324203307,1.0,0.6428573270069269,0.028275149348629163,0.581479956670571,0.6654802157561679,1.0,0.0
42.050000000000004,0.0,0.6444035624119392,0.025575970782695315,0.5996856844891267,0.6655825434276518,1.0,0.6436168535212217,0.027117115762861216,0.5879837428262452,0.66551239590164,1.0,0.6429008451870157,0.02827303174801786,0.581618344938597,0.6654623690889507,1.0,0.0
42.1,0.0,0.6444044753316575,0.025576203763660946,0.5997325815334666,0.6655814623136707,1.0,0.6436448940069492,0.02711608862227389,0.5880894550065496,0.6655005339851423,1.0,0.6429437554250994,0.028270892539201172,0.5817560671114281,0.6654447680171175,1.0,0.0
42.150000000000006,0.0,0.6444052858246377,0.025576430244962655,0.5997792453204696,0.6655804231209116,1.0,0.6436725061061893,0.027115045436896117,0.5881946556895545,0.6654888451511295,1.0,0.6429860630913278,0.02826873193779781,0.5818931261407794,0.665427410391615,1.0,0.0
42.2,0.0,0.6444059947905066,0.02557665026283199,0.5998256769496417,0.6655794255059547,1.0,0.6436996936234133,0.027113986353046928,0.5882993471652741,0.6654773278908833,1.0,0.6430277735174752,0.028266550157844315,0.5820295249670269,0.6654102940791721,1.0,0.0
42.25,0.0,0.6444066031236685,0.025576863853324677,0.5998718775155557,0.665578469127315,1.0,0.6437264603359356,0.027112911516006612,0.5884035317146677,0.665465980706605,1.0,0.6430688919971604,0.02826434741180456,0.5821652665192378,0.6653934169621974,1.0,0.0
42.300000000000004,0.0,0.6444071117133258,0.025577071052321147,0.5999178481078715,0.6655775536454347,1.0,0.643752809994074,0.02711182107002292,0.5885072116096671,0.665454802111346,1.0,0.643109423786066,0.028262123910579202,0.5823003537152003,0.6653767769386789,1.0,0.0
42.35,0.0,0.6444075214434996,0.02557727189552713,0.599963589811358,0.6655766787226759,1.0,0.6437787463213087,0.0271107151583172,0.588610389113203,0.6654437906289383,1.0,0.6431493741021567,0.028259879863515115,0.5824347894614538,0.6653603719220827,1.0,0.0
42.400000000000006,0.0,0.64440783319305,0.025577466418474196,0.600009103705914,0.6655758440233129,1.0,0.643804273014441,0.02710959392309055,0.5887130664792326,0.6654329447939261,1.0,0.6431887481258975,0.028257615478414783,0.5825685766533188,0.6653441998412533,1.0,0.0
42.45,0.0,0.6444080478356965,0.025577654656520326,0.6000543908665896,0.665575049213525,1.0,0.6438293937437518,0.027108457505529916,0.5888152459527668,0.665422263151497,1.0,0.6432275510004712,0.02825533096154565,0.5827017181749279,0.6653282586403135,1.0,0.0
42.5,0.0,0.6444081662400383,0.025577836644850468,0.6000994523636071,0.6655742939613885,1.0,0.643854112153159,0.027107306045814173,0.588916929769897,0.6654117442574142,1.0,0.6432657878319943,0.028253026517649438,0.582834216899255,0.6653125462785663,1.0,0.0
42.550000000000004,0.0,0.6444081892695748,0.02557801241847711,0.6001442892623816,0.6655735779368697,1.0,0.6438784318603744,0.027106139683120176,0.5890181201578223,0.6654013866779486,1.0,0.6433034636897332,0.028250702349951425,0.5829660756881463,0.6652970607303955,1.0,0.0
42.6,0.0,0.6444081177827257,0.02557818201224084,0.6001889026235424,0.6655729008118172,1.0,0.64390235645706,0.027104958555628795,0.5891188193348768,0.6653911889898113,1.0,0.6433405836063196,0.028248358660169698,0.5830972973923505,0.6652817999851682,1.0,0.0
42.650000000000006,0.0,0.6444079526328513,0.02557834546081091,0.6002332935029532,0.6655722622599546,1.0,0.6439258895089832,0.027103762800530912,0.5892190295105563,0.6653811497800871,1.0,0.6433771525779647,0.028245995648524355,0.583227884851549,0.6652667620471374,1.0,0.0
42.7,0.0,0.6444076946682734,0.02557850279868579,0.600277462951733,0.6655716619568728,1.0,0.6439490345561727,0.027102552554033408,0.5893187528855455,0.6653712676461674,1.0,0.6434131755646729,0.028243613513746674,0.5833578408943864,0.6652519449353447,1.0,0.0
42.75,0.0,0.6444073447322947,0.025578654060193762,0.6003214120162768,0.6655710995800228,1.0,0.6439717951130719,0.027101327951365096,0.589417991651745,0.665361541195684,1.0,0.6434486574904549,0.028241212453088253,0.5834871683385009,0.6652373466835243,1.0,0.0
42.800000000000004,0.0,0.6444069036632195,0.02557879927949346,0.6003651417382756,0.6655705748087082,1.0,0.6439941746686934,0.027100089126782665,0.5895167479922987,0.6653519690464437,1.0,0.6434836032435399,0.028238792662330092,0.583615869990555,0.6652229653400069,1.0,0.0
42.85,0.0,0.6444063722943739,0.025578938490574445,0.6004086531547375,0.6655700873240775,1.0,0.6440161766867715,0.027098836213576564,0.5896150240816203,0.665342549826362,1.0,0.6435180176765876,0.028236354335791667,0.5837439486462657,0.6652087989676245,1.0,0.0
42.900000000000006,0.0,0.644405751454126,0.025579071727257784,0.6004519472980071,0.6655696368091173,1.0,0.644037804605915,0.027097569344076877,0.5897128220854204,0.6653332821733987,1.0,0.6435519056068981,0.028233897666339942,0.5838714070904351,0.6651948456436155,1.0,0.0
42.95,0.0,0.6444050419659062,0.025579199023196598,0.6004950251957866,0.6655692229486443,1.0,0.6440590618397589,0.027096288649659177,0.5898101441607339,0.6653241647354926,1.0,0.643585271816623,0.028231422845398355,0.5839982480969811,0.6651811034595303,1.0,0.0
43.0,0.0,0.6444042446482269,0.02557932041187665,0.6005378878711553,0.6655688454292983,1.0,0.6440799517771156,0.02709499426075034,0.5899069924559462,0.6653151961704974,1.0,0.6436181210529739,0.02822893006295576,0.584124474428968,0.6651675705211376,1.0,0.0
43.050000000000004,0.0,0.644403360314703,0.025579435926616902,0.6005805363425897,0.6655685039395347,1.0,0.6441004777821254,0.027093686306834334,0.5900033691108213,0.6653063751461172,1.0,0.6436504580284315,0.028226419507575345,0.5842500888386368,0.6651542449483312,1.0,0.0
43.1,0.0,0.6444023897740723,0.02557954560057009,0.6006229716239837,0.6655681981696171,1.0,0.6441206431944062,0.027092364916458,0.5900992762565274,0.6652977003398433,1.0,0.6436822874209531,0.02822389136640348,0.5843750940674364,0.6651411248750371,1.0,0.0
43.150000000000006,0.0,0.6444013338302149,0.02557964946672328,0.6006651947246684,0.6655679278116101,1.0,0.6441404513292031,0.02709103021723678,0.5901947160156648,0.66528917043889,1.0,0.6437136138741798,0.028221345825178577,0.5844994928460536,0.6651282084491212,1.0,0.0
43.2,0.0,0.6444001932821739,0.025579747557898467,0.6007072066494317,0.6655676925593716,1.0,0.6441599054775364,0.027089682335860437,0.5902896905022922,0.6652807841401328,1.0,0.6437444419976427,0.028218783068239852,0.5846232878944444,0.6651154938322977,1.0,0.0
43.25,0.0,0.6443989689241749,0.025579839906753117,0.6007490083985381,0.665567492108546,1.0,0.6441790089063505,0.027088321398098747,0.5903842018219542,0.6652725401500447,1.0,0.6437747763669684,0.028216203278536106,0.5847464819218643,0.6651029792000379,1.0,0.0
43.300000000000004,0.0,0.6443976615456465,0.02557992654578075,0.6007906009677482,0.6655673261565566,1.0,0.64419776485866,0.027086947528807158,0.5904782520717073,0.6652644371846341,1.0,0.6438046215240838,0.02821360663763443,0.5848690776268991,0.6650906627414792,1.0,0.0
43.35,0.0,0.6443962719312398,0.02558000750731151,0.6008319853483385,0.665567194402598,1.0,0.6442161765536971,0.027085560851932432,0.5905718433401478,0.6652564739693834,1.0,0.6438339819774198,0.02821099332572888,0.5849910776974957,0.6650785426593351,1.0,0.0
43.400000000000006,0.0,0.644394800860849,0.02558008282351274,0.6008731625271204,0.6655670965476295,1.0,0.6442342471870577,0.02708416149051825,0.5906649777074374,0.6652486492391864,1.0,0.6438628622021147,0.028208363521649127,0.585112484810993,0.6650666171698054,1.0,0.0
43.45,0.0,0.6443932491096307,0.02558015252638955,0.60091413348646,0.6655670322943671,1.0,0.6442519799308459,0.027082749566710796,0.590757657245331,0.665240961738288,1.0,0.6438912666402167,0.02820571740286904,0.5852333016341523,0.6650548845024872,1.0,0.0
43.5,0.0,0.6443916174480241,0.025580216647785373,0.6009548992042968,0.6655670013472769,1.0,0.6442693779338198,0.02708132520176432,0.5908498840172028,0.6652334102202226,1.0,0.6439191997008848,0.028203055145515268,0.5853535308231885,0.6650433429002858,1.0,0.0
43.550000000000004,0.0,0.644389906641771,0.025580275219382574,0.6009954606541636,0.6655670034125672,1.0,0.6442864443215346,0.02707988851604667,0.5909416600780736,0.6652259934477541,1.0,0.6439466657605905,0.028200376924375756,0.5854731750238006,0.6650319906193267,1.0,0.0
43.6,0.0,0.6443881174519352,0.025580328272702985,0.6010358188052052,0.665567038198182,1.0,0.6443031821964864,0.027078439629044798,0.5910329874746367,0.665218710192815,1.0,0.6439736691633167,0.028197682912908223,0.5855922368712024,0.6650208259288679,1.0,0.0
43.650000000000006,0.0,0.644386250634923,0.025580375839108497,0.6010759746221971,0.6655671054137928,1.0,0.644319594638255,0.027076978659370234,0.5911238682452856,0.6652115592364468,1.0,0.6440002142207579,0.02819497328324862,0.5857107189901538,0.6650098471112127,1.0,0.0
43.7,0.0,0.6443843069425025,0.02558041794980163,0.6011159290655651,0.6655672047707925,1.0,0.6443356847036459,0.02707550572476454,0.5912143044201399,0.6652045393687408,1.0,0.644026305212518,0.028192248206219534,0.585828623994991,0.6649990524616227,1.0,0.0
43.75,0.0,0.6443822871218232,0.025580454635826103,0.6011556830914038,0.665567335982287,1.0,0.6443514554268316,0.027074020942104753,0.5913042980210721,0.6651976493887783,1.0,0.644051946386308,0.028189507851338544,0.5859459544896579,0.664988440288232,1.0,0.0
43.800000000000004,0.0,0.6443801919154363,0.025580485928067397,0.6011952376514953,0.6655674987630892,1.0,0.6443669098194924,0.027072524427408765,0.5913938510617344,0.6651908881045722,1.0,0.6440771419581426,0.028186752386826573,0.5860627130677365,0.664978008911961,1.0,0.0
43.85,0.0,0.6443780220613141,0.025580511857253352,0.6012345936933281,0.665567692829711,1.0,0.6443820508709569,0.02707101629584072,0.591482965547585,0.6651842543330079,1.0,0.644101896112536,0.02818398197961616,0.5861789023124779,0.6649677566664316,1.0,0.0
43.900000000000006,0.0,0.6443757782928696,0.02558053245395471,0.6012737521601155,0.6655679179003563,1.0,0.6443968815483411,0.027069496661716343,0.5915716434759148,0.6651777468997856,1.0,0.6441262130026976,0.02818119679535972,0.5862945247968333,0.6649576818978818,1.0,0.0
43.95,0.0,0.6443734613389763,0.025580547748585713,0.6013127139908143,0.6655681736949143,1.0,0.644411404796687,0.02706796563850828,0.5916598868358742,0.6651713646393622,1.0,0.6441500967507257,0.02817839699843776,0.5864095830834845,0.6649477829650822,1.0,0.0
44.0,0.0,0.6443710719239878,0.02558055777140466,0.6013514801201433,0.6655684599349515,1.0,0.6444256235391016,0.027066423338851387,0.5917476976084989,0.6651651063948939,1.0,0.6441735514478012,0.028175582751967042,0.5865240797248749,0.6649380582392515,1.0,0.0
44.050000000000004,0.0,0.6443686107677571,0.02558056255251448,0.6013900514786013,0.6655687763437055,1.0,0.6444395406768936,0.02706486987454801,0.5918350777667368,0.6651589710181788,1.0,0.6441965811543802,0.028172754217808727,0.5866380172632403,0.6649285061039735,1.0,0.0
44.1,0.0,0.6443660785856565,0.025580562121863316,0.6014284289924858,0.6655691226460771,1.0,0.6444531590897107,0.027063305356573215,0.5919220292754745,0.6651529573695999,1.0,0.6442191899003856,0.028169911556576475,0.5867513982306398,0.6649191249551143,1.0,0.0
44.150000000000006,0.0,0.6443634760885971,0.025580556509245084,0.6014666135839113,0.6655694985686239,1.0,0.6444664816356758,0.02706172989508003,0.5920085540915635,0.665147064318069,1.0,0.6442413816853987,0.02816705492764449,0.5868642251489867,0.6649099132007399,1.0,0.0
44.2,0.0,0.644360803983048,0.025580545744300052,0.6015046061708268,0.6655699038395526,1.0,0.6444795111515222,0.02706014359940463,0.5920946541638463,0.6651412907409701,1.0,0.6442631604788485,0.028164184489155544,0.5869765005300791,0.6649008692610341,1.0,0.0
44.25,0.0,0.6443580629710558,0.025580529856515412,0.6015424076670346,0.6655703381887124,1.0,0.6444922504527292,0.02705854657807149,0.5921803314331835,0.6651356355241034,1.0,0.6442845302202016,0.028161300398028964,0.5870882268756308,0.6648919915682173,1.0,0.0
44.300000000000004,0.0,0.6443552537502644,0.02558050887522585,0.6015800189822077,0.6655708013475874,1.0,0.6445047023336556,0.02705693893879856,0.5922655878324792,0.6651300975616301,1.0,0.6443054948191507,0.02815840280996856,0.5871994066773021,0.6648832785664656,1.0,0.0
44.35,0.0,0.6443523770139337,0.025580482829614115,0.6016174410219082,0.6655712930492904,1.0,0.6445168695676742,0.02705532078850235,0.5923504252867079,0.6651246757560169,1.0,0.6443260581558018,0.02815549187947053,0.5873100424167307,0.6648747287118298,1.0,0.0
44.400000000000006,0.0,0.6443494334509596,0.025580451748711597,0.6016546746876047,0.665571813028555,1.0,0.6445287549073038,0.027053692233303048,0.5924348457129405,0.6651193690179809,1.0,0.6443462240808615,0.028152567759831326,0.5874201365655625,0.6648663404721565,1.0,0.0
44.45,0.0,0.6443464237458931,0.025580415661398896,0.6016917208766903,0.665572361021729,1.0,0.6445403610843422,0.027052053378529565,0.5925188510203703,0.6651141762664352,1.0,0.6443659964158228,0.02814963060315548,0.5875296915854821,0.6648581123270073,1.0,0.0
44.5,0.0,0.6443433485789594,0.02558037459640639,0.6017285804825002,0.6655729367667674,1.0,0.644551690809998,0.027050404328724593,0.5926024431103394,0.6651090964284349,1.0,0.6443853789531501,0.028146680560363378,0.587638709928244,0.6648500427675805,1.0,0.0
44.550000000000004,0.0,0.644340208626077,0.025580328582314807,0.6017652543943294,0.6655735400032254,1.0,0.6445627467750209,0.027048745187649603,0.5926856238763648,0.6651041284391221,1.0,0.6444043754564635,0.028143717781199014,0.587747194035703,0.6648421302966324,1.0,0.0
44.6,0.0,0.6443370045588774,0.0255802776475558,0.6018017434974499,0.6655741704722513,1.0,0.6445735316498328,0.027047076058289852,0.5927683952041644,0.6650992712416736,1.0,0.6444229896607224,0.0281407424142377,0.587855146339845,0.6648343734283988,1.0,0.0
44.650000000000006,0.0,0.644333737044724,0.025580221820412506,0.6018380486731285,0.6655748279165796,1.0,0.6445840480846572,0.027045397042859333,0.5928507589716827,0.6650945237872461,1.0,0.6444412252724084,0.028137754606893724,0.5879625692628182,0.6648267706885177,1.0,0.0
44.7,0.0,0.644330406746731,0.025580161129020132,0.6018741707986442,0.6655755120805242,1.0,0.6445942987096485,0.027043708242805723,0.5929327170491178,0.6650898850349245,1.0,0.6444590859697064,0.02813475450542799,0.588069465216963,0.6648193206139519,1.0,0.0
44.75,0.0,0.6443270143237829,0.025580095601366516,0.6019101107473052,0.6655762227099712,1.0,0.6446042861350202,0.02704200975881529,0.593014271298946,0.665085353951668,1.0,0.6444765754026858,0.0281317422549556,0.5881758366048433,0.6648120217529122,1.0,0.0
44.800000000000004,0.0,0.6443235604305533,0.02558002526529269,0.6019458693884662,0.6655769595523721,1.0,0.6446140129511729,0.027040301690817784,0.593095423575949,0.6650809295122585,1.0,0.6444936971934809,0.028128717999453413,0.588281685819277,0.6648048726647812,1.0,0.0
44.85,0.0,0.6443200457175239,0.025579950148493458,0.6019814475875457,0.665577722356737,1.0,0.6446234817288217,0.0270385841379913,0.593176175727239,0.6650766106992481,1.0,0.64451045493647,0.02812568188176756,0.5883870152433666,0.664797871920037,1.0,0.0
44.900000000000006,0.0,0.6443164708310035,0.02557987027851796,0.6020168462060431,0.6655785108736276,1.0,0.644632695019122,0.027036857198767115,0.5932565295922847,0.6650723965029072,1.0,0.6445268521984532,0.02812263404362091,0.5884918272505301,0.6647910181001787,1.0,0.0
44.95,0.0,0.6443128364131471,0.025579785682770244,0.6020520661015555,0.6655793248551505,1.0,0.6446416553537964,0.027035120970834506,0.5933364870029373,0.6650682859211732,1.0,0.6445428925188308,0.02811957462562051,0.5885961242045312,0.6647843097976502,1.0,0.0
45.0,0.0,0.6443091431019745,0.025579696388509834,0.6020871081277948,0.66558016405495,1.0,0.6446503652452591,0.027033375551145527,0.593416049783456,0.6650642779595993,1.0,0.6445585794097796,0.028116503767264996,0.5886999084595104,0.6647777456157666,1.0,0.0
45.050000000000004,0.0,0.6443053915313895,0.025579602422852288,0.6021219731346044,0.6655810282282015,1.0,0.6446588271867411,0.02703162103591978,0.593495219750534,0.6650603716313035,1.0,0.6445739163564287,0.028113421606951926,0.588803182360015,0.6647713241686399,1.0,0.0
45.1,0.0,0.6443015823311984,0.02557950381276977,0.6021566619679761,0.6655819171316049,1.0,0.6446670436524137,0.02702985752064915,0.593573998713324,0.6650565659569179,1.0,0.6445889068170346,0.028110328281985127,0.5889059482410305,0.664765044081105,1.0,0.0
45.150000000000006,0.0,0.6442977161271288,0.025579400585091627,0.6021911754700671,0.665582830523377,1.0,0.6446750170975124,0.027028085100102524,0.5936523884734638,0.6650528599645384,1.0,0.6446035542231556,0.028107223928581965,0.5890082084280102,0.664758903988647,1.0,0.0
45.2,0.0,0.6442937935408486,0.025579292766504936,0.6022255144792158,0.6655837681632456,1.0,0.6446827499584592,0.027026303868330465,0.5937303908251022,0.6650492526896752,1.0,0.6446178619798247,0.028104108681880596,0.5891099652369061,0.664752902537328,1.0,0.0
45.25,0.0,0.6442898151899845,0.02557918038355508,0.6022596798299593,0.6655847298124424,1.0,0.6446902446529849,0.02702451391866989,0.593808007554924,0.6650457431752022,1.0,0.6446318334657223,0.028100982675947163,0.5892112209741998,0.664747038383715,1.0,0.0
45.300000000000004,0.0,0.6442857816881405,0.025579063462646313,0.6022936723530495,0.6655857152336959,1.0,0.6446975035802502,0.027022715343748702,0.5938852404421763,0.6650423304713082,1.0,0.6446454720333478,0.028097846043782973,0.5893119779369321,0.664741310194808,1.0,0.0
45.35,0.0,0.644281693644917,0.025578942030042316,0.6023274928754695,0.6655867241912251,1.0,0.6447045291209674,0.0270209082354904,0.5939620912586931,0.6650390136354478,1.0,0.6446587810091905,0.02809469891733163,0.5894122384127345,0.6647357166479685,1.0,0.0
45.400000000000006,0.0,0.6442775516659288,0.025578816111866774,0.6023611422204499,0.6655877564507325,1.0,0.6447113236375195,0.027019092685118682,0.5940385617689216,0.6650357917322923,1.0,0.6446717636938993,0.028091541427486114,0.5895120046798585,0.6647302564308484,1.0,0.0
45.45,0.0,0.6442733563528239,0.025578685734103927,0.6023946212074853,0.6655888117793977,1.0,0.6447178894740805,0.027017268783161994,0.5941146537299465,0.6650326638336812,1.0,0.6446844233624522,0.02808837370409585,0.5896112790072068,0.6647249282413195,1.0,0.0
45.5,0.0,0.6442691083033021,0.025578550922599138,0.6024279306523506,0.66558988994587,1.0,0.6447242289567341,0.027015436619458082,0.5941903688915168,0.665029629018574,1.0,0.6446967632643241,0.02808519587597372,0.5897100636543631,0.6647197307874031,1.0,0.0
45.550000000000004,0.0,0.6442648081111332,0.025578411703059453,0.6024610713671166,0.6655909907202625,1.0,0.644730344393592,0.027013596283158504,0.5942657089960696,0.6650266863730022,1.0,0.6447087866236544,0.02808200807090304,0.5898083608716229,0.6647146627872006,1.0,0.0
45.6,0.0,0.6442604563661755,0.02557826810105416,0.6024940441601667,0.6655921138741451,1.0,0.6447362380749119,0.027011747862733124,0.5943406757787563,0.6650238349900218,1.0,0.6447204966394137,0.028078810415644497,0.5899061729000236,0.6647097229688238,1.0,0.0
45.650000000000006,0.0,0.6442560536543942,0.025578120142015354,0.6025268498362126,0.6655932591805378,1.0,0.644741912273214,0.027009891445974574,0.5944152709674675,0.6650210739696658,1.0,0.6447318964855693,0.02807560303594307,0.5900035019713744,0.6647049100703263,1.0,0.0
45.7,0.0,0.6442516005578797,0.025577967851238493,0.6025594891963104,0.665594426413904,1.0,0.644747369243398,0.027008027120002706,0.5944894962828582,0.665018402418897,1.0,0.6447429893112504,0.028072386056534875,0.5901003503082872,0.6647002228396347,1.0,0.0
45.75,0.0,0.6442470976548658,0.02557781125388296,0.6025919630378763,0.6655956153501441,1.0,0.6447526112228589,0.027006154971269007,0.5945633534383729,0.6650158194515611,1.0,0.644753778240912,0.028069159601154012,0.5901967201242062,0.6646956600344809,1.0,0.0
45.800000000000004,0.0,0.644242545519748,0.02557765037497262,0.6026242721547027,0.6655968257665889,1.0,0.6447576404316018,0.027004275085560994,0.5946368441402706,0.6650133241883404,1.0,0.6447642663744978,0.028065923792539343,0.5902926136234383,0.664691220422334,1.0,0.0
45.85,0.0,0.6442379447231017,0.025577485239396375,0.6026564173369734,0.6655980574419924,1.0,0.6447624590723569,0.027002387548006587,0.59470997008765,0.6650109157567076,1.0,0.6447744567876033,0.028062678752441252,0.5903880330011834,0.6646869027803332,1.0,0.0
45.900000000000006,0.0,0.6442332958317001,0.025577315871908726,0.6026883993712799,0.6655993101565263,1.0,0.6447670693306934,0.02700049244307846,0.5947827329724743,0.6650085932908794,1.0,0.6447843525316364,0.028059424601628368,0.590482980443564,0.6646827058952212,1.0,0.0
45.95,0.0,0.6442285994085327,0.025577142297130328,0.6027202190406368,0.6656005836917723,1.0,0.644771473375133,0.02699858985459836,0.594855134479596,0.6650063559317712,1.0,0.6447939566339791,0.028056161459894237,0.5905774581276556,0.6646786285632774,1.0,0.0
46.0,0.0,0.6442238560128231,0.02557696453954854,0.602751877124497,0.6656018778307166,1.0,0.6447756733572623,0.02699667986574141,0.5949271762867823,0.6650042028269514,1.0,0.6448032720981466,0.02805288944606397,0.590671468221517,0.6646746695902523,1.0,0.0
46.050000000000004,0.0,0.6442190662000468,0.025576782623517983,0.6027833743987676,0.6656031923577425,1.0,0.6447796714118453,0.02699476255904039,0.5949988600647392,0.6650021331305965,1.0,0.6448123019039468,0.02804960867800085,0.5907650128842196,0.6646708277913015,1.0,0.0
46.1,0.0,0.6442142305219497,0.025576596573261102,0.6028147116358253,0.6656045270586243,1.0,0.644783469656935,0.02699283801638997,0.595070187477137,0.665000146003446,1.0,0.6448210490076384,0.028046319272612894,0.5908580942658777,0.6646671019909204,1.0,0.0
46.150000000000006,0.0,0.6442093495265655,0.0255764064128687,0.6028458896045314,0.6656058817205209,1.0,0.6447870701939842,0.02699090631905097,0.5951411601806346,0.6649982406127579,1.0,0.644829516342088,0.028043021345859398,0.5909507145076786,0.6646634910228798,1.0,0.0
46.2,0.0,0.6442044237582338,0.025576212166300513,0.6028769090702474,0.6656072561319692,1.0,0.6447904751079557,0.02698896754765455,0.595211779824904,0.6649964161322641,1.0,0.644837706816927,0.028039715012757427,0.5910428757419119,0.6646599937301614,1.0,0.0
46.25,0.0,0.644199453757618,0.025576013857385744,0.6029077707948499,0.6656086500828776,1.0,0.6447936864674325,0.026987021782206386,0.5952820480526557,0.6649946717421269,1.0,0.6448456233187072,0.028036400387388277,0.5911345800920002,0.6646566089648932,1.0,0.0
46.300000000000004,0.0,0.6441944400617228,0.025575811509823618,0.6029384755367464,0.6656100633645194,1.0,0.6447967063247265,0.02698506910209085,0.5953519664996625,0.6649930066288945,1.0,0.6448532687110559,0.0280330775829039,0.5912258296725278,0.6646533355882868,1.0,0.0
46.35,0.0,0.6441893832039122,0.02557560514718394,0.6029690240508895,0.6656114957695269,1.0,0.6447995367159873,0.026983109586075124,0.5954215367947843,0.664991419985458,1.0,0.6448606458348295,0.02802974671153328,0.5913166265892713,0.6646501724705732,1.0,0.0
46.400000000000006,0.0,0.6441842837139269,0.02557539479290763,0.6029994170887925,0.6656129470918843,1.0,0.6448021796613103,0.02698114331231333,0.5954907605599926,0.6649899110110078,1.0,0.6448677575082672,0.028026407884588815,0.5914069729392291,0.6646471184909408,1.0,0.0
46.45,0.0,0.6441791421179023,0.025575180470307282,0.6030296553985443,0.6656144171269219,1.0,0.6448046371648434,0.026979170358350617,0.5955596394103952,0.6649884789109909,1.0,0.6448746065271431,0.028023061212472593,0.5914968708106505,0.6646441725374725,1.0,0.0
46.5,0.0,0.6441739589383857,0.025574962202567705,0.6030597397248241,0.6656159056713093,1.0,0.6448069112148946,0.026977190801127218,0.5956281749542601,0.6649871228970679,1.0,0.6448811956649183,0.0280197068046827,0.5915863222830664,0.6646413335070837,1.0,0.0
46.550000000000004,0.0,0.6441687346943542,0.025574740012746473,0.6030896708089164,0.6656174125230494,1.0,0.6448090037840379,0.026975204716982514,0.5956963687930402,0.6649858421870704,1.0,0.6448875276728911,0.028016344769819453,0.5916753294273177,0.6646386003054604,1.0,0.0
46.6,0.0,0.6441634699012319,0.025574513923774467,0.6031194493887257,0.6656189374814717,1.0,0.6448109168292185,0.02697321218165904,0.5957642225213973,0.6649846360049589,1.0,0.6448936052803474,0.028012975215591613,0.5917638943055857,0.6646359718469985,1.0,0.0
46.650000000000006,0.0,0.6441581650709074,0.02557428395845642,0.6031490761987912,0.6656204803472263,1.0,0.6448126522918584,0.026971213270306483,0.5958317377272265,0.6649835035807814,1.0,0.6448994311947097,0.028009598248822553,0.5918520189714213,0.6646334470547423,1.0,0.0
46.7,0.0,0.6441528207117514,0.025574050139471467,0.6031785519703015,0.6656220409222773,1.0,0.6448142120979602,0.02696920805748568,0.5958989159916807,0.6649824441506307,1.0,0.6449050081016855,0.028006213975456398,0.591939705469774,0.6646310248603241,1.0,0.0
46.75,0.0,0.6441474373286339,0.02557381248937367,0.6032078774311088,0.6656236190098967,1.0,0.6448155981582115,0.026967196617172545,0.5959657588891939,0.6649814569566035,1.0,0.6449103386654148,0.02800282250056413,0.5920269558370223,0.6646287042039043,1.0,0.0
46.800000000000004,0.0,0.6441420154229414,0.02557357103059258,0.6032370533057443,0.6656252144146583,1.0,0.6448168123680879,0.026965179022762017,0.5960322679875061,0.6649805412467591,1.0,0.6449154255286169,0.027999423928349643,0.5921137721010018,0.6646264840341112,1.0,0.0
46.85,0.0,0.6441365554925941,0.025573325785433764,0.6032660803154316,0.6656268269424308,1.0,0.6448178566079555,0.026963155347071964,0.5960984448476868,0.6649796962750786,1.0,0.6449202713127364,0.027996018362155792,0.5922001562810357,0.664624363307982,1.0,0.0
46.900000000000006,0.0,0.6441310580320636,0.025573076776079347,0.6032949591781019,0.6656284564003724,1.0,0.6448187327431736,0.026961125662347075,0.5961642910241594,0.6649789213014238,1.0,0.6449248786180881,0.027992605904470377,0.5922861103879632,0.6646223409909037,1.0,0.0
46.95,0.0,0.6441255235323895,0.025572824024588554,0.6033236906084081,0.6656301025969239,1.0,0.6448194426241953,0.02695909004026272,0.5962298080647245,0.6649782155914973,1.0,0.6449292500240015,0.02798918665693211,0.5923716364241691,0.6646204160565539,1.0,0.0
47.0,0.0,0.6441199524811967,0.02557256755289825,0.6033522753177385,0.6656317653418028,1.0,0.6448199880866694,0.026957048551928788,0.5962949975105845,0.6649775784168018,1.0,0.6449333880889643,0.027985760720336532,0.592456736383613,0.6646185874868431,1.0,0.0
47.050000000000004,0.0,0.6441143453627125,0.025572307382823456,0.603380714014232,0.6656334444459973,1.0,0.6448203709515401,0.026955001267893523,0.5963598608963668,0.6649770090546006,1.0,0.644937295350765,0.02798232819464193,0.5925414122518581,0.6646168542718567,1.0,0.0
47.1,0.0,0.6441087026577835,0.025572043536057916,0.6034090074027916,0.6656351397217595,1.0,0.6448205930251472,0.02695294825814731,0.5964243997501482,0.6649765067878773,1.0,0.6449409743266354,0.027978889178975164,0.5926256660061006,0.6646152154097972,1.0,0.0
47.150000000000006,0.0,0.6441030248438929,0.02557177603417461,0.6034371561850986,0.6656368509826,1.0,0.6448206560993249,0.026950889592126454,0.5964886155934778,0.6649760709052971,1.0,0.6449444275133908,0.02797544377163752,0.5927094996151984,0.6646136699069269,1.0,0.0
47.2,0.0,0.6440973123951768,0.025571504898626283,0.6034651610596268,0.6656385780432812,1.0,0.6448205619515013,0.026948825338716943,0.5965525099414012,0.6649757007011668,1.0,0.644947657387571,0.027971992070110474,0.5927929150397003,0.6646122167775117,1.0,0.0
47.25,0.0,0.6440915657824414,0.025571230150745996,0.6034930227216562,0.6656403207198117,1.0,0.6448203123447954,0.026946755566258165,0.5966160843024843,0.6649753954753966,1.0,0.6449506664055799,0.02796853417106146,0.592875914231875,0.6646108550437636,1.0,0.0
47.300000000000004,0.0,0.6440857854731801,0.025570951811747646,0.6035207418632871,0.6656420788294396,1.0,0.6448199090281157,0.02694468034254664,0.5966793401788361,0.6649751545334607,1.0,0.6449534570038238,0.027965070170349597,0.5929584991357397,0.6646095837357855,1.0,0.0
47.35,0.0,0.6440799719315896,0.025570669902726495,0.603548319173454,0.6656438521906469,1.0,0.6448193537362565,0.026942599734839697,0.5967422790661328,0.6649749771863591,1.0,0.64495603159885,0.027961600163031362,0.5930406716870891,0.6646084018915149,1.0,0.0
47.400000000000006,0.0,0.6440741256185872,0.0255703844446597,0.6035757553379393,0.6656456406231432,1.0,0.6448186481899947,0.026940513809859148,0.596804902453641,0.6649748627505796,1.0,0.6449583925874833,0.02795812424336626,0.5931224338135238,0.6646073085566687,1.0,0.0
47.45,0.0,0.6440682469918272,0.02557009545840684,0.603603051039387,0.6656474439478598,1.0,0.6448177940961852,0.026938422633794933,0.5968672118242414,0.6649748105480592,1.0,0.6449605423469632,0.027954642504822422,0.5932037874344795,0.6646063027846879,1.0,0.0
47.5,0.0,0.6440623365057174,0.02556980296471045,0.6036302069573165,0.6656492619869434,1.0,0.6448167931478571,0.026936326272308752,0.5969292086544516,0.6649748199061467,1.0,0.644962483235079,0.027951155040082217,0.5932847344612557,0.6646053836366831,1.0,0.0
47.550000000000004,0.0,0.6440563946114358,0.025569506984196532,0.6036572237681359,0.6656510945637506,1.0,0.6448156470243077,0.02693422479053766,0.5969908944144497,0.6649748901575654,1.0,0.6449642175903049,0.02794766194104779,0.5933652767970437,0.66460455018138,1.0,0.0
47.6,0.0,0.6440504217569472,0.025569207537375096,0.6036841021451561,0.6656529415028413,1.0,0.644814357391197,0.02693211825309766,0.5970522705680975,0.6649750206403752,1.0,0.6449657477319339,0.027944163298846584,0.5934454163369555,0.6646038014950655,1.0,0.0
47.650000000000006,0.0,0.6440444183870193,0.025568904644640667,0.6037108427586039,0.6656548026299732,1.0,0.6448129259006412,0.026930006724087265,0.5971133385729637,0.6649752106979357,1.0,0.6449670759602116,0.02794065920383683,0.5935251549680525,0.6646031366615338,1.0,0.0
47.7,0.0,0.6440383849432397,0.02556859832627282,0.6037374462756354,0.6656566777720957,1.0,0.6448113541913064,0.02692789026709104,0.5971740998803466,0.66497545967887,1.0,0.6449682045564683,0.027937149745612996,0.5936044945693736,0.6646025547720333,1.0,0.0
47.75,0.0,0.6440323218640316,0.025568288602436692,0.6037639133603498,0.6656585667573437,1.0,0.6448096438885005,0.02692576894518312,0.5972345559352981,0.664975766937027,1.0,0.6449691357832509,0.02793363501301122,0.5936834370119639,0.6646020549252135,1.0,0.0
47.800000000000004,0.0,0.6440262295846704,0.02556797549318351,0.6037902446738025,0.6656604694150322,1.0,0.6448077966042656,0.02692364282093071,0.5972947081766455,0.6649761318314459,1.0,0.6449698718844541,0.027930115094114683,0.5937619841589028,0.664601636227072,1.0,0.0
47.85,0.0,0.6440201085373001,0.0255676590184511,0.603816440874018,0.66566238557565,1.0,0.6448058139374696,0.026921511956397574,0.5973545580370154,0.6649765537263195,1.0,0.6449704150854508,0.027926590076258976,0.5938401378653323,0.6646012977909028,1.0,0.0
47.900000000000006,0.0,0.6440139591509492,0.02556733919806441,0.6038425026160037,0.665664315070854,1.0,0.6448036974738971,0.026919376413147487,0.5974141069428561,0.6649770319909586,1.0,0.6449707675932213,0.027923060046037416,0.5939178999784852,0.6646010387372439,1.0,0.0
47.95,0.0,0.644007781851547,0.025567016051736023,0.6038684305517629,0.6656662577334631,1.0,0.6448014487863397,0.026917236252247675,0.5974733563144605,0.6649775659997562,1.0,0.644970931596482,0.027919525089306348,0.5939952723377135,0.6646008581938254,1.0,0.0
48.0,0.0,0.6440015770619397,0.025566689599066675,0.6038942253303077,0.6656682133974526,1.0,0.6447990694346861,0.026915091534272233,0.5975323075659891,0.6649781551321519,1.0,0.644970909265814,0.027915985291190392,0.5940722567745165,0.664600755295519,1.0,0.0
48.050000000000004,0.0,0.6439953452019066,0.025566359859545768,0.6039198875976722,0.6656701818979485,1.0,0.6447965609660115,0.02691294231930553,0.5975909621054923,0.6649787987725967,1.0,0.6449707027537898,0.027912440736087677,0.5941488551125683,0.664600729184286,1.0,0.0
48.1,0.0,0.6439890866881756,0.02556602685255188,0.6039454179969258,0.6656721630712211,1.0,0.6447939249146661,0.026910788666945573,0.5976493213349335,0.664979496310518,1.0,0.6449703141951,0.027908891507675036,0.5942250691677465,0.6646007790091275,1.0,0.0
48.150000000000006,0.0,0.6439828019344396,0.025565690597353273,0.6039708171681853,0.6656741567546801,1.0,0.6447911628023643,0.026908630636307385,0.5977073866502115,0.6649802471402849,1.0,0.6449697457066794,0.02790533768891317,0.5943009007481599,0.6646009039260334,1.0,0.0
48.2,0.0,0.6439764913513722,0.02556535111310842,0.6039960857486288,0.6656761627868679,1.0,0.6447882761382712,0.026906468286026324,0.597765159441183,0.6649810506611733,1.0,0.6449689993878316,0.027901779362051772,0.594376351654176,0.6646011030979326,1.0,0.0
48.25,0.0,0.6439701553466438,0.025565008418866483,0.6040212243725079,0.6656781810074545,1.0,0.6447852664190913,0.026904301674261416,0.5978226410916853,0.6649819062773317,1.0,0.6449680773203533,0.027898216608634643,0.5944514236784496,0.6646013756946435,1.0,0.0
48.300000000000004,0.0,0.6439637943249368,0.025564662533567855,0.6040462336711605,0.6656802112572314,1.0,0.6447821351291543,0.026902130858698643,0.5978798329795583,0.664982813397747,1.0,0.6449669815686584,0.027894649509504744,0.5945261186059498,0.6646017208928242,1.0,0.0
48.35,0.0,0.6439574086879619,0.02556431347604464,0.6040711142730237,0.6656822533781062,1.0,0.6447788837405016,0.026899955896554226,0.5979367364766675,0.6649837714362108,1.0,0.6449657141799002,0.027891078144809244,0.5946004382139883,0.6646021378759238,1.0,0.0
48.400000000000006,0.0,0.6439509988344736,0.025563961265021164,0.6040958668036467,0.6656843072130966,1.0,0.6447755137129725,0.02689777684457788,0.5979933529489257,0.6649847798112851,1.0,0.6449642771840941,0.027887502594004524,0.5946743842722467,0.6646026258341334,1.0,0.0
48.45,0.0,0.6439445651602856,0.02556360591911449,0.6041204918857028,0.6656863726063248,1.0,0.6447720264942887,0.026895593759056067,0.5980496837563161,0.6649858379462692,1.0,0.6449626725942383,0.027883922935861154,0.5947479585428042,0.664603183964338,1.0,0.0
48.5,0.0,0.6439381080582868,0.025563247456834904,0.6041449901390025,0.665688449403012,1.0,0.6447684235201395,0.026893406695815192,0.5981057302529134,0.6649869452691664,1.0,0.6449609024064352,0.02788033924846884,0.5948211627801648,0.6646038114700681,1.0,0.0
48.550000000000004,0.0,0.6439316279184564,0.02556288589658643,0.6041693621805057,0.6656905374494726,1.0,0.6447647062142661,0.026891215710224823,0.5981614937869068,0.6649881012126506,1.0,0.6449589686000108,0.02787675160924133,0.5948939987312858,0.6646045075614516,1.0,0.0
48.6,0.0,0.6439251251278796,0.02556252125666732,0.6041936086243344,0.6656926365931085,1.0,0.6447608759885448,0.02688902085720087,0.5982169757006216,0.6649893052140339,1.0,0.644956873137634,0.027873160094921304,0.5949664681356039,0.6646052714551671,1.0,0.0
48.650000000000006,0.0,0.6439186000707631,0.025562153555270552,0.6042177300817849,0.6656947466824039,1.0,0.6447569342430708,0.026886822191208734,0.5982721773305419,0.6649905567152333,1.0,0.6449546179654354,0.027869564781585237,0.5950385727250636,0.6646061023743961,1.0,0.0
48.7,0.0,0.6439120531284502,0.025561782810484338,0.6042417271613404,0.6656968675669191,1.0,0.6447528823662404,0.026884619766266465,0.5983271000073319,0.6649918551627388,1.0,0.6449522050131249,0.0278659657446482,0.5951103142241436,0.6646069995487761,1.0,0.0
48.75,0.0,0.6439054846794363,0.025561409040292603,0.6042656004686828,0.6656989990972855,1.0,0.6447487217348337,0.026882413635947875,0.598381745055858,0.6649932000075807,1.0,0.6449496361941085,0.02786236305886867,0.595181694349885,0.6646079622143544,1.0,0.0
48.800000000000004,0.0,0.6438988950993841,0.025561032262575493,0.6042893506067057,0.6657011411251995,1.0,0.6447444537140958,0.02688020385338565,0.5984361137952106,0.6649945907052977,1.0,0.6449469134056053,0.027858756798353295,0.5952527148119177,0.6646089896135414,1.0,0.0
48.85,0.0,0.6438922847611388,0.025560652495109866,0.6043129781755259,0.6657032935034176,1.0,0.6447400796578188,0.026877990471274427,0.5984902075387264,0.6649960267159051,1.0,0.6449440385287626,0.027855147036561608,0.5953233773124877,0.6646100809950652,1.0,0.0
48.900000000000006,0.0,0.6438856540347432,0.025560269755569773,0.6043364837724957,0.6657054560857504,1.0,0.6447356009084213,0.026875773541873874,0.5985440275940096,0.6649975075038632,1.0,0.6449410134287711,0.027851533846310755,0.5953936835464847,0.6646112356139252,1.0,0.0
48.95,0.0,0.643879003287453,0.025559884061526966,0.6043598679922154,0.6657076287270572,1.0,0.64473101879703,0.026873553117011728,0.5985975752629539,0.6649990325380456,1.0,0.6449378399549791,0.027847917299780155,0.5954636352014682,0.6646124527313472,1.0,0.0
49.0,0.0,0.6438723328837516,0.025559495430451367,0.604383131426545,0.6657098112832408,1.0,0.6447263346435584,0.026871329248086828,0.5986508518417637,0.665000601291708,1.0,0.6449345199410064,0.027844297468516147,0.5955332339576949,0.6646137316147381,1.0,0.0
49.050000000000004,0.0,0.6438656431853652,0.02555910387971157,0.6044062746646162,0.6657120036112415,1.0,0.6447215497567869,0.026869101986072123,0.5987038586209764,0.6650022132424576,1.0,0.6449310552048565,0.027840674423436605,0.5956024814881457,0.6646150715376414,1.0,0.0
49.1,0.0,0.6438589345512779,0.025558709426575326,0.6044292982928443,0.6657142055690323,1.0,0.6447166654344407,0.02686687138151767,0.5987565968854833,0.6650038678722213,1.0,0.6449274475490296,0.027837048234835526,0.5956713794585522,0.6646164717796923,1.0,0.0
49.150000000000006,0.0,0.6438522073377461,0.025558312088210022,0.6044522028949404,0.665716417015613,1.0,0.644711682963269,0.026864637484553602,0.5988090679145512,0.6650055646672162,1.0,0.6449236987606335,0.02783341897238759,0.5957399295274237,0.6646179316265738,1.0,0.0
49.2,0.0,0.6438454618983139,0.025557911881683163,0.6044749890519228,0.6657186378110052,1.0,0.6447066036191221,0.0268624003448931,0.5988612729818441,0.665007303117918,1.0,0.6449198106114946,0.027829786705152678,0.5958081333460737,0.6646194503699725,1.0,0.0
49.25,0.0,0.6438386985838278,0.025557508823962863,0.604497657342129,0.6657208678162462,1.0,0.6447014286670293,0.026860160011835305,0.5989132133554441,0.6650090827190316,1.0,0.6449157848582682,0.02782615150158039,0.5958759925586466,0.6646210273075355,1.0,0.0
49.300000000000004,0.0,0.6438319177424509,0.02555710293191832,0.6045202083412277,0.6657231068933845,1.0,0.6446961593612753,0.026857916534268264,0.598964890297873,0.6650109029694606,1.0,0.6449116232425476,0.02782251342951449,0.5959435088021443,0.6646226617428262,1.0,0.0
49.35,0.0,0.643825119719678,0.025556694222320292,0.6045426426222299,0.6657253549054742,1.0,0.6446907969454772,0.02685566996067181,0.5990163050661136,0.6650127633722777,1.0,0.6449073274909735,0.027818872556197378,0.5960106837064524,0.6646243529852824,1.0,0.0
49.400000000000006,0.0,0.6438183048583506,0.025556282711841585,0.604564960755501,0.6657276117165692,1.0,0.6446853426526595,0.02685342033912047,0.5990674589116303,0.6650146634346943,1.0,0.6449028993153414,0.027815228948274484,0.596077518894367,0.6646261003501723,1.0,0.0
49.45,0.0,0.6438114734986704,0.02555586841705752,0.6045871633087725,0.6657298771917184,1.0,0.6446797977053308,0.026851167717286302,0.599118353080391,0.6650166026680321,1.0,0.6448983404127095,0.02781158267179866,0.5961440159816208,0.6646279031585528,1.0,0.0
49.5,0.0,0.6438046259782149,0.02555545135444641,0.604609250847153,0.6657321511969602,1.0,0.6446741633155577,0.026848912142441766,0.5991689888128876,0.6650185805876928,1.0,0.6448936524655057,0.027807933792234542,0.5962101765769098,0.664629760737227,1.0,0.0
49.550000000000004,0.0,0.6437977626319512,0.02555503154039004,0.6046312239331402,0.6657344335993173,1.0,0.64466844068504,0.02684665366146255,0.5992193673441571,0.6650205967131296,1.0,0.6448888371416328,0.027804282374462874,0.5962760022819189,0.6646316724187024,1.0,0.0
49.6,0.0,0.6437908837922508,0.025554608991174132,0.604653083126632,0.6657367242667915,1.0,0.6446626310051846,0.026844392320830378,0.5992694899038029,0.665022650567818,1.0,0.644883896094575,0.027800628482784813,0.5963414946913488,0.664633637541149,1.0,0.0
49.650000000000006,0.0,0.6437839897889035,0.025554183722988816,0.6046748289849381,0.6657390230683584,1.0,0.6446567354571789,0.02684212816663581,0.5993193577160151,0.6650247416792269,1.0,0.6448788309635021,0.027796972180926208,0.5964066553929414,0.6646356554483585,1.0,0.0
49.7,0.0,0.6437770809491322,0.025553755751929103,0.6046964620627913,0.6657413298739621,1.0,0.6446507552120643,0.026839861244581018,0.5993689719995916,0.6650268695787904,1.0,0.6448736433733738,0.02779331353204184,0.5964714859675063,0.6646377254897021,1.0,0.0
49.75,0.0,0.6437701575976068,0.025553325093995355,0.6047179829123588,0.66574364455451,1.0,0.6446446914308087,0.026837591599982554,0.599418333967959,0.6650290338018794,1.0,0.6448683349350434,0.027789652598719652,0.5965359879889468,0.6646398470200908,1.0,0.0
49.800000000000004,0.0,0.6437632200564586,0.025552891765093746,0.6047393920832534,0.6657459669818677,1.0,0.644638545264379,0.02683531927777408,0.599467444829193,0.6650312338877729,1.0,0.6448629072453601,0.02778598944298493,0.5966001630242855,0.6646420193999343,1.0,0.0
49.85,0.0,0.6437562686452943,0.025552455781036727,0.604760690122545,0.6657482970288543,1.0,0.6446323178538126,0.026833044322509114,0.5995163057860394,0.6650334693796304,1.0,0.6448573618872719,0.02778232412630448,0.5966640126336904,0.6646442419951005,1.0,0.0
49.900000000000006,0.0,0.6437493036812102,0.025552017157543495,0.604781877574771,0.6657506345692362,1.0,0.6446260103302889,0.026830766778363716,0.5995649180359345,0.6650357398244642,1.0,0.6448517004299268,0.027778656709590763,0.5967275383705006,0.664646514176876,1.0,0.0
49.95,0.0,0.643742325478806,0.025551575910240452,0.6048029549819484,0.6657529794777229,1.0,0.6446196238152003,0.026828486689139203,0.5996132827710254,0.6650380447731113,1.0,0.6448459244287734,0.027774987253206002,0.5967907417812521,0.6646488353219259,1.0,0.0
50.0,0.0,0.6437353343501994,0.025551132054661665,0.604823922883584,0.6657553316299617,1.0,0.6446131594202226,0.026826204098264816,0.599661401178191,0.6650403837802065,1.0,0.644840035425662,0.027771315816966274,0.5968536244057033,0.6646512048122541,1.0,0.0
