iteration,geographic_error,hybrid_error
0.000000000000000000e+00,1.000000000000000000e+00,1.000000000000000000e+00
1.000000000000000000e+00,1.000000000000000000e+00,1.000000000000000000e+00
2.000000000000000000e+00,1.000000000000000000e+00,1.000000000000000000e+00
3.000000000000000000e+00,1.000000000000000000e+00,1.000000000000000000e+00
4.000000000000000000e+00,1.000000000000000000e+00,1.000000000000000000e+00
5.000000000000000000e+00,1.000000000000000000e+00,1.000000000000000000e+00
6.000000000000000000e+00,1.000000000000000000e+00,1.000000000000000000e+00
7.000000000000000000e+00,1.000000000000000000e+00,9.999970285195369790e-01
8.000000000000000000e+00,1.000000000000000000e+00,9.999851158428259001e-01
9.000000000000000000e+00,1.000000000000000000e+00,9.999575874545002518e-01
1.000000000000000000e+01,1.000000000000000000e+00,9.999065585988113902e-01
1.100000000000000000e+01,1.000000000000000000e+00,9.998238057823962688e-01
1.200000000000000000e+01,1.000000000000000000e+00,9.997008580595737604e-01
1.300000000000000000e+01,1.000000000000000000e+00,9.995292147413183947e-01
1.400000000000000000e+01,1.000000000000000000e+00,9.993005824441674179e-01
1.500000000000000000e+01,1.000000000000000000e+00,9.990071072677813024e-01
1.600000000000000000e+01,1.000000000000000000e+00,9.986415772480974340e-01
1.700000000000000000e+01,1.000000000000000000e+00,9.981975794375301803e-01
1.800000000000000000e+01,1.000000000000000000e+00,9.976696057479983448e-01
1.900000000000000000e+01,1.000000000000000000e+00,9.970531090561651766e-01
2.000000000000000000e+01,9.999999999981810106e-01,9.963445156013017723e-01
2.100000000000000000e+01,9.999999999799911166e-01,9.955412018878641023e-01
2.200000000000000000e+01,9.999999998822204361e-01,9.946414448211398085e-01
2.300000000000000000e+01,9.999999995070538716e-01,9.936443532787602173e-01
2.400000000000000000e+01,9.999999983549088256e-01,9.925497882367938507e-01
2.500000000000000000e+01,9.999999953439697720e-01,9.913582772642486329e-01
2.600000000000000000e+01,9.999999883893551100e-01,9.901479042511263096e-01
2.700000000000000000e+01,9.999999738248277481e-01,9.889817597495456081e-01
2.800000000000000000e+01,9.999999456629486971e-01,9.877589276963025799e-01
2.900000000000000000e+01,9.999998947033579277e-01,9.864811687273112861e-01
3.000000000000000000e+01,9.999998075114981955e-01,9.851501906185700097e-01
3.100000000000000000e+01,9.999996653001762548e-01,9.837676461699544905e-01
3.200000000000000000e+01,9.999994427531315733e-01,9.823351331767525840e-01
3.300000000000000000e+01,9.999991068330640331e-01,9.808541957888130547e-01
3.400000000000000000e+01,9.999986156166160711e-01,9.793263267369194391e-01
3.500000000000000000e+01,9.999979171961390634e-01,9.777529700465559248e-01
3.600000000000000000e+01,9.999969486833683030e-01,9.761355239678921603e-01
3.700000000000000000e+01,9.999956353440693224e-01,9.744753439338265100e-01
3.800000000000000000e+01,9.999938898859491720e-01,9.727737454205247492e-01
3.900000000000000000e+01,9.999916119151821547e-01,9.710320066314359622e-01
4.000000000000000000e+01,9.999886875702100886e-01,9.692513709597803118e-01
4.100000000000000000e+01,9.999849893353507380e-01,9.674330492088650812e-01
4.200000000000000000e+01,9.999803760313822343e-01,9.656181527025575750e-01
4.300000000000000000e+01,9.999746929757687974e-01,9.637855335751785990e-01
4.400000000000000000e+01,9.999677723015989450e-01,9.619190651092478506e-01
4.500000000000000000e+01,9.999594334215837765e-01,9.600197457158083925e-01
4.600000000000000000e+01,9.999494836215656601e-01,9.580885527558743453e-01
4.700000000000000000e+01,9.999377187668179179e-01,9.561264434348422103e-01
4.800000000000000000e+01,9.999239241038849757e-01,9.541343556086328004e-01
4.900000000000000000e+01,9.999078751407126653e-01,9.521132085026744463e-01
5.000000000000000000e+01,9.998893385882485774e-01,9.500639033476362405e-01
5.100000000000000000e+01,9.998680733474616389e-01,9.479873239376583882e-01
5.200000000000000000e+01,9.998438315267469401e-01,9.458843371179092019e-01
5.300000000000000000e+01,9.998163594758746608e-01,9.437557932088391777e-01
5.400000000000000000e+01,9.997853988239477907e-01,9.416025263746311547e-01
5.500000000000000000e+01,9.997506875101873636e-01,9.394253549431896833e-01
5.600000000000000000e+01,9.997119607977409395e-01,9.372250816846574573e-01
5.700000000000000000e+01,9.996689522620509916e-01,9.350024940549701569e-01
5.800000000000000000e+01,9.996213947466245919e-01,9.327583644104020522e-01
5.900000000000000000e+01,9.995690212802690322e-01,9.304934501984720718e-01
6.000000000000000000e+01,9.995115659510060979e-01,9.282084941299784120e-01
6.100000000000000000e+01,9.994487647329319824e-01,9.259042243363568847e-01
6.200000000000000000e+01,9.993803562632439519e-01,9.235813545159985427e-01
6.300000000000000000e+01,9.993060825675194048e-01,9.212405840726525241e-01
6.400000000000000000e+01,9.992256897320903608e-01,9.188825982485594457e-01
6.500000000000000000e+01,9.991389285230312112e-01,9.165080682545370117e-01
6.600000000000000000e+01,9.990455549518558742e-01,9.141176513988480412e-01
6.700000000000000000e+01,9.989453307885181044e-01,9.117119912163407225e-01
6.800000000000000000e+01,9.988380240227284768e-01,9.092917175990498091e-01
6.900000000000000000e+01,9.987234092749531777e-01,9.068574469291833529e-01
7.000000000000000000e+01,9.986012681587406181e-01,9.044097822151908606e-01
7.100000000000000000e+01,9.984713895962522567e-01,9.019493132314164718e-01
7.200000000000000000e+01,9.983335700890464404e-01,8.994766166616710024e-01
7.300000000000000000e+01,9.981876139462966258e-01,8.969922562469194727e-01
7.400000000000000000e+01,9.980333334727101713e-01,8.944967829371619494e-01
7.500000000000000000e+01,9.978705491184745036e-01,8.919907350474904906e-01
7.600000000000000000e+01,9.976990895935748949e-01,8.894746384182249388e-01
7.700000000000000000e+01,9.975187919488351929e-01,8.869490065789673583e-01
7.800000000000000000e+01,9.973295016260019796e-01,8.844143409163669478e-01
7.900000000000000000e+01,9.971310724791593305e-01,8.818711308453450748e-01
8.000000000000000000e+01,9.969233667697017243e-01,8.793198539835069827e-01
8.100000000000000000e+01,9.967062551370273749e-01,8.767609763284414104e-01
8.200000000000000000e+01,9.964796165470368727e-01,8.741949524375998148e-01
8.300000000000000000e+01,9.962433382204401999e-01,8.716222256104380062e-01
8.400000000000000000e+01,9.959973155427841451e-01,8.690432280725018943e-01
8.500000000000000000e+01,9.957414519580219947e-01,8.664583811611390463e-01
8.600000000000000000e+01,9.954756588473503420e-01,8.638680955125250804e-01
8.700000000000000000e+01,9.951998553949459314e-01,8.612727712496988097e-01
8.800000000000000000e+01,9.949139684421370866e-01,8.586727981713113689e-01
8.900000000000000000e+01,9.946179323314503495e-01,8.560685559408065526e-01
9.000000000000000000e+01,9.943116887418820271e-01,8.534604142757580281e-01
9.100000000000000000e+01,9.939951865166525291e-01,8.508487331371084039e-01
9.200000000000000000e+01,9.936683814846122287e-01,8.482338629180625755e-01
9.300000000000000000e+01,9.933312362763853098e-01,8.456161446324064190e-01
9.400000000000000000e+01,9.929837201362553545e-01,8.429959101020340073e-01
9.500000000000000000e+01,9.926258087307162636e-01,8.403734821434811764e-01
9.600000000000000000e+01,9.922574839545419412e-01,8.377491747532774813e-01
9.700000000000000000e+01,9.918787337351524513e-01,8.351232932919421259e-01
9.800000000000000000e+01,9.914895518359917448e-01,8.324961346664627726e-01
9.900000000000000000e+01,9.910899376595638799e-01,8.298679875111095727e-01
1.000000000000000000e+02,9.906798960507197105e-01,8.272391323664489704e-01
1.010000000000000000e+02,9.902594371007266139e-01,8.246098418564339338e-01
1.020000000000000000e+02,9.898285759526004313e-01,8.219803808634587039e-01
1.030000000000000000e+02,9.893873326081337183e-01,8.193510067012780285e-01
1.040000000000000000e+02,9.889357317370041089e-01,8.167219692856995117e-01
1.050000000000000000e+02,9.884738024883041874e-01,8.140935113029699188e-01
1.060000000000000000e+02,9.880015783047979561e-01,8.114658683757828284e-01
1.070000000000000000e+02,9.875190967401674680e-01,8.088392692268480122e-01
1.080000000000000000e+02,9.870263992794818808e-01,8.062139358399660338e-01
1.090000000000000000e+02,9.865235311630884407e-01,8.035900836185644325e-01
1.100000000000000000e+02,9.860105412140959258e-01,8.009679215416551923e-01
1.110000000000000000e+02,9.854874816695942119e-01,7.983476523171830763e-01
1.120000000000000000e+02,9.849544080157301984e-01,7.957294725327387352e-01
1.130000000000000000e+02,9.844113788267345733e-01,7.931135728036173838e-01
1.140000000000000000e+02,9.838584556079776888e-01,7.905001379182095000e-01
1.150000000000000000e+02,9.832957026431096148e-01,7.878893469807152217e-01
1.160000000000000000e+02,9.827231868453263353e-01,7.852813735511776638e-01
1.170000000000000000e+02,9.821409776127850710e-01,7.826763857828364923e-01
1.180000000000000000e+02,9.815491466881800520e-01,7.800745465568066361e-01
1.190000000000000000e+02,9.809477680224762963e-01,7.774760136140894673e-01
1.200000000000000000e+02,9.803369176427880749e-01,7.748809396849297704e-01
1.210000000000000000e+02,9.797166735243774127e-01,7.722894726155320466e-01
1.220000000000000000e+02,9.790871154667408760e-01,7.697017554921556926e-01
1.230000000000000000e+02,9.784483249737427890e-01,7.671179267626078158e-01
1.240000000000000000e+02,9.778003851377469191e-01,7.645381203551575577e-01
1.250000000000000000e+02,9.771433805276918960e-01,7.619624657948977919e-01
1.260000000000000000e+02,9.764773970810507464e-01,7.593910883175793991e-01
1.270000000000000000e+02,9.758025219996097066e-01,7.568241089809485400e-01
1.280000000000000000e+02,9.751188436489965916e-01,7.542616447736160135e-01
1.290000000000000000e+02,9.744264514618872219e-01,7.517038087214914510e-01
1.300000000000000000e+02,9.737254358448143021e-01,7.491507099918148782e-01
1.310000000000000000e+02,9.730158880885004802e-01,7.466024539948192817e-01
1.320000000000000000e+02,9.722979002816360961e-01,7.440591424830601541e-01
1.330000000000000000e+02,9.715715652280207948e-01,7.415208736484466545e-01
1.340000000000000000e+02,9.708369763669851826e-01,7.389877422170116894e-01
1.350000000000000000e+02,9.700942276970110356e-01,7.364598395414574394e-01
1.360000000000000000e+02,9.693434137024646846e-01,7.339372536915140799e-01
1.370000000000000000e+02,9.685846292833604210e-01,7.314200695421494425e-01
1.380000000000000000e+02,9.678179696880702121e-01,7.289083688596678101e-01
1.390000000000000000e+02,9.670435304488949058e-01,7.264022303857362584e-01
1.400000000000000000e+02,9.662614073204152110e-01,7.239017299193759580e-01
1.410000000000000000e+02,9.654716962205390773e-01,7.214069403969592953e-01
1.420000000000000000e+02,9.646744931741634277e-01,7.189179319702483362e-01
1.430000000000000000e+02,9.638698942593707519e-01,7.164347720825148258e-01
1.440000000000000000e+02,9.630579955560798489e-01,7.139575255427803580e-01
1.450000000000000000e+02,9.622388930970723342e-01,7.114862545982127973e-01
1.460000000000000000e+02,9.614126828213187537e-01,7.090210190047184780e-01
1.470000000000000000e+02,9.605794605295270294e-01,7.065618760957672606e-01
1.480000000000000000e+02,9.597393218418401872e-01,7.041088808494874174e-01
1.490000000000000000e+02,9.588923621576098677e-01,7.016620859540676491e-01
1.500000000000000000e+02,9.580386766171742341e-01,6.992215418715026498e-01
1.510000000000000000e+02,9.571783600655713320e-01,6.967872968997176342e-01
1.520000000000000000e+02,9.563115070181185118e-01,6.943593972331087993e-01
1.530000000000000000e+02,9.554382116277925219e-01,6.919378870215345811e-01
1.540000000000000000e+02,9.545585676543454356e-01,6.895228084277909009e-01
1.550000000000000000e+02,9.536726684350922412e-01,6.871142016836078170e-01
1.560000000000000000e+02,9.527806068573093645e-01,6.847121051441982242e-01
1.570000000000000000e+02,9.518824753321846188e-01,6.823165553413941264e-01
1.580000000000000000e+02,9.509783657702588489e-01,6.799275870354020146e-01
1.590000000000000000e+02,9.500683695583046484e-01,6.775452332652102116e-01
1.600000000000000000e+02,9.491525775375859730e-01,6.751695253976792710e-01
1.610000000000000000e+02,9.482310799834454684e-01,6.728004931753479578e-01
1.620000000000000000e+02,9.473039665861677783e-01,6.704381647629834573e-01
1.630000000000000000e+02,9.463713264330687602e-01,6.680825667929073397e-01
1.640000000000000000e+02,9.454332479917628707e-01,6.657337244091263706e-01
1.650000000000000000e+02,9.444898190945592020e-01,6.633916613102972537e-01
1.660000000000000000e+02,9.435411269239435406e-01,6.610563997915530621e-01
1.670000000000000000e+02,9.425872579991000366e-01,6.587279607852205565e-01
1.680000000000000000e+02,9.416282981634302995e-01,6.564063639004534823e-01
1.690000000000000000e+02,9.406643325730298377e-01,6.540916274618113757e-01
1.700000000000000000e+02,9.396954456860799887e-01,6.517837685468079734e-01
1.710000000000000000e+02,9.387217212531183685e-01,6.494828030224549797e-01
1.720000000000000000e+02,9.377432423081488722e-01,6.471887455808282841e-01
1.730000000000000000e+02,9.367600911605575842e-01,6.449016097736784969e-01
1.740000000000000000e+02,9.357723493877971865e-01,6.426214080461115641e-01
1.750000000000000000e+02,9.347800978288079987e-01,6.403481517693629943e-01
1.760000000000000000e+02,9.337834165781431217e-01,6.380818512726877945e-01
1.770000000000000000e+02,9.327823849807653778e-01,6.358225158743890937e-01
1.780000000000000000e+02,9.317770816274879575e-01,6.335701539120081049e-01
1.790000000000000000e+02,9.307675843510267999e-01,6.313247727716955193e-01
1.800000000000000000e+02,9.297539702226401692e-01,6.290863789167866482e-01
1.810000000000000000e+02,9.287363155493253419e-01,6.268549779156000756e-01
1.820000000000000000e+02,9.277146958715486447e-01,6.246305744684800265e-01
1.830000000000000000e+02,9.266891859614826421e-01,6.224131724341024352e-01
1.840000000000000000e+02,9.256598598217269380e-01,6.202027748550635877e-01
1.850000000000000000e+02,9.246267906844894968e-01,6.179993839827691016e-01
1.860000000000000000e+02,9.235900510112051709e-01,6.158030013016435600e-01
1.870000000000000000e+02,9.225497124925718939e-01,6.136136275526764550e-01
1.880000000000000000e+02,9.215058460489818914e-01,6.114312627563229796e-01
1.890000000000000000e+02,9.204585218313294792e-01,6.092559062347763232e-01
1.900000000000000000e+02,9.194078092221757981e-01,6.070875566336282336e-01
1.910000000000000000e+02,9.183537768372522780e-01,6.049262119429330564e-01
1.920000000000000000e+02,9.172964925272850678e-01,6.027718695176929042e-01
1.930000000000000000e+02,9.162360233801237763e-01,6.006245260977767231e-01
1.940000000000000000e+02,9.151724357231583173e-01,5.984841778272905755e-01
1.950000000000000000e+02,9.141057951260076475e-01,5.963508202734122410e-01
1.960000000000000000e+02,9.130361664034665203e-01,5.942244484447047892e-01
1.970000000000000000e+02,9.119636136186948239e-01,5.921050568089238908e-01
1.980000000000000000e+02,9.108882000866360684e-01,5.899926393103303024e-01
1.990000000000000000e+02,9.098099883776522567e-01,5.878871893865226239e-01
2.000000000000000000e+02,9.087290403213612588e-01,5.857886999848029852e-01
2.010000000000000000e+02,9.076454170106665886e-01,5.836971635780865419e-01
2.020000000000000000e+02,9.065591788059652600e-01,5.816125721803696580e-01
2.030000000000000000e+02,9.054703853395249524e-01,5.795349173617654337e-01
2.040000000000000000e+02,9.043790955200180504e-01,5.774641902631213464e-01
2.050000000000000000e+02,9.032853675372034541e-01,5.754003816102279956e-01
2.060000000000000000e+02,9.021892588667455026e-01,5.733434817276312767e-01
2.070000000000000000e+02,9.010908262751615716e-01,5.712934805520575310e-01
2.080000000000000000e+02,8.999901258248874658e-01,5.692503676454637729e-01
2.090000000000000000e+02,8.988872128794547223e-01,5.672141322077211001e-01
2.100000000000000000e+02,8.977821421087691656e-01,5.651847630889428320e-01
2.110000000000000000e+02,8.966749674944839432e-01,5.631622488014665917e-01
2.120000000000000000e+02,8.955657423354594915e-01,5.611465775314988802e-01
2.130000000000000000e+02,8.944545192533024380e-01,5.591377371504324678e-01
2.140000000000000000e+02,8.933413501979784455e-01,5.571357152258447076e-01
2.150000000000000000e+02,8.922262864534893367e-01,5.551404990321862076e-01
2.160000000000000000e+02,8.911093786436116160e-01,5.531520755611671891e-01
2.170000000000000000e+02,8.899906767376875028e-01,5.511704315318506353e-01
2.180000000000000000e+02,8.888702300564645942e-01,5.491955534004597794e-01
2.190000000000000000e+02,8.877480872779784926e-01,5.472274273699085922e-01
2.200000000000000000e+02,8.866242964434718488e-01,5.452660393990609311e-01
2.210000000000000000e+02,8.854989049633463782e-01,5.433113752117281203e-01
2.220000000000000000e+02,8.843719596231425228e-01,5.413634203054102922e-01
2.230000000000000000e+02,8.832435065895417603e-01,5.394221599597894823e-01
2.240000000000000000e+02,8.821135914163886760e-01,5.374875792449805845e-01
2.250000000000000000e+02,8.809822590507265794e-01,5.355596630295478278e-01
2.260000000000000000e+02,8.798495538388451109e-01,5.336383959882914363e-01
2.270000000000000000e+02,8.787155195323340662e-01,5.317237626098134662e-01
2.280000000000000000e+02,8.775801992941415497e-01,5.298157472038658167e-01
2.290000000000000000e+02,8.764436357046321291e-01,5.279143339084882980e-01
2.300000000000000000e+02,8.753058707676417693e-01,5.260195066969430844e-01
2.310000000000000000e+02,8.741669459165276601e-01,5.241312493844482168e-01
2.320000000000000000e+02,8.730269020202088281e-01,5.222495456347199250e-01
2.330000000000000000e+02,8.718857793891952035e-01,5.203743789663248798e-01
2.340000000000000000e+02,8.707436177816025857e-01,5.185057327588500353e-01
2.350000000000000000e+02,8.696004564091518452e-01,5.166435902588951690e-01
2.360000000000000000e+02,8.684563339431486950e-01,5.147879345858916711e-01
2.370000000000000000e+02,8.673112885204428135e-01,5.129387487377530253e-01
2.380000000000000000e+02,8.661653577493642064e-01,5.110960155963621965e-01
2.390000000000000000e+02,8.650185787156343675e-01,5.092597179328992585e-01
2.400000000000000000e+02,8.638709879882505716e-01,5.074298384130148110e-01
2.410000000000000000e+02,8.627226216253428559e-01,5.056063596018527395e-01
2.420000000000000000e+02,8.615735151799994718e-01,5.037892639689266483e-01
2.430000000000000000e+02,8.604237037060619153e-01,5.019785338928541840e-01
2.440000000000000000e+02,8.592732217638865411e-01,5.001741516659531372e-01
2.450000000000000000e+02,8.581221034260717584e-01,4.983760994987025961e-01
2.460000000000000000e+02,8.569703822831504780e-01,4.965843595240739816e-01
2.470000000000000000e+02,8.558180914492445890e-01,4.947989138017346855e-01
2.480000000000000000e+02,8.546652635676830201e-01,4.930197443221278619e-01
2.490000000000000000e+02,8.535119308165798335e-01,4.912468330104324266e-01
2.500000000000000000e+02,8.523581249143734606e-01,4.894801617304061492e-01
2.510000000000000000e+02,8.512038771253250813e-01,4.877197122881150593e-01
2.520000000000000000e+02,8.500492182649750372e-01,4.859654664355522180e-01
2.530000000000000000e+02,8.488941787055582777e-01,4.842174058741497422e-01
2.540000000000000000e+02,8.477387883813756186e-01,4.824755122581857458e-01
2.550000000000000000e+02,8.465830767941230350e-01,4.807397671980903064e-01
2.560000000000000000e+02,8.454270730181753235e-01,4.790101522636524001e-01
2.570000000000000000e+02,8.442708057058265769e-01,4.772866489871312456e-01
2.580000000000000000e+02,8.431143030924851400e-01,4.755692388662742798e-01
2.590000000000000000e+02,8.419575930018228238e-01,4.738579033672444263e-01
2.600000000000000000e+02,8.408007028508788228e-01,4.721526239274592696e-01
2.610000000000000000e+02,8.396436596551173359e-01,4.704533819583446852e-01
2.620000000000000000e+02,8.384864900334388915e-01,4.687601588480051484e-01
2.630000000000000000e+02,8.373292202131443762e-01,4.670729359638130518e-01
2.640000000000000000e+02,8.361718760348533230e-01,4.653916946549193079e-01
2.650000000000000000e+02,8.350144829573739047e-01,4.637164162546876245e-01
2.660000000000000000e+02,8.338570660625264086e-01,4.620470820830542280e-01
2.670000000000000000e+02,8.326996500599195272e-01,4.603836734488154780e-01
2.680000000000000000e+02,8.315422592916785760e-01,4.587261716518451493e-01
2.690000000000000000e+02,8.303849177371268597e-01,4.570745579852435458e-01
2.700000000000000000e+02,8.292276490174195214e-01,4.554288137374200018e-01
2.710000000000000000e+02,8.280704764001290963e-01,4.537889201941111006e-01
2.720000000000000000e+02,8.269134228037848811e-01,4.521548586403360548e-01
2.730000000000000000e+02,8.257565108023641187e-01,4.505266103622912466e-01
2.740000000000000000e+02,8.245997626297353333e-01,4.489041566491855373e-01
2.750000000000000000e+02,8.234432001840557014e-01,4.472874787950177344e-01
2.760000000000000000e+02,8.222868450321205724e-01,4.456765581002985477e-01
2.770000000000000000e+02,8.211307184136655835e-01,4.440713758737175887e-01
2.780000000000000000e+02,8.199748412456228097e-01,4.424719134337583015e-01
2.790000000000000000e+02,8.188192341263292873e-01,4.408781521102604906e-01
2.800000000000000000e+02,8.176639173396900162e-01,4.392900732459339985e-01
2.810000000000000000e+02,8.165089108592938905e-01,4.377076581978229797e-01
2.820000000000000000e+02,8.153542343524835534e-01,4.361308883387234880e-01
2.830000000000000000e+02,8.141999071843801783e-01,4.345597450585552135e-01
2.840000000000000000e+02,8.130459484218615085e-01,4.329942097656885314e-01
2.850000000000000000e+02,8.118923768374950445e-01,4.314342638882282532e-01
2.860000000000000000e+02,8.107392109134263780e-01,4.298798888752556335e-01
2.870000000000000000e+02,8.095864688452220070e-01,4.283310661980289646e-01
2.880000000000000000e+02,8.084341685456684079e-01,4.267877773511450368e-01
2.890000000000000000e+02,8.072823276485258104e-01,4.252500038536614624e-01
2.900000000000000000e+02,8.061309635122388961e-01,4.237177272501820302e-01
2.910000000000000000e+02,8.049800932236028661e-01,4.221909291119051444e-01
2.920000000000000000e+02,8.038297336013876526e-01,4.206695910376372360e-01
2.930000000000000000e+02,8.026799011999170563e-01,4.191536946547713693e-01
2.940000000000000000e+02,8.015306123126065829e-01,4.176432216202328185e-01
2.950000000000000000e+02,8.003818829754587583e-01,4.161381536213920596e-01
2.960000000000000000e+02,7.992337289705159220e-01,4.146384723769458436e-01
2.970000000000000000e+02,7.980861658292712768e-01,4.131441596377681269e-01
2.980000000000000000e+02,7.969392088360389703e-01,4.116551971877309146e-01
2.990000000000000000e+02,7.957928730312828769e-01,4.101715668444961826e-01
3.000000000000000000e+02,7.946471732149049672e-01,4.086932504602797667e-01
3.010000000000000000e+02,7.935021239494930434e-01,4.072202299225878841e-01
3.020000000000000000e+02,7.923577395635282850e-01,4.057524871549270107e-01
3.030000000000000000e+02,7.912140341545541578e-01,4.042900041174882775e-01
3.040000000000000000e+02,7.900710215923053559e-01,4.028327628078064437e-01
3.050000000000000000e+02,7.889287155217976633e-01,4.013807452613948334e-01
3.060000000000000000e+02,7.877871293663797347e-01,3.999339335523565131e-01
3.070000000000000000e+02,7.866462763307471295e-01,3.984923097939725434e-01
3.080000000000000000e+02,7.855061694039179310e-01,3.970558561392678598e-01
3.090000000000000000e+02,7.843668213621708407e-01,3.956245547815555597e-01
3.100000000000000000e+02,7.832282447719468577e-01,3.941983879549602610e-01
3.110000000000000000e+02,7.820904519927143195e-01,3.927773379349207006e-01
3.120000000000000000e+02,7.809534551797968627e-01,3.913613870386728477e-01
3.130000000000000000e+02,7.798172662871666327e-01,3.899505176257136996e-01
3.140000000000000000e+02,7.786818970702009679e-01,3.885447120982459257e-01
3.150000000000000000e+02,7.775473590884043329e-01,3.871439529016050818e-01
3.160000000000000000e+02,7.764136637080959469e-01,3.857482225246682828e-01
3.170000000000000000e+02,7.752808221050617732e-01,3.843575035002466667e-01
3.180000000000000000e+02,7.741488452671736464e-01,3.829717784054603724e-01
3.190000000000000000e+02,7.730177439969744269e-01,3.815910298620979746e-01
3.200000000000000000e+02,7.718875289142294038e-01,3.802152405369598753e-01
3.210000000000000000e+02,7.707582104584451699e-01,3.788443931421865973e-01
3.220000000000000000e+02,7.696297988913557431e-01,3.774784704355720888e-01
3.230000000000000000e+02,7.685023042993767151e-01,3.761174552208630950e-01
3.240000000000000000e+02,7.673757365960272026e-01,3.747613303480440416e-01
3.250000000000000000e+02,7.662501055243202686e-01,3.734100787136088728e-01
3.260000000000000000e+02,7.651254206591230345e-01,3.720636832608192335e-01
3.270000000000000000e+02,7.640016914094845957e-01,3.707221269799503283e-01
3.280000000000000000e+02,7.628789270209348494e-01,3.693853929085244570e-01
3.290000000000000000e+02,7.617571365777522363e-01,3.680534641315318378e-01
3.300000000000000000e+02,7.606363290052026160e-01,3.667263237816406063e-01
3.310000000000000000e+02,7.595165130717480562e-01,3.654039550393949898e-01
3.320000000000000000e+02,7.583976973912270880e-01,3.640863411334026578e-01
3.330000000000000000e+02,7.572798904250057639e-01,3.627734653405113030e-01
3.340000000000000000e+02,7.561631004841005144e-01,3.614653109859750080e-01
3.350000000000000000e+02,7.550473357312736944e-01,3.601618614436103982e-01
3.360000000000000000e+02,7.539326041831003744e-01,3.588631001359433581e-01
3.370000000000000000e+02,7.528189137120082641e-01,3.575690105343458103e-01
3.380000000000000000e+02,7.517062720482906579e-01,3.562795761591638355e-01
3.390000000000000000e+02,7.505946867820927348e-01,3.549947805798365219e-01
3.400000000000000000e+02,7.494841653653714353e-01,3.537146074150063768e-01
3.410000000000000000e+02,7.483747151138288034e-01,3.524390403326211341e-01
3.420000000000000000e+02,7.472663432088202384e-01,3.511680630500277900e-01
3.430000000000000000e+02,7.461590566992370999e-01,3.499016593340586456e-01
3.440000000000000000e+02,7.450528625033644436e-01,3.486398130011092444e-01
3.450000000000000000e+02,7.439477674107131122e-01,3.473825079172098151e-01
3.460000000000000000e+02,7.428437780838283988e-01,3.461297279980884434e-01
3.470000000000000000e+02,7.417409010600739538e-01,3.448814572092283037e-01
3.480000000000000000e+02,7.406391427533919325e-01,3.436376795659173977e-01
3.490000000000000000e+02,7.395385094560392725e-01,3.423983791332921855e-01
3.500000000000000000e+02,7.384390073403013233e-01,3.411635400263744455e-01
3.510000000000000000e+02,7.373406424601814946e-01,3.399331464101025269e-01
3.520000000000000000e+02,7.362434207530695884e-01,3.387071824993561076e-01
3.530000000000000000e+02,7.351473480413861505e-01,3.374856325589755124e-01
3.540000000000000000e+02,7.340524300342060604e-01,3.362684809037752576e-01
3.550000000000000000e+02,7.329586723288590289e-01,3.350557118985523219e-01
3.560000000000000000e+02,7.318660804125092234e-01,3.338473099580889225e-01
3.570000000000000000e+02,7.307746596637141323e-01,3.326432595471504605e-01
3.580000000000000000e+02,7.296844153539607802e-01,3.314435451804783050e-01
3.590000000000000000e+02,7.285953526491826260e-01,3.302481514227779691e-01
3.600000000000000000e+02,7.275074766112556990e-01,3.290570628887025673e-01
3.610000000000000000e+02,7.264207921994736417e-01,3.278702642428317215e-01
3.620000000000000000e+02,7.253353042720037669e-01,3.266877401996463037e-01
3.630000000000000000e+02,7.242510175873231315e-01,3.255094755234988479e-01
3.640000000000000000e+02,7.231679368056347368e-01,3.243354550285799109e-01
3.650000000000000000e+02,7.220860664902648551e-01,3.231656635788805465e-01
3.660000000000000000e+02,7.210054111090417051e-01,3.220000860881507831e-01
3.670000000000000000e+02,7.199259750356545862e-01,3.208387075198547711e-01
3.680000000000000000e+02,7.188477625509951396e-01,3.196815128871219880e-01
3.690000000000000000e+02,7.177707778444806230e-01,3.185284872526951139e-01
3.700000000000000000e+02,7.166950250153580892e-01,3.173796157288747422e-01
3.710000000000000000e+02,7.156205080739922453e-01,3.162348834774607043e-01
3.720000000000000000e+02,7.145472309431346591e-01,3.150942757096901747e-01
3.730000000000000000e+02,7.134751974591759804e-01,3.139577776861730007e-01
3.740000000000000000e+02,7.124044113733816186e-01,3.128253747168238119e-01
3.750000000000000000e+02,7.113348763531097685e-01,3.116970521607916877e-01
3.760000000000000000e+02,7.102665959830131159e-01,3.105727954263867718e-01
3.770000000000000000e+02,7.091995737662246668e-01,3.094525899710043326e-01
3.780000000000000000e+02,7.081338131255263679e-01,3.083364213010465482e-01
3.790000000000000000e+02,7.070693174045025176e-01,3.072242749718413490e-01
3.800000000000000000e+02,7.060060898686775221e-01,3.061161365875592621e-01
3.810000000000000000e+02,7.049441337066368884e-01,3.050119918011278686e-01
3.820000000000000000e+02,7.038834520311348930e-01,3.039118263141440401e-01
3.830000000000000000e+02,7.028240478801850433e-01,3.028156258767842335e-01
3.840000000000000000e+02,7.017659242181366608e-01,3.017233762877120085e-01
3.850000000000000000e+02,7.007090839367372537e-01,3.006350633939848249e-01
3.860000000000000000e+02,6.996535298561786798e-01,2.995506730909576198e-01
3.870000000000000000e+02,6.985992647261305422e-01,2.984701913221854408e-01
3.880000000000000000e+02,6.975462912267584858e-01,2.973936040793239144e-01
3.890000000000000000e+02,6.964946119697290605e-01,2.963208974020281605e-01
3.900000000000000000e+02,6.954442294992005946e-01,2.952520573778498747e-01
3.910000000000000000e+02,6.943951462927999696e-01,2.941870701421330225e-01
3.920000000000000000e+02,6.933473647625868486e-01,2.931259218779079800e-01
3.930000000000000000e+02,6.923008872560043603e-01,2.920685988157839530e-01
3.940000000000000000e+02,6.912557160568160164e-01,2.910150872338406192e-01
3.950000000000000000e+02,6.902118533860311933e-01,2.899653734575176056e-01
3.960000000000000000e+02,6.891693014028160702e-01,2.889194438595031889e-01
3.970000000000000000e+02,6.881280622053935758e-01,2.878772848596217182e-01
3.980000000000000000e+02,6.870881378319304567e-01,2.868388829247195959e-01
3.990000000000000000e+02,6.860495302614114665e-01,2.858042245685503691e-01
4.000000000000000000e+02,6.850122414145025651e-01,2.847732963516585447e-01
4.010000000000000000e+02,6.839762731544015706e-01,2.837460848812625169e-01
4.020000000000000000e+02,6.829416272876773775e-01,2.827225768111361615e-01
4.030000000000000000e+02,6.819083055650969616e-01,2.817027588414899864e-01
4.040000000000000000e+02,6.808763096824425043e-01,2.806866177188507838e-01
4.050000000000000000e+02,6.798456412813153049e-01,2.796741402359408379e-01
4.060000000000000000e+02,6.788163019499300344e-01,2.786653132315560222e-01
4.070000000000000000e+02,6.777882932238974423e-01,2.776601235904432308e-01
4.080000000000000000e+02,6.767616165869964062e-01,2.766585582431770884e-01
4.090000000000000000e+02,6.757362734719351005e-01,2.756606041660356610e-01
4.100000000000000000e+02,6.747122652611019511e-01,2.746662483808757771e-01
4.110000000000000000e+02,6.736895932873062653e-01,2.736754779550074623e-01
4.120000000000000000e+02,6.726682588345080926e-01,2.726882800010679286e-01
4.130000000000000000e+02,6.716482631385385371e-01,2.717046416768949535e-01
4.140000000000000000e+02,6.706296073878099673e-01,2.707245501853993153e-01
4.150000000000000000e+02,6.696122927240163447e-01,2.697479927744375061e-01
4.160000000000000000e+02,6.685963202428238938e-01,2.687749567366827796e-01
4.170000000000000000e+02,6.675816909945522237e-01,2.678054294094969201e-01
4.180000000000000000e+02,6.665684059848457910e-01,2.668393981748009569e-01
4.190000000000000000e+02,6.655564661753368139e-01,2.658768504589451021e-01
4.200000000000000000e+02,6.645458724842978615e-01,2.649177737325791870e-01
4.210000000000000000e+02,6.635366257872865603e-01,2.639621555105219342e-01
4.220000000000000000e+02,6.625287269177803084e-01,2.630099833516305052e-01
4.230000000000000000e+02,6.615221766678032189e-01,2.620612448586690513e-01
4.240000000000000000e+02,6.605169757885435144e-01,2.611159276781775951e-01
4.250000000000000000e+02,6.595131249909629290e-01,2.601740195003403588e-01
4.260000000000000000e+02,6.585106249463975603e-01,2.592355080588537031e-01
4.270000000000000000e+02,6.575094762871498411e-01,2.583003811307941766e-01
4.280000000000000000e+02,6.565096796070734042e-01,2.573686265364860670e-01
4.290000000000000000e+02,6.555112354621484005e-01,2.564402321393687290e-01
4.300000000000000000e+02,6.545141443710503770e-01,2.555151858458641345e-01
4.310000000000000000e+02,6.535184068157098292e-01,2.545934756052438130e-01
4.320000000000000000e+02,6.525240232418652031e-01,2.536750894094959019e-01
4.330000000000000000e+02,6.515309940596072380e-01,2.527600152931920308e-01
4.340000000000000000e+02,6.505393196439164250e-01,2.518482413333539838e-01
4.350000000000000000e+02,6.495490003351925834e-01,2.509397556493204728e-01
4.360000000000000000e+02,6.485600364397772211e-01,2.500345464026137998e-01
4.370000000000000000e+02,6.475724282304691215e-01,2.491326017968063522e-01
4.380000000000000000e+02,6.465861759470314940e-01,2.482339100773870155e-01
4.390000000000000000e+02,6.456012797966935723e-01,2.473384595316279189e-01
4.400000000000000000e+02,6.446177399546441089e-01,2.464462384884507085e-01
4.410000000000000000e+02,6.436355565645186516e-01,2.455572353182931822e-01
4.420000000000000000e+02,6.426547297388798263e-01,2.446714384329756464e-01
4.430000000000000000e+02,6.416752595596908471e-01,2.437888362855675783e-01
4.440000000000000000e+02,6.406971460787824757e-01,2.429094173702542325e-01
4.450000000000000000e+02,6.397203893183138756e-01,2.420331702222031089e-01
4.460000000000000000e+02,6.387449892712260269e-01,2.411600834174307817e-01
4.470000000000000000e+02,6.377709459016903670e-01,2.402901455726696722e-01
4.480000000000000000e+02,6.367982591455494390e-01,2.394233453452349059e-01
4.490000000000000000e+02,6.358269289107529865e-01,2.385596714328911960e-01
4.500000000000000000e+02,6.348569550777869441e-01,2.376991125737200061e-01
4.510000000000000000e+02,6.338883375000966547e-01,2.368416575459867390e-01
4.520000000000000000e+02,6.329210760045046458e-01,2.359872951680080377e-01
4.530000000000000000e+02,6.319551703916219676e-01,2.351360142980192247e-01
4.540000000000000000e+02,6.309906204362540905e-01,2.342878038340419078e-01
4.550000000000000000e+02,6.300274258878012512e-01,2.334426527137517526e-01
4.560000000000000000e+02,6.290655864706528044e-01,2.326005499143464217e-01
4.570000000000000000e+02,6.281051018845766887e-01,2.317614844524136797e-01
4.580000000000000000e+02,6.271459718051027865e-01,2.309254453837996102e-01
4.590000000000000000e+02,6.261881958839015105e-01,2.300924218034770818e-01
4.600000000000000000e+02,6.252317737491567273e-01,2.292624028454144924e-01
4.610000000000000000e+02,6.242767050059334633e-01,2.284353776824445681e-01
4.620000000000000000e+02,6.233229892365407254e-01,2.276113355261333848e-01
4.630000000000000000e+02,6.223706260008892155e-01,2.267902656266497230e-01
4.640000000000000000e+02,6.214196148368439365e-01,2.259721572726345884e-01
4.650000000000000000e+02,6.204699552605716928e-01,2.251569997910708443e-01
4.660000000000000000e+02,6.195216467668840377e-01,2.243447825471532320e-01
4.670000000000000000e+02,6.185746888295753365e-01,2.235354949441586137e-01
4.680000000000000000e+02,6.176290809017561667e-01,2.227291264233163259e-01
4.690000000000000000e+02,6.166848224161816105e-01,2.219256664636790055e-01
4.700000000000000000e+02,6.157419127855759955e-01,2.211251045819934147e-01
4.710000000000000000e+02,6.148003514029516392e-01,2.203274303325717387e-01
4.720000000000000000e+02,6.138601376419241529e-01,2.195326333071630220e-01
4.730000000000000000e+02,6.129212708570234147e-01,2.187407031348249653e-01
4.740000000000000000e+02,6.119837503839994364e-01,2.179516294817958610e-01
4.750000000000000000e+02,6.110475755401245657e-01,2.171654020513670014e-01
4.760000000000000000e+02,6.101127456244908043e-01,2.163820105837551688e-01
4.770000000000000000e+02,6.091792599183043500e-01,2.156014448559755992e-01
4.780000000000000000e+02,6.082471176851739214e-01,2.148236946817149995e-01
4.790000000000000000e+02,6.073163181713969738e-01,2.140487499112051495e-01
4.800000000000000000e+02,6.063868606062405853e-01,2.132766004310965857e-01
4.810000000000000000e+02,6.054587442022195676e-01,2.125072361643325913e-01
4.820000000000000000e+02,6.045319681553691371e-01,2.117406470700237131e-01
4.830000000000000000e+02,6.036065316455152541e-01,2.109768231433222230e-01
4.840000000000000000e+02,6.026824338365405209e-01,2.102157544152972179e-01
4.850000000000000000e+02,6.017596738766461950e-01,2.094574309528098865e-01
4.860000000000000000e+02,6.008382508986107595e-01,2.087018428583891083e-01
4.870000000000000000e+02,5.999181640200448307e-01,2.079489802701073031e-01
4.880000000000000000e+02,5.989994123436422901e-01,2.071988333614567246e-01
4.890000000000000000e+02,5.980819949574285310e-01,2.064513923412260310e-01
4.900000000000000000e+02,5.971659109350041517e-01,2.057066474533771339e-01
4.910000000000000000e+02,5.962511593357862072e-01,2.049645889769224349e-01
4.920000000000000000e+02,5.953377392052454642e-01,2.042252072258023410e-01
4.930000000000000000e+02,5.944256495751405467e-01,2.034884925487631668e-01
4.940000000000000000e+02,5.935148894637489736e-01,2.027544353292353163e-01
4.950000000000000000e+02,5.926054578760944214e-01,2.020230259852118238e-01
4.960000000000000000e+02,5.916973538041712111e-01,2.012942549691272287e-01
4.970000000000000000e+02,5.907905762271656869e-01,2.005681127677367837e-01
4.980000000000000000e+02,5.898851241116739308e-01,1.998445899019960781e-01
4.990000000000000000e+02,5.889809964119172569e-01,1.991236769269408013e-01
5.000000000000000000e+02,5.880781920699537091e-01,1.984053644315670883e-01
5.010000000000000000e+02,5.871767100158875596e-01,1.976896430387121151e-01
5.020000000000000000e+02,5.862765491680747010e-01,1.969765034049348884e-01
5.030000000000000000e+02,5.853777084333264824e-01,1.962659362203976743e-01
5.040000000000000000e+02,5.844801867071096613e-01,1.955579322087475369e-01
5.050000000000000000e+02,5.835839828737436896e-01,1.948524821269982943e-01
5.060000000000000000e+02,5.826890958065955584e-01,1.941495767654128624e-01
5.070000000000000000e+02,5.817955243682716437e-01,1.934492069473859321e-01
5.080000000000000000e+02,5.809032674108072225e-01,1.927513635293270355e-01
5.090000000000000000e+02,5.800123237758523231e-01,1.920560374005437498e-01
5.100000000000000000e+02,5.791226922948562450e-01,1.913632194831255962e-01
5.110000000000000000e+02,5.782343717892484136e-01,1.906729007318280211e-01
5.120000000000000000e+02,5.773473610706173487e-01,1.899850721339568782e-01
5.130000000000000000e+02,5.764616589408866343e-01,1.892997247092531032e-01
5.140000000000000000e+02,5.755772641924888910e-01,1.886168495097780007e-01
5.150000000000000000e+02,5.746941756085368613e-01,1.879364376197986408e-01
5.160000000000000000e+02,5.738123919629918301e-01,1.872584801556737011e-01
5.170000000000000000e+02,5.729319120208309357e-01,1.865829682657397237e-01
5.180000000000000000e+02,5.720527345382102613e-01,1.859098931301976232e-01
5.190000000000000000e+02,5.711748582626272608e-01,1.852392459609996100e-01
5.200000000000000000e+02,5.702982819330797426e-01,1.845710180017364754e-01
5.210000000000000000e+02,5.694230042802232994e-01,1.839052005275252644e-01
5.220000000000000000e+02,5.685490240265259621e-01,1.832417848448971154e-01
5.230000000000000000e+02,5.676763398864215215e-01,1.825807622916857942e-01
5.240000000000000000e+02,5.668049505664591869e-01,1.819221242369162272e-01
5.250000000000000000e+02,5.659348547654529105e-01,1.812658620806935905e-01
5.260000000000000000e+02,5.650660511746270487e-01,1.806119672540927867e-01
5.270000000000000000e+02,5.641985384777610246e-01,1.799604312190481725e-01
5.280000000000000000e+02,5.633323153513313253e-01,1.793112454682436741e-01
5.290000000000000000e+02,5.624673804646516118e-01,1.786644015250032358e-01
5.300000000000000000e+02,5.616037324800107200e-01,1.780198909431817411e-01
5.310000000000000000e+02,5.607413700528095513e-01,1.773777053070560994e-01
5.320000000000000000e+02,5.598802918316944099e-01,1.767378362312168605e-01
5.330000000000000000e+02,5.590204964586900083e-01,1.761002753604601345e-01
5.340000000000000000e+02,5.581619825693293624e-01,1.754650143696797615e-01
5.350000000000000000e+02,5.573047487927831334e-01,1.748320449637600082e-01
5.360000000000000000e+02,5.564487937519855265e-01,1.742013588774684874e-01
5.370000000000000000e+02,5.555941160637599685e-01,1.735729478753494925e-01
5.380000000000000000e+02,5.547407143389415651e-01,1.729468037516176671e-01
5.390000000000000000e+02,5.538885871824992257e-01,1.723229183300520329e-01
5.400000000000000000e+02,5.530377331936545682e-01,1.717012834638904084e-01
5.410000000000000000e+02,5.521881509660006015e-01,1.710818910357240763e-01
5.420000000000000000e+02,5.513398390876174116e-01,1.704647329573928949e-01
5.430000000000000000e+02,5.504927961411871795e-01,1.698498011698807431e-01
5.440000000000000000e+02,5.496470207041066480e-01,1.692370876432112980e-01
5.450000000000000000e+02,5.488025113485988093e-01,1.686265843763441463e-01
5.460000000000000000e+02,5.479592666418228175e-01,1.680182833970713663e-01
5.470000000000000000e+02,5.471172851459815689e-01,1.674121767619142498e-01
5.480000000000000000e+02,5.462765654184287278e-01,1.668082565560205510e-01
5.490000000000000000e+02,5.454371060117736425e-01,1.662065148930619574e-01
5.500000000000000000e+02,5.445989054739852619e-01,1.656069439151320877e-01
5.510000000000000000e+02,5.437619623484934994e-01,1.650095357926446016e-01
5.520000000000000000e+02,5.429262751742905957e-01,1.644142827242318083e-01
5.530000000000000000e+02,5.420918424860297069e-01,1.638211769366436643e-01
5.540000000000000000e+02,5.412586628141231593e-01,1.632302106846468814e-01
5.550000000000000000e+02,5.404267346848382614e-01,1.626413762509246463e-01
5.560000000000000000e+02,5.395960566203925612e-01,1.620546659459765615e-01
5.570000000000000000e+02,5.387666271390472161e-01,1.614700721080189472e-01
5.580000000000000000e+02,5.379384447551993631e-01,1.608875871028853932e-01
5.590000000000000000e+02,5.371115079794730462e-01,1.603072033239278382e-01
5.600000000000000000e+02,5.362858153188084787e-01,1.597289131919178151e-01
5.610000000000000000e+02,5.354613652765507492e-01,1.591527091549481687e-01
5.620000000000000000e+02,5.346381563525366420e-01,1.585785836883350230e-01
5.630000000000000000e+02,5.338161870431801237e-01,1.580065292945200817e-01
5.640000000000000000e+02,5.329954558415571642e-01,1.574365385029733444e-01
5.650000000000000000e+02,5.321759612374888926e-01,1.568686038700961016e-01
5.660000000000000000e+02,5.313577017176236428e-01,1.563027179791242893e-01
5.670000000000000000e+02,5.305406757655179995e-01,1.557388734400321495e-01
5.680000000000000000e+02,5.297248818617161792e-01,1.551770628894362236e-01
5.690000000000000000e+02,5.289103184838287453e-01,1.546172789904997624e-01
5.700000000000000000e+02,5.280969841066101012e-01,1.540595144328373300e-01
5.710000000000000000e+02,5.272848772020347630e-01,1.535037619324199076e-01
5.720000000000000000e+02,5.264739962393722994e-01,1.529500142314801359e-01
5.730000000000000000e+02,5.256643396852616057e-01,1.523982640984180015e-01
5.740000000000000000e+02,5.248559060037838453e-01,1.518485043277069124e-01
5.750000000000000000e+02,5.240486936565342813e-01,1.513007277397999673e-01
5.760000000000000000e+02,5.232427011026932195e-01,1.507549271810366132e-01
5.770000000000000000e+02,5.224379267990960640e-01,1.502110955235495815e-01
5.780000000000000000e+02,5.216343692003018173e-01,1.496692256651723230e-01
5.790000000000000000e+02,5.208320267586608043e-01,1.491293105293465260e-01
5.800000000000000000e+02,5.200308979243820628e-01,1.485913430650300793e-01
5.810000000000000000e+02,5.192309811455986246e-01,1.480553162466054506e-01
5.820000000000000000e+02,5.184322748684324633e-01,1.475212230737881214e-01
5.830000000000000000e+02,5.176347775370586657e-01,1.469890565715356590e-01
5.840000000000000000e+02,5.168384875937683809e-01,1.464588097899569008e-01
5.850000000000000000e+02,5.160434034790307711e-01,1.459304758042214711e-01
5.860000000000000000e+02,5.152495236315539628e-01,1.454040477144697419e-01
5.870000000000000000e+02,5.144568464883457759e-01,1.448795186457229323e-01
5.880000000000000000e+02,5.136653704847726765e-01,1.443568817477937083e-01
5.890000000000000000e+02,5.128750940546182857e-01,1.438361301951969762e-01
5.900000000000000000e+02,5.120860156301412225e-01,1.433172571870610090e-01
5.910000000000000000e+02,5.112981336421318357e-01,1.428002559470388788e-01
5.920000000000000000e+02,5.105114465199678264e-01,1.422851197232203324e-01
5.930000000000000000e+02,5.097259526916698702e-01,1.417718417880437509e-01
5.940000000000000000e+02,5.089416505839554627e-01,1.412604154382085808e-01
5.950000000000000000e+02,5.081585386222924328e-01,1.407508339945880427e-01
5.960000000000000000e+02,5.073766152309520105e-01,1.402430908021421729e-01
5.970000000000000000e+02,5.065958788330603424e-01,1.397371792298310877e-01
5.980000000000000000e+02,5.058163278506495608e-01,1.392330926705285243e-01
5.990000000000000000e+02,5.050379607047087438e-01,1.387308245409360485e-01
6.000000000000000000e+02,5.042607758152328756e-01,1.382303682814969570e-01
6.010000000000000000e+02,5.034847716012720298e-01,1.377317173563110120e-01
6.020000000000000000e+02,5.027099464809794416e-01,1.372348652530492874e-01
6.030000000000000000e+02,5.019362988716591367e-01,1.367398054828692366e-01
6.040000000000000000e+02,5.011638271898125607e-01,1.362465315803301213e-01
6.050000000000000000e+02,5.003925298511843200e-01,1.357550371033088288e-01
6.060000000000000000e+02,4.996224052708079233e-01,1.352653156329159112e-01
6.070000000000000000e+02,4.988534518630501902e-01,1.347773607734119028e-01
6.080000000000000000e+02,4.980856680416553828e-01,1.342911661521239419e-01
6.090000000000000000e+02,4.973190522197883934e-01,1.338067254193627265e-01
6.100000000000000000e+02,4.965536028100775434e-01,1.333240322483397744e-01
6.110000000000000000e+02,4.957893182246565500e-01,1.328430803350849065e-01
6.120000000000000000e+02,4.950261968752058817e-01,1.323638633983641455e-01
6.130000000000000000e+02,4.942642371729936146e-01,1.318863751795976980e-01
6.140000000000000000e+02,4.935034375289155673e-01,1.314106094427784366e-01
6.150000000000000000e+02,4.927437963535347687e-01,1.309365599743906872e-01
6.160000000000000000e+02,4.919853120571204830e-01,1.304642205833290158e-01
6.170000000000000000e+02,4.912279830496865118e-01,1.299935851008176824e-01
6.180000000000000000e+02,4.904718077410290533e-01,1.295246473803300935e-01
6.190000000000000000e+02,4.897167845407638387e-01,1.290574012975086726e-01
6.200000000000000000e+02,4.889629118583627143e-01,1.285918407500850624e-01
6.210000000000000000e+02,4.882101881031898905e-01,1.281279596578004387e-01
6.220000000000000000e+02,4.874586116845371908e-01,1.276657519623263515e-01
6.230000000000000000e+02,4.867081810116593577e-01,1.272052116271855660e-01
6.240000000000000000e+02,4.859588944938081356e-01,1.267463326376734589e-01
6.250000000000000000e+02,4.852107505402664667e-01,1.262891090007794703e-01
6.260000000000000000e+02,4.844637475603817967e-01,1.258335347451089992e-01
6.270000000000000000e+02,4.837178839635990490e-01,1.253796039208054380e-01
6.280000000000000000e+02,4.829731581594926548e-01,1.249273105994727351e-01
6.290000000000000000e+02,4.822295685577989155e-01,1.244766488740978588e-01
6.300000000000000000e+02,4.814871135684470893e-01,1.240276128589738458e-01
6.310000000000000000e+02,4.807457916015902555e-01,1.235801966896230425e-01
6.320000000000000000e+02,4.800056010676358453e-01,1.231343945227205139e-01
6.330000000000000000e+02,4.792665403772756738e-01,1.226902005360179237e-01
6.340000000000000000e+02,4.785286079415153049e-01,1.222476089282674427e-01
6.350000000000000000e+02,4.777918021717029173e-01,1.218066139191461839e-01
6.360000000000000000e+02,4.770561214795582816e-01,1.213672097491807211e-01
6.370000000000000000e+02,4.763215642772005154e-01,1.209293906796719692e-01
6.380000000000000000e+02,4.755881289771758391e-01,1.204931509926202987e-01
6.390000000000000000e+02,4.748558139924851096e-01,1.200584849906509155e-01
6.400000000000000000e+02,4.741246177366101877e-01,1.196253869969395450e-01
6.410000000000000000e+02,4.733945386235407504e-01,1.191938513551383527e-01
6.420000000000000000e+02,4.726655750678000478e-01,1.187638724293021003e-01
6.430000000000000000e+02,4.719377254844704939e-01,1.183354446038146768e-01
6.440000000000000000e+02,4.712109882892189239e-01,1.179085622833157404e-01
6.450000000000000000e+02,4.704853618983214081e-01,1.174832198926277493e-01
6.460000000000000000e+02,4.697608447286874545e-01,1.170594118766832004e-01
6.470000000000000000e+02,4.690374351978841005e-01,1.166371327004520897e-01
6.480000000000000000e+02,4.683151317241596168e-01,1.162163768488697763e-01
6.490000000000000000e+02,4.675939327264665435e-01,1.157971388267649004e-01
6.500000000000000000e+02,4.668738366244847837e-01,1.153794131587877192e-01
6.510000000000000000e+02,4.661548418386438075e-01,1.149631943893386493e-01
6.520000000000000000e+02,4.654369467901451340e-01,1.145484770824970744e-01
6.530000000000000000e+02,4.647201499009839809e-01,1.141352558219503321e-01
6.540000000000000000e+02,4.640044495939704139e-01,1.137235252109231320e-01
6.550000000000000000e+02,4.632898442927508853e-01,1.133132798721070006e-01
6.560000000000000000e+02,4.625763324218287176e-01,1.129045144475901985e-01
6.570000000000000000e+02,4.618639124065845314e-01,1.124972235987876934e-01
6.580000000000000000e+02,4.611525826732963407e-01,1.120914020063715766e-01
6.590000000000000000e+02,4.604423416491593146e-01,1.116870443702015214e-01
6.600000000000000000e+02,4.597331877623053176e-01,1.112841454092556998e-01
6.610000000000000000e+02,4.590251194418216718e-01,1.108826998615617954e-01
6.620000000000000000e+02,4.583181351177703644e-01,1.104827024841283228e-01
6.630000000000000000e+02,4.576122332212062549e-01,1.100841480528762240e-01
6.640000000000000000e+02,4.569074121841953939e-01,1.096870313625706028e-01
6.650000000000000000e+02,4.562036704398328979e-01,1.092913472267528358e-01
6.660000000000000000e+02,4.555010064222603239e-01,1.088970904776728754e-01
6.670000000000000000e+02,4.547994185666833222e-01,1.085042559662217632e-01
6.680000000000000000e+02,4.540989053093883454e-01,1.081128385618643772e-01
6.690000000000000000e+02,4.533994650877595234e-01,1.077228331525725558e-01
6.700000000000000000e+02,4.527010963402950394e-01,1.073342346447582474e-01
6.710000000000000000e+02,4.520037975066233393e-01,1.069470379632071061e-01
6.720000000000000000e+02,4.513075670275188966e-01,1.065612380510121970e-01
6.730000000000000000e+02,4.506124033449180333e-01,1.061768298695079521e-01
6.740000000000000000e+02,4.499183049019342961e-01,1.057938083982044586e-01
6.750000000000000000e+02,4.492252701428731676e-01,1.054121686347218312e-01
6.760000000000000000e+02,4.485332975132474420e-01,1.050319055947250002e-01
6.770000000000000000e+02,4.478423854597914366e-01,1.046530143118585554e-01
6.780000000000000000e+02,4.471525324304754800e-01,1.042754898376819506e-01
6.790000000000000000e+02,4.464637368745200674e-01,1.038993272416048608e-01
6.800000000000000000e+02,4.457759972424095163e-01,1.035245216108228866e-01
6.810000000000000000e+02,4.450893119859057334e-01,1.031510680502533278e-01
6.820000000000000000e+02,4.444036795580615928e-01,1.027789616824713037e-01
6.830000000000000000e+02,4.437190984132339810e-01,1.024081976476460959e-01
6.840000000000000000e+02,4.430355670070967866e-01,1.020387711034776573e-01
6.850000000000000000e+02,4.423530837966536122e-01,1.016706772251334268e-01
6.860000000000000000e+02,4.416716472402500981e-01,1.013039112051853236e-01
6.870000000000000000e+02,4.409912557975864122e-01,1.009384682535469369e-01
6.880000000000000000e+02,4.403119079297289629e-01,1.005743435974110755e-01
6.890000000000000000e+02,4.396336020991225002e-01,1.002115324811873320e-01
6.900000000000000000e+02,4.389563367696016072e-01,9.985003016644010410e-02
6.910000000000000000e+02,4.382801104064020237e-01,9.948983193182664442e-02
6.920000000000000000e+02,4.376049214761719708e-01,9.913093307303544321e-02
6.930000000000000000e+02,4.369307684469830311e-01,9.877332890272480515e-02
6.940000000000000000e+02,4.362576497883410287e-01,9.841701475046167602e-02
6.950000000000000000e+02,4.355855639711966321e-01,9.806198596266058054e-02
6.960000000000000000e+02,4.349145094679555679e-01,9.770823790252294860e-02
6.970000000000000000e+02,4.342444847524891127e-01,9.735576594997648325e-02
6.980000000000000000e+02,4.335754883001439741e-01,9.700456550161493108e-02
6.990000000000000000e+02,4.329075185877520604e-01,9.665463197063788037e-02
7.000000000000000000e+02,4.322405740936402507e-01,9.630596078679093397e-02
7.010000000000000000e+02,4.315746532976398875e-01,9.595854739630600705e-02
7.020000000000000000e+02,4.309097546810959356e-01,9.561238726184186076e-02
7.030000000000000000e+02,4.302458767268763085e-01,9.526747586242487187e-02
7.040000000000000000e+02,4.295830179193805831e-01,9.492380869338996885e-02
7.050000000000000000e+02,4.289211767445489931e-01,9.458138126632184561e-02
7.060000000000000000e+02,4.282603516898709217e-01,9.424018910899631396e-02
7.070000000000000000e+02,4.276005412443933951e-01,9.390022776532197524e-02
7.080000000000000000e+02,4.269417438987294089e-01,9.356149279528191975e-02
7.090000000000000000e+02,4.262839581450659776e-01,9.322397977487585641e-02
7.100000000000000000e+02,4.256271824771720724e-01,9.288768429606228394e-02
7.110000000000000000e+02,4.249714153904065039e-01,9.255260196670096751e-02
7.120000000000000000e+02,4.243166553817257491e-01,9.221872841049552627e-02
7.130000000000000000e+02,4.236629009496910570e-01,9.188605926693632631e-02
7.140000000000000000e+02,4.230101505944761642e-01,9.155459019124355391e-02
7.150000000000000000e+02,4.223584028178742900e-01,9.122431685431046933e-02
7.160000000000000000e+02,4.217076561233054077e-01,9.089523494264684089e-02
7.170000000000000000e+02,4.210579090158229065e-01,9.056734015832264284e-02
7.180000000000000000e+02,4.204091600021205855e-01,9.024062821891194741e-02
7.190000000000000000e+02,4.197614075905392594e-01,8.991509485743698349e-02
7.200000000000000000e+02,4.191146502910731986e-01,8.959073582231238952e-02
7.210000000000000000e+02,4.184688866153764564e-01,8.926754687728975790e-02
7.220000000000000000e+02,4.178241150767693091e-01,8.894552380140227643e-02
7.230000000000000000e+02,4.171803341902441398e-01,8.862466238890956416e-02
7.240000000000000000e+02,4.165375424724715447e-01,8.830495844924282633e-02
7.250000000000000000e+02,4.158957384418061620e-01,8.798640780695010655e-02
7.260000000000000000e+02,4.152549206182923891e-01,8.766900630164174701e-02
7.270000000000000000e+02,4.146150875236699895e-01,8.735274978793604317e-02
7.280000000000000000e+02,4.139762376813795330e-01,8.703763413540513416e-02
7.290000000000000000e+02,4.133383696165677801e-01,8.672365522852108766e-02
7.300000000000000000e+02,4.127014818560930109e-01,8.641080896660208177e-02
7.310000000000000000e+02,4.120655729285299107e-01,8.609909126375892008e-02
7.320000000000000000e+02,4.114306413641748428e-01,8.578849804884164376e-02
7.330000000000000000e+02,4.107966856950506784e-01,8.547902526538637968e-02
7.340000000000000000e+02,4.101637044549114042e-01,8.517066887156235500e-02
7.350000000000000000e+02,4.095316961792470067e-01,8.486342484011911991e-02
7.360000000000000000e+02,4.089006594052878585e-01,8.455728915833396475e-02
7.370000000000000000e+02,4.082705926720094913e-01,8.425225782795947582e-02
7.380000000000000000e+02,4.076414945201364826e-01,8.394832686517136877e-02
7.390000000000000000e+02,4.070133634921470622e-01,8.364549230051646078e-02
7.400000000000000000e+02,4.063861981322771655e-01,8.334375017886078152e-02
7.410000000000000000e+02,4.057599969865243739e-01,8.304309655933797552e-02
7.420000000000000000e+02,4.051347586026520231e-01,8.274352751529781558e-02
7.430000000000000000e+02,4.045104815301928669e-01,8.244503913425493824e-02
7.440000000000000000e+02,4.038871643204531292e-01,8.214762751783770411e-02
7.450000000000000000e+02,4.032648055265157239e-01,8.185128878173734968e-02
7.460000000000000000e+02,4.026434037032441404e-01,8.155601905565720844e-02
7.470000000000000000e+02,4.020229574072858858e-01,8.126181448326219581e-02
7.480000000000000000e+02,4.014034651970757595e-01,8.096867122212841883e-02
7.490000000000000000e+02,4.007849256328390730e-01,8.067658544369304963e-02
7.500000000000000000e+02,4.001673372765951475e-01,8.038555333320426821e-02
7.510000000000000000e+02,3.995506986921600334e-01,8.009557108967149675e-02
7.520000000000000000e+02,3.989350084451498413e-01,7.980663492581567542e-02
7.530000000000000000e+02,3.983202651029835728e-01,7.951874106801989917e-02
7.540000000000000000e+02,3.977064672348860075e-01,7.923188575628009600e-02
7.550000000000000000e+02,3.970936134118903671e-01,7.894606524415589965e-02
7.560000000000000000e+02,3.964817022068412022e-01,7.866127579872175812e-02
7.570000000000000000e+02,3.958707321943967239e-01,7.837751370051815325e-02
7.580000000000000000e+02,3.952607019510316899e-01,7.809477524350304234e-02
7.590000000000000000e+02,3.946516100550395700e-01,7.781305673500346631e-02
7.600000000000000000e+02,3.940434550865351548e-01,7.753235449566729665e-02
7.610000000000000000e+02,3.934362356274566652e-01,7.725266485941523209e-02
7.620000000000000000e+02,3.928299502615680838e-01,7.697398417339285093e-02
7.630000000000000000e+02,3.922245975744612645e-01,7.669630879792296851e-02
7.640000000000000000e+02,3.916201761535580972e-01,7.641963510645806423e-02
7.650000000000000000e+02,3.910166845881124509e-01,7.614395948553294435e-02
7.660000000000000000e+02,3.904141214692122275e-01,7.586927833471754368e-02
7.670000000000000000e+02,3.898124853897810826e-01,7.559558806656987984e-02
7.680000000000000000e+02,3.892117749445802577e-01,7.532288510658924352e-02
7.690000000000000000e+02,3.886119887302105780e-01,7.505116589316949971e-02
7.700000000000000000e+02,3.880131253451136741e-01,7.478042687755256934e-02
7.710000000000000000e+02,3.874151833895740360e-01,7.451066452378204974e-02
7.720000000000000000e+02,3.868181614657202894e-01,7.424187530865709872e-02
7.730000000000000000e+02,3.862220581775267503e-01,7.397405572168638810e-02
7.740000000000000000e+02,3.856268721308149239e-01,7.370720226504226535e-02
7.750000000000000000e+02,3.850326019332546701e-01,7.344131145351504020e-02
7.760000000000000000e+02,3.844392461943658135e-01,7.317637981446753481e-02
7.770000000000000000e+02,3.838468035255190314e-01,7.291240388778966186e-02
7.780000000000000000e+02,3.832552725399374083e-01,7.264938022585326616e-02
7.790000000000000000e+02,3.826646518526971574e-01,7.238730539346713289e-02
7.800000000000000000e+02,3.820749400807290641e-01,7.212617596783202356e-02
7.810000000000000000e+02,3.814861358428192073e-01,7.186598853849611446e-02
7.820000000000000000e+02,3.808982377596101254e-01,7.160673970731032401e-02
7.830000000000000000e+02,3.803112444536015380e-01,7.134842608838400102e-02
7.840000000000000000e+02,3.797251545491514557e-01,7.109104430804072394e-02
7.850000000000000000e+02,3.791399666724767359e-01,7.083459100477416948e-02
7.860000000000000000e+02,3.785556794516538037e-01,7.057906282920428653e-02
7.870000000000000000e+02,3.779722915166195962e-01,7.032445644403348406e-02
7.880000000000000000e+02,3.773898014991720617e-01,7.007076852400312417e-02
7.890000000000000000e+02,3.768082080329706596e-01,6.981799575585000139e-02
7.900000000000000000e+02,3.762275097535371371e-01,6.956613483826315503e-02
7.910000000000000000e+02,3.756477052982556963e-01,6.931518248184069531e-02
7.920000000000000000e+02,3.750687933063738821e-01,6.906513540904687942e-02
7.930000000000000000e+02,3.744907724190025267e-01,6.881599035416929855e-02
7.940000000000000000e+02,3.739136412791165265e-01,6.856774406327621751e-02
7.950000000000000000e+02,3.733373985315547872e-01,6.832039329417408102e-02
7.960000000000000000e+02,3.727620428230208338e-01,6.807393481636514476e-02
7.970000000000000000e+02,3.721875728020827001e-01,6.782836541100537020e-02
7.980000000000000000e+02,3.716139871191734279e-01,6.758368187086227774e-02
7.990000000000000000e+02,3.710412844265909005e-01,6.733988100027313295e-02
8.000000000000000000e+02,3.704694633784982871e-01,6.709695961510318829e-02
8.010000000000000000e+02,3.698985226309237095e-01,6.685491454270409140e-02
8.020000000000000000e+02,3.693284608417605197e-01,6.661374262187243211e-02
8.030000000000000000e+02,3.687592766707672998e-01,6.637344070280853936e-02
8.040000000000000000e+02,3.681909687795675845e-01,6.613400564707522244e-02
8.050000000000000000e+02,3.676235358316500279e-01,6.589543432755687324e-02
8.060000000000000000e+02,3.670569764923680145e-01,6.565772362841860998e-02
8.070000000000000000e+02,3.664912894289394929e-01,6.542087044506553206e-02
8.080000000000000000e+02,3.659264733104470868e-01,6.518487168410226629e-02
8.090000000000000000e+02,3.653625268078374289e-01,6.494972426329245763e-02
8.100000000000000000e+02,3.647994485939212161e-01,6.471542511151862076e-02
8.110000000000000000e+02,3.642372373433724886e-01,6.448197116874193613e-02
8.120000000000000000e+02,3.636758917327287399e-01,6.424935938596233742e-02
8.130000000000000000e+02,3.631154104403901961e-01,6.401758672517871007e-02
8.140000000000000000e+02,3.625557921466194822e-01,6.378665015934914528e-02
8.150000000000000000e+02,3.619970355335412338e-01,6.355654667235147159e-02
8.160000000000000000e+02,3.614391392851414864e-01,6.332727325894384196e-02
8.170000000000000000e+02,3.608821020872671759e-01,6.309882692472548738e-02
8.180000000000000000e+02,3.603259226276257499e-01,6.287120468609755375e-02
8.190000000000000000e+02,3.597705995957842795e-01,6.264440357022425798e-02
8.200000000000000000e+02,3.592161316831691820e-01,6.241842061499393995e-02
8.210000000000000000e+02,3.586625175830653323e-01,6.219325286898044758e-02
8.220000000000000000e+02,3.581097559906154526e-01,6.196889739140454267e-02
8.230000000000000000e+02,3.575578456028193908e-01,6.174535125209555664e-02
8.240000000000000000e+02,3.570067851185334540e-01,6.152261153145305306e-02
8.250000000000000000e+02,3.564565732384696317e-01,6.130067532040874012e-02
8.260000000000000000e+02,3.559072086651947631e-01,6.107953972038848017e-02
8.270000000000000000e+02,3.553586901031295930e-01,6.085920184327439642e-02
8.280000000000000000e+02,3.548110162585483285e-01,6.063965881136719471e-02
8.290000000000000000e+02,3.542641858395773058e-01,6.042090775734854091e-02
8.300000000000000000e+02,3.537181975561943248e-01,6.020294582424366020e-02
8.310000000000000000e+02,3.531730501202278161e-01,5.998577016538396423e-02
8.320000000000000000e+02,3.526287422453556197e-01,5.976937794436994189e-02
8.330000000000000000e+02,3.520852726471043193e-01,5.955376633503405015e-02
8.340000000000000000e+02,3.515426400428479092e-01,5.933893252140384766e-02
8.350000000000000000e+02,3.510008431518071292e-01,5.912487369766519785e-02
8.360000000000000000e+02,3.504598806950481316e-01,5.891158706812563151e-02
8.370000000000000000e+02,3.499197513954815930e-01,5.869906984717782050e-02
8.380000000000000000e+02,3.493804539778615492e-01,5.848731925926323183e-02
8.390000000000000000e+02,3.488419871687842844e-01,5.827633253883582332e-02
8.400000000000000000e+02,3.483043496966872210e-01,5.806610693032597525e-02
8.410000000000000000e+02,3.477675402918476433e-01,5.785663968810447755e-02
8.420000000000000000e+02,3.472315576863816977e-01,5.764792807644666950e-02
8.430000000000000000e+02,3.466964006142431165e-01,5.743996936949673227e-02
8.440000000000000000e+02,3.461620678112220517e-01,5.723276085123205070e-02
8.450000000000000000e+02,3.456285580149436321e-01,5.702629981542777643e-02
8.460000000000000000e+02,3.450958699648669636e-01,5.682058356562146723e-02
8.470000000000000000e+02,3.445640024022836867e-01,5.661560941507787215e-02
8.480000000000000000e+02,3.440329540703166988e-01,5.641137468675383460e-02
8.490000000000000000e+02,3.435027237139188783e-01,5.620787671326335500e-02
8.500000000000000000e+02,3.429733100798717516e-01,5.600511283684272978e-02
8.510000000000000000e+02,3.424447119167840503e-01,5.580308040931583613e-02
8.520000000000000000e+02,3.419169279750904344e-01,5.560177679205956236e-02
8.530000000000000000e+02,3.413899570070500489e-01,5.540119935596935635e-02
8.540000000000000000e+02,3.408637977667451358e-01,5.520134548142484332e-02
8.550000000000000000e+02,3.403384490100795357e-01,5.500221255825567257e-02
8.560000000000000000e+02,3.398139094947774108e-01,5.480379798570737815e-02
8.570000000000000000e+02,3.392901779803816353e-01,5.460609917240744071e-02
8.580000000000000000e+02,3.387672532282522964e-01,5.440911353633143266e-02
8.590000000000000000e+02,3.382451340015654173e-01,5.421283850476928123e-02
8.600000000000000000e+02,3.377238190653110705e-01,5.401727151429171203e-02
8.610000000000000000e+02,3.372033071862923226e-01,5.382241001071672720e-02
8.620000000000000000e+02,3.366835971331232358e-01,5.362825144907626407e-02
8.630000000000000000e+02,3.361646876762277580e-01,5.343479329358295088e-02
8.640000000000000000e+02,3.356465775878376689e-01,5.324203301759700135e-02
8.650000000000000000e+02,3.351292656419915250e-01,5.304996810359319248e-02
8.660000000000000000e+02,3.346127506145325503e-01,5.285859604312802273e-02
8.670000000000000000e+02,3.340970312831073596e-01,5.266791433680689805e-02
8.680000000000000000e+02,3.335821064271642378e-01,5.247792049425154676e-02
8.690000000000000000e+02,3.330679748279515850e-01,5.228861203406744151e-02
8.700000000000000000e+02,3.325546352685160301e-01,5.209998648381143627e-02
8.710000000000000000e+02,3.320420865337010419e-01,5.191204137995944490e-02
8.720000000000000000e+02,3.315303274101450426e-01,5.172477426787427252e-02
8.730000000000000000e+02,3.310193566862797976e-01,5.153818270177356470e-02
8.740000000000000000e+02,3.305091731523288612e-01,5.135226424469786777e-02
8.750000000000000000e+02,3.299997756003054672e-01,5.116701646847877927e-02
8.760000000000000000e+02,3.294911628240112522e-01,5.098243695370727191e-02
8.770000000000000000e+02,3.289833336190342572e-01,5.079852328970205222e-02
8.780000000000000000e+02,3.284762867827472066e-01,5.061527307447811347e-02
8.790000000000000000e+02,3.279700211143058430e-01,5.043268391471534412e-02
8.800000000000000000e+02,3.274645354146470400e-01,5.025075342572727505e-02
8.810000000000000000e+02,3.269598284864871363e-01,5.006947923142993084e-02
8.820000000000000000e+02,3.264558991343199379e-01,4.988885896431081296e-02
8.830000000000000000e+02,3.259527461644152746e-01,4.970889026539795225e-02
8.840000000000000000e+02,3.254503683848167239e-01,4.952957078422912107e-02
8.850000000000000000e+02,3.249487646053401679e-01,4.935089817882114260e-02
8.860000000000000000e+02,3.244479336375719059e-01,4.917287011563926946e-02
8.870000000000000000e+02,3.239478742948666001e-01,4.899548426956674280e-02
8.880000000000000000e+02,3.234485853923455556e-01,4.881873832387439993e-02
8.890000000000000000e+02,3.229500657468948877e-01,4.864262997019044160e-02
8.900000000000000000e+02,3.224523141771636348e-01,4.846715690847025471e-02
8.910000000000000000e+02,3.219553295035618712e-01,4.829231684696640159e-02
8.920000000000000000e+02,3.214591105482587641e-01,4.811810750219866484e-02
8.930000000000000000e+02,3.209636561351807416e-01,4.794452659892424473e-02
8.940000000000000000e+02,3.204689650900096609e-01,4.777157187010802608e-02
8.950000000000000000e+02,3.199750362401807546e-01,4.759924105689297691e-02
8.960000000000000000e+02,3.194818684148806320e-01,4.742753190857065121e-02
8.970000000000000000e+02,3.189894604450456694e-01,4.725644218255180273e-02
8.980000000000000000e+02,3.184978111633598452e-01,4.708596964433705429e-02
8.990000000000000000e+02,3.180069194042527414e-01,4.691611206748776131e-02
9.000000000000000000e+02,3.175167840038977118e-01,4.674686723359692403e-02
9.010000000000000000e+02,3.170274038002099948e-01,4.657823293226019679e-02
9.020000000000000000e+02,3.165387776328446034e-01,4.641020696104701526e-02
9.030000000000000000e+02,3.160509043431943832e-01,4.624278712547187642e-02
9.040000000000000000e+02,3.155637827743880686e-01,4.607597123896561842e-02
9.050000000000000000e+02,3.150774117712882294e-01,4.590975712284691562e-02
9.060000000000000000e+02,3.145917901804894390e-01,4.574414260629377366e-02
9.070000000000000000e+02,3.141069168503159981e-01,4.557912552631522562e-02
9.080000000000000000e+02,3.136227906308202695e-01,4.541470372772304920e-02
9.090000000000000000e+02,3.131394103737804580e-01,4.525087506310362939e-02
9.100000000000000000e+02,3.126567749326985002e-01,4.508763739278992544e-02
9.110000000000000000e+02,3.121748831627982890e-01,4.492498858483351398e-02
9.120000000000000000e+02,3.116937339210235636e-01,4.476292651497672248e-02
9.130000000000000000e+02,3.112133260660357448e-01,4.460144906662494302e-02
9.140000000000000000e+02,3.107336584582120476e-01,4.444055413081893224e-02
9.150000000000000000e+02,3.102547299596433161e-01,4.428023960620729171e-02
9.160000000000000000e+02,3.097765394341321921e-01,4.412050339901903151e-02
9.170000000000000000e+02,3.092990857471907828e-01,4.396134342303620324e-02
9.180000000000000000e+02,3.088223677660387190e-01,4.380275759956667181e-02
9.190000000000000000e+02,3.083463843596011555e-01,4.364474385741695661e-02
9.200000000000000000e+02,3.078711343985065518e-01,4.348730013286518370e-02
9.210000000000000000e+02,3.073966167550848949e-01,4.333042436963413513e-02
9.220000000000000000e+02,3.069228303033652017e-01,4.317411451886438850e-02
9.230000000000000000e+02,3.064497739190737424e-01,4.301836853908756753e-02
9.240000000000000000e+02,3.059774464796318760e-01,4.286318439619966891e-02
9.250000000000000000e+02,3.055058468641539404e-01,4.270856006343450029e-02
9.260000000000000000e+02,3.050349739534451432e-01,4.255449352133720831e-02
9.270000000000000000e+02,3.045648266299995632e-01,4.240098275773790393e-02
9.280000000000000000e+02,3.040954037779978747e-01,4.224802576772539869e-02
9.290000000000000000e+02,3.036267042833054042e-01,4.209562055362098265e-02
9.300000000000000000e+02,3.031587270334699102e-01,4.194376512495236881e-02
9.310000000000000000e+02,3.026914709177195295e-01,4.179245749842768615e-02
9.320000000000000000e+02,3.022249348269607228e-01,4.164169569790956982e-02
9.330000000000000000e+02,3.017591176537759434e-01,4.149147775438936925e-02
9.340000000000000000e+02,3.012940182924218058e-01,4.134180170596139792e-02
9.350000000000000000e+02,3.008296356388266979e-01,4.119266559779735659e-02
9.360000000000000000e+02,3.003659685905887278e-01,4.104406748212076350e-02
9.370000000000000000e+02,2.999030160469737805e-01,4.089600541818154411e-02
9.380000000000000000e+02,2.994407769089130200e-01,4.074847747223065558e-02
9.390000000000000000e+02,2.989792500790011687e-01,4.060148171749485002e-02
9.400000000000000000e+02,2.985184344614940088e-01,4.045501623415151404e-02
9.410000000000000000e+02,2.980583289623064402e-01,4.030907910930359161e-02
9.420000000000000000e+02,2.975989324890103704e-01,4.016366843695457628e-02
9.430000000000000000e+02,2.971402439508322724e-01,4.001878231798365604e-02
9.440000000000000000e+02,2.966822622586514080e-01,3.987441886012089293e-02
9.450000000000000000e+02,2.962249863249974968e-01,3.973057617792249974e-02
9.460000000000000000e+02,2.957684150640485510e-01,3.958725239274622776e-02
9.470000000000000000e+02,2.953125473916287103e-01,3.944444563272683085e-02
9.480000000000000000e+02,2.948573822252061327e-01,3.930215403275161279e-02
9.490000000000000000e+02,2.944029184838908852e-01,3.916037573443607867e-02
9.500000000000000000e+02,2.939491550884326676e-01,3.901910888609964184e-02
9.510000000000000000e+02,2.934960909612187585e-01,3.887835164274146271e-02
9.520000000000000000e+02,2.930437250262716287e-01,3.873810216601634993e-02
9.530000000000000000e+02,2.925920562092471644e-01,3.859835862421072405e-02
9.540000000000000000e+02,2.921410834374320586e-01,3.845911919221873393e-02
9.550000000000000000e+02,2.916908056397419791e-01,3.832038205151839377e-02
9.560000000000000000e+02,2.912412217467192366e-01,3.818214539014784525e-02
9.570000000000000000e+02,2.907923306905306760e-01,3.804440740268168197e-02
9.580000000000000000e+02,2.903441314049653998e-01,3.790716629020737111e-02
9.590000000000000000e+02,2.898966228254327149e-01,3.777042026030177913e-02
9.600000000000000000e+02,2.894498038889599112e-01,3.763416752700773915e-02
9.610000000000000000e+02,2.890036735341900975e-01,3.749840631081072240e-02
9.620000000000000000e+02,2.885582307013799808e-01,3.736313483861561369e-02
9.630000000000000000e+02,2.881134743323977010e-01,3.722835134372355637e-02
9.640000000000000000e+02,2.876694033707206666e-01,3.709405406580885273e-02
9.650000000000000000e+02,2.872260167614334447e-01,3.696024125089601708e-02
9.660000000000000000e+02,2.867833134512253745e-01,3.682691115133680804e-02
9.670000000000000000e+02,2.863412923883885686e-01,3.669406202578746889e-02
9.680000000000000000e+02,2.858999525228157479e-01,3.656169213918592648e-02
9.690000000000000000e+02,2.854592928059979107e-01,3.642979976272917031e-02
9.700000000000000000e+02,2.850193121910221672e-01,3.629838317385067348e-02
9.710000000000000000e+02,2.845800096325697415e-01,3.616744065619786203e-02
9.720000000000000000e+02,2.841413840869135843e-01,3.603697049960971621e-02
9.730000000000000000e+02,2.837034345119162637e-01,3.590697100009446890e-02
9.740000000000000000e+02,2.832661598670277447e-01,3.577744045980728316e-02
9.750000000000000000e+02,2.828295591132832798e-01,3.564837718702813796e-02
9.760000000000000000e+02,2.823936312133011883e-01,3.551977949613970009e-02
9.770000000000000000e+02,2.819583751312805808e-01,3.539164570760533479e-02
9.780000000000000000e+02,2.815237898329993049e-01,3.526397414794713026e-02
9.790000000000000000e+02,2.810898742858117250e-01,3.513676314972408177e-02
9.800000000000000000e+02,2.806566274586464460e-01,3.501001105151030357e-02
9.810000000000000000e+02,2.802240483220042044e-01,3.488371619787331013e-02
9.820000000000000000e+02,2.797921358479557030e-01,3.475787693935242922e-02
9.830000000000000000e+02,2.793608890101393905e-01,3.463249163243722895e-02
9.840000000000000000e+02,2.789303067837591854e-01,3.450755863954604874e-02
9.850000000000000000e+02,2.785003881455825336e-01,3.438307632900466232e-02
9.860000000000000000e+02,2.780711320739379655e-01,3.425904307502490587e-02
9.870000000000000000e+02,2.776425375487129865e-01,3.413545725768349359e-02
9.880000000000000000e+02,2.772146035513519680e-01,3.401231726290081248e-02
9.890000000000000000e+02,2.767873290648539264e-01,3.388962148241989047e-02
9.900000000000000000e+02,2.763607130737703033e-01,3.376736831378535086e-02
9.910000000000000000e+02,2.759347545642027444e-01,3.364555616032252616e-02
9.920000000000000000e+02,2.755094525238010461e-01,3.352418343111655819e-02
9.930000000000000000e+02,2.750848059417608793e-01,3.340324854099165769e-02
9.940000000000000000e+02,2.746608138088216799e-01,3.328274991049037790e-02
9.950000000000000000e+02,2.742374751172642622e-01,3.316268596585299905e-02
9.960000000000000000e+02,2.738147888609089309e-01,3.304305513899696845e-02
9.970000000000000000e+02,2.733927540351130392e-01,3.292385586749643767e-02
9.980000000000000000e+02,2.729713696367690456e-01,3.280508659456181364e-02
9.990000000000000000e+02,2.725506346643021827e-01,3.268674576901946932e-02
1.000000000000000000e+03,2.721305481176682362e-01,3.256883184529146824e-02
1.001000000000000000e+03,2.717111089983514916e-01,3.245134328337539315e-02
1.002000000000000000e+03,2.712923163093625689e-01,3.233427854882420238e-02
1.003000000000000000e+03,2.708741690552360915e-01,3.221763611272621119e-02
1.004000000000000000e+03,2.704566662420286871e-01,3.210141445168511465e-02
1.005000000000000000e+03,2.700398068773166016e-01,3.198561204780011463e-02
1.006000000000000000e+03,2.696235899701937555e-01,3.187022738864606075e-02
1.007000000000000000e+03,2.692080145312695239e-01,3.175525896725371611e-02
1.008000000000000000e+03,2.687930795726664046e-01,3.164070528209007166e-02
1.009000000000000000e+03,2.683787841080179648e-01,3.152656483703875079e-02
1.010000000000000000e+03,2.679651271524667311e-01,3.141283614138043467e-02
1.011000000000000000e+03,2.675521077226619138e-01,3.129951770977343339e-02
1.012000000000000000e+03,2.671397248367572974e-01,3.118660806223426396e-02
1.013000000000000000e+03,2.667279775144090204e-01,3.107410572411831162e-02
1.014000000000000000e+03,2.663168647767735209e-01,3.096200922610059525e-02
1.015000000000000000e+03,2.659063856465051501e-01,3.085031710415656395e-02
1.016000000000000000e+03,2.654965391477543957e-01,3.073902789954297693e-02
1.017000000000000000e+03,2.650873243061653284e-01,3.062814015877885279e-02
1.018000000000000000e+03,2.646787401488735481e-01,3.051765243362648816e-02
1.019000000000000000e+03,2.642707857045042408e-01,3.040756328107253534e-02
1.020000000000000000e+03,2.638634600031698474e-01,3.029787126330917013e-02
1.021000000000000000e+03,2.634567620764677320e-01,3.018857494771530481e-02
1.022000000000000000e+03,2.630506909574784613e-01,3.007967290683787390e-02
1.023000000000000000e+03,2.626452456807632507e-01,2.997116371837319632e-02
1.024000000000000000e+03,2.622404252823620219e-01,2.986304596514840343e-02
1.025000000000000000e+03,2.618362287997912929e-01,2.975531823510291912e-02
1.026000000000000000e+03,2.614326552720417363e-01,2.964797912127002666e-02
1.027000000000000000e+03,2.610297037395764574e-01,2.954102722175849099e-02
1.028000000000000000e+03,2.606273732443284419e-01,2.943446113973424705e-02
1.029000000000000000e+03,2.602256628296987229e-01,2.932827948340216428e-02
1.030000000000000000e+03,2.598245715405541612e-01,2.922248086598785641e-02
1.031000000000000000e+03,2.594240984232251690e-01,2.911706390571958125e-02
1.032000000000000000e+03,2.590242425255037118e-01,2.901202722581018578e-02
1.033000000000000000e+03,2.586250028966410319e-01,2.890736945443913436e-02
1.034000000000000000e+03,2.582263785873457618e-01,2.880308922473458211e-02
1.035000000000000000e+03,2.578283686497814808e-01,2.869918517475552461e-02
1.036000000000000000e+03,2.574309721375648841e-01,2.859565594747402392e-02
1.037000000000000000e+03,2.570341881057633948e-01,2.849250019075746584e-02
1.038000000000000000e+03,2.566380156108932775e-01,2.838971655735091082e-02
1.039000000000000000e+03,2.562424537109173062e-01,2.828730370485949691e-02
1.040000000000000000e+03,2.558475014652427104e-01,2.818526029573090522e-02
1.041000000000000000e+03,2.554531579347190662e-01,2.808358499723789814e-02
1.042000000000000000e+03,2.550594221816362417e-01,2.798227648146090624e-02
1.043000000000000000e+03,2.546662932697220660e-01,2.788133342527068792e-02
1.044000000000000000e+03,2.542737702641404418e-01,2.778075451031104467e-02
1.045000000000000000e+03,2.538818522314892356e-01,2.768053842298161260e-02
1.046000000000000000e+03,2.534905382397979468e-01,2.758068385442068865e-02
1.047000000000000000e+03,2.530998273585256531e-01,2.748118950048816442e-02
1.048000000000000000e+03,2.527097186585591793e-01,2.738205406174846340e-02
1.049000000000000000e+03,2.523202112122106544e-01,2.728327624345358582e-02
1.050000000000000000e+03,2.519313040932155134e-01,2.718485475552619851e-02
1.051000000000000000e+03,2.515429963767304988e-01,2.708678831254278385e-02
1.052000000000000000e+03,2.511552871393314401e-01,2.698907563371685109e-02
1.053000000000000000e+03,2.507681754590111445e-01,2.689171544288220667e-02
1.054000000000000000e+03,2.503816604151773983e-01,2.679470646847629395e-02
1.055000000000000000e+03,2.499957410886507470e-01,2.669804744352358150e-02
1.056000000000000000e+03,2.496104165616625514e-01,2.660173710561900690e-02
1.057000000000000000e+03,2.492256859178527684e-01,2.650577419691151071e-02
1.058000000000000000e+03,2.488415482422679514e-01,2.641015746408758788e-02
1.059000000000000000e+03,2.484580026213590864e-01,2.631488565835492927e-02
1.060000000000000000e+03,2.480750481429795373e-01,2.621995753542610830e-02
1.061000000000000000e+03,2.476926838963829924e-01,2.612537185550233704e-02
1.062000000000000000e+03,2.473109089722213827e-01,2.603112738325726733e-02
1.063000000000000000e+03,2.469297224625427445e-01,2.593722288782085092e-02
1.064000000000000000e+03,2.465491234607891657e-01,2.584365714276327594e-02
1.065000000000000000e+03,2.461691110617947320e-01,2.575042892607894846e-02
1.066000000000000000e+03,2.457896843617835003e-01,2.565753702017051566e-02
1.067000000000000000e+03,2.454108424583673342e-01,2.556498021183298969e-02
1.068000000000000000e+03,2.450325844505438777e-01,2.547275729223788879e-02
1.069000000000000000e+03,2.446549094386945011e-01,2.538086705691743744e-02
1.070000000000000000e+03,2.442778165245821920e-01,2.528930830574886712e-02
1.071000000000000000e+03,2.439013048113495841e-01,2.519807984293870318e-02
1.072000000000000000e+03,2.435253734035168205e-01,2.510718047700717659e-02
1.073000000000000000e+03,2.431500214069795274e-01,2.501660902077266005e-02
1.074000000000000000e+03,2.427752479290067322e-01,2.492636429133614911e-02
1.075000000000000000e+03,2.424010520782388101e-01,2.483644511006581623e-02
1.076000000000000000e+03,2.420274329646855405e-01,2.474685030258163068e-02
1.077000000000000000e+03,2.416543896997239149e-01,2.465757869874000974e-02
1.078000000000000000e+03,2.412819213960961662e-01,2.456862913261853229e-02
1.079000000000000000e+03,2.409100271679076866e-01,2.448000044250071838e-02
1.080000000000000000e+03,2.405387061306250573e-01,2.439169147086086425e-02
1.081000000000000000e+03,2.401679574010738838e-01,2.430370106434890515e-02
1.082000000000000000e+03,2.397977800974369633e-01,2.421602807377536831e-02
1.083000000000000000e+03,2.394281733392520373e-01,2.412867135409635724e-02
1.084000000000000000e+03,2.390591362474098758e-01,2.404162976439859836e-02
1.085000000000000000e+03,2.386906679441521961e-01,2.395490216788453974e-02
1.086000000000000000e+03,2.383227675530696921e-01,2.386848743185750188e-02
1.087000000000000000e+03,2.379554341991000355e-01,2.378238442770689437e-02
1.088000000000000000e+03,2.375886670085256835e-01,2.369659203089345689e-02
1.089000000000000000e+03,2.372224651089720471e-01,2.361110912093459385e-02
1.090000000000000000e+03,2.368568276294054087e-01,2.352593458138972984e-02
1.091000000000000000e+03,2.364917537001308689e-01,2.344106729984572063e-02
1.092000000000000000e+03,2.361272424527904035e-01,2.335650616790234391e-02
1.093000000000000000e+03,2.357632930203607535e-01,2.327225008115780050e-02
1.094000000000000000e+03,2.353999045371515386e-01,2.318829793919430921e-02
1.095000000000000000e+03,2.350370761388031748e-01,2.310464864556372594e-02
1.096000000000000000e+03,2.346748069622848765e-01,2.302130110777322880e-02
1.097000000000000000e+03,2.343130961458927131e-01,2.293825423727103782e-02
1.098000000000000000e+03,2.339519428292475001e-01,2.285550694943221800e-02
1.099000000000000000e+03,2.335913461532929114e-01,2.277305816354448925e-02
1.100000000000000000e+03,2.332313052602934533e-01,2.269090680279414046e-02
1.101000000000000000e+03,2.328718192938324383e-01,2.260905179425193659e-02
1.102000000000000000e+03,2.325128873988100420e-01,2.252749206885912986e-02
1.103000000000000000e+03,2.321545087214413328e-01,2.244622656141347442e-02
1.104000000000000000e+03,2.317966824092541622e-01,2.236525421055533813e-02
1.105000000000000000e+03,2.314394076110873888e-01,2.228457395875382829e-02
1.106000000000000000e+03,2.310826834770887128e-01,2.220418475229297972e-02
1.107000000000000000e+03,2.307265091587127892e-01,2.212408554125799148e-02
1.108000000000000000e+03,2.303708838087192567e-01,2.204427527952152258e-02
1.109000000000000000e+03,2.300158065811707675e-01,2.196475292473001883e-02
1.110000000000000000e+03,2.296612766314309328e-01,2.188551743829010576e-02
1.111000000000000000e+03,2.293072931161624917e-01,2.180656778535502993e-02
1.112000000000000000e+03,2.289538551933252841e-01,2.172790293481112467e-02
1.113000000000000000e+03,2.286009620221742256e-01,2.164952185926436248e-02
1.114000000000000000e+03,2.282486127632574746e-01,2.157142353502693177e-02
1.115000000000000000e+03,2.278968065784144070e-01,2.149360694210385864e-02
1.116000000000000000e+03,2.275455426307736451e-01,2.141607106417969114e-02
1.117000000000000000e+03,2.271948200847511146e-01,2.133881488860523215e-02
1.118000000000000000e+03,2.268446381060481576e-01,2.126183740638430686e-02
1.119000000000000000e+03,2.264949958616494785e-01,2.118513761216057542e-02
1.120000000000000000e+03,2.261458925198213121e-01,2.110871450420442885e-02
1.121000000000000000e+03,2.257973272501094253e-01,2.103256708439987452e-02
1.122000000000000000e+03,2.254492992233372017e-01,2.095669435823153265e-02
1.123000000000000000e+03,2.251018076116036437e-01,2.088109533477161550e-02
1.124000000000000000e+03,2.247548515882814846e-01,2.080576902666700714e-02
1.125000000000000000e+03,2.244084303280153014e-01,2.073071445012636405e-02
1.126000000000000000e+03,2.240625430067195167e-01,2.065593062490726078e-02
1.127000000000000000e+03,2.237171888015765386e-01,2.058141657430339472e-02
1.128000000000000000e+03,2.233723668910347071e-01,2.050717132513182189e-02
1.129000000000000000e+03,2.230280764548065731e-01,2.043319390772025540e-02
1.130000000000000000e+03,2.226843166738667890e-01,2.035948335589439148e-02
1.131000000000000000e+03,2.223410867304503324e-01,2.028603870696530503e-02
1.132000000000000000e+03,2.219983858080504802e-01,2.021285900171685898e-02
1.133000000000000000e+03,2.216562130914170314e-01,2.013994328439318998e-02
1.134000000000000000e+03,2.213145677665542266e-01,2.006729060268622189e-02
1.135000000000000000e+03,2.209734490207189983e-01,1.999490000772322779e-02
1.136000000000000000e+03,2.206328560424190011e-01,1.992277055405443018e-02
1.137000000000000000e+03,2.202927880214106959e-01,1.985090129964067057e-02
1.138000000000000000e+03,2.199532441486974910e-01,1.977929130584108602e-02
1.139000000000000000e+03,2.196142236165278538e-01,1.970793963740086197e-02
1.140000000000000000e+03,2.192757256183933134e-01,1.963684536243902670e-02
1.141000000000000000e+03,2.189377493490267390e-01,1.956600755243625284e-02
1.142000000000000000e+03,2.186002940044002862e-01,1.949542528222275237e-02
1.143000000000000000e+03,2.182633587817236487e-01,1.942509762996619260e-02
1.144000000000000000e+03,2.179269428794420871e-01,1.935502367715964678e-02
1.145000000000000000e+03,2.175910454972345975e-01,1.928520250860960364e-02
1.146000000000000000e+03,2.172556658360119686e-01,1.921563321242401867e-02
1.147000000000000000e+03,2.169208030979150326e-01,1.914631488000039308e-02
1.148000000000000000e+03,2.165864564863126396e-01,1.907724660601391869e-02
1.149000000000000000e+03,2.162526252057998810e-01,1.900842748840564714e-02
1.150000000000000000e+03,2.159193084621962022e-01,1.893985662837071454e-02
1.151000000000000000e+03,2.155865054625435706e-01,1.887153313034659052e-02
1.152000000000000000e+03,2.152542154151045328e-01,1.880345610200140349e-02
1.153000000000000000e+03,2.149224375293604661e-01,1.873562465422225903e-02
1.154000000000000000e+03,2.145911710160095520e-01,1.866803790110364847e-02
1.155000000000000000e+03,2.142604150869651392e-01,1.860069495993587826e-02
1.156000000000000000e+03,2.139301689553537167e-01,1.853359495119352718e-02
1.157000000000000000e+03,2.136004318355131937e-01,1.846673699852396586e-02
1.158000000000000000e+03,2.132712029429908729e-01,1.840012022873591807e-02
1.159000000000000000e+03,2.129424814945418687e-01,1.833374377178804970e-02
1.160000000000000000e+03,2.126142667081269977e-01,1.826760676077760978e-02
1.161000000000000000e+03,2.122865578029111133e-01,1.820170833192909926e-02
1.162000000000000000e+03,2.119593539992611908e-01,1.813604762458300573e-02
1.163000000000000000e+03,2.116326545187445785e-01,1.807062378118454507e-02
1.164000000000000000e+03,2.113064585841270548e-01,1.800543594727247593e-02
1.165000000000000000e+03,2.109807654193710524e-01,1.794048327146792465e-02
1.166000000000000000e+03,2.106555742496338812e-01,1.787576490546329000e-02
1.167000000000000000e+03,2.103308843012657858e-01,1.781128000401113742e-02
1.168000000000000000e+03,2.100066948018082247e-01,1.774702772491317665e-02
1.169000000000000000e+03,2.096830049799920381e-01,1.768300722900925312e-02
1.170000000000000000e+03,2.093598140657356166e-01,1.761921768016640188e-02
1.171000000000000000e+03,2.090371212901430409e-01,1.755565824526790497e-02
1.172000000000000000e+03,2.087149258855023615e-01,1.749232809420243201e-02
1.173000000000000000e+03,2.083932270852837387e-01,1.742922639985319128e-02
1.174000000000000000e+03,2.080720241241376112e-01,1.736635233808711890e-02
1.175000000000000000e+03,2.077513162378929468e-01,1.730370508774412702e-02
1.176000000000000000e+03,2.074311026635554667e-01,1.724128383062637285e-02
1.177000000000000000e+03,2.071113826393057300e-01,1.717908775148757963e-02
1.178000000000000000e+03,2.067921554044974131e-01,1.711711603802237858e-02
1.179000000000000000e+03,2.064734201996555885e-01,1.705536788085570271e-02
1.180000000000000000e+03,2.061551762664747545e-01,1.699384247353222591e-02
1.181000000000000000e+03,2.058374228478172530e-01,1.693253901250581922e-02
1.182000000000000000e+03,2.055201591877112710e-01,1.687145669712905582e-02
1.183000000000000000e+03,2.052033845313492866e-01,1.681059472964276796e-02
1.184000000000000000e+03,2.048870981250860979e-01,1.674995231516561434e-02
1.185000000000000000e+03,2.045712992164371580e-01,1.668952866168369603e-02
1.186000000000000000e+03,2.042559870540767430e-01,1.662932298004023146e-02
1.187000000000000000e+03,2.039411608878362037e-01,1.656933448392522434e-02
1.188000000000000000e+03,2.036268199687021607e-01,1.650956238986521843e-02
1.189000000000000000e+03,2.033129635488148124e-01,1.645000591721304528e-02
1.190000000000000000e+03,2.029995908814660743e-01,1.639066428813764492e-02
1.191000000000000000e+03,2.026867012210979424e-01,1.633153672761389341e-02
1.192000000000000000e+03,2.023742938233006050e-01,1.627262246341248941e-02
1.193000000000000000e+03,2.020623679448107224e-01,1.621392072608986504e-02
1.194000000000000000e+03,2.017509228435097057e-01,1.615543074897813486e-02
1.195000000000000000e+03,2.014399577784219963e-01,1.609715176817509349e-02
1.196000000000000000e+03,2.011294720097131505e-01,1.603908302253422014e-02
1.197000000000000000e+03,2.008194647986883408e-01,1.598122375365475592e-02
1.198000000000000000e+03,2.005099354077903850e-01,1.592357320587178826e-02
1.199000000000000000e+03,2.002008831005981371e-01,1.586613062624638373e-02
1.200000000000000000e+03,1.998923071418247099e-01,1.580889526455575567e-02
1.201000000000000000e+03,1.995842067973156997e-01,1.575186637328346989e-02
1.202000000000000000e+03,1.992765813340475201e-01,1.569504320760967478e-02
1.203000000000000000e+03,1.989694300201256538e-01,1.563842502540137291e-02
1.204000000000000000e+03,1.986627521247829042e-01,1.558201108720273440e-02
1.205000000000000000e+03,1.983565469183776186e-01,1.552580065622543616e-02
1.206000000000000000e+03,1.980508136723920787e-01,1.546979299833904295e-02
1.207000000000000000e+03,1.977455516594306961e-01,1.541398738206141081e-02
1.208000000000000000e+03,1.974407601532182921e-01,1.535838307854914611e-02
1.209000000000000000e+03,1.971364384285984317e-01,1.530297936158807152e-02
1.210000000000000000e+03,1.968325857615316754e-01,1.524777550758375441e-02
1.211000000000000000e+03,1.965292014290938860e-01,1.519277079555205259e-02
1.212000000000000000e+03,1.962262847094744522e-01,1.513796450710969133e-02
1.213000000000000000e+03,1.959238348819747066e-01,1.508335592646488886e-02
1.214000000000000000e+03,1.956218512270060939e-01,1.502894434040800802e-02
1.215000000000000000e+03,1.953203330260885329e-01,1.497472903830223551e-02
1.216000000000000000e+03,1.950192795618487240e-01,1.492070931207430638e-02
1.217000000000000000e+03,1.947186901180184559e-01,1.486688445620525101e-02
1.218000000000000000e+03,1.944185639794328568e-01,1.481325376772118368e-02
1.219000000000000000e+03,1.941189004320287570e-01,1.475981654618412769e-02
1.220000000000000000e+03,1.938196987628429402e-01,1.470657209368285250e-02
1.221000000000000000e+03,1.935209582600105893e-01,1.465351971482377336e-02
1.222000000000000000e+03,1.932226782127633991e-01,1.460065871672185794e-02
1.223000000000000000e+03,1.929248579114281048e-01,1.454798840899158840e-02
1.224000000000000000e+03,1.926274966474246231e-01,1.449550810373793561e-02
1.225000000000000000e+03,1.923305937132644972e-01,1.444321711554737674e-02
1.226000000000000000e+03,1.920341484025491763e-01,1.439111476147894586e-02
1.227000000000000000e+03,1.917381600099682948e-01,1.433920036105531225e-02
1.228000000000000000e+03,1.914426278312981455e-01,1.428747323625389337e-02
1.229000000000000000e+03,1.911475511633998758e-01,1.423593271149800610e-02
1.230000000000000000e+03,1.908529293042178221e-01,1.418457811364802826e-02
1.231000000000000000e+03,1.905587615527780110e-01,1.413340877199262442e-02
1.232000000000000000e+03,1.902650472091862444e-01,1.408242401823997514e-02
1.233000000000000000e+03,1.899717855746266837e-01,1.403162318650904780e-02
1.234000000000000000e+03,1.896789759513600737e-01,1.398100561332091436e-02
1.235000000000000000e+03,1.893866176427220493e-01,1.393057063759006731e-02
1.236000000000000000e+03,1.890947099531216091e-01,1.388031760061579634e-02
1.237000000000000000e+03,1.888032521880393666e-01,1.383024584607358241e-02
1.238000000000000000e+03,1.885122436540259683e-01,1.378035472000652822e-02
1.239000000000000000e+03,1.882216836587004283e-01,1.373064357081681466e-02
1.240000000000000000e+03,1.879315715107484630e-01,1.368111174925719375e-02
1.241000000000000000e+03,1.876419065199208536e-01,1.363175860842250411e-02
1.242000000000000000e+03,1.873526879970318637e-01,1.358258350374122805e-02
1.243000000000000000e+03,1.870639152539575745e-01,1.353358579296706776e-02
1.244000000000000000e+03,1.867755876036342744e-01,1.348476483617056139e-02
1.245000000000000000e+03,1.864877043600567386e-01,1.343611999573072341e-02
1.246000000000000000e+03,1.862002648382767578e-01,1.338765063632671969e-02
1.247000000000000000e+03,1.859132683544014175e-01,1.333935612492956335e-02
1.248000000000000000e+03,1.856267142255914326e-01,1.329123583079385752e-02
1.249000000000000000e+03,1.853406017700596764e-01,1.324328912544954495e-02
1.250000000000000000e+03,1.850549303070693763e-01,1.319551538269371146e-02
1.251000000000000000e+03,1.847696991569327263e-01,1.314791397858239980e-02
1.252000000000000000e+03,1.844849076410090549e-01,1.310048429142246507e-02
1.253000000000000000e+03,1.842005550817033266e-01,1.305322570176345454e-02
1.254000000000000000e+03,1.839166408024645594e-01,1.300613759238951339e-02
1.255000000000000000e+03,1.836331641277841598e-01,1.295921934831132868e-02
1.256000000000000000e+03,1.833501243831943683e-01,1.291247035675809583e-02
1.257000000000000000e+03,1.830675208952665667e-01,1.286589000716951287e-02
1.258000000000000000e+03,1.827853529916098341e-01,1.281947769118781284e-02
1.259000000000000000e+03,1.825036200008692266e-01,1.277323280264981015e-02
1.260000000000000000e+03,1.822223212527242509e-01,1.272715473757898841e-02
1.261000000000000000e+03,1.819414560778872536e-01,1.268124289417761098e-02
1.262000000000000000e+03,1.816610238081018125e-01,1.263549667281886266e-02
1.263000000000000000e+03,1.813810237761411814e-01,1.258991547603902084e-02
1.264000000000000000e+03,1.811014553158066809e-01,1.254449870852964409e-02
1.265000000000000000e+03,1.808223177619261712e-01,1.249924577712980406e-02
1.266000000000000000e+03,1.805436104503524430e-01,1.245415609081833991e-02
1.267000000000000000e+03,1.802653327179615794e-01,1.240922906070613015e-02
1.268000000000000000e+03,1.799874839026515405e-01,1.236446410002841126e-02
1.269000000000000000e+03,1.797100633433403871e-01,1.231986062413711024e-02
1.270000000000000000e+03,1.794330703799649207e-01,1.227541805049321005e-02
1.271000000000000000e+03,1.791565043534789348e-01,1.223113579865913597e-02
1.272000000000000000e+03,1.788803646058517716e-01,1.218701329029118693e-02
1.273000000000000000e+03,1.786046504800667400e-01,1.214304994913196697e-02
1.274000000000000000e+03,1.783293613201195060e-01,1.209924520100287212e-02
1.275000000000000000e+03,1.780544964710165656e-01,1.205559847379658600e-02
1.276000000000000000e+03,1.777800552787737187e-01,1.201210919746960315e-02
1.277000000000000000e+03,1.775060370904145146e-01,1.196877680403479402e-02
1.278000000000000000e+03,1.772324412539686422e-01,1.192560072755397688e-02
1.279000000000000000e+03,1.769592671184704313e-01,1.188258040413053655e-02
1.280000000000000000e+03,1.766865140339573537e-01,1.183971527190205014e-02
1.281000000000000000e+03,1.764141813514683022e-01,1.179700477103295606e-02
1.282000000000000000e+03,1.761422684230423141e-01,1.175444834370723522e-02
1.283000000000000000e+03,1.758707746017167950e-01,1.171204543412113566e-02
1.284000000000000000e+03,1.755996992415261582e-01,1.166979548847590052e-02
1.285000000000000000e+03,1.753290416975001320e-01,1.162769795497054989e-02
1.286000000000000000e+03,1.750588013256623998e-01,1.158575228379466089e-02
1.287000000000000000e+03,1.747889774830289067e-01,1.154395792712119631e-02
1.288000000000000000e+03,1.745195695276064995e-01,1.150231433909934542e-02
1.289000000000000000e+03,1.742505768183912340e-01,1.146082097584739425e-02
1.290000000000000000e+03,1.739819987153669589e-01,1.141947729544562362e-02
1.291000000000000000e+03,1.737138345795037619e-01,1.137828275792923324e-02
1.292000000000000000e+03,1.734460837727564986e-01,1.133723682528128829e-02
1.293000000000000000e+03,1.731787456580632378e-01,1.129633896142568858e-02
1.294000000000000000e+03,1.729118195993437079e-01,1.125558863222017418e-02
1.295000000000000000e+03,1.726453049614978807e-01,1.121498530544934487e-02
1.296000000000000000e+03,1.723792011104043620e-01,1.117452845081770910e-02
1.297000000000000000e+03,1.721135074129190035e-01,1.113421753994276245e-02
1.298000000000000000e+03,1.718482232368732654e-01,1.109405204634808170e-02
1.299000000000000000e+03,1.715833479510728843e-01,1.105403144545645186e-02
1.300000000000000000e+03,1.713188809252961797e-01,1.101415521458301051e-02
1.301000000000000000e+03,1.710548215302926667e-01,1.097442283292842866e-02
1.302000000000000000e+03,1.707911691377816121e-01,1.093483378157210188e-02
1.303000000000000000e+03,1.705279231204503976e-01,1.089538754346537977e-02
1.304000000000000000e+03,1.702650828519531589e-01,1.085608360342480566e-02
1.305000000000000000e+03,1.700026477069092601e-01,1.081692144812539461e-02
1.306000000000000000e+03,1.697406170609017662e-01,1.077790056609392172e-02
1.307000000000000000e+03,1.694789902904759726e-01,1.073902044770225564e-02
1.308000000000000000e+03,1.692177667731380453e-01,1.070028058516068505e-02
1.309000000000000000e+03,1.689569458873533270e-01,1.066168047251129895e-02
1.310000000000000000e+03,1.686965270125450611e-01,1.062321960562137568e-02
1.311000000000000000e+03,1.684365095290927539e-01,1.058489748217679785e-02
1.312000000000000000e+03,1.681768928183308698e-01,1.054671360167549164e-02
1.313000000000000000e+03,1.679176762625472219e-01,1.050866746542089211e-02
1.314000000000000000e+03,1.676588592449815285e-01,1.047075857651542409e-02
1.315000000000000000e+03,1.674004411498240530e-01,1.043298643985402299e-02
1.316000000000000000e+03,1.671424213622140220e-01,1.039535056211766083e-02
1.317000000000000000e+03,1.668847992682382098e-01,1.035785045176690344e-02
1.318000000000000000e+03,1.666275742549294669e-01,1.032048561903549204e-02
1.319000000000000000e+03,1.663707457102653053e-01,1.028325557592394898e-02
1.320000000000000000e+03,1.661143130231663712e-01,1.024615983619320096e-02
1.321000000000000000e+03,1.658582755834950850e-01,1.020919791535823164e-02
1.322000000000000000e+03,1.656026327820541155e-01,1.017236933068174989e-02
1.323000000000000000e+03,1.653473840105849635e-01,1.013567360116788933e-02
1.324000000000000000e+03,1.650925286617665189e-01,1.009911024755592163e-02
1.325000000000000000e+03,1.648380661292135896e-01,1.006267879231400632e-02
1.326000000000000000e+03,1.645839958074755693e-01,1.002637875963294060e-02
1.327000000000000000e+03,1.643303170920347722e-01,9.990209675419955970e-03
1.328000000000000000e+03,1.640770293793052670e-01,9.954171067292521755e-03
1.329000000000000000e+03,1.638241320666312395e-01,9.918262464572176473e-03
1.330000000000000000e+03,1.635716245522856882e-01,9.882483398278383430e-03
1.331000000000000000e+03,1.633195062354688698e-01,9.846833401122396731e-03
1.332000000000000000e+03,1.630677765163069948e-01,9.811312007501168941e-03
1.333000000000000000e+03,1.628164347958507840e-01,9.775918753491267404e-03
1.334000000000000000e+03,1.625654804760739425e-01,9.740653176842807917e-03
1.335000000000000000e+03,1.623149129598718265e-01,9.705514816973426565e-03
1.336000000000000000e+03,1.620647316510600566e-01,9.670503214962260230e-03
1.337000000000000000e+03,1.618149359543729626e-01,9.635617913543953125e-03
1.338000000000000000e+03,1.615655252754623628e-01,9.600858457102685872e-03
1.339000000000000000e+03,1.613164990208959537e-01,9.566224391666221932e-03
1.340000000000000000e+03,1.610678565981560617e-01,9.531715264899983525e-03
1.341000000000000000e+03,1.608195974156381158e-01,9.497330626101141426e-03
1.342000000000000000e+03,1.605717208826493436e-01,9.463070026192725581e-03
1.343000000000000000e+03,1.603242264094072445e-01,9.428933017717766943e-03
1.344000000000000000e+03,1.600771134070383406e-01,9.394919154833446251e-03
1.345000000000000000e+03,1.598303812875765950e-01,9.361027993305274034e-03
1.346000000000000000e+03,1.595840294639622459e-01,9.327259090501291428e-03
1.347000000000000000e+03,1.593380573500401409e-01,9.293612005386283140e-03
1.348000000000000000e+03,1.590924643605586275e-01,9.260086298516025105e-03
1.349000000000000000e+03,1.588472499111678871e-01,9.226681532031540817e-03
1.350000000000000000e+03,1.586024134184187695e-01,9.193397269653380208e-03
1.351000000000000000e+03,1.583579542997612388e-01,9.160233076675926289e-03
1.352000000000000000e+03,1.581138719735431519e-01,9.127188519961713931e-03
1.353000000000000000e+03,1.578701658590087598e-01,9.094263167935778130e-03
1.354000000000000000e+03,1.576268353762972918e-01,9.061456590580010961e-03
1.355000000000000000e+03,1.573838799464417071e-01,9.028768359427551474e-03
1.356000000000000000e+03,1.571412989913672509e-01,8.996198047557184274e-03
1.357000000000000000e+03,1.568990919338900392e-01,8.963745229587767593e-03
1.358000000000000000e+03,1.566572581977157541e-01,8.931409481672678702e-03
1.359000000000000000e+03,1.564157972074383118e-01,8.899190381494271468e-03
1.360000000000000000e+03,1.561747083885383358e-01,8.867087508258366876e-03
1.361000000000000000e+03,1.559339911673819357e-01,8.835100442688759159e-03
1.362000000000000000e+03,1.556936449712192916e-01,8.803228767021730600e-03
1.363000000000000000e+03,1.554536692281832666e-01,8.771472065000607971e-03
1.364000000000000000e+03,1.552140633672881576e-01,8.739829921870313767e-03
1.365000000000000000e+03,1.549748268184281963e-01,8.708301924371955605e-03
1.366000000000000000e+03,1.547359590123762452e-01,8.676887660737431229e-03
1.367000000000000000e+03,1.544974593807825203e-01,8.645586720684043935e-03
1.368000000000000000e+03,1.542593273561731204e-01,8.614398695409150944e-03
1.369000000000000000e+03,1.540215623719487503e-01,8.583323177584818719e-03
1.370000000000000000e+03,1.537841638623833329e-01,8.552359761352506043e-03
1.371000000000000000e+03,1.535471312626227047e-01,8.521508042317764431e-03
1.372000000000000000e+03,1.533104640086833115e-01,8.490767617544952434e-03
1.373000000000000000e+03,1.530741615374507369e-01,8.460138085551977688e-03
1.374000000000000000e+03,1.528382232866784540e-01,8.429619046305049379e-03
1.375000000000000000e+03,1.526026486949865202e-01,8.399210101213454988e-03
1.376000000000000000e+03,1.523674372018601064e-01,8.368910853124361324e-03
1.377000000000000000e+03,1.521325882476483593e-01,8.338720906317613826e-03
1.378000000000000000e+03,1.518981012735628744e-01,8.308639866500579230e-03
1.379000000000000000e+03,1.516639757216765305e-01,8.278667340802993435e-03
1.380000000000000000e+03,1.514302110349220465e-01,8.248802937771828464e-03
1.381000000000000000e+03,1.511968066570907321e-01,8.219046267366180228e-03
1.382000000000000000e+03,1.509637620328311003e-01,8.189396940952177115e-03
1.383000000000000000e+03,1.507310766076476183e-01,8.159854571297902454e-03
1.384000000000000000e+03,1.504987498278992919e-01,8.130418772568332592e-03
1.385000000000000000e+03,1.502667811407985277e-01,8.101089160320307930e-03
1.386000000000000000e+03,1.500351699944095785e-01,8.071865351497505697e-03
1.387000000000000000e+03,1.498039158376474056e-01,8.042746964425433534e-03
1.388000000000000000e+03,1.495730181202762910e-01,8.013733618806452574e-03
1.389000000000000000e+03,1.493424762929086436e-01,7.984824935714807462e-03
1.390000000000000000e+03,1.491122898070034730e-01,7.956020537591673714e-03
1.391000000000000000e+03,1.488824581148653348e-01,7.927320048240229372e-03
1.392000000000000000e+03,1.486529806696428035e-01,7.898723092820744002e-03
1.393000000000000000e+03,1.484238569253273354e-01,7.870229297845683300e-03
1.394000000000000000e+03,1.481950863367519355e-01,7.841838291174824116e-03
1.395000000000000000e+03,1.479666683595898258e-01,7.813549702010405898e-03
1.396000000000000000e+03,1.477386024503530848e-01,7.785363160892274335e-03
1.397000000000000000e+03,1.475108880663915656e-01,7.757278299693064899e-03
1.398000000000000000e+03,1.472835246658913688e-01,7.729294751613395922e-03
1.399000000000000000e+03,1.470565117078737050e-01,7.701412151177072091e-03
1.400000000000000000e+03,1.468298486521935620e-01,7.673630134226315687e-03
1.401000000000000000e+03,1.466035349595384008e-01,7.645948337917008245e-03
1.402000000000000000e+03,1.463775700914269340e-01,7.618366400713951284e-03
1.403000000000000000e+03,1.461519535102077660e-01,7.590883962386149597e-03
1.404000000000000000e+03,1.459266846790581440e-01,7.563500664002098875e-03
1.405000000000000000e+03,1.457017630619827364e-01,7.536216147925102818e-03
1.406000000000000000e+03,1.454771881238123010e-01,7.509030057808600660e-03
1.407000000000000000e+03,1.452529593302024080e-01,7.481942038591515506e-03
1.408000000000000000e+03,1.450290761476321633e-01,7.454951736493612216e-03
1.409000000000000000e+03,1.448055380434030426e-01,7.428058799010883034e-03
1.410000000000000000e+03,1.445823444856374485e-01,7.401262874910937567e-03
1.411000000000000000e+03,1.443594949432775998e-01,7.374563614228420508e-03
1.412000000000000000e+03,1.441369888860841719e-01,7.347960668260438040e-03
1.413000000000000000e+03,1.439148257846351031e-01,7.321453689562005054e-03
1.414000000000000000e+03,1.436930051103243178e-01,7.295042331941506246e-03
1.415000000000000000e+03,1.434715263353604220e-01,7.268726250456176291e-03
1.416000000000000000e+03,1.432503889327654822e-01,7.242505101407592169e-03
1.417000000000000000e+03,1.430295923763738042e-01,7.216378542337188902e-03
1.418000000000000000e+03,1.428091361408306559e-01,7.190346232021782233e-03
1.419000000000000000e+03,1.425890197015909910e-01,7.164407830469112989e-03
1.420000000000000000e+03,1.423692425349182000e-01,7.138562998913407925e-03
1.421000000000000000e+03,1.421498041178829441e-01,7.112811399810957044e-03
1.422000000000000000e+03,1.419307039283618233e-01,7.087152696835700462e-03
1.423000000000000000e+03,1.417119414450361548e-01,7.061586554874839557e-03
1.424000000000000000e+03,1.414935161473907799e-01,7.036112640024459394e-03
1.425000000000000000e+03,1.412754275157127593e-01,7.010730619585166766e-03
1.426000000000000000e+03,1.410576750310902072e-01,6.985440162057746441e-03
1.427000000000000000e+03,1.408402581754109595e-01,6.960240937138829562e-03
1.428000000000000000e+03,1.406231764313614629e-01,6.935132615716583723e-03
1.429000000000000000e+03,1.404064292824254712e-01,6.910114869866410860e-03
1.430000000000000000e+03,1.401900162128827954e-01,6.885187372846664211e-03
1.431000000000000000e+03,1.399739367078081387e-01,6.860349799094384374e-03
1.432000000000000000e+03,1.397581902530698472e-01,6.835601824221044891e-03
1.433000000000000000e+03,1.395427763353286332e-01,6.810943125008316057e-03
1.434000000000000000e+03,1.393276944420364649e-01,6.786373379403842603e-03
1.435000000000000000e+03,1.391129440614352619e-01,6.761892266517039590e-03
1.436000000000000000e+03,1.388985246825557296e-01,6.737499466614900456e-03
1.437000000000000000e+03,1.386844357952160545e-01,6.713194661117819796e-03
1.438000000000000000e+03,1.384706768900208496e-01,6.688977532595435233e-03
1.439000000000000000e+03,1.382572474583597388e-01,6.664847764762480559e-03
1.440000000000000000e+03,1.380441469924063025e-01,6.640805042474653627e-03
1.441000000000000000e+03,1.378313749851168835e-01,6.616849051724502453e-03
1.442000000000000000e+03,1.376189309302291996e-01,6.592979479637321727e-03
1.443000000000000000e+03,1.374068143222613447e-01,6.569196014467069272e-03
1.444000000000000000e+03,1.371950246565105114e-01,6.545498345592293786e-03
1.445000000000000000e+03,1.369835614290516868e-01,6.521886163512076451e-03
1.446000000000000000e+03,1.367724241367366533e-01,6.498359159841989030e-03
1.447000000000000000e+03,1.365616122771926566e-01,6.474917027310068442e-03
1.448000000000000000e+03,1.363511253488211561e-01,6.451559459752801741e-03
1.449000000000000000e+03,1.361409628507968539e-01,6.428286152111127583e-03
1.450000000000000000e+03,1.359311242830662791e-01,6.405096800426454164e-03
1.451000000000000000e+03,1.357216091463466778e-01,6.381991101836684971e-03
1.452000000000000000e+03,1.355124169421249025e-01,6.358968754572267082e-03
1.453000000000000000e+03,1.353035471726560801e-01,6.336029457952249005e-03
1.454000000000000000e+03,1.350949993409625571e-01,6.313172912380354135e-03
1.455000000000000000e+03,1.348867729508326230e-01,6.290398819341066344e-03
1.456000000000000000e+03,1.346788675068193997e-01,6.267706881395732066e-03
1.457000000000000000e+03,1.344712825142396484e-01,6.245096802178676243e-03
1.458000000000000000e+03,1.342640174791725483e-01,6.222568286393330428e-03
1.459000000000000000e+03,1.340570719084585583e-01,6.200121039808378226e-03
1.460000000000000000e+03,1.338504453096982516e-01,6.177754769253909414e-03
1.461000000000000000e+03,1.336441371912511222e-01,6.155469182617594008e-03
1.462000000000000000e+03,1.334381470622344190e-01,6.133263988840865003e-03
1.463000000000000000e+03,1.332324744325220078e-01,6.111138897915117593e-03
1.464000000000000000e+03,1.330271188127431503e-01,6.089093620877924010e-03
1.465000000000000000e+03,1.328220797142813936e-01,6.067127869809255288e-03
1.466000000000000000e+03,1.326173566492733769e-01,6.045241357827723858e-03
1.467000000000000000e+03,1.324129491306076933e-01,6.023433799086835676e-03
1.468000000000000000e+03,1.322088566719236968e-01,6.001704908771256231e-03
1.469000000000000000e+03,1.320050787876103637e-01,5.980054403093094766e-03
1.470000000000000000e+03,1.318016149928051550e-01,5.958481999288191971e-03
1.471000000000000000e+03,1.315984648033928506e-01,5.936987415612430229e-03
1.472000000000000000e+03,1.313956277360043834e-01,5.915570371338054259e-03
1.473000000000000000e+03,1.311931033080157016e-01,5.894230586750004788e-03
1.474000000000000000e+03,1.309908910375466029e-01,5.872967783142262616e-03
1.475000000000000000e+03,1.307889904434596517e-01,5.851781682814211766e-03
1.476000000000000000e+03,1.305874010453589862e-01,5.830672009067011316e-03
1.477000000000000000e+03,1.303861223635890965e-01,5.809638486199981966e-03
1.478000000000000000e+03,1.301851539192338536e-01,5.788680839507003885e-03
1.479000000000000000e+03,1.299844952341152049e-01,5.767798795272930171e-03
1.480000000000000000e+03,1.297841458307922302e-01,5.746992080770015054e-03
1.481000000000000000e+03,1.295841052325597542e-01,5.726260424254343839e-03
1.482000000000000000e+03,1.293843729634474304e-01,5.705603554962292330e-03
1.483000000000000000e+03,1.291849485482184923e-01,5.685021203106986262e-03
1.484000000000000000e+03,1.289858315123686983e-01,5.664513099874776345e-03
1.485000000000000000e+03,1.287870213821250831e-01,5.644078977421733249e-03
1.486000000000000000e+03,1.285885176844449584e-01,5.623718568870143472e-03
1.487000000000000000e+03,1.283903199470147749e-01,5.603431608305026873e-03
1.488000000000000000e+03,1.281924276982488453e-01,5.583217830770663762e-03
1.489000000000000000e+03,1.279948404672884565e-01,5.563076972267131520e-03
1.490000000000000000e+03,1.277975577840005927e-01,5.543008769746862047e-03
1.491000000000000000e+03,1.276005791789768251e-01,5.523012961111200061e-03
1.492000000000000000e+03,1.274039041835322572e-01,5.503089285206983969e-03
1.493000000000000000e+03,1.272075323297043870e-01,5.483237481823135390e-03
1.494000000000000000e+03,1.270114631502519686e-01,5.463457291687259104e-03
1.495000000000000000e+03,1.268156961786538750e-01,5.443748456462255136e-03
1.496000000000000000e+03,1.266202309491081257e-01,5.424110718742949054e-03
1.497000000000000000e+03,1.264250669965305829e-01,5.404543822052727473e-03
1.498000000000000000e+03,1.262302038565540352e-01,5.385047510840188303e-03
1.499000000000000000e+03,1.260356410655268933e-01,5.365621530475804882e-03
1.500000000000000000e+03,1.258413781605123294e-01,5.346265627248597031e-03
1.501000000000000000e+03,1.256474146792869451e-01,5.326979548362821212e-03
1.502000000000000000e+03,1.254537501603398275e-01,5.307763041934667608e-03
1.503000000000000000e+03,1.252603841428713283e-01,5.288615856988970222e-03
1.504000000000000000e+03,1.250673161667921196e-01,5.269537743455928250e-03
1.505000000000000000e+03,1.248745457727219454e-01,5.250528452167840462e-03
1.506000000000000000e+03,1.246820725019886084e-01,5.231587734855851733e-03
1.507000000000000000e+03,1.244898958966268732e-01,5.212715344146710839e-03
1.508000000000000000e+03,1.242980154993773984e-01,5.193911033559539536e-03
1.509000000000000000e+03,1.241064308536855842e-01,5.175174557502609449e-03
1.510000000000000000e+03,1.239151415037005044e-01,5.156505671270142366e-03
1.511000000000000000e+03,1.237241469942739064e-01,5.137904131039107945e-03
1.512000000000000000e+03,1.235334468709590183e-01,5.119369693866039628e-03
1.513000000000000000e+03,1.233430406800094942e-01,5.100902117683867032e-03
1.514000000000000000e+03,1.231529279683784006e-01,5.082501161298746614e-03
1.515000000000000000e+03,1.229631082837170514e-01,5.064166584386918350e-03
1.516000000000000000e+03,1.227735811743739802e-01,5.045898147491564151e-03
1.517000000000000000e+03,1.225843461893938863e-01,5.027695612019679287e-03
1.518000000000000000e+03,1.223954028785164821e-01,5.009558740238959432e-03
1.519000000000000000e+03,1.222067507921754947e-01,4.991487295274692898e-03
1.520000000000000000e+03,1.220183894814975967e-01,4.973481041106668499e-03
1.521000000000000000e+03,1.218303184983012682e-01,4.955539742566092073e-03
1.522000000000000000e+03,1.216425373950958122e-01,4.937663165332515161e-03
1.523000000000000000e+03,1.214550457250802296e-01,4.919851075930777549e-03
1.524000000000000000e+03,1.212678430421422066e-01,4.902103241727953295e-03
1.525000000000000000e+03,1.210809289008570044e-01,4.884419430930314956e-03
1.526000000000000000e+03,1.208943028564864464e-01,4.866799412580307370e-03
1.527000000000000000e+03,1.207079644649778349e-01,4.849242956553529230e-03
1.528000000000000000e+03,1.205219132829628698e-01,4.831749833555726813e-03
1.529000000000000000e+03,1.203361488677566482e-01,4.814319815119804183e-03
1.530000000000000000e+03,1.201506707773565691e-01,4.796952673602831660e-03
1.531000000000000000e+03,1.199654785704413057e-01,4.779648182183080310e-03
1.532000000000000000e+03,1.197805718063697511e-01,4.762406114857054701e-03
1.533000000000000000e+03,1.195959500451799495e-01,4.745226246436543872e-03
1.534000000000000000e+03,1.194116128475880695e-01,4.728108352545678378e-03
1.535000000000000000e+03,1.192275597749873628e-01,4.711052209617999469e-03
1.536000000000000000e+03,1.190437903894470961e-01,4.694057594893542157e-03
1.537000000000000000e+03,1.188603042537115656e-01,4.677124286415923482e-03
1.538000000000000000e+03,1.186771009311989589e-01,4.660252063029444655e-03
1.539000000000000000e+03,1.184941799860004252e-01,4.643440704376201877e-03
1.540000000000000000e+03,1.183115409828789655e-01,4.626689990893207566e-03
1.541000000000000000e+03,1.181291834872684049e-01,4.609999703809526325e-03
1.542000000000000000e+03,1.179471070652723941e-01,4.593369625143415257e-03
1.543000000000000000e+03,1.177653112836633542e-01,4.576799537699474674e-03
1.544000000000000000e+03,1.175837957098814363e-01,4.560289225065817034e-03
1.545000000000000000e+03,1.174025599120335217e-01,4.543838471611235871e-03
1.546000000000000000e+03,1.172216034588921540e-01,4.527447062482391205e-03
1.547000000000000000e+03,1.170409259198945395e-01,4.511114783601001890e-03
1.548000000000000000e+03,1.168605268651415341e-01,4.494841421661054451e-03
1.549000000000000000e+03,1.166804058653966025e-01,4.478626764126011905e-03
1.550000000000000000e+03,1.165005624920847915e-01,4.462470599226040814e-03
1.551000000000000000e+03,1.163209963172917166e-01,4.446372715955243526e-03
1.552000000000000000e+03,1.161417069137625491e-01,4.430332904068903441e-03
1.553000000000000000e+03,1.159626938549010028e-01,4.414350954080740672e-03
1.554000000000000000e+03,1.157839567147682935e-01,4.398426657260173789e-03
1.555000000000000000e+03,1.156054950680821813e-01,4.382559805629595434e-03
1.556000000000000000e+03,1.154273084902158741e-01,4.366750191961653142e-03
1.557000000000000000e+03,1.152493965571970980e-01,4.350997609776545774e-03
1.558000000000000000e+03,1.150717588457070562e-01,4.335301853339326890e-03
1.559000000000000000e+03,1.148943949330794023e-01,4.319662717657215059e-03
1.560000000000000000e+03,1.147173043972992690e-01,4.304079998476919786e-03
1.561000000000000000e+03,1.145404868170022544e-01,4.288553492281972634e-03
1.562000000000000000e+03,1.143639417714734097e-01,4.273082996290066167e-03
1.563000000000000000e+03,1.141876688406462115e-01,4.257668308450410222e-03
1.564000000000000000e+03,1.140116676051016464e-01,4.242309227441093400e-03
1.565000000000000000e+03,1.138359376460671285e-01,4.227005552666448021e-03
1.566000000000000000e+03,1.136604785454155414e-01,4.211757084254434159e-03
1.567000000000000000e+03,1.134852898856642256e-01,4.196563623054030620e-03
1.568000000000000000e+03,1.133103712499740345e-01,4.181424970632630252e-03
1.569000000000000000e+03,1.131357222221482522e-01,4.166340929273451739e-03
1.570000000000000000e+03,1.129613423866316912e-01,4.151311301972954865e-03
1.571000000000000000e+03,1.127872313285096517e-01,4.136335892438269650e-03
1.572000000000000000e+03,1.126133886335069778e-01,4.121414505084628963e-03
1.573000000000000000e+03,1.124398138879870029e-01,4.106546945032820209e-03
1.574000000000000000e+03,1.122665066789506338e-01,4.091733018106634423e-03
1.575000000000000000e+03,1.120934665940353514e-01,4.076972530830331835e-03
1.576000000000000000e+03,1.119206932215141975e-01,4.062265290426117850e-03
1.577000000000000000e+03,1.117481861502948315e-01,4.047611104811620758e-03
1.578000000000000000e+03,1.115759449699185446e-01,4.033009782597387662e-03
1.579000000000000000e+03,1.114039692705592610e-01,4.018461133084381270e-03
1.580000000000000000e+03,1.112322586430225801e-01,4.003964966261489705e-03
1.581000000000000000e+03,1.110608126787448052e-01,3.989521092803046710e-03
1.582000000000000000e+03,1.108896309697919857e-01,3.975129324066359673e-03
1.583000000000000000e+03,1.107187131088589044e-01,3.960789472089240246e-03
1.584000000000000000e+03,1.105480586892681472e-01,3.946501349587557515e-03
1.585000000000000000e+03,1.103776673049691182e-01,3.932264769952786843e-03
1.586000000000000000e+03,1.102075385505370819e-01,3.918079547249571706e-03
1.587000000000000000e+03,1.100376720211721782e-01,3.903945496213299862e-03
1.588000000000000000e+03,1.098680673126985058e-01,3.889862432247679497e-03
1.589000000000000000e+03,1.096987240215630821e-01,3.875830171422332306e-03
1.590000000000000000e+03,1.095296417448349824e-01,3.861848530470386558e-03
1.591000000000000000e+03,1.093608200802042851e-01,3.847917326786087517e-03
1.592000000000000000e+03,1.091922586259811978e-01,3.834036378422410463e-03
1.593000000000000000e+03,1.090239569810950299e-01,3.820205504088685852e-03
1.594000000000000000e+03,1.088559147450932907e-01,3.806424523148230123e-03
1.595000000000000000e+03,1.086881315181406904e-01,3.792693255615987337e-03
1.596000000000000000e+03,1.085206069010182517e-01,3.779011522156177760e-03
1.597000000000000000e+03,1.083533404951222967e-01,3.765379144079956854e-03
1.598000000000000000e+03,1.081863319024635589e-01,3.751795943343080343e-03
1.599000000000000000e+03,1.080195807256661561e-01,3.738261742543580544e-03
1.600000000000000000e+03,1.078530865679667161e-01,3.724776364919447046e-03
1.601000000000000000e+03,1.076868490332134193e-01,3.711339634346320394e-03
1.602000000000000000e+03,1.075208677258650269e-01,3.697951375335190114e-03
1.603000000000000000e+03,1.073551422509899378e-01,3.684611413030104005e-03
1.604000000000000000e+03,1.071896722142653274e-01,3.671319573205883077e-03
1.605000000000000000e+03,1.070244572219761076e-01,3.658075682265847766e-03
1.606000000000000000e+03,1.068594968810140378e-01,3.644879567239549777e-03
1.607000000000000000e+03,1.066947907988768096e-01,3.631731055780513043e-03
1.608000000000000000e+03,1.065303385836670613e-01,3.618629976163982923e-03
1.609000000000000000e+03,1.063661398440914757e-01,3.605576157284683201e-03
1.610000000000000000e+03,1.062021941894598642e-01,3.592569428654581766e-03
1.611000000000000000e+03,1.060385012296841956e-01,3.579609620400663224e-03
1.612000000000000000e+03,1.058750605752777074e-01,3.566696563262711922e-03
1.613000000000000000e+03,1.057118718373539629e-01,3.553830088591098876e-03
1.614000000000000000e+03,1.055489346276259205e-01,3.541010028344581707e-03
1.615000000000000000e+03,1.053862485584050185e-01,3.528236215088108481e-03
1.616000000000000000e+03,1.052238132426002448e-01,3.515508481990631089e-03
1.617000000000000000e+03,1.050616282937172352e-01,3.502826662822926002e-03
1.618000000000000000e+03,1.048996933258573433e-01,3.490190591955424568e-03
1.619000000000000000e+03,1.047380079537166830e-01,3.477600104356048938e-03
1.620000000000000000e+03,1.045765717925852822e-01,3.465055035588055811e-03
1.621000000000000000e+03,1.044153844583461110e-01,3.452555221807891012e-03
1.622000000000000000e+03,1.042544455674742077e-01,3.440100499763047541e-03
1.623000000000000000e+03,1.040937547370357485e-01,3.427690706789934469e-03
1.624000000000000000e+03,1.039333115846871186e-01,3.415325680811752765e-03
1.625000000000000000e+03,1.037731157286740230e-01,3.403005260336377201e-03
1.626000000000000000e+03,1.036131667878305851e-01,3.390729284454248663e-03
1.627000000000000000e+03,1.034534643815784305e-01,3.378497592836272097e-03
1.628000000000000000e+03,1.032940081299257573e-01,3.366310025731722270e-03
1.629000000000000000e+03,1.031347976534665034e-01,3.354166423966156892e-03
1.630000000000000000e+03,1.029758325733793473e-01,3.342066628939338851e-03
1.631000000000000000e+03,1.028171125114268752e-01,3.330010482623164958e-03
1.632000000000000000e+03,1.026586370899546519e-01,3.317997827559600321e-03
1.633000000000000000e+03,1.025004059318903593e-01,3.306028506858623567e-03
1.634000000000000000e+03,1.023424186607428538e-01,3.294102364196177697e-03
1.635000000000000000e+03,1.021846749006012633e-01,3.282219243812127454e-03
1.636000000000000000e+03,1.020271742761341693e-01,3.270378990508224920e-03
1.637000000000000000e+03,1.018699164125886070e-01,3.258581449646084233e-03
1.638000000000000000e+03,1.017129009357892744e-01,3.246826467145160194e-03
1.639000000000000000e+03,1.015561274721375612e-01,3.235113889480736860e-03
1.640000000000000000e+03,1.013995956486107297e-01,3.223443563681922634e-03
1.641000000000000000e+03,1.012433050927609574e-01,3.211815337329651434e-03
1.642000000000000000e+03,1.010872554327145179e-01,3.200229058554692960e-03
1.643000000000000000e+03,1.009314462971708376e-01,3.188684576035667739e-03
1.644000000000000000e+03,1.007758773154016629e-01,3.177181738997073446e-03
1.645000000000000000e+03,1.006205481172501304e-01,3.165720397207313387e-03
1.646000000000000000e+03,1.004654583331299339e-01,3.154300400976735395e-03
1.647000000000000000e+03,1.003106075940244091e-01,3.142921601155676363e-03
1.648000000000000000e+03,1.001559955314856587e-01,3.131583849132515019e-03
1.649000000000000000e+03,1.000016217776337063e-01,3.120286996831730334e-03
1.650000000000000000e+03,9.984748596515558017e-02,3.109030896711967740e-03
1.651000000000000000e+03,9.969358772730446683e-02,3.097815401764112287e-03
1.652000000000000000e+03,9.953992669789883674e-02,3.086640365509368735e-03
1.653000000000000000e+03,9.938650251132155611e-02,3.075505641997348157e-03
1.654000000000000000e+03,9.923331480251902648e-02,3.064411085804161911e-03
1.655000000000000000e+03,9.908036320700033817e-02,3.053356552030523415e-03
1.656000000000000000e+03,9.892764736083634047e-02,3.042341896299853403e-03
1.657000000000000000e+03,9.877516690065885063e-02,3.031366974756395574e-03
1.658000000000000000e+03,9.862292146365975176e-02,3.020431644063338757e-03
1.659000000000000000e+03,9.847091068759013244e-02,3.009535761400943844e-03
1.660000000000000000e+03,9.831913421075941240e-02,2.998679184464677662e-03
1.661000000000000000e+03,9.816759167203453762e-02,2.987861771463355947e-03
1.662000000000000000e+03,9.801628271083900890e-02,2.977083381117290664e-03
1.663000000000000000e+03,9.786520696715214629e-02,2.966343872656446428e-03
1.664000000000000000e+03,9.771436408150818709e-02,2.955643105818598661e-03
1.665000000000000000e+03,9.756375369499538375e-02,2.944980940847504326e-03
1.666000000000000000e+03,9.741337544925521286e-02,2.934357238491076564e-03
1.667000000000000000e+03,9.726322898648151472e-02,2.923771859999564973e-03
1.668000000000000000e+03,9.711331394941957740e-02,2.913224667123744116e-03
1.669000000000000000e+03,9.696362998136540123e-02,2.902715522113108113e-03
1.670000000000000000e+03,9.681417672616472736e-02,2.892244287714070428e-03
1.671000000000000000e+03,9.666495382821227444e-02,2.881810827168172773e-03
1.672000000000000000e+03,9.651596093245087826e-02,2.871415004210298334e-03
1.673000000000000000e+03,9.636719768437063127e-02,2.861056683066891520e-03
1.674000000000000000e+03,9.621866373000800832e-02,2.850735728454185935e-03
1.675000000000000000e+03,9.607035871594510335e-02,2.840452005576435401e-03
1.676000000000000000e+03,9.592228228930871348e-02,2.830205380124157111e-03
1.677000000000000000e+03,9.577443409776953409e-02,2.819995718272373924e-03
1.678000000000000000e+03,9.562681378954132616e-02,2.809822886678867929e-03
1.679000000000000000e+03,9.547942101338008358e-02,2.799686752482439221e-03
1.680000000000000000e+03,9.533225541858314500e-02,2.789587183301170739e-03
1.681000000000000000e+03,9.518531665498843053e-02,2.779524047230697882e-03
1.682000000000000000e+03,9.503860437297355357e-02,2.769497212842488097e-03
1.683000000000000000e+03,9.489211822345502978e-02,2.759506549182122633e-03
1.684000000000000000e+03,9.474585785788741665e-02,2.749551925767586107e-03
1.685000000000000000e+03,9.459982292826249473e-02,2.739633212587564304e-03
1.686000000000000000e+03,9.445401308710844879e-02,2.729750280099743718e-03
1.687000000000000000e+03,9.430842798748902134e-02,2.719902999229121057e-03
1.688000000000000000e+03,9.416306728300269380e-02,2.710091241366318401e-03
1.689000000000000000e+03,9.401793062778190935e-02,2.700314878365900513e-03
1.690000000000000000e+03,9.387301767649214312e-02,2.690573782544704307e-03
1.691000000000000000e+03,9.372832808433119445e-02,2.680867826680169170e-03
1.692000000000000000e+03,9.358386150702829864e-02,2.671196884008676838e-03
1.693000000000000000e+03,9.343961760084330825e-02,2.661560828223895163e-03
1.694000000000000000e+03,9.329559602256592976e-02,2.651959533475128396e-03
1.695000000000000000e+03,9.315179642951484928e-02,2.642392874365673099e-03
1.696000000000000000e+03,9.300821847953694155e-02,2.632860725951181868e-03
1.697000000000000000e+03,9.286486183100645109e-02,2.623362963738030094e-03
1.698000000000000000e+03,9.272172614282417347e-02,2.613899463681690523e-03
1.699000000000000000e+03,9.257881107441666424e-02,2.604470102185113458e-03
1.700000000000000000e+03,9.243611628573540628e-02,2.595074756097112169e-03
1.701000000000000000e+03,9.229364143725601877e-02,2.585713302710754800e-03
1.702000000000000000e+03,9.215138618997743836e-02,2.576385619761761055e-03
1.703000000000000000e+03,9.200935020542111431e-02,2.567091585426906249e-03
1.704000000000000000e+03,9.186753314563017581e-02,2.557831078322430132e-03
1.705000000000000000e+03,9.172593467316869642e-02,2.548603977502450491e-03
1.706000000000000000e+03,9.158455445112083371e-02,2.539410162457385409e-03
1.707000000000000000e+03,9.144339214309005204e-02,2.530249513112377280e-03
1.708000000000000000e+03,9.130244741319828994e-02,2.521121909825727210e-03
1.709000000000000000e+03,9.116171992608521069e-02,2.512027233387329438e-03
1.710000000000000000e+03,9.102120934690736964e-02,2.502965365017115716e-03
1.711000000000000000e+03,9.088091534133743710e-02,2.493936186363505340e-03
1.712000000000000000e+03,9.074083757556336560e-02,2.484939579501857336e-03
1.713000000000000000e+03,9.060097571628764057e-02,2.475975426932932200e-03
1.714000000000000000e+03,9.046132943072646149e-02,2.467043611581354497e-03
1.715000000000000000e+03,9.032189838660897863e-02,2.458144016794087602e-03
1.716000000000000000e+03,9.018268225217647427e-02,2.449276526338907151e-03
1.717000000000000000e+03,9.004368069618155779e-02,2.440441024402884018e-03
1.718000000000000000e+03,8.990489338788743012e-02,2.431637395590872074e-03
1.719000000000000000e+03,8.976631999706703724e-02,2.422865524924000275e-03
1.720000000000000000e+03,8.962796019400234848e-02,2.414125297838172132e-03
1.721000000000000000e+03,8.948981364948349615e-02,2.405416600182569073e-03
1.722000000000000000e+03,8.935188003480806773e-02,2.396739318218158148e-03
1.723000000000000000e+03,8.921415902178030100e-02,2.388093338616208844e-03
1.724000000000000000e+03,8.907665028271025132e-02,2.379478548456811192e-03
1.725000000000000000e+03,8.893935349041308391e-02,2.370894835227402124e-03
1.726000000000000000e+03,8.880226831820824118e-02,2.362342086821295727e-03
1.727000000000000000e+03,8.866539443991872105e-02,2.353820191536217833e-03
1.728000000000000000e+03,8.852873152987023042e-02,2.345329038072849724e-03
1.729000000000000000e+03,8.839227926289046355e-02,2.336868515533371826e-03
1.730000000000000000e+03,8.825603731430832488e-02,2.328438513420017387e-03
1.731000000000000000e+03,8.812000535995312411e-02,2.320038921633627450e-03
1.732000000000000000e+03,8.798418307615385459e-02,2.311669630472214937e-03
1.733000000000000000e+03,8.784857013973837447e-02,2.303330530629530467e-03
1.734000000000000000e+03,8.771316622803265739e-02,2.295021513193635544e-03
1.735000000000000000e+03,8.757797101886001523e-02,2.286742469645478785e-03
1.736000000000000000e+03,8.744298419054036264e-02,2.278493291857481250e-03
1.737000000000000000e+03,8.730820542188941213e-02,2.270273872092120910e-03
1.738000000000000000e+03,8.717363439221795240e-02,2.262084103000528389e-03
1.739000000000000000e+03,8.703927078133101569e-02,2.253923877621084003e-03
1.740000000000000000e+03,8.690511426952721163e-02,2.245793089378019577e-03
1.741000000000000000e+03,8.677116453759788073e-02,2.237691632080028060e-03
1.742000000000000000e+03,8.663742126682638656e-02,2.229619399918877053e-03
1.743000000000000000e+03,8.650388413898735251e-02,2.221576287468024057e-03
1.744000000000000000e+03,8.637055283634584302e-02,2.213562189681243016e-03
1.745000000000000000e+03,8.623742704165671125e-02,2.205577001891250409e-03
1.746000000000000000e+03,8.610450643816376648e-02,2.197620619808339157e-03
1.747000000000000000e+03,8.597179070959903857e-02,2.189692939519014697e-03
1.748000000000000000e+03,8.583927954018205631e-02,2.181793857484641032e-03
1.749000000000000000e+03,8.570697261461905636e-02,2.173923270540085474e-03
1.750000000000000000e+03,8.557486961810223391e-02,2.166081075892372938e-03
1.751000000000000000e+03,8.544297023630903487e-02,2.158267171119342825e-03
1.752000000000000000e+03,8.531127415540135095e-02,2.150481454168311560e-03
1.753000000000000000e+03,8.517978106202483968e-02,2.142723823354739012e-03
1.754000000000000000e+03,8.504849064330809172e-02,2.134994177360902308e-03
1.755000000000000000e+03,8.491740258686197862e-02,2.127292415234570497e-03
1.756000000000000000e+03,8.478651658077884790e-02,2.119618436387687033e-03
1.757000000000000000e+03,8.465583231363181527e-02,2.111972140595056585e-03
1.758000000000000000e+03,8.452534947447398750e-02,2.104353427993034455e-03
1.759000000000000000e+03,8.439506775283776852e-02,2.096762199078224236e-03
1.760000000000000000e+03,8.426498683873406836e-02,2.089198354706177201e-03
1.761000000000000000e+03,8.413510642265162320e-02,2.081661796090096897e-03
1.762000000000000000e+03,8.400542619555620427e-02,2.074152424799549817e-03
1.763000000000000000e+03,8.387594584888991012e-02,2.066670142759180397e-03
1.764000000000000000e+03,8.374666507457043108e-02,2.059214852247429062e-03
1.765000000000000000e+03,8.361758356499034150e-02,2.051786455895255462e-03
1.766000000000000000e+03,8.348870101301630875e-02,2.044384856684868662e-03
1.767000000000000000e+03,8.336001711198839925e-02,2.037009957948458620e-03
1.768000000000000000e+03,8.323153155571934303e-02,2.029661663366933745e-03
1.769000000000000000e+03,8.310324403849381203e-02,2.022339876968663221e-03
1.770000000000000000e+03,8.297515425506771236e-02,2.015044503128224536e-03
1.771000000000000000e+03,8.284726190066737939e-02,2.007775446565152316e-03
1.772000000000000000e+03,8.271956667098895322e-02,2.000532612342695825e-03
1.773000000000000000e+03,8.259206826219758768e-02,1.993315905866578641e-03
1.774000000000000000e+03,8.246476637092672868e-02,1.986125232883762665e-03
1.775000000000000000e+03,8.233766069427744805e-02,1.978960499481217765e-03
1.776000000000000000e+03,8.221075092981766641e-02,1.971821612084694898e-03
1.777000000000000000e+03,8.208403677558144540e-02,1.964708477457503995e-03
1.778000000000000000e+03,8.195751793006829378e-02,1.957621002699296616e-03
1.779000000000000000e+03,8.183119409224243190e-02,1.950559095244851866e-03
1.780000000000000000e+03,8.170506496153204234e-02,1.943522662862868372e-03
1.781000000000000000e+03,8.157913023782863149e-02,1.936511613654758653e-03
1.782000000000000000e+03,8.145338962148625239e-02,1.929525856053450426e-03
1.783000000000000000e+03,8.132784281332081089e-02,1.922565298822188993e-03
1.784000000000000000e+03,8.120248951460937170e-02,1.915629851053346792e-03
1.785000000000000000e+03,8.107732942708940904e-02,1.908719422167235759e-03
1.786000000000000000e+03,8.095236225295812660e-02,1.901833921910924463e-03
1.787000000000000000e+03,8.082758769487174977e-02,1.894973260357058929e-03
1.788000000000000000e+03,8.070300545594480401e-02,1.888137347902688664e-03
1.789000000000000000e+03,8.057861523974940710e-02,1.881326095268095935e-03
1.790000000000000000e+03,8.045441675031457518e-02,1.874539413495630250e-03
1.791000000000000000e+03,8.033040969212551508e-02,1.867777213948546098e-03
1.792000000000000000e+03,8.020659377012293034e-02,1.861039408309845882e-03
1.793000000000000000e+03,8.008296868970229965e-02,1.854325908581125684e-03
1.794000000000000000e+03,7.995953415671316900e-02,1.847636627081426439e-03
1.795000000000000000e+03,7.983628987745849948e-02,1.840971476446088585e-03
1.796000000000000000e+03,7.971323555869390398e-02,1.834330369625611704e-03
1.797000000000000000e+03,7.959037090762700883e-02,1.827713219884516752e-03
1.798000000000000000e+03,7.946769563191671826e-02,1.821119940800213725e-03
1.799000000000000000e+03,7.934520943967254825e-02,1.814550446261872351e-03
1.800000000000000000e+03,7.922291203945389104e-02,1.808004650469298858e-03
1.801000000000000000e+03,7.910080314026934900e-02,1.801482467931813389e-03
1.802000000000000000e+03,7.897888245157605458e-02,1.794983813467135227e-03
1.803000000000000000e+03,7.885714968327894869e-02,1.788508602200269536e-03
1.804000000000000000e+03,7.873560454573011458e-02,1.782056749562398656e-03
1.805000000000000000e+03,7.861424674972808391e-02,1.775628171289777950e-03
1.806000000000000000e+03,7.849307600651711514e-02,1.769222783422635340e-03
1.807000000000000000e+03,7.837209202778658290e-02,1.762840502304074530e-03
1.808000000000000000e+03,7.825129452567020083e-02,1.756481244578982342e-03
1.809000000000000000e+03,7.813068321274539707e-02,1.750144927192940182e-03
1.810000000000000000e+03,7.801025780203260651e-02,1.743831467391139620e-03
1.811000000000000000e+03,7.789001800699463240e-02,1.737540782717301004e-03
1.812000000000000000e+03,7.776996354153586921e-02,1.731272791012597283e-03
1.813000000000000000e+03,7.765009412000170586e-02,1.725027410414579996e-03
1.814000000000000000e+03,7.753040945717783183e-02,1.718804559356110900e-03
1.815000000000000000e+03,7.741090926828952945e-02,1.712604156564296850e-03
1.816000000000000000e+03,7.729159326900103544e-02,1.706426121059427276e-03
1.817000000000000000e+03,7.717246117541481931e-02,1.700270372153917528e-03
1.818000000000000000e+03,7.705351270407094499e-02,1.694136829451254808e-03
1.819000000000000000e+03,7.693474757194637692e-02,1.688025412844948014e-03
1.820000000000000000e+03,7.681616549645428615e-02,1.681936042517481701e-03
1.821000000000000000e+03,7.669776619544346752e-02,1.675868638939273080e-03
1.822000000000000000e+03,7.657954938719753468e-02,1.669823122867634653e-03
1.823000000000000000e+03,7.646151479043436505e-02,1.663799415345737498e-03
1.824000000000000000e+03,7.634366212430537812e-02,1.657797437701581710e-03
1.825000000000000000e+03,7.622599110839486936e-02,1.651817111546967712e-03
1.826000000000000000e+03,7.610850146271934402e-02,1.645858358776472984e-03
1.827000000000000000e+03,7.599119290772685109e-02,1.639921101566432261e-03
1.828000000000000000e+03,7.587406516429634484e-02,1.634005262373920122e-03
1.829000000000000000e+03,7.575711795373697710e-02,1.628110763935739641e-03
1.830000000000000000e+03,7.564035099778745885e-02,1.622237529267412130e-03
1.831000000000000000e+03,7.552376401861539412e-02,1.616385481662172083e-03
1.832000000000000000e+03,7.540735673881662771e-02,1.610554544689966026e-03
1.833000000000000000e+03,7.529112888141456517e-02,1.604744642196453096e-03
1.834000000000000000e+03,7.517508016985954833e-02,1.598955698302011045e-03
1.835000000000000000e+03,7.505921032802811976e-02,1.593187637400745715e-03
1.836000000000000000e+03,7.494351908022248154e-02,1.587440384159502244e-03
1.837000000000000000e+03,7.482800615116975973e-02,1.581713863516882781e-03
1.838000000000000000e+03,7.471267126602135211e-02,1.576008000682265278e-03
1.839000000000000000e+03,7.459751415035227595e-02,1.570322721134826630e-03
1.840000000000000000e+03,7.448253453016057124e-02,1.564657950622569491e-03
1.841000000000000000e+03,7.436773213186659293e-02,1.559013615161352999e-03
1.842000000000000000e+03,7.425310668231234479e-02,1.553389641033925666e-03
1.843000000000000000e+03,7.413865790876089656e-02,1.547785954788963476e-03
1.844000000000000000e+03,7.402438553889566231e-02,1.542202483240110149e-03
1.845000000000000000e+03,7.391028930081981752e-02,1.536639153465021090e-03
1.846000000000000000e+03,7.379636892305560525e-02,1.531095892804411242e-03
1.847000000000000000e+03,7.368262413454369775e-02,1.525572628861106414e-03
1.848000000000000000e+03,7.356905466464258581e-02,1.520069289499097198e-03
1.849000000000000000e+03,7.345566024312787101e-02,1.514585802842596807e-03
1.850000000000000000e+03,7.334244060019169675e-02,1.509122097275103231e-03
1.851000000000000000e+03,7.322939546644205433e-02,1.503678101438463144e-03
1.852000000000000000e+03,7.311652457290215845e-02,1.498253744231939485e-03
1.853000000000000000e+03,7.300382765100979499e-02,1.492848954811284469e-03
1.854000000000000000e+03,7.289130443261672421e-02,1.487463662587812374e-03
1.855000000000000000e+03,7.277895464998798691e-02,1.482097797227479273e-03
1.856000000000000000e+03,7.266677803580129380e-02,1.476751288649963412e-03
1.857000000000000000e+03,7.255477432314640096e-02,1.471424067027750360e-03
1.858000000000000000e+03,7.244294324552445763e-02,1.466116062785220763e-03
1.859000000000000000e+03,7.233128453684736781e-02,1.460827206597742215e-03
1.860000000000000000e+03,7.221979793143717963e-02,1.455557429390763081e-03
1.861000000000000000e+03,7.210848316402541924e-02,1.450306662338910878e-03
1.862000000000000000e+03,7.199733996975249406e-02,1.445074836865093467e-03
1.863000000000000000e+03,7.188636808416705437e-02,1.439861884639603070e-03
1.864000000000000000e+03,7.177556724322534110e-02,1.434667737579223539e-03
1.865000000000000000e+03,7.166493718329058904e-02,1.429492327846342611e-03
1.866000000000000000e+03,7.155447764113237463e-02,1.424335587848064161e-03
1.867000000000000000e+03,7.144418835392599143e-02,1.419197450235326098e-03
1.868000000000000000e+03,7.133406905925188113e-02,1.414077847902021293e-03
1.869000000000000000e+03,7.122411949509489804e-02,1.408976713984120242e-03
1.870000000000000000e+03,7.111433939984379560e-02,1.403893981858798934e-03
1.871000000000000000e+03,7.100472851229051863e-02,1.398829585143567152e-03
1.872000000000000000e+03,7.089528657162966208e-02,1.393783457695403063e-03
1.873000000000000000e+03,7.078601331745776326e-02,1.388755533609888244e-03
1.874000000000000000e+03,7.067690848977276064e-02,1.383745747220348123e-03
1.875000000000000000e+03,7.056797182897335541e-02,1.378754033096992425e-03
1.876000000000000000e+03,7.045920307585834541e-02,1.373780326046062771e-03
1.877000000000000000e+03,7.035060197162604223e-02,1.368824561108979848e-03
1.878000000000000000e+03,7.024216825787370222e-02,1.363886673561495559e-03
1.879000000000000000e+03,7.013390167659681873e-02,1.358966598912847348e-03
1.880000000000000000e+03,7.002580197018856700e-02,1.354064272904916639e-03
1.881000000000000000e+03,6.991786888143922130e-02,1.349179631511388585e-03
1.882000000000000000e+03,6.981010215353543324e-02,1.344312610936917009e-03
1.883000000000000000e+03,6.970250153005974614e-02,1.339463147616289790e-03
1.884000000000000000e+03,6.959506675498988715e-02,1.334631178213600312e-03
1.885000000000000000e+03,6.948779757269821222e-02,1.329816639621418488e-03
1.886000000000000000e+03,6.938069372795110934e-02,1.325019468959968494e-03
1.887000000000000000e+03,6.927375496590834625e-02,1.320239603576306084e-03
1.888000000000000000e+03,6.916698103212248760e-02,1.315476981043500661e-03
1.889000000000000000e+03,6.906037167253827047e-02,1.310731539159820398e-03
1.890000000000000000e+03,6.895392663349203533e-02,1.306003215947919077e-03
1.891000000000000000e+03,6.884764566171108768e-02,1.301291949654027284e-03
1.892000000000000000e+03,6.874152850431312911e-02,1.296597678747146189e-03
1.893000000000000000e+03,6.863557490880561884e-02,1.291920341918242638e-03
1.894000000000000000e+03,6.852978462308521868e-02,1.287259878079449879e-03
1.895000000000000000e+03,6.842415739543712683e-02,1.282616226363268719e-03
1.896000000000000000e+03,6.831869297453455059e-02,1.277989326121772807e-03
1.897000000000000000e+03,6.821339110943804018e-02,1.273379116925817166e-03
1.898000000000000000e+03,6.810825154959496142e-02,1.268785538564248024e-03
1.899000000000000000e+03,6.800327404483887117e-02,1.264208531043116987e-03
1.900000000000000000e+03,6.789845834538887903e-02,1.259648034584897594e-03
1.901000000000000000e+03,6.779380420184910605e-02,1.255103989627704038e-03
1.902000000000000000e+03,6.768931136520808800e-02,1.250576336824513798e-03
1.903000000000000000e+03,6.758497958683815088e-02,1.246065017042392647e-03
1.904000000000000000e+03,6.748080861849486967e-02,1.241569971361721619e-03
1.905000000000000000e+03,6.737679821231640220e-02,1.237091141075427874e-03
1.906000000000000000e+03,6.727294812082297570e-02,1.232628467688218600e-03
1.907000000000000000e+03,6.716925809691626226e-02,1.228181892915816004e-03
1.908000000000000000e+03,6.706572789387876821e-02,1.223751358684196629e-03
1.909000000000000000e+03,6.696235726537332067e-02,1.219336807128832854e-03
1.910000000000000000e+03,6.685914596544240140e-02,1.214938180593937199e-03
1.911000000000000000e+03,6.675609374850760558e-02,1.210555421631709242e-03
1.912000000000000000e+03,6.665320036936903114e-02,1.206188473001585347e-03
1.913000000000000000e+03,6.655046558320473760e-02,1.201837277669490786e-03
1.914000000000000000e+03,6.644788914557010762e-02,1.197501778807095324e-03
1.915000000000000000e+03,6.634547081239731969e-02,1.193181919791071188e-03
1.916000000000000000e+03,6.624321033999472363e-02,1.188877644202352563e-03
1.917000000000000000e+03,6.614110748504628545e-02,1.184588895825399845e-03
1.918000000000000000e+03,6.603916200461101838e-02,1.180315618647464343e-03
1.919000000000000000e+03,6.593737365612235835e-02,1.176057756857857954e-03
1.920000000000000000e+03,6.583574219738763666e-02,1.171815254847223499e-03
1.921000000000000000e+03,6.573426738658748325e-02,1.167588057206808303e-03
1.922000000000000000e+03,6.563294898227522989e-02,1.163376108727741040e-03
1.923000000000000000e+03,6.553178674337639675e-02,1.159179354400310296e-03
1.924000000000000000e+03,6.543078042918806791e-02,1.154997739413246398e-03
1.925000000000000000e+03,6.532992979937830846e-02,1.150831209153005841e-03
1.926000000000000000e+03,6.522923461398563716e-02,1.146679709203056799e-03
1.927000000000000000e+03,6.512869463341841580e-02,1.142543185343169836e-03
1.928000000000000000e+03,6.502830961845430802e-02,1.138421583548708624e-03
1.929000000000000000e+03,6.492807933023969635e-02,1.134314849989925648e-03
1.930000000000000000e+03,6.482800353028914109e-02,1.130222931031257903e-03
1.931000000000000000e+03,6.472808198048472794e-02,1.126145773230627150e-03
1.932000000000000000e+03,6.462831444307562401e-02,1.122083323338741480e-03
1.933000000000000000e+03,6.452870068067741161e-02,1.118035528298400114e-03
1.934000000000000000e+03,6.442924045627157481e-02,1.114002335243800823e-03
1.935000000000000000e+03,6.432993353320493046e-02,1.109983691499848418e-03
1.936000000000000000e+03,6.423077967518903142e-02,1.105979544581468018e-03
1.937000000000000000e+03,6.413177864629966696e-02,1.101989842192918970e-03
1.938000000000000000e+03,6.403293021097622439e-02,1.098014532227111362e-03
1.939000000000000000e+03,6.393423413402118949e-02,1.094053562764926669e-03
1.940000000000000000e+03,6.383569018059956357e-02,1.090106882074538385e-03
1.941000000000000000e+03,6.373729811623830843e-02,1.086174438610737654e-03
1.942000000000000000e+03,6.363905770682579122e-02,1.082256181014259111e-03
1.943000000000000000e+03,6.354096871861120155e-02,1.078352058111110411e-03
1.944000000000000000e+03,6.344303091820405194e-02,1.074462018911903714e-03
1.945000000000000000e+03,6.334524407257353940e-02,1.070586012611189977e-03
1.946000000000000000e+03,6.324760794904810135e-02,1.066723988586795865e-03
1.947000000000000000e+03,6.315012231531473563e-02,1.062875896399161513e-03
1.948000000000000000e+03,6.305278693941854251e-02,1.059041685790682421e-03
1.949000000000000000e+03,6.295560158976215570e-02,1.055221306685053505e-03
1.950000000000000000e+03,6.285856603510515950e-02,1.051414709186613812e-03
1.951000000000000000e+03,6.276168004456356142e-02,1.047621843579695997e-03
1.952000000000000000e+03,6.266494338760922322e-02,1.043842660327976880e-03
1.953000000000000000e+03,6.256835583406936130e-02,1.040077110073829971e-03
1.954000000000000000e+03,6.247191715412592911e-02,1.036325143637681009e-03
1.955000000000000000e+03,6.237562711831512452e-02,1.032586712017366341e-03
1.956000000000000000e+03,6.227948549752682084e-02,1.028861766387491284e-03
1.957000000000000000e+03,6.218349206300402554e-02,1.025150258098794787e-03
1.958000000000000000e+03,6.208764658634234601e-02,1.021452138677511699e-03
1.959000000000000000e+03,6.199194883948942747e-02,1.017767359824741334e-03
1.960000000000000000e+03,6.189639859474442563e-02,1.014095873415816248e-03
1.961000000000000000e+03,6.180099562475745156e-02,1.010437631499672964e-03
1.962000000000000000e+03,6.170573970252904439e-02,1.006792586298226825e-03
1.963000000000000000e+03,6.161063060140962305e-02,1.003160690205747493e-03
1.964000000000000000e+03,6.151566809509894512e-02,9.995418957882366146e-04
1.965000000000000000e+03,6.142085195764558636e-02,9.959361557828096123e-04
1.966000000000000000e+03,6.132618196344636480e-02,9.923434230970774698e-04
1.967000000000000000e+03,6.123165788724584807e-02,9.887636508085313400e-04
1.968000000000000000e+03,6.113727950413579137e-02,9.851967921639310545e-04
1.969000000000000000e+03,6.104304658955461010e-02,9.816428005786936341e-04
1.970000000000000000e+03,6.094895891928683862e-02,9.781016296362844004e-04
1.971000000000000000e+03,6.085501626946260983e-02,9.745732330876117743e-04
1.972000000000000000e+03,6.076121841655710704e-02,9.710575648504229419e-04
1.973000000000000000e+03,6.066756513739005041e-02,9.675545790087014715e-04
1.974000000000000000e+03,6.057405620912513500e-02,9.640642298120681835e-04
1.975000000000000000e+03,6.048069140926953802e-02,9.605864716751837552e-04
1.976000000000000000e+03,6.038747051567337071e-02,9.571212591771526262e-04
1.977000000000000000e+03,6.029439330652915097e-02,9.536685470609304821e-04
1.978000000000000000e+03,6.020145956037126905e-02,9.502282902327330392e-04
1.979000000000000000e+03,6.010866905607547411e-02,9.468004437614466716e-04
1.980000000000000000e+03,6.001602157285833294e-02,9.433849628780420753e-04
1.981000000000000000e+03,5.992351689027673040e-02,9.399818029749895578e-04
1.982000000000000000e+03,5.983115478822731426e-02,9.365909196056762791e-04
1.983000000000000000e+03,5.973893504694598178e-02,9.332122684838254452e-04
1.984000000000000000e+03,5.964685744700735925e-02,9.298458054829185360e-04
1.985000000000000000e+03,5.955492176932430243e-02,9.264914866356188357e-04
1.986000000000000000e+03,5.946312779514732749e-02,9.231492681331966970e-04
1.987000000000000000e+03,5.937147530606412538e-02,9.198191063249580579e-04
1.988000000000000000e+03,5.927996408399904132e-02,9.165009577176738264e-04
1.989000000000000000e+03,5.918859391121253366e-02,9.131947789750121921e-04
1.990000000000000000e+03,5.909736457030068113e-02,9.099005269169726726e-04
1.991000000000000000e+03,5.900627584419464861e-02,9.066181585193214612e-04
1.992000000000000000e+03,5.891532751616017360e-02,9.033476309130306775e-04
1.993000000000000000e+03,5.882451936979706669e-02,9.000889013837175094e-04
1.994000000000000000e+03,5.873385118903866331e-02,8.968419273710868250e-04
1.995000000000000000e+03,5.864332275815135193e-02,8.936066664683749768e-04
1.996000000000000000e+03,5.855293386173401893e-02,8.903830764217964249e-04
1.997000000000000000e+03,5.846268428471756984e-02,8.871711151299914444e-04
1.998000000000000000e+03,5.837257381236438808e-02,8.839707406434764349e-04
1.999000000000000000e+03,5.828260223026784925e-02,8.807819111640962902e-04
2.000000000000000000e+03,5.819276932435180766e-02,8.776045850444779599e-04
2.001000000000000000e+03,5.810307488087006200e-02,8.744387207874869394e-04
2.002000000000000000e+03,5.801351868640589049e-02,8.712842770456852770e-04
2.003000000000000000e+03,5.792410052787148877e-02,8.681412126207912073e-04
2.004000000000000000e+03,5.783482019250750505e-02,8.650094864631416042e-04
2.005000000000000000e+03,5.774567746788253353e-02,8.618890576711556260e-04
2.006000000000000000e+03,5.765667214189256623e-02,8.587798854908000948e-04
2.007000000000000000e+03,5.756780400276054199e-02,8.556819293150580213e-04
2.008000000000000000e+03,5.747907283903581910e-02,8.525951486833976706e-04
2.009000000000000000e+03,5.739047843959366180e-02,8.495195032812443391e-04
2.010000000000000000e+03,5.730202059363474765e-02,8.464549529394539739e-04
2.011000000000000000e+03,5.721369909068467485e-02,8.434014576337882027e-04
2.012000000000000000e+03,5.712551372059343491e-02,8.403589774843920734e-04
2.013000000000000000e+03,5.703746427353495463e-02,8.373274727552725526e-04
2.014000000000000000e+03,5.694955054000655492e-02,8.343069038537801688e-04
2.015000000000000000e+03,5.686177231082847894e-02,8.312972313300915229e-04
2.016000000000000000e+03,5.677412937714337859e-02,8.282984158766945083e-04
2.017000000000000000e+03,5.668662153041582885e-02,8.253104183278742916e-04
2.018000000000000000e+03,5.659924856243182811e-02,8.223331996592023272e-04
2.019000000000000000e+03,5.651201026529830557e-02,8.193667209870265662e-04
2.020000000000000000e+03,5.642490643144261464e-02,8.164109435679633986e-04
2.021000000000000000e+03,5.633793685361204728e-02,8.134658287983919820e-04
2.022000000000000000e+03,5.625110132487334130e-02,8.105313382139496536e-04
2.023000000000000000e+03,5.616439963861219464e-02,8.076074334890301614e-04
2.024000000000000000e+03,5.607783158853277272e-02,8.046940764362823292e-04
2.025000000000000000e+03,5.599139696865718802e-02,8.017912290061120825e-04
2.026000000000000000e+03,5.590509557332505597e-02,7.988988532861849082e-04
2.027000000000000000e+03,5.581892719719296070e-02,7.960169115009313500e-04
2.028000000000000000e+03,5.573289163523401091e-02,7.931453660110529373e-04
2.029000000000000000e+03,5.564698868273732640e-02,7.902841793130308250e-04
2.030000000000000000e+03,5.556121813530753850e-02,7.874333140386363845e-04
2.031000000000000000e+03,5.547557978886434593e-02,7.845927329544428791e-04
2.032000000000000000e+03,5.539007343964197361e-02,7.817623989613388738e-04
2.033000000000000000e+03,5.530469888418874241e-02,7.789422750940441396e-04
2.034000000000000000e+03,5.521945591936654185e-02,7.761323245206266409e-04
2.035000000000000000e+03,5.513434434235038595e-02,7.733325105420219090e-04
2.036000000000000000e+03,5.504936395062787896e-02,7.705427965915529571e-04
2.037000000000000000e+03,5.496451454199879211e-02,7.677631462344534485e-04
2.038000000000000000e+03,5.487979591457453621e-02,7.649935231673914062e-04
2.039000000000000000e+03,5.479520786677771760e-02,7.622338912179952002e-04
2.040000000000000000e+03,5.471075019734163158e-02,7.594842143443813771e-04
2.041000000000000000e+03,5.462642270530978367e-02,7.567444566346835742e-04
2.042000000000000000e+03,5.454222519003543157e-02,7.540145823065834939e-04
2.043000000000000000e+03,5.445815745118108564e-02,7.512945557068439377e-04
2.044000000000000000e+03,5.437421928871805782e-02,7.485843413108427078e-04
2.045000000000000000e+03,5.429041050292596204e-02,7.458839037221090019e-04
2.046000000000000000e+03,5.420673089439224934e-02,7.431932076718610015e-04
2.047000000000000000e+03,5.412318026401172905e-02,7.405122180185450854e-04
2.048000000000000000e+03,5.403975841298610389e-02,7.378408997473772128e-04
2.049000000000000000e+03,5.395646514282348427e-02,7.351792179698852809e-04
2.050000000000000000e+03,5.387330025533793032e-02,7.325271379234535437e-04
2.051000000000000000e+03,5.379026355264897308e-02,7.298846249708687648e-04
2.052000000000000000e+03,5.370735483718112879e-02,7.272516445998677796e-04
2.053000000000000000e+03,5.362457391166345483e-02,7.246281624226866844e-04
2.054000000000000000e+03,5.354192057912907088e-02,7.220141441756115427e-04
2.055000000000000000e+03,5.345939464291467325e-02,7.194095557185313690e-04
2.056000000000000000e+03,5.337699590666011157e-02,7.168143630344916539e-04
2.057000000000000000e+03,5.329472417430786146e-02,7.142285322292508173e-04
2.058000000000000000e+03,5.321257925010260126e-02,7.116520295308366613e-04
2.059000000000000000e+03,5.313056093859074014e-02,7.090848212891060756e-04
2.060000000000000000e+03,5.304866904461993243e-02,7.065268739753049598e-04
2.061000000000000000e+03,5.296690337333863352e-02,7.039781541816308563e-04
2.062000000000000000e+03,5.288526373019564186e-02,7.014386286207962336e-04
2.063000000000000000e+03,5.280374992093959940e-02,6.989082641255938300e-04
2.064000000000000000e+03,5.272236175161856830e-02,6.963870276484637311e-04
2.065000000000000000e+03,5.264109902857955214e-02,6.938748862610612071e-04
2.066000000000000000e+03,5.255996155846805185e-02,6.913718071538271521e-04
2.067000000000000000e+03,5.247894914822757301e-02,6.888777576355596070e-04
2.068000000000000000e+03,5.239806160509918875e-02,6.863927051329863673e-04
2.069000000000000000e+03,5.231729873662109565e-02,6.839166171903399757e-04
2.070000000000000000e+03,5.223666035062810714e-02,6.814494614689333655e-04
2.071000000000000000e+03,5.215614625525125808e-02,6.789912057467383227e-04
2.072000000000000000e+03,5.207575625891730509e-02,6.765418179179635144e-04
2.073000000000000000e+03,5.199549017034826859e-02,6.741012659926364208e-04
2.074000000000000000e+03,5.191534779856101650e-02,6.716695180961845075e-04
2.075000000000000000e+03,5.183532895286677156e-02,6.692465424690194342e-04
2.076000000000000000e+03,5.175543344287066722e-02,6.668323074661222389e-04
2.077000000000000000e+03,5.167566107847131052e-02,6.644267815566298231e-04
2.078000000000000000e+03,5.159601166986031717e-02,6.620299333234234973e-04
2.079000000000000000e+03,5.151648502752186054e-02,6.596417314627181765e-04
2.080000000000000000e+03,5.143708096223220672e-02,6.572621447836539616e-04
2.081000000000000000e+03,5.135779928505929126e-02,6.548911422078888041e-04
2.082000000000000000e+03,5.127863980736226124e-02,6.525286927691921479e-04
2.083000000000000000e+03,5.119960234079101030e-02,6.501747656130408464e-04
2.084000000000000000e+03,5.112068669728575543e-02,6.478293299962162733e-04
2.085000000000000000e+03,5.104189268907655813e-02,6.454923552864026259e-04
2.086000000000000000e+03,5.096322012868291507e-02,6.431638109617868540e-04
2.087000000000000000e+03,5.088466882891327925e-02,6.408436666106599993e-04
2.088000000000000000e+03,5.080623860286462984e-02,6.385318919310200517e-04
2.089000000000000000e+03,5.072792926392204194e-02,6.362284567301764327e-04
2.090000000000000000e+03,5.064974062575820085e-02,6.339333309243552371e-04
2.091000000000000000e+03,5.057167250233300659e-02,6.316464845383066434e-04
2.092000000000000000e+03,5.049372470789309508e-02,6.293678877049133005e-04
2.093000000000000000e+03,5.041589705697140794e-02,6.270975106648002308e-04
2.094000000000000000e+03,5.033818936438677616e-02,6.248353237659463617e-04
2.095000000000000000e+03,5.026060144524342743e-02,6.225812974632969222e-04
2.096000000000000000e+03,5.018313311493059065e-02,6.203354023183777930e-04
2.097000000000000000e+03,5.010578418912203791e-02,6.180976089989111567e-04
2.098000000000000000e+03,5.002855448377566128e-02,6.158678882784319065e-04
2.099000000000000000e+03,4.995144381513300091e-02,6.136462110359065499e-04
2.100000000000000000e+03,4.987445199971884957e-02,6.114325482553525449e-04
2.101000000000000000e+03,4.979757885434078768e-02,6.092268710254592629e-04
2.102000000000000000e+03,4.972082419608874621e-02,6.070291505392106865e-04
2.103000000000000000e+03,4.964418784233459725e-02,6.048393580935088661e-04
2.104000000000000000e+03,4.956766961073170996e-02,6.026574650887992195e-04
2.105000000000000000e+03,4.949126931921449257e-02,6.004834430286971328e-04
2.106000000000000000e+03,4.941498678599797606e-02,5.983172635196155366e-04
2.107000000000000000e+03,4.933882182957739782e-02,5.961588982703941095e-04
2.108000000000000000e+03,4.926277426872773674e-02,5.940083190919298898e-04
2.109000000000000000e+03,4.918684392250331772e-02,5.918654978968090809e-04
2.110000000000000000e+03,4.911103061023736061e-02,5.897304066989404823e-04
2.111000000000000000e+03,4.903533415154153613e-02,5.876030176131891375e-04
2.112000000000000000e+03,4.895975436630557731e-02,5.854833028550131269e-04
2.113000000000000000e+03,4.888429107469680068e-02,5.833712347401003593e-04
2.114000000000000000e+03,4.880894409715973159e-02,5.812667856840066658e-04
2.115000000000000000e+03,4.873371325441562540e-02,5.791699282017958444e-04
2.116000000000000000e+03,4.865859836746208589e-02,5.770806349076806809e-04
2.117000000000000000e+03,4.858359925757261416e-02,5.749988785146653786e-04
2.118000000000000000e+03,4.850871574629618543e-02,5.729246318341889646e-04
2.119000000000000000e+03,4.843394765545681879e-02,5.708578677757699966e-04
2.120000000000000000e+03,4.835929480715317474e-02,5.687985593466534382e-04
2.121000000000000000e+03,4.828475702375811807e-02,5.667466796514576428e-04
2.122000000000000000e+03,4.821033412791828759e-02,5.647022018918229636e-04
2.123000000000000000e+03,4.813602594255368683e-02,5.626650993660619899e-04
2.124000000000000000e+03,4.806183229085726760e-02,5.606353454688110848e-04
2.125000000000000000e+03,4.798775299629448599e-02,5.586129136906823559e-04
2.126000000000000000e+03,4.791378788260290678e-02,5.565977776179174700e-04
2.127000000000000000e+03,4.783993677379176634e-02,5.545899109320434183e-04
2.128000000000000000e+03,4.776619949414157018e-02,5.525892874095277409e-04
2.129000000000000000e+03,4.769257586820365574e-02,5.505958809214367856e-04
2.130000000000000000e+03,4.761906572079979694e-02,5.486096654330944013e-04
2.131000000000000000e+03,4.754566887702176003e-02,5.466306150037414987e-04
2.132000000000000000e+03,4.747238516223092203e-02,5.446587037861973452e-04
2.133000000000000000e+03,4.739921440205782655e-02,5.426939060265225951e-04
2.134000000000000000e+03,4.732615642240176751e-02,5.407361960636819943e-04
2.135000000000000000e+03,4.725321104943040751e-02,5.387855483292099037e-04
2.136000000000000000e+03,4.718037810957932676e-02,5.368419373468762568e-04
2.137000000000000000e+03,4.710765742955164148e-02,5.349053377323538180e-04
2.138000000000000000e+03,4.703504883631755285e-02,5.329757241928863081e-04
2.139000000000000000e+03,4.696255215711398617e-02,5.310530715269585903e-04
2.140000000000000000e+03,4.689016721944412602e-02,5.291373546239671807e-04
2.141000000000000000e+03,4.681789385107705537e-02,5.272285484638923863e-04
2.142000000000000000e+03,4.674573188004730456e-02,5.253266281169716341e-04
2.143000000000000000e+03,4.667368113465446278e-02,5.234315687433735605e-04
2.144000000000000000e+03,4.660174144346278247e-02,5.215433455928741597e-04
2.145000000000000000e+03,4.652991263530072835e-02,5.196619340045330413e-04
2.146000000000000000e+03,4.645819453926063047e-02,5.177873094063714220e-04
2.147000000000000000e+03,4.638658698469821234e-02,5.159194473150514187e-04
2.148000000000000000e+03,4.631508980123223707e-02,5.140583233355562089e-04
2.149000000000000000e+03,4.624370281874408406e-02,5.122039131608711665e-04
2.150000000000000000e+03,4.617242586737732579e-02,5.103561925716667332e-04
2.151000000000000000e+03,4.610125877753734613e-02,5.085151374359819397e-04
2.152000000000000000e+03,4.603020137989094485e-02,5.066807237089093361e-04
2.153000000000000000e+03,4.595925350536590737e-02,5.048529274322807910e-04
2.154000000000000000e+03,4.588841498515060929e-02,5.030317247343549149e-04
2.155000000000000000e+03,4.581768565069363475e-02,5.012170918295048112e-04
2.156000000000000000e+03,4.574706533370336003e-02,4.994090050179078848e-04
2.157000000000000000e+03,4.567655386614755120e-02,4.976074406852357612e-04
2.158000000000000000e+03,4.560615108025296849e-02,4.958123753023465892e-04
2.159000000000000000e+03,4.553585680850495698e-02,4.940237854249771281e-04
2.160000000000000000e+03,4.546567088364707881e-02,4.922416476934371107e-04
2.161000000000000000e+03,4.539559313868067603e-02,4.904659388323034984e-04
2.162000000000000000e+03,4.532562340686450281e-02,4.886966356501169046e-04
2.163000000000000000e+03,4.525576152171430916e-02,4.869337150390787771e-04
2.164000000000000000e+03,4.518600731700245232e-02,4.851771539747494477e-04
2.165000000000000000e+03,4.511636062675751513e-02,4.834269295157472661e-04
2.166000000000000000e+03,4.504682128526387580e-02,4.816830188034493601e-04
2.167000000000000000e+03,4.497738912706135406e-02,4.799453990616928296e-04
2.168000000000000000e+03,4.490806398694478785e-02,4.782140475964772415e-04
2.169000000000000000e+03,4.483884569996365865e-02,4.764889417956683711e-04
2.170000000000000000e+03,4.476973410142168902e-02,4.747700591287029202e-04
2.171000000000000000e+03,4.470072902687645400e-02,4.730573771462941017e-04
2.172000000000000000e+03,4.463183031213897867e-02,4.713508734801385254e-04
2.173000000000000000e+03,4.456303779327337733e-02,4.696505258426240600e-04
2.174000000000000000e+03,4.449435130659643023e-02,4.679563120265387249e-04
2.175000000000000000e+03,4.442577068867721579e-02,4.662682099047806656e-04
2.176000000000000000e+03,4.435729577633670123e-02,4.645861974300693228e-04
2.177000000000000000e+03,4.428892640664738173e-02,4.629102526346570885e-04
2.178000000000000000e+03,4.422066241693287103e-02,4.612403536300427515e-04
2.179000000000000000e+03,4.415250364476752676e-02,4.595764786066855933e-04
2.180000000000000000e+03,4.408444992797604794e-02,4.579186058337203513e-04
2.181000000000000000e+03,4.401650110463310728e-02,4.562667136586735913e-04
2.182000000000000000e+03,4.394865701306295558e-02,4.546207805071808940e-04
2.183000000000000000e+03,4.388091749183904711e-02,4.529807848827048533e-04
2.184000000000000000e+03,4.381328237978363710e-02,4.513467053662547561e-04
2.185000000000000000e+03,4.374575151596742095e-02,4.497185206161064246e-04
2.186000000000000000e+03,4.367832473970912482e-02,4.480962093675237390e-04
2.187000000000000000e+03,4.361100189057515175e-02,4.464797504324808102e-04
2.188000000000000000e+03,4.354378280837918613e-02,4.448691226993852377e-04
2.189000000000000000e+03,4.347666733318180515e-02,4.432643051328025597e-04
2.190000000000000000e+03,4.340965530529010408e-02,4.416652767731811362e-04
2.191000000000000000e+03,4.334274656525732849e-02,4.400720167365789305e-04
2.192000000000000000e+03,4.327594095388247880e-02,4.384845042143902904e-04
2.193000000000000000e+03,4.320923831220993550e-02,4.369027184730744093e-04
2.194000000000000000e+03,4.314263848152908448e-02,4.353266388538846554e-04
2.195000000000000000e+03,4.307614130337393543e-02,4.337562447725983885e-04
2.196000000000000000e+03,4.300974661952276096e-02,4.321915157192484573e-04
2.197000000000000000e+03,4.294345427199768028e-02,4.306324312578551847e-04
2.198000000000000000e+03,4.287726410306433311e-02,4.290789710261594912e-04
2.199000000000000000e+03,4.281117595523147024e-02,4.275311147353570490e-04
2.200000000000000000e+03,4.274518967125057883e-02,4.259888421698330313e-04
2.201000000000000000e+03,4.267930509411553552e-02,4.244521331868984348e-04
2.202000000000000000e+03,4.261352206706221779e-02,4.229209677165267269e-04
2.203000000000000000e+03,4.254784043356810153e-02,4.213953257610919025e-04
2.204000000000000000e+03,4.248226003735194878e-02,4.198751873951072993e-04
2.205000000000000000e+03,4.241678072237338448e-02,4.183605327649651730e-04
2.206000000000000000e+03,4.235140233283254951e-02,4.168513420886776812e-04
2.207000000000000000e+03,4.228612471316971905e-02,4.153475956556181925e-04
2.208000000000000000e+03,4.222094770806494868e-02,4.138492738262642225e-04
2.209000000000000000e+03,4.215587116243767196e-02,4.123563570319406946e-04
2.210000000000000000e+03,4.209089492144638123e-02,4.108688257745643935e-04
2.211000000000000000e+03,4.202601883048821124e-02,4.093866606263892862e-04
2.212000000000000000e+03,4.196124273519860615e-02,4.079098422297530897e-04
2.213000000000000000e+03,4.189656648145091700e-02,4.064383512968239472e-04
2.214000000000000000e+03,4.183198991535606870e-02,4.049721686093488929e-04
2.215000000000000000e+03,4.176751288326219225e-02,4.035112750184026973e-04
2.216000000000000000e+03,4.170313523175421533e-02,4.020556514441379035e-04
2.217000000000000000e+03,4.163885680765356395e-02,4.006052788755354614e-04
2.218000000000000000e+03,4.157467745801773917e-02,3.991601383701566075e-04
2.219000000000000000e+03,4.151059703013999097e-02,3.977202110538953419e-04
2.220000000000000000e+03,4.144661537154892966e-02,3.962854781207320433e-04
2.221000000000000000e+03,4.138273233000817897e-02,3.948559208324876803e-04
2.222000000000000000e+03,4.131894775351602211e-02,3.934315205185792697e-04
2.223000000000000000e+03,4.125526149030501327e-02,3.920122585757758764e-04
2.224000000000000000e+03,4.119167338884163754e-02,3.905981164679558069e-04
2.225000000000000000e+03,4.112818329782592930e-02,3.891890757258643441e-04
2.226000000000000000e+03,4.106479106619114611e-02,3.877851179468727832e-04
2.227000000000000000e+03,4.100149654310338010e-02,3.863862247947376849e-04
2.228000000000000000e+03,4.093829957796121799e-02,3.849923779993619168e-04
2.229000000000000000e+03,4.087520002039535250e-02,3.836035593565554789e-04
2.230000000000000000e+03,4.081219772026827008e-02,3.822197507277982800e-04
2.231000000000000000e+03,4.074929252767385546e-02,3.808409340400028056e-04
2.232000000000000000e+03,4.068648429293704460e-02,3.794670912852783585e-04
2.233000000000000000e+03,4.062377286661349174e-02,3.780982045206957866e-04
2.234000000000000000e+03,4.056115809948916684e-02,3.767342558680529703e-04
2.235000000000000000e+03,4.049863984258005034e-02,3.753752275136417187e-04
2.236000000000000000e+03,4.043621794713175149e-02,3.740211017080147205e-04
2.237000000000000000e+03,4.037389226461915448e-02,3.726718607657539587e-04
2.238000000000000000e+03,4.031166264674608535e-02,3.713274870652395580e-04
2.239000000000000000e+03,4.024952894544491649e-02,3.699879630484199347e-04
2.240000000000000000e+03,4.018749101287626135e-02,3.686532712205820538e-04
2.241000000000000000e+03,4.012554870142860663e-02,3.673233941501233670e-04
2.242000000000000000e+03,4.006370186371794456e-02,3.659983144683239139e-04
2.243000000000000000e+03,4.000195035258743981e-02,3.646780148691195064e-04
2.244000000000000000e+03,3.994029402110708254e-02,3.633624781088756186e-04
2.245000000000000000e+03,3.987873272257332069e-02,3.620516870061624690e-04
2.246000000000000000e+03,3.981726631050871990e-02,3.607456244415303739e-04
2.247000000000000000e+03,3.975589463866162354e-02,3.594442733572861303e-04
2.248000000000000000e+03,3.969461756100579886e-02,3.581476167572704298e-04
2.249000000000000000e+03,3.963343493174008997e-02,3.568556377066358677e-04
2.250000000000000000e+03,3.957234660528805015e-02,3.555683193316253867e-04
2.251000000000000000e+03,3.951135243629763649e-02,3.542856448193525088e-04
2.252000000000000000e+03,3.945045227964083523e-02,3.530075974175812966e-04
2.253000000000000000e+03,3.938964599041332171e-02,3.517341604345077238e-04
2.254000000000000000e+03,3.932893342393410652e-02,3.504653172385416423e-04
2.255000000000000000e+03,3.926831443574522323e-02,3.492010512580895083e-04
2.256000000000000000e+03,3.920778888161134679e-02,3.479413459813382459e-04
2.257000000000000000e+03,3.914735661751947426e-02,3.466861849560391121e-04
2.258000000000000000e+03,3.908701749967857797e-02,3.454355517892932414e-04
2.259000000000000000e+03,3.902677138451925154e-02,3.441894301473372988e-04
2.260000000000000000e+03,3.896661812869337688e-02,3.429478037553303259e-04
2.261000000000000000e+03,3.890655758907378414e-02,3.417106563971410204e-04
2.262000000000000000e+03,3.884658962275391869e-02,3.404779719151361538e-04
2.263000000000000000e+03,3.878671408704749413e-02,3.392497342099693152e-04
2.264000000000000000e+03,3.872693083948812454e-02,3.380259272403707922e-04
2.265000000000000000e+03,3.866723973782904694e-02,3.368065350229381034e-04
2.266000000000000000e+03,3.860764064004272578e-02,3.355915416319269645e-04
2.267000000000000000e+03,3.854813340432054064e-02,3.343809311990437170e-04
2.268000000000000000e+03,3.848871788907245323e-02,3.331746879132377586e-04
2.269000000000000000e+03,3.842939395292666038e-02,3.319727960204952189e-04
2.270000000000000000e+03,3.837016145472924716e-02,3.307752398236330697e-04
2.271000000000000000e+03,3.831102025354388152e-02,3.295820036820942649e-04
2.272000000000000000e+03,3.825197020865145348e-02,3.283930720117432599e-04
2.273000000000000000e+03,3.819301117954974900e-02,3.272084292846627780e-04
2.274000000000000000e+03,3.813414302595311001e-02,3.260280600289506853e-04
2.275000000000000000e+03,3.807536560779211515e-02,3.248519488285181119e-04
2.276000000000000000e+03,3.801667878521322597e-02,3.236800803228881158e-04
2.277000000000000000e+03,3.795808241857848153e-02,3.225124392069950510e-04
2.278000000000000000e+03,3.789957636846512379e-02,3.213490102309845870e-04
2.279000000000000000e+03,3.784116049566531303e-02,3.201897782000145401e-04
2.280000000000000000e+03,3.778283466118576017e-02,3.190347279740566818e-04
2.281000000000000000e+03,3.772459872624742833e-02,3.178838444676986008e-04
2.282000000000000000e+03,3.766645255228516509e-02,3.167371126499470284e-04
2.283000000000000000e+03,3.760839600094741803e-02,3.155945175440313813e-04
2.284000000000000000e+03,3.755042893409585997e-02,3.144560442272080090e-04
2.285000000000000000e+03,3.749255121380508371e-02,3.133216778305656877e-04
2.286000000000000000e+03,3.743476270236228282e-02,3.121914035388310060e-04
2.287000000000000000e+03,3.737706326226689774e-02,3.110652065901752146e-04
2.288000000000000000e+03,3.731945275623031744e-02,3.099430722760211296e-04
2.289000000000000000e+03,3.726193104717551163e-02,3.088249859408512829e-04
2.290000000000000000e+03,3.720449799823676712e-02,3.077109329820163983e-04
2.291000000000000000e+03,3.714715347275930613e-02,3.066008988495445712e-04
2.292000000000000000e+03,3.708989733429898100e-02,3.054948690459515339e-04
2.293000000000000000e+03,3.703272944662196198e-02,3.043928291260510825e-04
2.294000000000000000e+03,3.697564967370438327e-02,3.032947646967663717e-04
2.295000000000000000e+03,3.691865787973205165e-02,3.022006614169420765e-04
2.296000000000000000e+03,3.686175392910009951e-02,3.011105049971570967e-04
2.297000000000000000e+03,3.680493768641268648e-02,3.000242811995379650e-04
2.298000000000000000e+03,3.674820901648263860e-02,2.989419758375725820e-04
2.299000000000000000e+03,3.669156778433117078e-02,2.978635747759253590e-04
2.300000000000000000e+03,3.663501385518753983e-02,2.967890639302523618e-04
2.301000000000000000e+03,3.657854709448871144e-02,2.957184292670173215e-04
2.302000000000000000e+03,3.652216736787909646e-02,2.946516568033086215e-04
2.303000000000000000e+03,3.646587454121015537e-02,2.935887326066563378e-04
2.304000000000000000e+03,3.640966848054012772e-02,2.925296427948504731e-04
2.305000000000000000e+03,3.635354905213371290e-02,2.914743735357597319e-04
2.306000000000000000e+03,3.629751612246173015e-02,2.904229110471505133e-04
2.307000000000000000e+03,3.624156955820081322e-02,2.893752415965073670e-04
2.308000000000000000e+03,3.618570922623309816e-02,2.883313515008533411e-04
2.309000000000000000e+03,3.612993499364587635e-02,2.872912271265713052e-04
2.310000000000000000e+03,3.607424672773133778e-02,2.862548548892259251e-04
2.311000000000000000e+03,3.601864429598619632e-02,2.852222212533863949e-04
2.312000000000000000e+03,3.596312756611140526e-02,2.841933127324493334e-04
2.313000000000000000e+03,3.590769640601182422e-02,2.831681158884629800e-04
2.314000000000000000e+03,3.585235068379593465e-02,2.821466173319515545e-04
2.315000000000000000e+03,3.579709026777548597e-02,2.811288037217402123e-04
2.316000000000000000e+03,3.574191502646521801e-02,2.801146617647811386e-04
2.317000000000000000e+03,3.568682482858252791e-02,2.791041782159795880e-04
2.318000000000000000e+03,3.563181954304715793e-02,2.780973398780212254e-04
2.319000000000000000e+03,3.557689903898089701e-02,2.770941336011995210e-04
2.320000000000000000e+03,3.552206318570726162e-02,2.760945462832441752e-04
2.321000000000000000e+03,3.546731185275116965e-02,2.750985648691498691e-04
2.322000000000000000e+03,3.541264490983866975e-02,2.741061763510057735e-04
2.323000000000000000e+03,3.535806222689658052e-02,2.731173677678257628e-04
2.324000000000000000e+03,3.530356367405221990e-02,2.721321262053790087e-04
2.325000000000000000e+03,3.524914912163308600e-02,2.711504387960214950e-04
2.326000000000000000e+03,3.519481844016653094e-02,2.701722927185278033e-04
2.327000000000000000e+03,3.514057150037948329e-02,2.691976751979236046e-04
2.328000000000000000e+03,3.508640817319811506e-02,2.682265735053191249e-04
2.329000000000000000e+03,3.503232832974755018e-02,2.672589749577425041e-04
2.330000000000000000e+03,3.497833184135154538e-02,2.662948669179743461e-04
2.331000000000000000e+03,3.492441857953219181e-02,2.653342367943828124e-04
2.332000000000000000e+03,3.487058841600960968e-02,2.643770720407588766e-04
2.333000000000000000e+03,3.481684122270164994e-02,2.634233601561527193e-04
2.334000000000000000e+03,3.476317687172356119e-02,2.624730886847103381e-04
2.335000000000000000e+03,3.470959523538771907e-02,2.615262452155107551e-04
2.336000000000000000e+03,3.465609618620330012e-02,2.605828173824042537e-04
2.337000000000000000e+03,3.460267959687600425e-02,2.596427928638505613e-04
2.338000000000000000e+03,3.454934534030770776e-02,2.587061593827580082e-04
2.339000000000000000e+03,3.449609328959620663e-02,2.577729047063233368e-04
2.340000000000000000e+03,3.444292331803489038e-02,2.568430166458716187e-04
2.341000000000000000e+03,3.438983529911244369e-02,2.559164830566975279e-04
2.342000000000000000e+03,3.433682910651254805e-02,2.549932918379062339e-04
2.343000000000000000e+03,3.428390461411359030e-02,2.540734309322556506e-04
2.344000000000000000e+03,3.423106169598832960e-02,2.531568883259989553e-04
2.345000000000000000e+03,3.417830022640364757e-02,2.522436520487275971e-04
2.346000000000000000e+03,3.412562007982020140e-02,2.513337101732148458e-04
2.347000000000000000e+03,3.407302113089216711e-02,2.504270508152604260e-04
2.348000000000000000e+03,3.402050325446689255e-02,2.495236621335347716e-04
2.349000000000000000e+03,3.396806632558464767e-02,2.486235323294248519e-04
2.350000000000000000e+03,3.391571021947830528e-02,2.477266496468797817e-04
2.351000000000000000e+03,3.386343481157304269e-02,2.468330023722572976e-04
2.352000000000000000e+03,3.381123997748604337e-02,2.459425788341709947e-04
2.353000000000000000e+03,3.375912559302621935e-02,2.450553674033375618e-04
2.354000000000000000e+03,3.370709153419389204e-02,2.441713564924251562e-04
2.355000000000000000e+03,3.365513767718050775e-02,2.432905345559021302e-04
2.356000000000000000e+03,3.360326389836834626e-02,2.424128900898858934e-04
2.357000000000000000e+03,3.355147007433022938e-02,2.415384116319929404e-04
2.358000000000000000e+03,3.349975608182920866e-02,2.406670877611891764e-04
2.359000000000000000e+03,3.344812179781829486e-02,2.397989070976405148e-04
2.360000000000000000e+03,3.339656709944013868e-02,2.389338583025644763e-04
2.361000000000000000e+03,3.334509186402678099e-02,2.380719300780820334e-04
2.362000000000000000e+03,3.329369596909931284e-02,2.372131111670700227e-04
2.363000000000000000e+03,3.324237929236762562e-02,2.363573903530141003e-04
2.364000000000000000e+03,3.319114171173008498e-02,2.355047564598623745e-04
2.365000000000000000e+03,3.313998310527324631e-02,2.346551983518793097e-04
2.366000000000000000e+03,3.308890335127160492e-02,2.338087049335003617e-04
2.367000000000000000e+03,3.303790232818724915e-02,2.329652651491870199e-04
2.368000000000000000e+03,3.298697991466961743e-02,2.321248679832824189e-04
2.369000000000000000e+03,3.293613598955517918e-02,2.312875024598676004e-04
2.370000000000000000e+03,3.288537043186715025e-02,2.304531576426179103e-04
2.371000000000000000e+03,3.283468312081522233e-02,2.296218226346604264e-04
2.372000000000000000e+03,3.278407393579526458e-02,2.287934865784314669e-04
2.373000000000000000e+03,3.273354275638903216e-02,2.279681386555348585e-04
2.374000000000000000e+03,3.268308946236389567e-02,2.271457680866006100e-04
2.375000000000000000e+03,3.263271393367252193e-02,2.263263641311442107e-04
2.376000000000000000e+03,3.258241605045263806e-02,2.255099160874262255e-04
2.377000000000000000e+03,3.253219569302670533e-02,2.246964132923125689e-04
2.378000000000000000e+03,3.248205274190163472e-02,2.238858451211354016e-04
2.379000000000000000e+03,3.243198707776855094e-02,2.230782009875541087e-04
2.380000000000000000e+03,3.238199858150243859e-02,2.222734703434171995e-04
2.381000000000000000e+03,3.233208713416191316e-02,2.214716426786245054e-04
2.382000000000000000e+03,3.228225261698890874e-02,2.206727075209899197e-04
2.383000000000000000e+03,3.223249491140841444e-02,2.198766544361046259e-04
2.384000000000000000e+03,3.218281389902817591e-02,2.190834730272008131e-04
2.385000000000000000e+03,3.213320946163841785e-02,2.182931529350158801e-04
2.386000000000000000e+03,3.208368148121157337e-02,2.175056838376571806e-04
2.387000000000000000e+03,3.203422983990199258e-02,2.167210554504671489e-04
2.388000000000000000e+03,3.198485442004566498e-02,2.159392575258890757e-04
2.389000000000000000e+03,3.193555510415993504e-02,2.151602798533331273e-04
2.390000000000000000e+03,3.188633177494323845e-02,2.143841122590431250e-04
2.391000000000000000e+03,3.183718431527480380e-02,2.136107446059636213e-04
2.392000000000000000e+03,3.178811260821438195e-02,2.128401667936075190e-04
2.393000000000000000e+03,3.173911653700196844e-02,2.120723687579241512e-04
2.394000000000000000e+03,3.169019598505751906e-02,2.113073404711677671e-04
2.395000000000000000e+03,3.164135083598068610e-02,2.105450719417666962e-04
2.396000000000000000e+03,3.159258097355053391e-02,2.097855532141927560e-04
2.397000000000000000e+03,3.154388628172526132e-02,2.090287743688312835e-04
2.398000000000000000e+03,3.149526664464191716e-02,2.082747255218515457e-04
2.399000000000000000e+03,3.144672194661614351e-02,2.075233968250776652e-04
2.400000000000000000e+03,3.139825207214189118e-02,2.067747784658600344e-04
2.401000000000000000e+03,3.134985690589113527e-02,2.060288606669470808e-04
2.402000000000000000e+03,3.130153633271362534e-02,2.052856336863576297e-04
2.403000000000000000e+03,3.125329023763658010e-02,2.045450878172536732e-04
2.404000000000000000e+03,3.120511850586443411e-02,2.038072133878135721e-04
2.405000000000000000e+03,3.115702102277856378e-02,2.030720007611056931e-04
2.406000000000000000e+03,3.110899767393700971e-02,2.023394403349626947e-04
2.407000000000000000e+03,3.106104834507420268e-02,2.016095225418559770e-04
2.408000000000000000e+03,3.101317292210069992e-02,2.008822378487707273e-04
2.409000000000000000e+03,3.096537129110289721e-02,2.001575767570815080e-04
2.410000000000000000e+03,3.091764333834278594e-02,1.994355298024281695e-04
2.411000000000000000e+03,3.086998895025765480e-02,1.987160875545921973e-04
2.412000000000000000e+03,3.082240801345983300e-02,1.979992406173735459e-04
2.413000000000000000e+03,3.077490041473641622e-02,1.972849796284680164e-04
2.414000000000000000e+03,3.072746604104900289e-02,1.965732952593448495e-04
2.415000000000000000e+03,3.068010477953341669e-02,1.958641782151250240e-04
2.416000000000000000e+03,3.063281651749944628e-02,1.951576192344597720e-04
2.417000000000000000e+03,3.058560114243057126e-02,1.944536090894096359e-04
2.418000000000000000e+03,3.053845854198369847e-02,1.937521385853239596e-04
2.419000000000000000e+03,3.049138860398889136e-02,1.930531985607207861e-04
2.420000000000000000e+03,3.044439121644910290e-02,1.923567798871672423e-04
2.421000000000000000e+03,3.039746626753991529e-02,1.916628734691603318e-04
2.422000000000000000e+03,3.035061364560926594e-02,1.909714702440080242e-04
2.423000000000000000e+03,3.030383323917718377e-02,1.902825611817110507e-04
2.424000000000000000e+03,3.025712493693553246e-02,1.895961372848448340e-04
2.425000000000000000e+03,3.021048862774773289e-02,1.889121895884421235e-04
2.426000000000000000e+03,3.016392420064850644e-02,1.882307091598757118e-04
2.427000000000000000e+03,3.011743154484360432e-02,1.875516870987419915e-04
2.428000000000000000e+03,3.007101054970955784e-02,1.868751145367445116e-04
2.429000000000000000e+03,3.002466110479339728e-02,1.862009826375783206e-04
2.430000000000000000e+03,2.997838309981240221e-02,1.855292825968144713e-04
2.431000000000000000e+03,2.993217642465383424e-02,1.848600056417850420e-04
2.432000000000000000e+03,2.988604096937467341e-02,1.841931430314685354e-04
2.433000000000000000e+03,2.983997662420136143e-02,1.835286860563758212e-04
2.434000000000000000e+03,2.979398327952953451e-02,1.828666260384362676e-04
2.435000000000000000e+03,2.974806082592376666e-02,1.822069543308844149e-04
2.436000000000000000e+03,2.970220915411730944e-02,1.815496623181471372e-04
2.437000000000000000e+03,2.965642815501183180e-02,1.808947414157310754e-04
2.438000000000000000e+03,2.961071771967715982e-02,1.802421830701104490e-04
2.439000000000000000e+03,2.956507773935100961e-02,1.795919787586154647e-04
2.440000000000000000e+03,2.951950810543874787e-02,1.789441199893208878e-04
2.441000000000000000e+03,2.947400870951311092e-02,1.782985983009352363e-04
2.442000000000000000e+03,2.942857944331396525e-02,1.776554052626902198e-04
2.443000000000000000e+03,2.938322019874804042e-02,1.770145324742305841e-04
2.444000000000000000e+03,2.933793086788867230e-02,1.763759715655045530e-04
2.445000000000000000e+03,2.929271134297554979e-02,1.757397141966543508e-04
2.446000000000000000e+03,2.924756151641445118e-02,1.751057520579073212e-04
2.447000000000000000e+03,2.920248128077700123e-02,1.744740768694674532e-04
2.448000000000000000e+03,2.915747052880040407e-02,1.738446803814072314e-04
2.449000000000000000e+03,2.911252915338718994e-02,1.732175543735598399e-04
2.450000000000000000e+03,2.906765704760495839e-02,1.725926906554118255e-04
2.451000000000000000e+03,2.902285410468613894e-02,1.719700810659961147e-04
2.452000000000000000e+03,2.897812021802771698e-02,1.713497174737855177e-04
2.453000000000000000e+03,2.893345528119098398e-02,1.707315917765863951e-04
2.454000000000000000e+03,2.888885918790130500e-02,1.701156959014329213e-04
2.455000000000000000e+03,2.884433183204783424e-02,1.695020218044816188e-04
2.456000000000000000e+03,2.879987310768328257e-02,1.688905614709063259e-04
2.457000000000000000e+03,2.875548290902366425e-02,1.682813069147934628e-04
2.458000000000000000e+03,2.871116113044804019e-02,1.676742501790378401e-04
2.459000000000000000e+03,2.866690766649826819e-02,1.670693833352386018e-04
2.460000000000000000e+03,2.862272241187874960e-02,1.664666984835958203e-04
2.461000000000000000e+03,2.857860526145618654e-02,1.658661877528071985e-04
2.462000000000000000e+03,2.853455611025932509e-02,1.652678432999653150e-04
2.463000000000000000e+03,2.849057485347869859e-02,1.646716573104551934e-04
2.464000000000000000e+03,2.844666138646639864e-02,1.640776219978522796e-04
2.465000000000000000e+03,2.840281560473581143e-02,1.634857296038206892e-04
2.466000000000000000e+03,2.835903740396136796e-02,1.628959723980118613e-04
2.467000000000000000e+03,2.831532667997829766e-02,1.623083426779637283e-04
2.468000000000000000e+03,2.827168332878238904e-02,1.617228327689999119e-04
2.469000000000000000e+03,2.822810724652973294e-02,1.611394350241297053e-04
2.470000000000000000e+03,2.818459832953647964e-02,1.605581418239480289e-04
2.471000000000000000e+03,2.814115647427858566e-02,1.599789455765360355e-04
2.472000000000000000e+03,2.809778157739158122e-02,1.594018387173618792e-04
2.473000000000000000e+03,2.805447353567030316e-02,1.588268137091819444e-04
2.474000000000000000e+03,2.801123224606867634e-02,1.582538630419424541e-04
2.475000000000000000e+03,2.796805760569944649e-02,1.576829792326813232e-04
2.476000000000000000e+03,2.792494951183394081e-02,1.571141548254304172e-04
2.477000000000000000e+03,2.788190786190182860e-02,1.565473823911182449e-04
2.478000000000000000e+03,2.783893255349087492e-02,1.559826545274728958e-04
2.479000000000000000e+03,2.779602348434669426e-02,1.554199638589253015e-04
2.480000000000000000e+03,2.775318055237251114e-02,1.548593030365130675e-04
2.481000000000000000e+03,2.771040365562891378e-02,1.543006647377842772e-04
2.482000000000000000e+03,2.766769269233361125e-02,1.537440416667020275e-04
2.483000000000000000e+03,2.762504756086119756e-02,1.531894265535491280e-04
2.484000000000000000e+03,2.758246815974289834e-02,1.526368121548330706e-04
2.485000000000000000e+03,2.753995438766634885e-02,1.520861912531914053e-04
2.486000000000000000e+03,2.749750614347532679e-02,1.515375566572976589e-04
2.487000000000000000e+03,2.745512332616953377e-02,1.509909012017672265e-04
2.488000000000000000e+03,2.741280583490434200e-02,1.504462177470638584e-04
2.489000000000000000e+03,2.737055356899056185e-02,1.499034991794064465e-04
2.490000000000000000e+03,2.732836642789419554e-02,1.493627384106760805e-04
2.491000000000000000e+03,2.728624431123620464e-02,1.488239283783234304e-04
2.492000000000000000e+03,2.724418711879227073e-02,1.482870620452765619e-04
2.493000000000000000e+03,2.720219475049255251e-02,1.477521323998491317e-04
2.494000000000000000e+03,2.716026710642144293e-02,1.472191324556485555e-04
2.495000000000000000e+03,2.711840408681735065e-02,1.466880552514849894e-04
2.496000000000000000e+03,2.707660559207243633e-02,1.461588938512802839e-04
2.497000000000000000e+03,2.703487152273240102e-02,1.456316413439775071e-04
2.498000000000000000e+03,2.699320177949623284e-02,1.451062908434506038e-04
2.499000000000000000e+03,2.695159626321597460e-02,1.445828354884144337e-04
2.500000000000000000e+03,2.691005487489649128e-02,1.440612684423352705e-04
2.501000000000000000e+03,2.686857751569523764e-02,1.435415828933414096e-04
2.502000000000000000e+03,2.682716408692200488e-02,1.430237720541342359e-04
2.503000000000000000e+03,2.678581449003871254e-02,1.425078291618996182e-04
2.504000000000000000e+03,2.674452862665915170e-02,1.419937474782195189e-04
2.505000000000000000e+03,2.670330639854875954e-02,1.414815202889840385e-04
2.506000000000000000e+03,2.666214770762438679e-02,1.409711409043037033e-04
2.507000000000000000e+03,2.662105245595406539e-02,1.404626026584221063e-04
2.508000000000000000e+03,2.658002054575676898e-02,1.399558989096287911e-04
2.509000000000000000e+03,2.653905187940218749e-02,1.394510230401726516e-04
2.510000000000000000e+03,2.649814635941049115e-02,1.389479684561753037e-04
2.511000000000000000e+03,2.645730388845209807e-02,1.384467285875451360e-04
2.512000000000000000e+03,2.641652436934744524e-02,1.379472968878914403e-04
2.513000000000000000e+03,2.637580770506675262e-02,1.374496668344388954e-04
2.514000000000000000e+03,2.633515379872979761e-02,1.369538319279423489e-04
2.515000000000000000e+03,2.629456255360568609e-02,1.364597856926020323e-04
2.516000000000000000e+03,2.625403387311261300e-02,1.359675216759789122e-04
2.517000000000000000e+03,2.621356766081763684e-02,1.354770334489104478e-04
2.518000000000000000e+03,2.617316382043645417e-02,1.349883146054265651e-04
2.519000000000000000e+03,2.613282225583317062e-02,1.345013587626661190e-04
2.520000000000000000e+03,2.609254287102006492e-02,1.340161595607933828e-04
2.521000000000000000e+03,2.605232557015736347e-02,1.335327106629150527e-04
2.522000000000000000e+03,2.601217025755302170e-02,1.330510057549975228e-04
2.523000000000000000e+03,2.597207683766247777e-02,1.325710385457843775e-04
2.524000000000000000e+03,2.593204521508844437e-02,1.320928027667142633e-04
2.525000000000000000e+03,2.589207529458067286e-02,1.316162921718388957e-04
2.526000000000000000e+03,2.585216698103571728e-02,1.311415005377416360e-04
2.527000000000000000e+03,2.581232017949672969e-02,1.306684216634561757e-04
2.528000000000000000e+03,2.577253479515321383e-02,1.301970493703854929e-04
2.529000000000000000e+03,2.573281073334081348e-02,1.297273775022212143e-04
2.530000000000000000e+03,2.569314789954108003e-02,1.292593999248631406e-04
2.531000000000000000e+03,2.565354619938124692e-02,1.287931105263392050e-04
2.532000000000000000e+03,2.561400553863401111e-02,1.283285032167256492e-04
2.533000000000000000e+03,2.557452582321730408e-02,1.278655719280674425e-04
2.534000000000000000e+03,2.553510695919406631e-02,1.274043106142990541e-04
2.535000000000000000e+03,2.549574885277203218e-02,1.269447132511654689e-04
2.536000000000000000e+03,2.545645141030349404e-02,1.264867738361435284e-04
2.537000000000000000e+03,2.541721453828509059e-02,1.260304863883635431e-04
2.538000000000000000e+03,2.537803814335758135e-02,1.255758449485311757e-04
2.539000000000000000e+03,2.533892213230562462e-02,1.251228435788495955e-04
2.540000000000000000e+03,2.529986641205755199e-02,1.246714763629419034e-04
2.541000000000000000e+03,2.526087088968514277e-02,1.242217374057739368e-04
2.542000000000000000e+03,2.522193547240342282e-02,1.237736208335772105e-04
2.543000000000000000e+03,2.518306006757042512e-02,1.233271207937722356e-04
2.544000000000000000e+03,2.514424458268697121e-02,1.228822314548920838e-04
2.545000000000000000e+03,2.510548892539645957e-02,1.224389470065062493e-04
2.546000000000000000e+03,2.506679300348464007e-02,1.219972616591446461e-04
2.547000000000000000e+03,2.502815672487938847e-02,1.215571696442221202e-04
2.548000000000000000e+03,2.498957999765050522e-02,1.211186652139630980e-04
2.549000000000000000e+03,2.495106273000947950e-02,1.206817426413264645e-04
2.550000000000000000e+03,2.491260483030927758e-02,1.202463962199307803e-04
2.551000000000000000e+03,2.487420620704412430e-02,1.198126202639797832e-04
2.552000000000000000e+03,2.483586676884928790e-02,1.193804091081880804e-04
2.553000000000000000e+03,2.479758642450086148e-02,1.189497571077072322e-04
2.554000000000000000e+03,2.475936508291553748e-02,1.185206586380519453e-04
2.555000000000000000e+03,2.472120265315040297e-02,1.180931080950266591e-04
2.556000000000000000e+03,2.468309904440271763e-02,1.176670998946523748e-04
2.557000000000000000e+03,2.464505416600969862e-02,1.172426284730936758e-04
2.558000000000000000e+03,2.460706792744830548e-02,1.168196882865860586e-04
2.559000000000000000e+03,2.456914023833502159e-02,1.163982738113636167e-04
2.560000000000000000e+03,2.453127100842564245e-02,1.159783795435867786e-04
2.561000000000000000e+03,2.449346014761505722e-02,1.155599999992705062e-04
2.562000000000000000e+03,2.445570756593704737e-02,1.151431297142126566e-04
2.563000000000000000e+03,2.441801317356404738e-02,1.147277632439225867e-04
2.564000000000000000e+03,2.438037688080695736e-02,1.143138951635500847e-04
2.565000000000000000e+03,2.434279859811491406e-02,1.139015200678145166e-04
2.566000000000000000e+03,2.430527823607508270e-02,1.134906325709341774e-04
2.567000000000000000e+03,2.426781570541243840e-02,1.130812273065560209e-04
2.568000000000000000e+03,2.423041091698956845e-02,1.126732989276855258e-04
2.569000000000000000e+03,2.419306378180644326e-02,1.122668421066169134e-04
2.570000000000000000e+03,2.415577421100021521e-02,1.118618515348634876e-04
2.571000000000000000e+03,2.411854211584500349e-02,1.114583219230883817e-04
2.572000000000000000e+03,2.408136740775167900e-02,1.110562480010353998e-04
2.573000000000000000e+03,2.404424999826766662e-02,1.106556245174602918e-04
2.574000000000000000e+03,2.400718979907671968e-02,1.102564462400620557e-04
2.575000000000000000e+03,2.397018672199871525e-02,1.098587079554146870e-04
2.576000000000000000e+03,2.393324067898945293e-02,1.094624044688990235e-04
2.577000000000000000e+03,2.389635158214042931e-02,1.090675306046349547e-04
2.578000000000000000e+03,2.385951934367864027e-02,1.086740812054137956e-04
2.579000000000000000e+03,2.382274387596637275e-02,1.082820511326309436e-04
2.580000000000000000e+03,2.378602509150098965e-02,1.078914352662187394e-04
2.581000000000000000e+03,2.374936290291471824e-02,1.075022285045796396e-04
2.582000000000000000e+03,2.371275722297446278e-02,1.071144257645195789e-04
2.583000000000000000e+03,2.367620796458157206e-02,1.067280219811815221e-04
2.584000000000000000e+03,2.363971504077164165e-02,1.063430121079793952e-04
2.585000000000000000e+03,2.360327836471431615e-02,1.059593911165321528e-04
2.586000000000000000e+03,2.356689784971306711e-02,1.055771539965980619e-04
2.587000000000000000e+03,2.353057340920500229e-02,1.051962957560093103e-04
2.588000000000000000e+03,2.349430495676065045e-02,1.048168114206067926e-04
2.589000000000000000e+03,2.345809240608374632e-02,1.044386960341751663e-04
2.590000000000000000e+03,2.342193567101104670e-02,1.040619446583780703e-04
2.591000000000000000e+03,2.338583466551211187e-02,1.036865523726936968e-04
2.592000000000000000e+03,2.334978930368910438e-02,1.033125142743504706e-04
2.593000000000000000e+03,2.331379949977657740e-02,1.029398254782630268e-04
2.594000000000000000e+03,2.327786516814128737e-02,1.025684811169684605e-04
2.595000000000000000e+03,2.324198622328197544e-02,1.021984763405626832e-04
2.596000000000000000e+03,2.320616257982916972e-02,1.018298063166371331e-04
2.597000000000000000e+03,2.317039415254498053e-02,1.014624662302156201e-04
2.598000000000000000e+03,2.313468085632289228e-02,1.010964512836914691e-04
2.599000000000000000e+03,2.309902260618757613e-02,1.007317566967648806e-04
2.600000000000000000e+03,2.306341931729467137e-02,1.003683777063804665e-04
2.601000000000000000e+03,2.302787090493059810e-02,1.000063095666650176e-04
2.602000000000000000e+03,2.299237728451234558e-02,9.964554754886558135e-05
2.603000000000000000e+03,2.295693837158726408e-02,9.928608694128767656e-05
2.604000000000000000e+03,2.292155408183288792e-02,9.892792304923373739e-05
2.605000000000000000e+03,2.288622433105671344e-02,9.857105119494180188e-05
2.606000000000000000e+03,2.285094903519600817e-02,9.821546671752447134e-05
2.607000000000000000e+03,2.281572811031760267e-02,9.786116497290797819e-05
2.608000000000000000e+03,2.278056147261770317e-02,9.750814133377153840e-05
2.609000000000000000e+03,2.274544903842168342e-02,9.715639118948694788e-05
2.610000000000000000e+03,2.271039072418388344e-02,9.680590994605835502e-05
2.611000000000000000e+03,2.267538644648742219e-02,9.645669302606222305e-05
2.612000000000000000e+03,2.264043612204398592e-02,9.610873586858760401e-05
2.613000000000000000e+03,2.260553966769364084e-02,9.576203392917654830e-05
2.614000000000000000e+03,2.257069700040462146e-02,9.541658267976474460e-05
2.615000000000000000e+03,2.253590803727315364e-02,9.507237760862239024e-05
2.616000000000000000e+03,2.250117269552323607e-02,9.472941422029525118e-05
2.617000000000000000e+03,2.246649089250646325e-02,9.438768803554596610e-05
2.618000000000000000e+03,2.243186254570180699e-02,9.404719459129554007e-05
2.619000000000000000e+03,2.239728757271543247e-02,9.370792944056508228e-05
2.620000000000000000e+03,2.236276589128051440e-02,9.336988815241765213e-05
2.621000000000000000e+03,2.232829741925701147e-02,9.303306631190048481e-05
2.622000000000000000e+03,2.229388207463149640e-02,9.269745951998725753e-05
2.623000000000000000e+03,2.225951977551695465e-02,9.236306339352066746e-05
2.624000000000000000e+03,2.222521044015257630e-02,9.202987356515517233e-05
2.625000000000000000e+03,2.219095398690358253e-02,9.169788568329997490e-05
2.626000000000000000e+03,2.215675033426101406e-02,9.136709541206217014e-05
2.627000000000000000e+03,2.212259940084154719e-02,9.103749843119010924e-05
2.628000000000000000e+03,2.208850110538729955e-02,9.070909043601700747e-05
2.629000000000000000e+03,2.205445536676562887e-02,9.038186713740468774e-05
2.630000000000000000e+03,2.202046210396894910e-02,9.005582426168758146e-05
2.631000000000000000e+03,2.198652123611452916e-02,8.973095755061691933e-05
2.632000000000000000e+03,2.195263268244430910e-02,8.940726276130507100e-05
2.633000000000000000e+03,2.191879636232470924e-02,8.908473566617022377e-05
2.634000000000000000e+03,2.188501219524642202e-02,8.876337205288107463e-05
2.635000000000000000e+03,2.185128010082423855e-02,8.844316772430186127e-05
2.636000000000000000e+03,2.181759999879684733e-02,8.812411849843754209e-05
2.637000000000000000e+03,2.178397180902665042e-02,8.780622020837915240e-05
2.638000000000000000e+03,2.175039545149956219e-02,8.748946870224943171e-05
2.639000000000000000e+03,2.171687084632482889e-02,8.717385984314855935e-05
2.640000000000000000e+03,2.168339791373483788e-02,8.685938950910013418e-05
2.641000000000000000e+03,2.164997657408492329e-02,8.654605359299734390e-05
2.642000000000000000e+03,2.161660674785317177e-02,8.623384800254932413e-05
2.643000000000000000e+03,2.158328835564025244e-02,8.592276866022772086e-05
2.644000000000000000e+03,2.155002131816920186e-02,8.561281150321340186e-05
2.645000000000000000e+03,2.151680555628525393e-02,8.530397248334342566e-05
2.646000000000000000e+03,2.148364099095565263e-02,8.499624756705818668e-05
2.647000000000000000e+03,2.145052754326944727e-02,8.468963273534866882e-05
2.648000000000000000e+03,2.141746513443732597e-02,8.438412398370405138e-05
2.649000000000000000e+03,2.138445368579140748e-02,8.407971732205931498e-05
2.650000000000000000e+03,2.135149311878507122e-02,8.377640877474318629e-05
2.651000000000000000e+03,2.131858335499275600e-02,8.347419438042619124e-05
2.652000000000000000e+03,2.128572431610979004e-02,8.317307019206895209e-05
2.653000000000000000e+03,2.125291592395218282e-02,8.287303227687059298e-05
2.654000000000000000e+03,2.122015810045646544e-02,8.257407671621737582e-05
2.655000000000000000e+03,2.118745076767948252e-02,8.227619960563158021e-05
2.656000000000000000e+03,2.115479384779821170e-02,8.197939705472042390e-05
2.657000000000000000e+03,2.112218726310959374e-02,8.168366518712533576e-05
2.658000000000000000e+03,2.108963093603032080e-02,8.138900014047128280e-05
2.659000000000000000e+03,2.105712478909668034e-02,8.109539806631634127e-05
2.660000000000000000e+03,2.102466874496435045e-02,8.080285513010140321e-05
2.661000000000000000e+03,2.099226272640822288e-02,8.051136751110012698e-05
2.662000000000000000e+03,2.095990665632221570e-02,8.022093140236906395e-05
2.663000000000000000e+03,2.092760045771910327e-02,7.993154301069786650e-05
2.664000000000000000e+03,2.089534405373030812e-02,7.964319855655982135e-05
2.665000000000000000e+03,2.086313736760574827e-02,7.935589427406239632e-05
2.666000000000000000e+03,2.083098032271363254e-02,7.906962641089816668e-05
2.667000000000000000e+03,2.079887284254028010e-02,7.878439122829574142e-05
2.668000000000000000e+03,2.076681485068995053e-02,7.850018500097091995e-05
2.669000000000000000e+03,2.073480627088465297e-02,7.821700401707809276e-05
2.670000000000000000e+03,2.070284702696396223e-02,7.793484457816170978e-05
2.671000000000000000e+03,2.067093704288484532e-02,7.765370299910803341e-05
2.672000000000000000e+03,2.063907624272147759e-02,7.737357560809695928e-05
2.673000000000000000e+03,2.060726455066506230e-02,7.709445874655406741e-05
2.674000000000000000e+03,2.057550189102363980e-02,7.681634876910287666e-05
2.675000000000000000e+03,2.054378818822193142e-02,7.653924204351719403e-05
2.676000000000000000e+03,2.051212336680113130e-02,7.626313495067370794e-05
2.677000000000000000e+03,2.048050735141875370e-02,7.598802388450467634e-05
2.678000000000000000e+03,2.044894006684843529e-02,7.571390525195088590e-05
2.679000000000000000e+03,2.041742143797975473e-02,7.544077547291467894e-05
2.680000000000000000e+03,2.038595138981806956e-02,7.516863098021325145e-05
2.681000000000000000e+03,2.035452984748432892e-02,7.489746821953197813e-05
2.682000000000000000e+03,2.032315673621488961e-02,7.462728364937807636e-05
2.683000000000000000e+03,2.029183198136134611e-02,7.435807374103431074e-05
2.684000000000000000e+03,2.026055550839035713e-02,7.408983497851290095e-05
2.685000000000000000e+03,2.022932724288345474e-02,7.382256385850963286e-05
2.686000000000000000e+03,2.019814711053687789e-02,7.355625689035809171e-05
2.687000000000000000e+03,2.016701503716139196e-02,7.329091059598403070e-05
2.688000000000000000e+03,2.013593094868211530e-02,7.302652150986002426e-05
2.689000000000000000e+03,2.010489477113833190e-02,7.276308617896013484e-05
2.690000000000000000e+03,2.007390643068333175e-02,7.250060116271487783e-05
2.691000000000000000e+03,2.004296585358422700e-02,7.223906303296620014e-05
2.692000000000000000e+03,2.001207296622177154e-02,7.197846837392279744e-05
2.693000000000000000e+03,1.998122769509019445e-02,7.171881378211547218e-05
2.694000000000000000e+03,1.995042996679702307e-02,7.146009586635266773e-05
2.695000000000000000e+03,1.991967970806290261e-02,7.120231124767616518e-05
2.696000000000000000e+03,1.988897684572143304e-02,7.094545655931701052e-05
2.697000000000000000e+03,1.985832130671898177e-02,7.068952844665148246e-05
2.698000000000000000e+03,1.982771301811451711e-02,7.043452356715730427e-05
2.699000000000000000e+03,1.979715190707943828e-02,7.018043859037000455e-05
2.700000000000000000e+03,1.976663790089738804e-02,6.992727019783940017e-05
2.701000000000000000e+03,1.973617092696410349e-02,6.967501508308624164e-05
2.702000000000000000e+03,1.970575091278721491e-02,6.942366995155906193e-05
2.703000000000000000e+03,1.967537778598609996e-02,6.917323152059116074e-05
2.704000000000000000e+03,1.964505147429168944e-02,6.892369651935765650e-05
2.705000000000000000e+03,1.961477190554630767e-02,6.867506168883285016e-05
2.706000000000000000e+03,1.958453900770350253e-02,6.842732378174761604e-05
2.707000000000000000e+03,1.955435270882785806e-02,6.818047956254699596e-05
2.708000000000000000e+03,1.952421293709484529e-02,6.793452580734796957e-05
2.709000000000000000e+03,1.949411962079064184e-02,6.768945930389730597e-05
2.710000000000000000e+03,1.946407268831195497e-02,6.744527685152965936e-05
2.711000000000000000e+03,1.943407206816585159e-02,6.720197526112570521e-05
2.712000000000000000e+03,1.940411768896960557e-02,6.695955135507056114e-05
2.713000000000000000e+03,1.937420947945050348e-02,6.671800196721220776e-05
2.714000000000000000e+03,1.934434736844569541e-02,6.647732394282022126e-05
2.715000000000000000e+03,1.931453128490201454e-02,6.623751413854450589e-05
2.716000000000000000e+03,1.928476115787580714e-02,6.599856942237427053e-05
2.717000000000000000e+03,1.925503691653277644e-02,6.576048667359711357e-05
2.718000000000000000e+03,1.922535849014779183e-02,6.552326278275825695e-05
2.719000000000000000e+03,1.919572580810473966e-02,6.528689465161995628e-05
2.720000000000000000e+03,1.916613879989635671e-02,6.505137919312104660e-05
2.721000000000000000e+03,1.913659739512404284e-02,6.481671333133656938e-05
2.722000000000000000e+03,1.910710152349771179e-02,6.458289400143765702e-05
2.723000000000000000e+03,1.907765111483562120e-02,6.434991814965148520e-05
2.724000000000000000e+03,1.904824609906419219e-02,6.411778273322137414e-05
2.725000000000000000e+03,1.901888640621786364e-02,6.388648472036706624e-05
2.726000000000000000e+03,1.898957196643890483e-02,6.365602109024512552e-05
2.727000000000000000e+03,1.896030270997726280e-02,6.342638883290947272e-05
2.728000000000000000e+03,1.893107856719039930e-02,6.319758494927212359e-05
2.729000000000000000e+03,1.890189946854310687e-02,6.296960645106394077e-05
2.730000000000000000e+03,1.887276534460736663e-02,6.274245036079567032e-05
2.731000000000000000e+03,1.884367612606216089e-02,6.251611371171901879e-05
2.732000000000000000e+03,1.881463174369332747e-02,6.229059354778792017e-05
2.733000000000000000e+03,1.878563212839337582e-02,6.206588692361992470e-05
2.734000000000000000e+03,1.875667721116134473e-02,6.184199090445775034e-05
2.735000000000000000e+03,1.872776692310261504e-02,6.161890256613091561e-05
2.736000000000000000e+03,1.869890119542877080e-02,6.139661899501758918e-05
2.737000000000000000e+03,1.867007995945740850e-02,6.117513728800648019e-05
2.738000000000000000e+03,1.864130314661199828e-02,6.095445455245901314e-05
2.739000000000000000e+03,1.861257068842170001e-02,6.073456790617145536e-05
2.740000000000000000e+03,1.858388251652121764e-02,6.051547447733733582e-05
2.741000000000000000e+03,1.855523856265062221e-02,6.029717140450989790e-05
2.742000000000000000e+03,1.852663875865519921e-02,6.007965583656477572e-05
2.743000000000000000e+03,1.849808303648528551e-02,5.986292493266269076e-05
2.744000000000000000e+03,1.846957132819609937e-02,5.964697586221241965e-05
2.745000000000000000e+03,1.844110356594759123e-02,5.943180580483376863e-05
2.746000000000000000e+03,1.841267968200427374e-02,5.921741195032079197e-05
2.747000000000000000e+03,1.838429960873505520e-02,5.900379149860502401e-05
2.748000000000000000e+03,1.835596327861309732e-02,5.879094165971896185e-05
2.749000000000000000e+03,1.832767062421563481e-02,5.857885965375962261e-05
2.750000000000000000e+03,1.829942157822382967e-02,5.836754271085220909e-05
2.751000000000000000e+03,1.827121607342260118e-02,5.815698807111395843e-05
2.752000000000000000e+03,1.824305404270046629e-02,5.794719298461807204e-05
2.753000000000000000e+03,1.821493541904938701e-02,5.773815471135784207e-05
2.754000000000000000e+03,1.818686013556460729e-02,5.752987052121081852e-05
2.755000000000000000e+03,1.815882812544449693e-02,5.732233769390318644e-05
2.756000000000000000e+03,1.813083932199038156e-02,5.711555351897422438e-05
2.757000000000000000e+03,1.810289365860639349e-02,5.690951529574091205e-05
2.758000000000000000e+03,1.807499106879931552e-02,5.670422033326263266e-05
2.759000000000000000e+03,1.804713148617841795e-02,5.649966595030607875e-05
2.760000000000000000e+03,1.801931484445529197e-02,5.629584947531017817e-05
2.761000000000000000e+03,1.799154107744371789e-02,5.609276824635124381e-05
2.762000000000000000e+03,1.796381011905947775e-02,5.589041961110818423e-05
2.763000000000000000e+03,1.793612190332021655e-02,5.568880092682787020e-05
2.764000000000000000e+03,1.790847636434528267e-02,5.548790956029062995e-05
2.765000000000000000e+03,1.788087343635556131e-02,5.528774288777584607e-05
2.766000000000000000e+03,1.785331305367333227e-02,5.508829829502768122e-05
2.767000000000000000e+03,1.782579515072209991e-02,5.488957317722095957e-05
2.768000000000000000e+03,1.779831966202644750e-02,5.469156493892711614e-05
2.769000000000000000e+03,1.777088652221188100e-02,5.449427099408032899e-05
2.770000000000000000e+03,1.774349566600466610e-02,5.429768876594373280e-05
2.771000000000000000e+03,1.771614702823167548e-02,5.410181568707574757e-05
2.772000000000000000e+03,1.768884054382023618e-02,5.390664919929657008e-05
2.773000000000000000e+03,1.766157614779798046e-02,5.371218675365477361e-05
2.774000000000000000e+03,1.763435377529267573e-02,5.351842581039396873e-05
2.775000000000000000e+03,1.760717336153208579e-02,5.332536383891969454e-05
2.776000000000000000e+03,1.758003484184380433e-02,5.313299831776631654e-05
2.777000000000000000e+03,1.755293815165510918e-02,5.294132673456412115e-05
2.778000000000000000e+03,1.752588322649280966e-02,5.275034658600651180e-05
2.779000000000000000e+03,1.749887000198308701e-02,5.256005537781727958e-05
2.780000000000000000e+03,1.747189841385134168e-02,5.237045062471806361e-05
2.781000000000000000e+03,1.744496839792204421e-02,5.218152985039587919e-05
2.782000000000000000e+03,1.741807989011858251e-02,5.199329058747075439e-05
2.783000000000000000e+03,1.739123282646310581e-02,5.180573037746355632e-05
2.784000000000000000e+03,1.736442714307637886e-02,5.161884677076383776e-05
2.785000000000000000e+03,1.733766277617761892e-02,5.143263732659784644e-05
2.786000000000000000e+03,1.731093966208435697e-02,5.124709961299667659e-05
2.787000000000000000e+03,1.728425773721227465e-02,5.106223120676447471e-05
2.788000000000000000e+03,1.725761693807506200e-02,5.087802969344682152e-05
2.789000000000000000e+03,1.723101720128426134e-02,5.069449266729916814e-05
2.790000000000000000e+03,1.720445846354911462e-02,5.051161773125543487e-05
2.791000000000000000e+03,1.717794066167642464e-02,5.032940249689671163e-05
2.792000000000000000e+03,1.715146373257038503e-02,5.014784458442003294e-05
2.793000000000000000e+03,1.712502761323244846e-02,4.996694162260732910e-05
2.794000000000000000e+03,1.709863224076116697e-02,4.978669124879444506e-05
2.795000000000000000e+03,1.707227755235204286e-02,4.960709110884028137e-05
2.796000000000000000e+03,1.704596348529738639e-02,4.942813885709604349e-05
2.797000000000000000e+03,1.701968997698615621e-02,4.924983215637462658e-05
2.798000000000000000e+03,1.699345696490382057e-02,4.907216867792006817e-05
2.799000000000000000e+03,1.696726438663219427e-02,4.889514610137714302e-05
2.800000000000000000e+03,1.694111217984931028e-02,4.871876211476105969e-05
2.801000000000000000e+03,1.691500028232924974e-02,4.854301441442725195e-05
2.802000000000000000e+03,1.688892863194201704e-02,4.836790070504132607e-05
2.803000000000000000e+03,1.686289716665336988e-02,4.819341869954904870e-05
2.804000000000000000e+03,1.683690582452468387e-02,4.801956611914648393e-05
2.805000000000000000e+03,1.681095454371279996e-02,4.784634069325024547e-05
2.806000000000000000e+03,1.678504326246988906e-02,4.767374015946783015e-05
2.807000000000000000e+03,1.675917191914328558e-02,4.750176226356806668e-05
2.808000000000000000e+03,1.673334045217535898e-02,4.733040475945168629e-05
2.809000000000000000e+03,1.670754880010335772e-02,4.715966540912198154e-05
2.810000000000000000e+03,1.668179690155926001e-02,4.698954198265557352e-05
2.811000000000000000e+03,1.665608469526963509e-02,4.682003225817330774e-05
2.812000000000000000e+03,1.663041212005550093e-02,4.665113402181119085e-05
2.813000000000000000e+03,1.660477911483216468e-02,4.648284506769153717e-05
2.814000000000000000e+03,1.657918561860908732e-02,4.631516319789410194e-05
2.815000000000000000e+03,1.655363157048973799e-02,4.614808622242742441e-05
2.816000000000000000e+03,1.652811690967145170e-02,4.598161195920019137e-05
2.817000000000000000e+03,1.650264157544526974e-02,4.581573823399274977e-05
2.818000000000000000e+03,1.647720550719581484e-02,4.565046288042870059e-05
2.819000000000000000e+03,1.645180864440114188e-02,4.548578373994664184e-05
2.820000000000000000e+03,1.642645092663257839e-02,4.532169866177191829e-05
2.821000000000000000e+03,1.640113229355459612e-02,4.515820550288858135e-05
2.822000000000000000e+03,1.637585268492467230e-02,4.499530212801138268e-05
2.823000000000000000e+03,1.635061204059313350e-02,4.483298640955788318e-05
2.824000000000000000e+03,1.632541030050300990e-02,4.467125622762066348e-05
2.825000000000000000e+03,1.630024740468990693e-02,4.451010946993964293e-05
2.826000000000000000e+03,1.627512329328185264e-02,4.434954403187450696e-05
2.827000000000000000e+03,1.625003790649916235e-02,4.418955781637718869e-05
2.828000000000000000e+03,1.622499118465428602e-02,4.403014873396450638e-05
2.829000000000000000e+03,1.619998306815166947e-02,4.387131470269085506e-05
2.830000000000000000e+03,1.617501349748762252e-02,4.371305364812103376e-05
2.831000000000000000e+03,1.615008241325017330e-02,4.355536350330313364e-05
2.832000000000000000e+03,1.612518975611890865e-02,4.339824220874156170e-05
2.833000000000000000e+03,1.610033546686485961e-02,4.324168771237013901e-05
2.834000000000000000e+03,1.607551948635034533e-02,4.308569796952527349e-05
2.835000000000000000e+03,1.605074175552883772e-02,4.293027094291930208e-05
2.836000000000000000e+03,1.602600221544481576e-02,4.277540460261384646e-05
2.837000000000000000e+03,1.600130080723363019e-02,4.262109692599331113e-05
2.838000000000000000e+03,1.597663747212136470e-02,4.246734589773846949e-05
2.839000000000000000e+03,1.595201215142468681e-02,4.231414950980014482e-05
2.840000000000000000e+03,1.592742478655072291e-02,4.216150576137298620e-05
2.841000000000000000e+03,1.590287531899690215e-02,4.200941265886933240e-05
2.842000000000000000e+03,1.587836369035083156e-02,4.185786821589315720e-05
2.843000000000000000e+03,1.585388984229014683e-02,4.170687045321417046e-05
2.844000000000000000e+03,1.582945371658238051e-02,4.155641739874193282e-05
2.845000000000000000e+03,1.580505525508481973e-02,4.140650708750009913e-05
2.846000000000000000e+03,1.578069439974437091e-02,4.125713756160078382e-05
2.847000000000000000e+03,1.575637109259741750e-02,4.110830687021896021e-05
2.848000000000000000e+03,1.573208527576968468e-02,4.096001306956698171e-05
2.849000000000000000e+03,1.570783689147609713e-02,4.081225422286923865e-05
2.850000000000000000e+03,1.568362588202065755e-02,4.066502840033680145e-05
2.851000000000000000e+03,1.565945218979628364e-02,4.051833367914226041e-05
2.852000000000000000e+03,1.563531575728469361e-02,4.037216814339459925e-05
2.853000000000000000e+03,1.561121652705625695e-02,4.022652988411417046e-05
2.854000000000000000e+03,1.558715444176986091e-02,4.008141699920775855e-05
2.855000000000000000e+03,1.556312944417277688e-02,3.993682759344375870e-05
2.856000000000000000e+03,1.553914147710051992e-02,3.979275977842740264e-05
2.857000000000000000e+03,1.551519048347671514e-02,3.964921167257609992e-05
2.858000000000000000e+03,1.549127640631296071e-02,3.950618140109487386e-05
2.859000000000000000e+03,1.546739918870869424e-02,3.936366709595186546e-05
2.860000000000000000e+03,1.544355877385105748e-02,3.922166689585395230e-05
2.861000000000000000e+03,1.541975510501475410e-02,3.908017894622240151e-05
2.862000000000000000e+03,1.539598812556192652e-02,3.893920139916869202e-05
2.863000000000000000e+03,1.537225777894201187e-02,3.879873241347036396e-05
2.864000000000000000e+03,1.534856400869160850e-02,3.865877015454695614e-05
2.865000000000000000e+03,1.532490675843434930e-02,3.851931279443607232e-05
2.866000000000000000e+03,1.530128597188075597e-02,3.838035851176948806e-05
2.867000000000000000e+03,1.527770159282811763e-02,3.824190549174937286e-05
2.868000000000000000e+03,1.525415356516034333e-02,3.810395192612457319e-05
2.869000000000000000e+03,1.523064183284784066e-02,3.796649601316701757e-05
2.870000000000000000e+03,1.520716633994737693e-02,3.782953595764818261e-05
2.871000000000000000e+03,1.518372703060194215e-02,3.769306997081562678e-05
2.872000000000000000e+03,1.516032384904062759e-02,3.755709627036963943e-05
2.873000000000000000e+03,1.513695673957848181e-02,3.742161308043996432e-05
2.874000000000000000e+03,1.511362564661638055e-02,3.728661863156261801e-05
2.875000000000000000e+03,1.509033051464090183e-02,3.715211116065675573e-05
2.876000000000000000e+03,1.506707128822418543e-02,3.701808891100167269e-05
2.877000000000000000e+03,1.504384791202380278e-02,3.688455013221382582e-05
2.878000000000000000e+03,1.502066033078262863e-02,3.675149308022400451e-05
2.879000000000000000e+03,1.499750848932870570e-02,3.661891601725454203e-05
2.880000000000000000e+03,1.497439233257511632e-02,3.648681721179660830e-05
2.881000000000000000e+03,1.495131180551984712e-02,3.635519493858761103e-05
2.882000000000000000e+03,1.492826685324566763e-02,3.622404747858866462e-05
2.883000000000000000e+03,1.490525742091998625e-02,3.609337311896211337e-05
2.884000000000000000e+03,1.488228345379473058e-02,3.596317015304920361e-05
2.885000000000000000e+03,1.485934489720620866e-02,3.583343688034774238e-05
2.886000000000000000e+03,1.483644169657499096e-02,3.570417160648994587e-05
2.887000000000000000e+03,1.481357379740576817e-02,3.557537264322025388e-05
2.888000000000000000e+03,1.479074114528722630e-02,3.544703830837331375e-05
2.889000000000000000e+03,1.476794368589192004e-02,3.531916692585201174e-05
2.890000000000000000e+03,1.474518136497613915e-02,3.519175682560557212e-05
2.891000000000000000e+03,1.472245412837977843e-02,3.506480634360774438e-05
2.892000000000000000e+03,1.469976192202621448e-02,3.493831382183506498e-05
2.893000000000000000e+03,1.467710469192217392e-02,3.481227760824523432e-05
2.894000000000000000e+03,1.465448238415760496e-02,3.468669605675550041e-05
2.895000000000000000e+03,1.463189494490554909e-02,3.456156752722117813e-05
2.896000000000000000e+03,1.460934232042201096e-02,3.443689038541423628e-05
2.897000000000000000e+03,1.458682445704583691e-02,3.431266300300194551e-05
2.898000000000000000e+03,1.456434130119857798e-02,3.418888375752560766e-05
2.899000000000000000e+03,1.454189279938437017e-02,3.406555103237936640e-05
2.900000000000000000e+03,1.451947889818980438e-02,3.394266321678911268e-05
2.901000000000000000e+03,1.449709954428379799e-02,3.382021870579140382e-05
2.902000000000000000e+03,1.447475468441747348e-02,3.369821590021255869e-05
2.903000000000000000e+03,1.445244426542402309e-02,3.357665320664773265e-05
2.904000000000000000e+03,1.443016823421858913e-02,3.345552903744011439e-05
2.905000000000000000e+03,1.440792653779813214e-02,3.333484181066020415e-05
2.906000000000000000e+03,1.438571912324131119e-02,3.321458995008512574e-05
2.907000000000000000e+03,1.436354593770835554e-02,3.309477188517806739e-05
2.908000000000000000e+03,1.434140692844093623e-02,3.297538605106777000e-05
2.909000000000000000e+03,1.431930204276204120e-02,3.285643088852806959e-05
2.910000000000000000e+03,1.429723122807585386e-02,3.273790484395754140e-05
2.911000000000000000e+03,1.427519443186762473e-02,3.261980636935920500e-05
2.912000000000000000e+03,1.425319160170354649e-02,3.250213392232033100e-05
2.913000000000000000e+03,1.423122268523062742e-02,3.238488596599225458e-05
2.914000000000000000e+03,1.420928763017657512e-02,3.226806096907035840e-05
2.915000000000000000e+03,1.418738638434966122e-02,3.215165740577401486e-05
2.916000000000000000e+03,1.416551889563860342e-02,3.203567375582669775e-05
2.917000000000000000e+03,1.414368511201244231e-02,3.192010850443611429e-05
2.918000000000000000e+03,1.412188498152041130e-02,3.180496014227441161e-05
2.919000000000000000e+03,1.410011845229182208e-02,3.169022716545849853e-05
2.920000000000000000e+03,1.407838547253593281e-02,3.157590807553035370e-05
2.921000000000000000e+03,1.405668599054182843e-02,3.146200137943750319e-05
2.922000000000000000e+03,1.403501995467830096e-02,3.134850558951348456e-05
2.923000000000000000e+03,1.401338731339371937e-02,3.123541922345844635e-05
2.924000000000000000e+03,1.399178801521591339e-02,3.112274080431976127e-05
2.925000000000000000e+03,1.397022200875204859e-02,3.101046886047274765e-05
2.926000000000000000e+03,1.394868924268850147e-02,3.089860192560147235e-05
2.927000000000000000e+03,1.392718966579074326e-02,3.078713853867956035e-05
2.928000000000000000e+03,1.390572322690321327e-02,3.067607724395114666e-05
2.929000000000000000e+03,1.388428987494919574e-02,3.056541659091182829e-05
2.930000000000000000e+03,1.386288955893070704e-02,3.045515513428976521e-05
2.931000000000000000e+03,1.384152222792836215e-02,3.034529143402676102e-05
2.932000000000000000e+03,1.382018783110126534e-02,3.023582405525948596e-05
2.933000000000000000e+03,1.379888631768688007e-02,3.012675156830072357e-05
2.934000000000000000e+03,1.377761763700091277e-02,3.001807254862069870e-05
2.935000000000000000e+03,1.375638173843719142e-02,2.990978557682846990e-05
2.936000000000000000e+03,1.373517857146754409e-02,2.980188923865340311e-05
2.937000000000000000e+03,1.371400808564168100e-02,2.969438212492669617e-05
2.938000000000000000e+03,1.369287023058707309e-02,2.958726283156296096e-05
2.939000000000000000e+03,1.367176495600882884e-02,2.948052995954190711e-05
2.940000000000000000e+03,1.365069221168958326e-02,2.937418211489004955e-05
2.941000000000000000e+03,1.362965194748936779e-02,2.926821790866252434e-05
2.942000000000000000e+03,1.360864411334550272e-02,2.916263595692492831e-05
2.943000000000000000e+03,1.358766865927246367e-02,2.905743488073526032e-05
2.944000000000000000e+03,1.356672553536177744e-02,2.895261330612589301e-05
2.945000000000000000e+03,1.354581469178189196e-02,2.884816986408564958e-05
2.946000000000000000e+03,1.352493607877806522e-02,2.874410319054190768e-05
2.947000000000000000e+03,1.350408964667224043e-02,2.864041192634279816e-05
2.948000000000000000e+03,1.348327534586293494e-02,2.853709471723943770e-05
2.949000000000000000e+03,1.346249312682511537e-02,2.843415021386825635e-05
2.950000000000000000e+03,1.344174294011008484e-02,2.833157707173336565e-05
2.951000000000000000e+03,1.342102473634536330e-02,2.822937395118900475e-05
2.952000000000000000e+03,1.340033846623456953e-02,2.812753951742203389e-05
2.953000000000000000e+03,1.337968408055730495e-02,2.802607244043451608e-05
2.954000000000000000e+03,1.335906153016903561e-02,2.792497139502633254e-05
2.955000000000000000e+03,1.333847076600097603e-02,2.782423506077788631e-05
2.956000000000000000e+03,1.331791173905997119e-02,2.772386212203284989e-05
2.957000000000000000e+03,1.329738440042838206e-02,2.762385126788098399e-05
2.958000000000000000e+03,1.327688870126396761e-02,2.752420119214102413e-05
2.959000000000000000e+03,1.325642459279976690e-02,2.742491059334360102e-05
2.960000000000000000e+03,1.323599202634398800e-02,2.732597817471427282e-05
2.961000000000000000e+03,1.321559095327988834e-02,2.722740264415655735e-05
2.962000000000000000e+03,1.319522132506566192e-02,2.712918271423507620e-05
2.963000000000000000e+03,1.317488309323431618e-02,2.703131710215874272e-05
2.964000000000000000e+03,1.315457620939356961e-02,2.693380452976399086e-05
2.965000000000000000e+03,1.313430062522572168e-02,2.683664372349810212e-05
2.966000000000000000e+03,1.311405629248755221e-02,2.673983341440255629e-05
2.967000000000000000e+03,1.309384316301019646e-02,2.664337233809646686e-05
2.968000000000000000e+03,1.307366118869903414e-02,2.654725923476006390e-05
2.969000000000000000e+03,1.305351032153357488e-02,2.645149284911824127e-05
2.970000000000000000e+03,1.303339051356734724e-02,2.635607193042416825e-05
2.971000000000000000e+03,1.301330171692777551e-02,2.626099523244294177e-05
2.972000000000000000e+03,1.299324388381607395e-02,2.616626151343532340e-05
2.973000000000000000e+03,1.297321696650713396e-02,2.607186953614151021e-05
2.974000000000000000e+03,1.295322091734940270e-02,2.597781806776498691e-05
2.975000000000000000e+03,1.293325568876477552e-02,2.588410587995641191e-05
2.976000000000000000e+03,1.291332123324848320e-02,2.579073174879759482e-05
2.977000000000000000e+03,1.289341750336897574e-02,2.569769445478548080e-05
2.978000000000000000e+03,1.287354445176780784e-02,2.560499278281625678e-05
2.979000000000000000e+03,1.285370203115953659e-02,2.551262552216945778e-05
2.980000000000000000e+03,1.283389019433159653e-02,2.542059146649216462e-05
2.981000000000000000e+03,1.281410889414419385e-02,2.532888941378324575e-05
2.982000000000000000e+03,1.279435808353019191e-02,2.523751816637766004e-05
2.983000000000000000e+03,1.277463771549500193e-02,2.514647653093081712e-05
2.984000000000000000e+03,1.275494774311646852e-02,2.505576331840298865e-05
2.985000000000000000e+03,1.273528811954475690e-02,2.496537734404377705e-05
2.986000000000000000e+03,1.271565879800224882e-02,2.487531742737664198e-05
2.987000000000000000e+03,1.269605973178342118e-02,2.478558239218349104e-05
2.988000000000000000e+03,1.267649087425474011e-02,2.469617106648931129e-05
2.989000000000000000e+03,1.265695217885455179e-02,2.460708228254685818e-05
2.990000000000000000e+03,1.263744359909296788e-02,2.451831487682141583e-05
2.991000000000000000e+03,1.261796508855175802e-02,2.442986768997559442e-05
2.992000000000000000e+03,1.259851660088423531e-02,2.434173956685418527e-05
2.993000000000000000e+03,1.257909808981514874e-02,2.425392935646908025e-05
2.994000000000000000e+03,1.255970950914057568e-02,2.416643591198424203e-05
2.995000000000000000e+03,1.254035081272780565e-02,2.407925809070071162e-05
2.996000000000000000e+03,1.252102195451523792e-02,2.399239475404170056e-05
2.997000000000000000e+03,1.250172288851226360e-02,2.390584476753771024e-05
2.998000000000000000e+03,1.248245356879916501e-02,2.381960700081172581e-05
2.999000000000000000e+03,1.246321394952699772e-02,2.373368032756443372e-05
3.000000000000000000e+03,1.244400398491748994e-02,2.364806362555953417e-05
3.001000000000000000e+03,1.242482362926292626e-02,2.356275577660907052e-05
3.002000000000000000e+03,1.240567283692604536e-02,2.347775566655883319e-05
3.003000000000000000e+03,1.238655156233992374e-02,2.339306218527379753e-05
3.004000000000000000e+03,1.236745976000787513e-02,2.330867422662363607e-05
3.005000000000000000e+03,1.234839738450333943e-02,2.322459068846826485e-05
3.006000000000000000e+03,1.232936439046977001e-02,2.314081047264345735e-05
3.007000000000000000e+03,1.231036073262053304e-02,2.305733248494648899e-05
3.008000000000000000e+03,1.229138636573879478e-02,2.297415563512186294e-05
3.009000000000000000e+03,1.227244124467741747e-02,2.289127883684705285e-05
3.010000000000000000e+03,1.225352532435885003e-02,2.280870100771832692e-05
3.011000000000000000e+03,1.223463855977501707e-02,2.272642106923661260e-05
3.012000000000000000e+03,1.221578090598722174e-02,2.264443794679340199e-05
3.013000000000000000e+03,1.219695231812602948e-02,2.256275056965672830e-05
3.014000000000000000e+03,1.217815275139116221e-02,2.248135787095716955e-05
3.015000000000000000e+03,1.215938216105139774e-02,2.240025878767391653e-05
3.016000000000000000e+03,1.214064050244445872e-02,2.231945226062090180e-05
3.017000000000000000e+03,1.212192773097690510e-02,2.223893723443295579e-05
3.018000000000000000e+03,1.210324380212403350e-02,2.215871265755202385e-05
3.019000000000000000e+03,1.208458867142976623e-02,2.207877748221343759e-05
3.020000000000000000e+03,1.206596229450654714e-02,2.199913066443222000e-05
3.021000000000000000e+03,1.204736462703523414e-02,2.191977116398946860e-05
3.022000000000000000e+03,1.202879562476499853e-02,2.184069794441874526e-05
3.023000000000000000e+03,1.201025524351321747e-02,2.176190997299256097e-05
3.024000000000000000e+03,1.199174343916536815e-02,2.168340622070888093e-05
3.025000000000000000e+03,1.197326016767491855e-02,2.160518566227768379e-05
3.026000000000000000e+03,1.195480538506323194e-02,2.152724727610756840e-05
3.027000000000000000e+03,1.193637904741945421e-02,2.144959004429242150e-05
3.028000000000000000e+03,1.191798111090041495e-02,2.137221295259810911e-05
3.029000000000000000e+03,1.189961153173051990e-02,2.129511499044924256e-05
3.030000000000000000e+03,1.188127026620164686e-02,2.121829515091597484e-05
3.031000000000000000e+03,1.186295727067304163e-02,2.114175243070085135e-05
3.032000000000000000e+03,1.184467250157121739e-02,2.106548583012569779e-05
3.033000000000000000e+03,1.182641591538984710e-02,2.098949435311858600e-05
3.034000000000000000e+03,1.180818746868966124e-02,2.091377700720079648e-05
3.035000000000000000e+03,1.178998711809834711e-02,2.083833280347387228e-05
3.036000000000000000e+03,1.177181482031043960e-02,2.076316075660671027e-05
3.037000000000000000e+03,1.175367053208722229e-02,2.068825988482267264e-05
3.038000000000000000e+03,1.173555421025662682e-02,2.061362920988678320e-05
3.039000000000000000e+03,1.171746581171312362e-02,2.053926775709294053e-05
3.040000000000000000e+03,1.169940529341762653e-02,2.046517455525118876e-05
3.041000000000000000e+03,1.168137261239738517e-02,2.039134863667503586e-05
3.042000000000000000e+03,1.166336772574588440e-02,2.031778903716881582e-05
3.043000000000000000e+03,1.164539059062274368e-02,2.024449479601510182e-05
3.044000000000000000e+03,1.162744116425361296e-02,2.017146495596213959e-05
3.045000000000000000e+03,1.160951940393007212e-02,2.009869856321136556e-05
3.046000000000000000e+03,1.159162526700952683e-02,2.002619466740493853e-05
3.047000000000000000e+03,1.157375871091510973e-02,1.995395232161333574e-05
3.048000000000000000e+03,1.155591969313558148e-02,1.988197058232297259e-05
3.049000000000000000e+03,1.153810817122522675e-02,1.981024850942389697e-05
3.050000000000000000e+03,1.152032410280374834e-02,1.973878516619750054e-05
3.051000000000000000e+03,1.150256744555617529e-02,1.966757961930428074e-05
3.052000000000000000e+03,1.148483815723275701e-02,1.959663093877166387e-05
3.053000000000000000e+03,1.146713619564886447e-02,1.952593819798184848e-05
3.054000000000000000e+03,1.144946151868488776e-02,1.945550047365971312e-05
3.055000000000000000e+03,1.143181408428613731e-02,1.938531684586074444e-05
3.056000000000000000e+03,1.141419385046274493e-02,1.931538639795903300e-05
3.057000000000000000e+03,1.139660077528956497e-02,1.924570821663529967e-05
3.058000000000000000e+03,1.137903481690606851e-02,1.917628139186496595e-05
3.059000000000000000e+03,1.136149593351624965e-02,1.910710501690626847e-05
3.060000000000000000e+03,1.134398408338852318e-02,1.903817818828842421e-05
3.061000000000000000e+03,1.132649922485562573e-02,1.896950000579981270e-05
3.062000000000000000e+03,1.130904131631451856e-02,1.890106957247623276e-05
3.063000000000000000e+03,1.129161031622628528e-02,1.883288599458919648e-05
3.064000000000000000e+03,1.127420618311603812e-02,1.876494838163423007e-05
3.065000000000000000e+03,1.125682887557281214e-02,1.869725584631926602e-05
3.066000000000000000e+03,1.123947835224947331e-02,1.862980750455305241e-05
3.067000000000000000e+03,1.122215457186261436e-02,1.856260247543359249e-05
3.068000000000000000e+03,1.120485749319246119e-02,1.849563988123665225e-05
3.069000000000000000e+03,1.118758707508277564e-02,1.842891884740429490e-05
3.070000000000000000e+03,1.117034327644074974e-02,1.836243850253345612e-05
3.071000000000000000e+03,1.115312605623691722e-02,1.829619797836456671e-05
3.072000000000000000e+03,1.113593537350505112e-02,1.823019640977020914e-05
3.073000000000000000e+03,1.111877118734206499e-02,1.816443293474382149e-05
3.074000000000000000e+03,1.110163345690792086e-02,1.809890669438843532e-05
3.075000000000000000e+03,1.108452214142552697e-02,1.803361683290545756e-05
3.076000000000000000e+03,1.106743720018064231e-02,1.796856249758350661e-05
3.077000000000000000e+03,1.105037859252178123e-02,1.790374283878725525e-05
3.078000000000000000e+03,1.103334627786011629e-02,1.783915700994635140e-05
3.079000000000000000e+03,1.101634021566937766e-02,1.777480416754435253e-05
3.080000000000000000e+03,1.099936036548576287e-02,1.771068347110771080e-05
3.081000000000000000e+03,1.098240668690783628e-02,1.764679408319479216e-05
3.082000000000000000e+03,1.096547913959643530e-02,1.758313516938495301e-05
3.083000000000000000e+03,1.094857768327457334e-02,1.751970589826762361e-05
3.084000000000000000e+03,1.093170227772734433e-02,1.745650544143146271e-05
3.085000000000000000e+03,1.091485288280182389e-02,1.739353297345353581e-05
3.086000000000000000e+03,1.089802945840698256e-02,1.733078767188852740e-05
3.087000000000000000e+03,1.088123196451357827e-02,1.726826871725800733e-05
3.088000000000000000e+03,1.086446036115407132e-02,1.720597529303972430e-05
3.089000000000000000e+03,1.084771460842252205e-02,1.714390658565695361e-05
3.090000000000000000e+03,1.083099466647450236e-02,1.708206178446784485e-05
3.091000000000000000e+03,1.081430049552699682e-02,1.702044008175486787e-05
3.092000000000000000e+03,1.079763205585830728e-02,1.695904067271423164e-05
3.093000000000000000e+03,1.078098930780796091e-02,1.689786275544539462e-05
3.094000000000000000e+03,1.076437221177661829e-02,1.683690553094058863e-05
3.095000000000000000e+03,1.074778072822596929e-02,1.677616820307437664e-05
3.096000000000000000e+03,1.073121481767864982e-02,1.671564997859325798e-05
3.097000000000000000e+03,1.071467444071814296e-02,1.665535006710530742e-05
3.098000000000000000e+03,1.069815955798868526e-02,1.659526768106986172e-05
3.099000000000000000e+03,1.068167013019517136e-02,1.653540203578721292e-05
3.100000000000000000e+03,1.066520611810306725e-02,1.647575234938838972e-05
3.101000000000000000e+03,1.064876748253831135e-02,1.641631784282491182e-05
3.102000000000000000e+03,1.063235418438721741e-02,1.635709773985864578e-05
3.103000000000000000e+03,1.061596618459639471e-02,1.629809126705164407e-05
3.104000000000000000e+03,1.059960344417264048e-02,1.623929765375605860e-05
3.105000000000000000e+03,1.058326592418285493e-02,1.618071613210407452e-05
3.106000000000000000e+03,1.056695358575394927e-02,1.612234593699787128e-05
3.107000000000000000e+03,1.055066639007274515e-02,1.606418630609963771e-05
3.108000000000000000e+03,1.053440429838589654e-02,1.600623647982161099e-05
3.109000000000000000e+03,1.051816727199978395e-02,1.594849570131617308e-05
3.110000000000000000e+03,1.050195527228042769e-02,1.589096321646593372e-05
3.111000000000000000e+03,1.048576826065339938e-02,1.583363827387391495e-05
3.112000000000000000e+03,1.046960619860372310e-02,1.577652012485371541e-05
3.113000000000000000e+03,1.045346904767578688e-02,1.571960802341973893e-05
3.114000000000000000e+03,1.043735676947325774e-02,1.566290122627745707e-05
3.115000000000000000e+03,1.042126932565897585e-02,1.560639899281369197e-05
3.116000000000000000e+03,1.040520667795487644e-02,1.555010058508695333e-05
3.117000000000000000e+03,1.038916878814189620e-02,1.549400526781778909e-05
3.118000000000000000e+03,1.037315561805987260e-02,1.543811230837919697e-05
3.119000000000000000e+03,1.035716712960746931e-02,1.538242097678703608e-05
3.120000000000000000e+03,1.034120328474207040e-02,1.532693054569051979e-05
3.121000000000000000e+03,1.032526404547970053e-02,1.527164029036268836e-05
3.122000000000000000e+03,1.030934937389492781e-02,1.521654948869096275e-05
3.123000000000000000e+03,1.029345923212077532e-02,1.516165742116770538e-05
3.124000000000000000e+03,1.027759358234863439e-02,1.510696337088082814e-05
3.125000000000000000e+03,1.026175238682817091e-02,1.505246662350442425e-05
3.126000000000000000e+03,1.024593560786723687e-02,1.499816646728943904e-05
3.127000000000000000e+03,1.023014320783177840e-02,1.494406219305437799e-05
3.128000000000000000e+03,1.021437514914575254e-02,1.489015309417604528e-05
3.129000000000000000e+03,1.019863139429102832e-02,1.483643846658030771e-05
3.130000000000000000e+03,1.018291190580730698e-02,1.478291760873290614e-05
3.131000000000000000e+03,1.016721664629202659e-02,1.472958982163029225e-05
3.132000000000000000e+03,1.015154557840027352e-02,1.467645440879049414e-05
3.133000000000000000e+03,1.013589866484469922e-02,1.462351067624402767e-05
3.134000000000000000e+03,1.012027586839542304e-02,1.457075793252482646e-05
3.135000000000000000e+03,1.010467715187995247e-02,1.451819548866121416e-05
3.136000000000000000e+03,1.008910247818308598e-02,1.446582265816690899e-05
3.137000000000000000e+03,1.007355181024683147e-02,1.441363875703204859e-05
3.138000000000000000e+03,1.005802511107031436e-02,1.436164310371426734e-05
3.139000000000000000e+03,1.004252234370969082e-02,1.430983501912978902e-05
3.140000000000000000e+03,1.002704347127805935e-02,1.425821382664455998e-05
3.141000000000000000e+03,1.001158845694537572e-02,1.420677885206540791e-05
3.142000000000000000e+03,9.996157263938359322e-03,1.415552942363124616e-05
3.143000000000000000e+03,9.980749855540413384e-03,1.410446487200428839e-05
3.144000000000000000e+03,9.965366195091533014e-03,1.405358453026131390e-05
3.145000000000000000e+03,9.950006245988214995e-03,1.400288773388495851e-05
3.146000000000000000e+03,9.934669971683377995e-03,1.395237382075502900e-05
3.147000000000000000e+03,9.919357335686270621e-03,1.390204213113986345e-05
3.148000000000000000e+03,9.904068301562384685e-03,1.385189200768770839e-05
3.149000000000000000e+03,9.888802832933373671e-03,1.380192279541813500e-05
3.150000000000000000e+03,9.873560893476957326e-03,1.375213384171349085e-05
3.151000000000000000e+03,9.858342446926841862e-03,1.370252449631036517e-05
3.152000000000000000e+03,9.843147457072634957e-03,1.365309411129111009e-05
3.153000000000000000e+03,9.827975887759753809e-03,1.360384204107536521e-05
3.154000000000000000e+03,9.812827702889340142e-03,1.355476764241163467e-05
3.155000000000000000e+03,9.797702866418176934e-03,1.350587027436887956e-05
3.156000000000000000e+03,9.782601342358605151e-03,1.345714929832815600e-05
3.157000000000000000e+03,9.767523094778431808e-03,1.340860407797426503e-05
3.158000000000000000e+03,9.752468087800848437e-03,1.336023397928745007e-05
3.159000000000000000e+03,9.737436285604344349e-03,1.331203837053511120e-05
3.160000000000000000e+03,9.722427652422619901e-03,1.326401662226355338e-05
3.161000000000000000e+03,9.707442152544504960e-03,1.321616810728977359e-05
3.162000000000000000e+03,9.692479750313873904e-03,1.316849220069325992e-05
3.163000000000000000e+03,9.677540410129557152e-03,1.312098827980783456e-05
3.164000000000000000e+03,9.662624096445259630e-03,1.307365572421352237e-05
3.165000000000000000e+03,9.647730773769472301e-03,1.302649391572844640e-05
3.166000000000000000e+03,9.632860406665390632e-03,1.297950223840075231e-05
3.167000000000000000e+03,9.618012959750833063e-03,1.293268007850056832e-05
3.168000000000000000e+03,9.603188397698152537e-03,1.288602682451198552e-05
3.169000000000000000e+03,9.588386685234151496e-03,1.283954186712507542e-05
3.170000000000000000e+03,9.573607787140003822e-03,1.279322459922792614e-05
3.171000000000000000e+03,9.558851668251164627e-03,1.274707441589872096e-05
3.172000000000000000e+03,9.544118293457290458e-03,1.270109071439783043e-05
3.173000000000000000e+03,9.529407627702150829e-03,1.265527289415994345e-05
3.174000000000000000e+03,9.514719635983555357e-03,1.260962035678622708e-05
3.175000000000000000e+03,9.500054283353260090e-03,1.256413250603650509e-05
3.176000000000000000e+03,9.485411534916887710e-03,1.251880874782147369e-05
3.177000000000000000e+03,9.470791355833844266e-03,1.247364849019494106e-05
3.178000000000000000e+03,9.456193711317237641e-03,1.242865114334610234e-05
3.179000000000000000e+03,9.441618566633794285e-03,1.238381611959182832e-05
3.180000000000000000e+03,9.427065887103777686e-03,1.233914283336899296e-05
3.181000000000000000e+03,9.412535638100899896e-03,1.229463070122682809e-05
3.182000000000000000e+03,9.398027785052248673e-03,1.225027914181930181e-05
3.183000000000000000e+03,9.383542293438195542e-03,1.220608757589752399e-05
3.184000000000000000e+03,9.369079128792321201e-03,1.216205542630218226e-05
3.185000000000000000e+03,9.354638256701328786e-03,1.211818211795600681e-05
3.186000000000000000e+03,9.340219642804967540e-03,1.207446707785625722e-05
3.187000000000000000e+03,9.325823252795942611e-03,1.203090973506723465e-05
3.188000000000000000e+03,9.311449052419838723e-03,1.198750952071283478e-05
3.189000000000000000e+03,9.297097007475042113e-03,1.194426586796911082e-05
3.190000000000000000e+03,9.282767083812652059e-03,1.190117821205687046e-05
3.191000000000000000e+03,9.268459247336402820e-03,1.185824599023430328e-05
3.192000000000000000e+03,9.254173464002582103e-03,1.181546864178963191e-05
3.193000000000000000e+03,9.239909699819949529e-03,1.177284560803378181e-05
3.194000000000000000e+03,9.225667920849660308e-03,1.173037633229309168e-05
3.195000000000000000e+03,9.211448093205176768e-03,1.168806025990204255e-05
3.196000000000000000e+03,9.197250183052193759e-03,1.164589683819600716e-05
3.197000000000000000e+03,9.183074156608555388e-03,1.160388551650404004e-05
3.198000000000000000e+03,9.168919980144175225e-03,1.156202574614168110e-05
3.199000000000000000e+03,9.154787619980954763e-03,1.152031698040378974e-05
3.200000000000000000e+03,9.140677042492707099e-03,1.147875867455740604e-05
3.201000000000000000e+03,9.126588214105075397e-03,1.143735028583463571e-05
3.202000000000000000e+03,9.112521101295449621e-03,1.139609127342556210e-05
3.203000000000000000e+03,9.098475670592888476e-03,1.135498109847118194e-05
3.204000000000000000e+03,9.084451888578041340e-03,1.131401922405636652e-05
3.205000000000000000e+03,9.070449721883070207e-03,1.127320511520285162e-05
3.206000000000000000e+03,9.056469137191566418e-03,1.123253823886224951e-05
3.207000000000000000e+03,9.042510101238472597e-03,1.119201806390908969e-05
3.208000000000000000e+03,9.028572580810002857e-03,1.115164406113387498e-05
3.209000000000000000e+03,9.014656542743568202e-03,1.111141570323617643e-05
3.210000000000000000e+03,9.000761953927693265e-03,1.107133246481774870e-05
3.211000000000000000e+03,8.986888781301934775e-03,1.103139382237565720e-05
3.212000000000000000e+03,8.973036991856808697e-03,1.099159925429545439e-05
3.213000000000000000e+03,8.959206552633712170e-03,1.095194824084435780e-05
3.214000000000000000e+03,8.945397430724841975e-03,1.091244026416446528e-05
3.215000000000000000e+03,8.931609593273111269e-03,1.087307480826599060e-05
3.216000000000000000e+03,8.917843007472085401e-03,1.083385135902052615e-05
3.217000000000000000e+03,8.904097640565888233e-03,1.079476940415432935e-05
3.218000000000000000e+03,8.890373459849134491e-03,1.075582843324162601e-05
3.219000000000000000e+03,8.876670432666849964e-03,1.071702793769795098e-05
3.220000000000000000e+03,8.862988526414388238e-03,1.067836741077350229e-05
3.221000000000000000e+03,8.849327708537361309e-03,1.063984634754652245e-05
3.222000000000000000e+03,8.835687946531559783e-03,1.060146424491670686e-05
3.223000000000000000e+03,8.822069207942869612e-03,1.056322060159863081e-05
3.224000000000000000e+03,8.808471460367200967e-03,1.052511491811520023e-05
3.225000000000000000e+03,8.794894671450411913e-03,1.048714669679113462e-05
3.226000000000000000e+03,8.781338808888226877e-03,1.044931544174646182e-05
3.227000000000000000e+03,8.767803840426160317e-03,1.041162065889004333e-05
3.228000000000000000e+03,8.754289733859443867e-03,1.037406185591312156e-05
3.229000000000000000e+03,8.740796457032948275e-03,1.033663854228288921e-05
3.230000000000000000e+03,8.727323977841101865e-03,1.029935022923608566e-05
3.231000000000000000e+03,8.713872264227824627e-03,1.026219642977260865e-05
3.232000000000000000e+03,8.700441284186441471e-03,1.022517665864915650e-05
3.233000000000000000e+03,8.687031005759609376e-03,1.018829043237289392e-05
3.234000000000000000e+03,8.673641397039246262e-03,1.015153726919513152e-05
3.235000000000000000e+03,8.660272426166447726e-03,1.011491668910503569e-05
3.236000000000000000e+03,8.646924061331415917e-03,1.007842821382336229e-05
3.237000000000000000e+03,8.633596270773379738e-03,1.004207136679620553e-05
3.238000000000000000e+03,8.620289022780527194e-03,1.000584567318878073e-05
3.239000000000000000e+03,8.607002285689922122e-03,9.969750659879215629e-06
3.240000000000000000e+03,8.593736027887427867e-03,9.933785855452373736e-06
3.241000000000000000e+03,8.580490217807643094e-03,9.897950790193701546e-06
3.242000000000000000e+03,8.567264823933811585e-03,9.862244996083085837e-06
3.243000000000000000e+03,8.554059814797761521e-03,9.826668006788749946e-06
3.244000000000000000e+03,8.540875158979820483e-03,9.791219357661156835e-06
3.245000000000000000e+03,8.527710825108746062e-03,9.755898585726940938e-06
3.246000000000000000e+03,8.514566781861644326e-03,9.720705229682867130e-06
3.247000000000000000e+03,8.501442997963907372e-03,9.685638829889799847e-06
3.248000000000000000e+03,8.488339442189128323e-03,9.650698928366704401e-06
3.249000000000000000e+03,8.475256083359031939e-03,9.615885068784658457e-06
3.250000000000000000e+03,8.462192890343394822e-03,9.581196796460904168e-06
3.251000000000000000e+03,8.449149832059982962e-03,9.546633658352896918e-06
3.252000000000000000e+03,8.436126877474463270e-03,9.512195203052398120e-06
3.253000000000000000e+03,8.423123995600341127e-03,9.477880980779576474e-06
3.254000000000000000e+03,8.410141155498882318e-03,9.443690543377127866e-06
3.255000000000000000e+03,8.397178326279036709e-03,9.409623444304432535e-06
3.256000000000000000e+03,8.384235477097372324e-03,9.375679238631717322e-06
3.257000000000000000e+03,8.371312577157992083e-03,9.341857483034243329e-06
3.258000000000000000e+03,8.358409595712469609e-03,9.308157735786520682e-06
3.259000000000000000e+03,8.345526502059767704e-03,9.274579556756535161e-06
3.260000000000000000e+03,8.332663265546175896e-03,9.241122507399998534e-06
3.261000000000000000e+03,8.319819855565225436e-03,9.207786150754631086e-06
3.262000000000000000e+03,8.306996241557623381e-03,9.174570051434442454e-06
3.263000000000000000e+03,8.294192393011181469e-03,9.141473775624051426e-06
3.264000000000000000e+03,8.281408279460739791e-03,9.108496891073017589e-06
3.265000000000000000e+03,8.268643870488095668e-03,9.075638967090203486e-06
3.266000000000000000e+03,8.255899135721930793e-03,9.042899574538135066e-06
3.267000000000000000e+03,8.243174044837736636e-03,9.010278285827412963e-06
3.268000000000000000e+03,8.230468567557748527e-03,8.977774674911116995e-06
3.269000000000000000e+03,8.217782673650867592e-03,8.945388317279246237e-06
3.270000000000000000e+03,8.205116332932593098e-03,8.913118789953172657e-06
3.271000000000000000e+03,8.192469515264946128e-03,8.880965671480123535e-06
3.272000000000000000e+03,8.179842190556403658e-03,8.848928541927663895e-06
3.273000000000000000e+03,8.167234328761822232e-03,8.817006982878224672e-06
3.274000000000000000e+03,8.154645899882365101e-03,8.785200577423630877e-06
3.275000000000000000e+03,8.142076873965438041e-03,8.753508910159661953e-06
3.276000000000000000e+03,8.129527221104611290e-03,8.721931567180623988e-06
3.277000000000000000e+03,8.116996911439553625e-03,8.690468136073937173e-06
3.278000000000000000e+03,8.104485915155954304e-03,8.659118205914762229e-06
3.279000000000000000e+03,8.091994202485458879e-03,8.627881367260625128e-06
3.280000000000000000e+03,8.079521743705596337e-03,8.596757212146070631e-06
3.281000000000000000e+03,8.067068509139706245e-03,8.565745334077334443e-06
3.282000000000000000e+03,8.054634469156871091e-03,8.534845328027037401e-06
3.283000000000000000e+03,8.042219594171843428e-03,8.504056790428891519e-06
3.284000000000000000e+03,8.029823854644978220e-03,8.473379319172431444e-06
3.285000000000000000e+03,8.017447221082159986e-03,8.442812513597759461e-06
3.286000000000000000e+03,8.005089664034731670e-03,8.412355974490319299e-06
3.287000000000000000e+03,7.992751154099428726e-03,8.382009304075676719e-06
3.288000000000000000e+03,7.980431661918306260e-03,8.351772106014327196e-06
3.289000000000000000e+03,7.968131158178671375e-03,8.321643985396513777e-06
3.290000000000000000e+03,7.955849613613006840e-03,8.291624548737080503e-06
3.291000000000000000e+03,7.943586998998910381e-03,8.261713403970322454e-06
3.292000000000000000e+03,7.931343285159021816e-03,8.231910160444871362e-06
3.293000000000000000e+03,7.919118442960951937e-03,8.202214428918591389e-06
3.294000000000000000e+03,7.906912443317211381e-03,8.172625821553495236e-06
3.295000000000000000e+03,7.894725257185149919e-03,8.143143951910680582e-06
3.296000000000000000e+03,7.882556855566876658e-03,8.113768434945281766e-06
3.297000000000000000e+03,7.870407209509197588e-03,8.084498887001438411e-06
3.298000000000000000e+03,7.858276290103546197e-03,8.055334925807292848e-06
3.299000000000000000e+03,7.846164068485915813e-03,8.026276170469989234e-06
3.300000000000000000e+03,7.834070515836783280e-03,7.997322241470698078e-06
3.301000000000000000e+03,7.821995603381049975e-03,7.968472760659669574e-06
3.302000000000000000e+03,7.809939302387968081e-03,7.939727351251286920e-06
3.303000000000000000e+03,7.797901584171073805e-03,7.911085637819141678e-06
3.304000000000000000e+03,7.785882420088117983e-03,7.882547246291143000e-06
3.305000000000000000e+03,7.773881781540998431e-03,7.854111803944620083e-06
3.306000000000000000e+03,7.761899639975694890e-03,7.825778939401461897e-06
3.307000000000000000e+03,7.749935966882195298e-03,7.797548282623263685e-06
3.308000000000000000e+03,7.737990733794432481e-03,7.769419464906493792e-06
3.309000000000000000e+03,7.726063912290213886e-03,7.741392118877677439e-06
3.310000000000000000e+03,7.714155473991157405e-03,7.713465878488602511e-06
3.311000000000000000e+03,7.702265390562617643e-03,7.685640379011535520e-06
3.312000000000000000e+03,7.690393633713626075e-03,7.657915257034459582e-06
3.313000000000000000e+03,7.678540175196818182e-03,7.630290150456327648e-06
3.314000000000000000e+03,7.666704986808367539e-03,7.602764698482331823e-06
3.315000000000000000e+03,7.654888040387920756e-03,7.575338541619194708e-06
3.316000000000000000e+03,7.643089307818528091e-03,7.548011321670470911e-06
3.317000000000000000e+03,7.631308761026576667e-03,7.520782681731872274e-06
3.318000000000000000e+03,7.619546371981726282e-03,7.493652266186600715e-06
3.319000000000000000e+03,7.607802112696838287e-03,7.466619720700711575e-06
3.320000000000000000e+03,7.596075955227914005e-03,7.439684692218479501e-06
3.321000000000000000e+03,7.584367871674024472e-03,7.412846828957790582e-06
3.322000000000000000e+03,7.572677834177245389e-03,7.386105780405546352e-06
3.323000000000000000e+03,7.561005814922592064e-03,7.359461197313087272e-06
3.324000000000000000e+03,7.549351786137949161e-03,7.332912731691631454e-06
3.325000000000000000e+03,7.537715720094010849e-03,7.306460036807727791e-06
3.326000000000000000e+03,7.526097589104207945e-03,7.280102767178728564e-06
3.327000000000000000e+03,7.514497365524648934e-03,7.253840578568279839e-06
3.328000000000000000e+03,7.502915021754047974e-03,7.227673127981822030e-06
3.329000000000000000e+03,7.491350530233663318e-03,7.201600073662110785e-06
3.330000000000000000e+03,7.479803863447230527e-03,7.175621075084756515e-06
3.331000000000000000e+03,7.468274993920896547e-03,7.149735792953771538e-06
3.332000000000000000e+03,7.456763894223154658e-03,7.123943889197145181e-06
3.333000000000000000e+03,7.445270536964778557e-03,7.098245026962423114e-06
3.334000000000000000e+03,7.433794894798759906e-03,7.072638870612310402e-06
3.335000000000000000e+03,7.422336940420238942e-03,7.047125085720288957e-06
3.336000000000000000e+03,7.410896646566442897e-03,7.021703339066246849e-06
3.337000000000000000e+03,7.399473986016620944e-03,6.996373298632128790e-06
3.338000000000000000e+03,7.388068931591975676e-03,6.971134633597598479e-06
3.339000000000000000e+03,7.376681456155604125e-03,6.945987014335717886e-06
3.340000000000000000e+03,7.365311532612428373e-03,6.920930112408645173e-06
3.341000000000000000e+03,7.353959133909133972e-03,6.895963600563339392e-06
3.342000000000000000e+03,7.342624233034105753e-03,6.871087152727293126e-06
3.343000000000000000e+03,7.331306803017360180e-03,6.846300444004267686e-06
3.344000000000000000e+03,7.320006816930484626e-03,6.821603150670053708e-06
3.345000000000000000e+03,7.308724247886572330e-03,6.796994950168242761e-06
3.346000000000000000e+03,7.297459069040158203e-03,6.772475521106012517e-06
3.347000000000000000e+03,7.286211253587153783e-03,6.748044543249933088e-06
3.348000000000000000e+03,7.274980774764785649e-03,6.723701697521779293e-06
3.349000000000000000e+03,7.263767605851530369e-03,6.699446665994369192e-06
3.350000000000000000e+03,7.252571720167052052e-03,6.675279131887406839e-06
3.351000000000000000e+03,7.241393091072137293e-03,6.651198779563347921e-06
3.352000000000000000e+03,7.230231691968633592e-03,6.627205294523278093e-06
3.353000000000000000e+03,7.219087496299382567e-03,6.603298363402801482e-06
3.354000000000000000e+03,7.207960477548162707e-03,6.579477673967952056e-06
3.355000000000000000e+03,7.196850609239619986e-03,6.555742915111115163e-06
3.356000000000000000e+03,7.185757864939209746e-03,6.532093776846960924e-06
3.357000000000000000e+03,7.174682218253130780e-03,6.508529950308401346e-06
3.358000000000000000e+03,7.163623642828262882e-03,6.485051127742549975e-06
3.359000000000000000e+03,7.152582112352106128e-03,6.461657002506707804e-06
3.360000000000000000e+03,7.141557600552715830e-03,6.438347269064356813e-06
3.361000000000000000e+03,7.130550081198642684e-03,6.415121622981168742e-06
3.362000000000000000e+03,7.119559528098865983e-03,6.391979760921028279e-06
3.363000000000000000e+03,7.108585915102737240e-03,6.368921380642073176e-06
3.364000000000000000e+03,7.097629216099913402e-03,6.345946180992747923e-06
3.365000000000000000e+03,7.086689405020295263e-03,6.323053861907865895e-06
3.366000000000000000e+03,7.075766455833967621e-03,6.300244124404696055e-06
3.367000000000000000e+03,7.064860342551135958e-03,6.277516670579053901e-06
3.368000000000000000e+03,7.053971039222063991e-03,6.254871203601412737e-06
3.369000000000000000e+03,7.043098519937012955e-03,6.232307427713025953e-06
3.370000000000000000e+03,7.032242758826180024e-03,6.209825048222066254e-06
3.371000000000000000e+03,7.021403730059635855e-03,6.187423771499774196e-06
3.372000000000000000e+03,7.010581407847263878e-03,6.165103304976625365e-06
3.373000000000000000e+03,6.999775766438698713e-03,6.142863357138506872e-06
3.374000000000000000e+03,6.988986780123263715e-03,6.120703637522914169e-06
3.375000000000000000e+03,6.978214423229913733e-03,6.098623856715152959e-06
3.376000000000000000e+03,6.967458670127168324e-03,6.076623726344562273e-06
3.377000000000000000e+03,6.956719495223055369e-03,6.054702959080746023e-06
3.378000000000000000e+03,6.945996872965047760e-03,6.032861268629824032e-06
3.379000000000000000e+03,6.935290777840004417e-03,6.011098369730688994e-06
3.380000000000000000e+03,6.924601184374106107e-03,5.989413978151282076e-06
3.381000000000000000e+03,6.913928067132799928e-03,5.967807810684882059e-06
3.382000000000000000e+03,6.903271400720735126e-03,5.946279585146405505e-06
3.383000000000000000e+03,6.892631159781703251e-03,5.924829020368720464e-06
3.384000000000000000e+03,6.882007318998578302e-03,5.903455836198975437e-06
3.385000000000000000e+03,6.871399853093256016e-03,5.882159753494940193e-06
3.386000000000000000e+03,6.860808736826595755e-03,5.860940494121361831e-06
3.387000000000000000e+03,6.850233944998358054e-03,5.839797780946328471e-06
3.388000000000000000e+03,6.839675452447143908e-03,5.818731337837651572e-06
3.389000000000000000e+03,6.829133234050338390e-03,5.797740889659261813e-06
3.390000000000000000e+03,6.818607264724047337e-03,5.776826162267611736e-06
3.391000000000000000e+03,6.808097519423040971e-03,5.755986882508098735e-06
3.392000000000000000e+03,6.797603973140690578e-03,5.735222778211494802e-06
3.393000000000000000e+03,6.787126600908913003e-03,5.714533578190393235e-06
3.394000000000000000e+03,6.776665377798106460e-03,5.693919012235668876e-06
3.395000000000000000e+03,6.766220278917097625e-03,5.673378811112945146e-06
3.396000000000000000e+03,6.755791279413076583e-03,5.652912706559078852e-06
3.397000000000000000e+03,6.745378354471538718e-03,5.632520431278659403e-06
3.398000000000000000e+03,6.734981479316230063e-03,5.612201718940513105e-06
3.399000000000000000e+03,6.724600629209081387e-03,5.591956304174230323e-06
3.400000000000000000e+03,6.714235779450157017e-03,5.571783922566694344e-06
3.401000000000000000e+03,6.703886905377588919e-03,5.551684310658631409e-06
3.402000000000000000e+03,6.693553982367522054e-03,5.531657205941167526e-06
3.403000000000000000e+03,6.683236985834057134e-03,5.511702346852403065e-06
3.404000000000000000e+03,6.672935891229185568e-03,5.491819472773994986e-06
3.405000000000000000e+03,6.662650674042739155e-03,5.472008324027750913e-06
3.406000000000000000e+03,6.652381309802327634e-03,5.452268641872240163e-06
3.407000000000000000e+03,6.642127774073278840e-03,5.432600168499414922e-06
3.408000000000000000e+03,6.631890042458584052e-03,5.413002647031243298e-06
3.409000000000000000e+03,6.621668090598838152e-03,5.393475821516349981e-06
3.410000000000000000e+03,6.611461894172182378e-03,5.374019436926678940e-06
3.411000000000000000e+03,6.601271428894245341e-03,5.354633239154161190e-06
3.412000000000000000e+03,6.591096670518085780e-03,5.335316975007392730e-06
3.413000000000000000e+03,6.580937594834137053e-03,5.316070392208332811e-06
3.414000000000000000e+03,6.570794177670143815e-03,5.296893239389005588e-06
3.415000000000000000e+03,6.560666394891112585e-03,5.277785266088217866e-06
3.416000000000000000e+03,6.550554222399246687e-03,5.258746222748288708e-06
3.417000000000000000e+03,6.540457636133893346e-03,5.239775860711789205e-06
3.418000000000000000e+03,6.530376612071485572e-03,5.220873932218297490e-06
3.419000000000000000e+03,6.520311126225484047e-03,5.202040190401157147e-06
3.420000000000000000e+03,6.510261154646321616e-03,5.183274389284260178e-06
3.421000000000000000e+03,6.500226673421344303e-03,5.164576283778828276e-06
3.422000000000000000e+03,6.490207658674754937e-03,5.145945629680217820e-06
3.423000000000000000e+03,6.480204086567559370e-03,5.127382183664723170e-06
3.424000000000000000e+03,6.470215933297504898e-03,5.108885703286406225e-06
3.425000000000000000e+03,6.460243175099028221e-03,5.090455946973923433e-06
3.426000000000000000e+03,6.450285788243194721e-03,5.072092674027377379e-06
3.427000000000000000e+03,6.440343749037643825e-03,5.053795644615167503e-06
3.428000000000000000e+03,6.430417033826534359e-03,5.035564619770859480e-06
3.429000000000000000e+03,6.420505618990486434e-03,5.017399361390067282e-06
3.430000000000000000e+03,6.410609480946525066e-03,4.999299632227338641e-06
3.431000000000000000e+03,6.400728596148022934e-03,4.981265195893059145e-06
3.432000000000000000e+03,6.390862941084648335e-03,4.963295816850364802e-06
3.433000000000000000e+03,6.381012492282306207e-03,4.945391260412064766e-06
3.434000000000000000e+03,6.371177226303082614e-03,4.927551292737579320e-06
3.435000000000000000e+03,6.361357119745188367e-03,4.909775680829880386e-06
3.436000000000000000e+03,6.351552149242906120e-03,4.892064192532454068e-06
3.437000000000000000e+03,6.341762291466531386e-03,4.874416596526264887e-06
3.438000000000000000e+03,6.331987523122318759e-03,4.856832662326736953e-06
3.439000000000000000e+03,6.322227820952427274e-03,4.839312160280741918e-06
3.440000000000000000e+03,6.312483161734862291e-03,4.821854861563600476e-06
3.441000000000000000e+03,6.302753522283423455e-03,4.804460538176093189e-06
3.442000000000000000e+03,6.293038879447647449e-03,4.787128962941484856e-06
3.443000000000000000e+03,6.283339210112753349e-03,4.769859909502555664e-06
3.444000000000000000e+03,6.273654491199588852e-03,4.752653152318643349e-06
3.445000000000000000e+03,6.263984699664573025e-03,4.735508466662701450e-06
3.446000000000000000e+03,6.254329812499643398e-03,4.718425628618360953e-06
3.447000000000000000e+03,6.244689806732201323e-03,4.701404415077007179e-06
3.448000000000000000e+03,6.235064659425054723e-03,4.684444603734866838e-06
3.449000000000000000e+03,6.225454347676366920e-03,4.667545973090101859e-06
3.450000000000000000e+03,6.215858848619600259e-03,4.650708302439920160e-06
3.451000000000000000e+03,6.206278139423461460e-03,4.633931371877690657e-06
3.452000000000000000e+03,6.196712197291848710e-03,4.617214962290070122e-06
3.453000000000000000e+03,6.187160999463795288e-03,4.600558855354146148e-06
3.454000000000000000e+03,6.177624523213418387e-03,4.583962833534580949e-06
3.455000000000000000e+03,6.168102745849862734e-03,4.567426680080771260e-06
3.456000000000000000e+03,6.158595644717246818e-03,4.550950179024020940e-06
3.457000000000000000e+03,6.149103197194609113e-03,4.534533115174714426e-06
3.458000000000000000e+03,6.139625380695856033e-03,4.518175274119513052e-06
3.459000000000000000e+03,6.130162172669704687e-03,4.501876442218548827e-06
3.460000000000000000e+03,6.120713550599632576e-03,4.485636406602636853e-06
3.461000000000000000e+03,6.111279492003822075e-03,4.469454955170497056e-06
3.462000000000000000e+03,6.101859974435108400e-03,4.453331876585978455e-06
3.463000000000000000e+03,6.092454975480924954e-03,4.437266960275305466e-06
3.464000000000000000e+03,6.083064472763249561e-03,4.421259996424324190e-06
3.465000000000000000e+03,6.073688443938551548e-03,4.405310775975761419e-06
3.466000000000000000e+03,6.064326866697741444e-03,4.389419090626497187e-06
3.467000000000000000e+03,6.054979718766113732e-03,4.373584732824840715e-06
3.468000000000000000e+03,6.045646977903296540e-03,4.357807495767823292e-06
3.469000000000000000e+03,6.036328621903197002e-03,4.342087173398496240e-06
3.470000000000000000e+03,6.027024628593950079e-03,4.326423560403237348e-06
3.471000000000000000e+03,6.017734975837863050e-03,4.310816452209072558e-06
3.472000000000000000e+03,6.008459641531366940e-03,4.295265644981001877e-06
3.473000000000000000e+03,5.999198603604961877e-03,4.279770935619339696e-06
3.474000000000000000e+03,5.989951840023162444e-03,4.264332121757058494e-06
3.475000000000000000e+03,5.980719328784448244e-03,4.248949001757149486e-06
3.476000000000000000e+03,5.971501047921211856e-03,4.233621374709988346e-06
3.477000000000000000e+03,5.962296975499702459e-03,4.218349040430709407e-06
3.478000000000000000e+03,5.953107089619979857e-03,4.203131799456592566e-06
3.479000000000000000e+03,5.943931368415856370e-03,4.187969453044457808e-06
3.480000000000000000e+03,5.934769790054847394e-03,4.172861803168070746e-06
3.481000000000000000e+03,5.925622332738121091e-03,4.157808652515555781e-06
3.482000000000000000e+03,5.916488974700442882e-03,4.142809804486816041e-06
3.483000000000000000e+03,5.907369694210128606e-03,4.127865063190971951e-06
3.484000000000000000e+03,5.898264469568986409e-03,4.112974233443796420e-06
3.485000000000000000e+03,5.889173279112271640e-03,4.098137120765169506e-06
3.486000000000000000e+03,5.880096101208629605e-03,4.083353531376537317e-06
3.487000000000000000e+03,5.871032914260049598e-03,4.068623272198381075e-06
3.488000000000000000e+03,5.861983696701806787e-03,4.053946150847697198e-06
3.489000000000000000e+03,5.852948427002417978e-03,4.039321975635480757e-06
3.490000000000000000e+03,5.843927083663586972e-03,4.024750555564225890e-06
3.491000000000000000e+03,5.834919645220152523e-03,4.010231700325428745e-06
3.492000000000000000e+03,5.825926090240038033e-03,3.995765220297103977e-06
3.493000000000000000e+03,5.816946397324201240e-03,3.981350926541306335e-06
3.494000000000000000e+03,5.807980545106584784e-03,3.966988630801663251e-06
3.495000000000000000e+03,5.799028512254059825e-03,3.952678145500919293e-06
3.496000000000000000e+03,5.790090277466382676e-03,3.938419283738481464e-06
3.497000000000000000e+03,5.781165819476137557e-03,3.924211859287981440e-06
3.498000000000000000e+03,5.772255117048691493e-03,3.910055686594842892e-06
3.499000000000000000e+03,5.763358148982138801e-03,3.895950580773856430e-06
3.500000000000000000e+03,5.754474894107254254e-03,3.881896357606768100e-06
3.501000000000000000e+03,5.745605331287441039e-03,3.867892833539869579e-06
3.502000000000000000e+03,5.736749439418681318e-03,3.853939825681603607e-06
3.503000000000000000e+03,5.727907197429485051e-03,3.840037151800175358e-06
3.504000000000000000e+03,5.719078584280840559e-03,3.826184630321170582e-06
3.505000000000000000e+03,5.710263578966164218e-03,3.812382080325185607e-06
3.506000000000000000e+03,5.701462160511251015e-03,3.798629321545464118e-06
3.507000000000000000e+03,5.692674307974223379e-03,3.784926174365542405e-06
3.508000000000000000e+03,5.683900000445482603e-03,3.771272459816903926e-06
3.509000000000000000e+03,5.675139217047659411e-03,3.757667999576642347e-06
3.510000000000000000e+03,5.666391936935561910e-03,3.744112615965131777e-06
3.511000000000000000e+03,5.657658139296128756e-03,3.730606131943706319e-06
3.512000000000000000e+03,5.648937803348377112e-03,3.717148371112348097e-06
3.513000000000000000e+03,5.640230908343356678e-03,3.703739157707383323e-06
3.514000000000000000e+03,5.631537433564097646e-03,3.690378316599186840e-06
3.515000000000000000e+03,5.622857358325560398e-03,3.677065673289895555e-06
3.516000000000000000e+03,5.614190661974588666e-03,3.663801053911126957e-06
3.517000000000000000e+03,5.605537323889860091e-03,3.650584285221711611e-06
3.518000000000000000e+03,5.596897323481836786e-03,3.637415194605428611e-06
3.519000000000000000e+03,5.588270640192715029e-03,3.624293610068750782e-06
3.520000000000000000e+03,5.579657253496378422e-03,3.611219360238599620e-06
3.521000000000000000e+03,5.571057142898347588e-03,3.598192274360107003e-06
3.522000000000000000e+03,5.562470287935732463e-03,3.585212182294384112e-06
3.523000000000000000e+03,5.553896668177184595e-03,3.572278914516300503e-06
3.524000000000000000e+03,5.545336263222843363e-03,3.559392302112268279e-06
3.525000000000000000e+03,5.536789052704294348e-03,3.546552176778038099e-06
3.526000000000000000e+03,5.528255016284514684e-03,3.533758370816499867e-06
3.527000000000000000e+03,5.519734133657831429e-03,3.521010717135492722e-06
3.528000000000000000e+03,5.511226384549866922e-03,3.508309049245623505e-06
3.529000000000000000e+03,5.502731748717493675e-03,3.495653201258090736e-06
3.530000000000000000e+03,5.494250205948784938e-03,3.483043007882519169e-06
3.531000000000000000e+03,5.485781736062968726e-03,3.470478304424800708e-06
3.532000000000000000e+03,5.477326318910376649e-03,3.457958926784944636e-06
3.533000000000000000e+03,5.468883934372398802e-03,3.445484711454931657e-06
3.534000000000000000e+03,5.460454562361435199e-03,3.433055495516581493e-06
3.535000000000000000e+03,5.452038182820845465e-03,3.420671116639422594e-06
3.536000000000000000e+03,5.443634775724905464e-03,3.408331413078574553e-06
3.537000000000000000e+03,5.435244321078756130e-03,3.396036223672632647e-06
3.538000000000000000e+03,5.426866798918357493e-03,3.383785387841565498e-06
3.539000000000000000e+03,5.418502189310440975e-03,3.371578745584616548e-06
3.540000000000000000e+03,5.410150472352461687e-03,3.359416137478215278e-06
3.541000000000000000e+03,5.401811628172549853e-03,3.347297404673894353e-06
3.542000000000000000e+03,5.393485636929467447e-03,3.335222388896215237e-06
3.543000000000000000e+03,5.385172478812557013e-03,3.323190932440700588e-06
3.544000000000000000e+03,5.376872134041695700e-03,3.311202878171775544e-06
3.545000000000000000e+03,5.368584582867248420e-03,3.299258069520715358e-06
3.546000000000000000e+03,5.360309805570021013e-03,3.287356350483598550e-06
3.547000000000000000e+03,5.352047782461214279e-03,3.275497565619272752e-06
3.548000000000000000e+03,5.343798493882373664e-03,3.263681560047321832e-06
3.549000000000000000e+03,5.335561920205346767e-03,3.251908179446044869e-06
3.550000000000000000e+03,5.327338041832234763e-03,3.240177270050438950e-06
3.551000000000000000e+03,5.319126839195344701e-03,3.228488678650192968e-06
3.552000000000000000e+03,5.310928292757144398e-03,3.216842252587684814e-06
3.553000000000000000e+03,5.302742383010214736e-03,3.205237839755988310e-06
3.554000000000000000e+03,5.294569090477205427e-03,3.193675288596886914e-06
3.555000000000000000e+03,5.286408395710786440e-03,3.182154448098894629e-06
3.556000000000000000e+03,5.278260279293603766e-03,3.170675167795281992e-06
3.557000000000000000e+03,5.270124721838229109e-03,3.159237297762113077e-06
3.558000000000000000e+03,5.262001703987119125e-03,3.147840688616285883e-06
3.559000000000000000e+03,5.253891206412567710e-03,3.136485191513582038e-06
3.560000000000000000e+03,5.245793209816655700e-03,3.125170658146722865e-06
3.561000000000000000e+03,5.237707694931211834e-03,3.113896940743431786e-06
3.562000000000000000e+03,5.229634642517761584e-03,3.102663892064506059e-06
3.563000000000000000e+03,5.221574033367483783e-03,3.091471365401891044e-06
3.564000000000000000e+03,5.213525848301165527e-03,3.080319214576766331e-06
3.565000000000000000e+03,5.205490068169153599e-03,3.069207293937636111e-06
3.566000000000000000e+03,5.197466673851312835e-03,3.058135458358426307e-06
3.567000000000000000e+03,5.189455646256975821e-03,3.047103563236589347e-06
3.568000000000000000e+03,5.181456966324903858e-03,3.036111464491216969e-06
3.569000000000000000e+03,5.173470615023234923e-03,3.025159018561155572e-06
3.570000000000000000e+03,5.165496573349442032e-03,3.014246082403135124e-06
3.571000000000000000e+03,5.157534822330289009e-03,3.003372513489896371e-06
3.572000000000000000e+03,5.149585343021781045e-03,2.992538169808334139e-06
3.573000000000000000e+03,5.141648116509124795e-03,2.981742909857638522e-06
3.574000000000000000e+03,5.133723123906679814e-03,2.970986592647449620e-06
3.575000000000000000e+03,5.125810346357916047e-03,2.960269077696014395e-06
3.576000000000000000e+03,5.117909765035365266e-03,2.949590225028353693e-06
3.577000000000000000e+03,5.110021361140580295e-03,2.938949895174432227e-06
3.578000000000000000e+03,5.102145115904089048e-03,2.928347949167337458e-06
3.579000000000000000e+03,5.094281010585346818e-03,2.917784248541466523e-06
3.580000000000000000e+03,5.086429026472697248e-03,2.907258655330714425e-06
3.581000000000000000e+03,5.078589144883324628e-03,2.896771032066676213e-06
3.582000000000000000e+03,5.070761347163207922e-03,2.886321241776847879e-06
3.583000000000000000e+03,5.062945614687078266e-03,2.875909147982839121e-06
3.584000000000000000e+03,5.055141928858376474e-03,2.865534614698591607e-06
3.585000000000000000e+03,5.047350271109205325e-03,2.855197506428601480e-06
3.586000000000000000e+03,5.039570622900287067e-03,2.844897688166149902e-06
3.587000000000000000e+03,5.031802965720920048e-03,2.834635025391541651e-06
3.588000000000000000e+03,5.024047281088932747e-03,2.824409384070345834e-06
3.589000000000000000e+03,5.016303550550641269e-03,2.814220630651646341e-06
3.590000000000000000e+03,5.008571755680805114e-03,2.804068632066297801e-06
3.591000000000000000e+03,5.000851878082582941e-03,2.793953255725188320e-06
3.592000000000000000e+03,4.993143899387488330e-03,2.783874369517505181e-06
3.593000000000000000e+03,4.985447801255348151e-03,2.773831841809013250e-06
3.594000000000000000e+03,4.977763565374257460e-03,2.763825541440332531e-06
3.595000000000000000e+03,4.970091173460535264e-03,2.753855337725226317e-06
3.596000000000000000e+03,4.962430607258682888e-03,2.743921100448894840e-06
3.597000000000000000e+03,4.954781848541338005e-03,2.734022699866274852e-06
3.598000000000000000e+03,4.947144879109233867e-03,2.724160006700343019e-06
3.599000000000000000e+03,4.939519680791154208e-03,2.714332892140429899e-06
3.600000000000000000e+03,4.931906235443891603e-03,2.704541227840536893e-06
3.601000000000000000e+03,4.924304524952202375e-03,2.694784885917659540e-06
3.602000000000000000e+03,4.916714531228764951e-03,2.685063738950117165e-06
3.603000000000000000e+03,4.909136236214135633e-03,2.675377659975889737e-06
3.604000000000000000e+03,4.901569621876707833e-03,2.665726522490958949e-06
3.605000000000000000e+03,4.894014670212665230e-03,2.656110200447656082e-06
3.606000000000000000e+03,4.886471363245944478e-03,2.646528568253015374e-06
3.607000000000000000e+03,4.878939683028186633e-03,2.636981500767134587e-06
3.608000000000000000e+03,4.871419611638699854e-03,2.627468873301541079e-06
3.609000000000000000e+03,4.863911131184410833e-03,2.617990561617560845e-06
3.610000000000000000e+03,4.856414223799828365e-03,2.608546441924698565e-06
3.611000000000000000e+03,4.848928871646996513e-03,2.599136390879019770e-06
3.612000000000000000e+03,4.841455056915452103e-03,2.589760285581539362e-06
3.613000000000000000e+03,4.833992761822187428e-03,2.580418003576617761e-06
3.614000000000000000e+03,4.826541968611600814e-03,2.571109422850361277e-06
3.615000000000000000e+03,4.819102659555460182e-03,2.561834421829027575e-06
3.616000000000000000e+03,4.811674816952857953e-03,2.552592879377438758e-06
3.617000000000000000e+03,4.804258423130168543e-03,2.543384674797398685e-06
3.618000000000000000e+03,4.796853460441008465e-03,2.534209687826117489e-06
3.619000000000000000e+03,4.789459911266193831e-03,2.525067798634640333e-06
3.620000000000000000e+03,4.782077758013696112e-03,2.515958887826282093e-06
3.621000000000000000e+03,4.774706983118602241e-03,2.506882836435068815e-06
3.622000000000000000e+03,4.767347569043072983e-03,2.497839525924183411e-06
3.623000000000000000e+03,4.759999498276301297e-03,2.488828838184417283e-06
3.624000000000000000e+03,4.752662753334468970e-03,2.479850655532628725e-06
3.625000000000000000e+03,4.745337316760707587e-03,2.470904860710204705e-06
3.626000000000000000e+03,4.738023171125054292e-03,2.461991336881530284e-06
3.627000000000000000e+03,4.730720299024411893e-03,2.453109967632463104e-06
3.628000000000000000e+03,4.723428683082507226e-03,2.444260636968810850e-06
3.629000000000000000e+03,4.716148305949850392e-03,2.435443229314818869e-06
3.630000000000000000e+03,4.708879150303691384e-03,2.426657629511659491e-06
3.631000000000000000e+03,4.701621198847982797e-03,2.417903722815928118e-06
3.632000000000000000e+03,4.694374434313332983e-03,2.409181394898144403e-06
3.633000000000000000e+03,4.687138839456971365e-03,2.400490531841259350e-06
3.634000000000000000e+03,4.679914397062701591e-03,2.391831020139168352e-06
3.635000000000000000e+03,4.672701089940865110e-03,2.383202746695226340e-06
3.636000000000000000e+03,4.665498900928296069e-03,2.374605598820773522e-06
3.637000000000000000e+03,4.658307812888286617e-03,2.366039464233661970e-06
3.638000000000000000e+03,4.651127808710537465e-03,2.357504231056788982e-06
3.639000000000000000e+03,4.643958871311126661e-03,2.348999787816637222e-06
3.640000000000000000e+03,4.636800983632460155e-03,2.340526023441817819e-06
3.641000000000000000e+03,4.629654128643238831e-03,2.332082827261619830e-06
3.642000000000000000e+03,4.622518289338411676e-03,2.323670089004565196e-06
3.643000000000000000e+03,4.615393448739140217e-03,2.315287698796968789e-06
3.644000000000000000e+03,4.608279589892755150e-03,2.306935547161502266e-06
3.645000000000000000e+03,4.601176695872717312e-03,2.298613525015765125e-06
3.646000000000000000e+03,4.594084749778574311e-03,2.290321523670860420e-06
3.647000000000000000e+03,4.587003734735927568e-03,2.282059434829973862e-06
3.648000000000000000e+03,4.579933633896384609e-03,2.273827150586961392e-06
3.649000000000000000e+03,4.572874430437521773e-03,2.265624563424937599e-06
3.650000000000000000e+03,4.565826107562846042e-03,2.257451566214873463e-06
3.651000000000000000e+03,4.558788648501752548e-03,2.249308052214196623e-06
3.652000000000000000e+03,4.551762036509485534e-03,2.241193915065396324e-06
3.653000000000000000e+03,4.544746254867096727e-03,2.233109048794635123e-06
3.654000000000000000e+03,4.537741286881410638e-03,2.225053347810366109e-06
3.655000000000000000e+03,4.530747115884979463e-03,2.217026706901950550e-06
3.656000000000000000e+03,4.523763725236046654e-03,2.209029021238287386e-06
3.657000000000000000e+03,4.516791098318504415e-03,2.201060186366441889e-06
3.658000000000000000e+03,4.509829218541857275e-03,2.193120098210281936e-06
3.659000000000000000e+03,4.502878069341180456e-03,2.185208653069118949e-06
3.660000000000000000e+03,4.495937634177082573e-03,2.177325747616353483e-06
3.661000000000000000e+03,4.489007896535663136e-03,2.169471278898125909e-06
3.662000000000000000e+03,4.482088839928476988e-03,2.161645144331971744e-06
3.663000000000000000e+03,4.475180447892490934e-03,2.153847241705480802e-06
3.664000000000000000e+03,4.468282703990049051e-03,2.146077469174963961e-06
3.665000000000000000e+03,4.461395591808830184e-03,2.138335725264122475e-06
3.666000000000000000e+03,4.454519094961809783e-03,2.130621908862721522e-06
3.667000000000000000e+03,4.447653197087222607e-03,2.122935919225271796e-06
3.668000000000000000e+03,4.440797881848519355e-03,2.115277655969711101e-06
3.669000000000000000e+03,4.433953132934333706e-03,2.107647019076096106e-06
3.670000000000000000e+03,4.427118934058438954e-03,2.100043908885293682e-06
3.671000000000000000e+03,4.420295268959713308e-03,2.092468226097681129e-06
3.672000000000000000e+03,4.413482121402094796e-03,2.084919871771847252e-06
3.673000000000000000e+03,4.406679475174550033e-03,2.077398747323302750e-06
3.674000000000000000e+03,4.399887314091030857e-03,2.069904754523190612e-06
3.675000000000000000e+03,4.393105621990437901e-03,2.062437795497004132e-06
3.676000000000000000e+03,4.386334382736579822e-03,2.054997772723307463e-06
3.677000000000000000e+03,4.379573580218138612e-03,2.047584589032464648e-06
3.678000000000000000e+03,4.372823198348627094e-03,2.040198147605366526e-06
3.679000000000000000e+03,4.366083221066354228e-03,2.032838351972170773e-06
3.680000000000000000e+03,4.359353632334386081e-03,2.025505106011037705e-06
3.681000000000000000e+03,4.352634416140505058e-03,2.018198313946878360e-06
3.682000000000000000e+03,4.345925556497173478e-03,2.010917880350100895e-06
3.683000000000000000e+03,4.339227037441498007e-03,2.003663710135365865e-06
3.684000000000000000e+03,4.332538843035188027e-03,1.996435708560344479e-06
3.685000000000000000e+03,4.325860957364520074e-03,1.989233781224479808e-06
3.686000000000000000e+03,4.319193364540296204e-03,1.982057834067756051e-06
3.687000000000000000e+03,4.312536048697813637e-03,1.974907773369467793e-06
3.688000000000000000e+03,4.305888993996817918e-03,1.967783505746997315e-06
3.689000000000000000e+03,4.299252184621473426e-03,1.960684938154594442e-06
3.690000000000000000e+03,4.292625604780319140e-03,1.953611977882161898e-06
3.691000000000000000e+03,4.286009238706235680e-03,1.946564532554044049e-06
3.692000000000000000e+03,4.279403070656405406e-03,1.939542510127819880e-06
3.693000000000000000e+03,4.272807084912275122e-03,1.932545818893102752e-06
3.694000000000000000e+03,4.266221265779519649e-03,1.925574367470340577e-06
3.695000000000000000e+03,4.259645597588004526e-03,1.918628064809622771e-06
3.696000000000000000e+03,4.253080064691746980e-03,1.911706820189492721e-06
3.697000000000000000e+03,4.246524651468881230e-03,1.904810543215760870e-06
3.698000000000000000e+03,4.239979342321618591e-03,1.897939143820325021e-06
3.699000000000000000e+03,4.233444121676213645e-03,1.891092532259994224e-06
3.700000000000000000e+03,4.226918973982924342e-03,1.884270619115316276e-06
3.701000000000000000e+03,4.220403883715974705e-03,1.877473315289410509e-06
3.702000000000000000e+03,4.213898835373521001e-03,1.870700532006802694e-06
3.703000000000000000e+03,4.207403813477612713e-03,1.863952180812267782e-06
3.704000000000000000e+03,4.200918802574154370e-03,1.857228173569672437e-06
3.705000000000000000e+03,4.194443787232872596e-03,1.850528422460825609e-06
3.706000000000000000e+03,4.187978752047275335e-03,1.843852839984330382e-06
3.707000000000000000e+03,4.181523681634619766e-03,1.837201338954442598e-06
3.708000000000000000e+03,4.175078560635868928e-03,1.830573832499930112e-06
3.709000000000000000e+03,4.168643373715662237e-03,1.823970234062940526e-06
3.710000000000000000e+03,4.162218105562276449e-03,1.817390457397869124e-06
3.711000000000000000e+03,4.155802740887585764e-03,1.810834416570232746e-06
3.712000000000000000e+03,4.149397264427031468e-03,1.804302025955548102e-06
3.713000000000000000e+03,4.143001660939581166e-03,1.797793200238212632e-06
3.714000000000000000e+03,4.136615915207694089e-03,1.791307854410390654e-06
3.715000000000000000e+03,4.130240012037286398e-03,1.784845903770903332e-06
3.716000000000000000e+03,4.123873936257689554e-03,1.778407263924122447e-06
3.717000000000000000e+03,4.117517672721622557e-03,1.771991850778867138e-06
3.718000000000000000e+03,4.111171206305148582e-03,1.765599580547307632e-06
3.719000000000000000e+03,4.104834521907642017e-03,1.759230369743868542e-06
3.720000000000000000e+03,4.098507604451753772e-03,1.752884135184140226e-06
3.721000000000000000e+03,4.092190438883373110e-03,1.746560793983792248e-06
3.722000000000000000e+03,4.085883010171592090e-03,1.740260263557490029e-06
3.723000000000000000e+03,4.079585303308671737e-03,1.733982461617816779e-06
3.724000000000000000e+03,4.073297303310003878e-03,1.727727306174198832e-06
3.725000000000000000e+03,4.067018995214076449e-03,1.721494715531834566e-06
3.726000000000000000e+03,4.060750364082439667e-03,1.715284608290627570e-06
3.727000000000000000e+03,4.054491394999667001e-03,1.709096903344123824e-06
3.728000000000000000e+03,4.048242073073322206e-03,1.702931519878451855e-06
3.729000000000000000e+03,4.042002383433924637e-03,1.696788377371267542e-06
3.730000000000000000e+03,4.035772311234911078e-03,1.690667395590702736e-06
3.731000000000000000e+03,4.029551841652601052e-03,1.684568494594316636e-06
3.732000000000000000e+03,4.023340959886163859e-03,1.678491594728052878e-06
3.733000000000000000e+03,4.017139651157581280e-03,1.672436616625198108e-06
3.734000000000000000e+03,4.010947900711612016e-03,1.666403481205345847e-06
3.735000000000000000e+03,4.004765693815759593e-03,1.660392109673363752e-06
3.736000000000000000e+03,3.998593015760233335e-03,1.654402423518364463e-06
3.737000000000000000e+03,3.992429851857916268e-03,1.648434344512680277e-06
3.738000000000000000e+03,3.986276187444328691e-03,1.642487794710841409e-06
3.739000000000000000e+03,3.980132007877593484e-03,1.636562696448558074e-06
3.740000000000000000e+03,3.973997298538402279e-03,1.630658972341705527e-06
3.741000000000000000e+03,3.967872044829979898e-03,1.624776545285314825e-06
3.742000000000000000e+03,3.961756232178049661e-03,1.618915338452564009e-06
3.743000000000000000e+03,3.955649846030796953e-03,1.613075275293776280e-06
3.744000000000000000e+03,3.949552871858838868e-03,1.607256279535419435e-06
3.745000000000000000e+03,3.943465295155185180e-03,1.601458275179109336e-06
3.746000000000000000e+03,3.937387101435207981e-03,1.595681186500618673e-06
3.747000000000000000e+03,3.931318276236601787e-03,1.589924938048886564e-06
3.748000000000000000e+03,3.925258805119355779e-03,1.584189454645033884e-06
3.749000000000000000e+03,3.919208673665713905e-03,1.578474661381381341e-06
3.750000000000000000e+03,3.913167867480143655e-03,1.572780483620470941e-06
3.751000000000000000e+03,3.907136372189298767e-03,1.567106846994091263e-06
3.752000000000000000e+03,3.901114173441990601e-03,1.561453677402306339e-06
3.753000000000000000e+03,3.895101256909147373e-03,1.555820901012487705e-06
3.754000000000000000e+03,3.889097608283785101e-03,1.550208444258350266e-06
3.755000000000000000e+03,3.883103213280970738e-03,1.544616233838991128e-06
3.756000000000000000e+03,3.877118057637788783e-03,1.539044196717932655e-06
3.757000000000000000e+03,3.871142127113308753e-03,1.533492260122168722e-06
3.758000000000000000e+03,3.865175407488549188e-03,1.527960351541213695e-06
3.759000000000000000e+03,3.859217884566445121e-03,1.522448398726155671e-06
3.760000000000000000e+03,3.853269544171813825e-03,1.516956329688713090e-06
3.761000000000000000e+03,3.847330372151322279e-03,1.511484072700294740e-06
3.762000000000000000e+03,3.841400354373450746e-03,1.506031556291061882e-06
3.763000000000000000e+03,3.835479476728461973e-03,1.500598709248995876e-06
3.764000000000000000e+03,3.829567725128366507e-03,1.495185460618967929e-06
3.765000000000000000e+03,3.823665085506889293e-03,1.489791739701812017e-06
3.766000000000000000e+03,3.817771543819434982e-03,1.484417476053402254e-06
3.767000000000000000e+03,3.811887086043057142e-03,1.479062599483731532e-06
3.768000000000000000e+03,3.806011698176421827e-03,1.473727040055996301e-06
3.769000000000000000e+03,3.800145366239777653e-03,1.468410728085682199e-06
3.770000000000000000e+03,3.794288076274918934e-03,1.463113594139654548e-06
3.771000000000000000e+03,3.788439814345154893e-03,1.457835569035251186e-06
3.772000000000000000e+03,3.782600566535276702e-03,1.452576583839378463e-06
3.773000000000000000e+03,3.776770318951521918e-03,1.447336569867612337e-06
3.774000000000000000e+03,3.770949057721544560e-03,1.442115458683299454e-06
3.775000000000000000e+03,3.765136768994379116e-03,1.436913182096665434e-06
3.776000000000000000e+03,3.759333438940409746e-03,1.431729672163922314e-06
3.777000000000000000e+03,3.753539053751336896e-03,1.426564861186382336e-06
3.778000000000000000e+03,3.747753599640143898e-03,1.421418681709573435e-06
3.779000000000000000e+03,3.741977062841064447e-03,1.416291066522358324e-06
3.780000000000000000e+03,3.736209429609550076e-03,1.411181948656056968e-06
3.781000000000000000e+03,3.730450686222236759e-03,1.406091261383571175e-06
3.782000000000000000e+03,3.724700818976913255e-03,1.401018938218513848e-06
3.783000000000000000e+03,3.718959814192487716e-03,1.395964912914340348e-06
3.784000000000000000e+03,3.713227658208956023e-03,1.390929119463483255e-06
3.785000000000000000e+03,3.707504337387367531e-03,1.385911492096490512e-06
3.786000000000000000e+03,3.701789838109794707e-03,1.380911965281166528e-06
3.787000000000000000e+03,3.696084146779299306e-03,1.375930473721715199e-06
3.788000000000000000e+03,3.690387249819900711e-03,1.370966952357888845e-06
3.789000000000000000e+03,3.684699133676543406e-03,1.366021336364137162e-06
3.790000000000000000e+03,3.679019784815064885e-03,1.361093561148761453e-06
3.791000000000000000e+03,3.673349189722162692e-03,1.356183562353070347e-06
3.792000000000000000e+03,3.667687334905363628e-03,1.351291275850539549e-06
3.793000000000000000e+03,3.662034206892990362e-03,1.346416637745974332e-06
3.794000000000000000e+03,3.656389792234130201e-03,1.341559584374675207e-06
3.795000000000000000e+03,3.650754077498602566e-03,1.336720052301605719e-06
3.796000000000000000e+03,3.645127049276927333e-03,1.331897978320565316e-06
3.797000000000000000e+03,3.639508694180292742e-03,1.327093299453362431e-06
3.798000000000000000e+03,3.633898998840524169e-03,1.322305952948992441e-06
3.799000000000000000e+03,3.628297949910051605e-03,1.317535876282819007e-06
3.800000000000000000e+03,3.622705534061877557e-03,1.312783007155755630e-06
3.801000000000000000e+03,3.617121737989545827e-03,1.308047283493453980e-06
3.802000000000000000e+03,3.611546548407110722e-03,1.303328643445491803e-06
3.803000000000000000e+03,3.605979952049104525e-03,1.298627025384565912e-06
3.804000000000000000e+03,3.600421935670504968e-03,1.293942367905686235e-06
3.805000000000000000e+03,3.594872486046706180e-03,1.289274609825375791e-06
3.806000000000000000e+03,3.589331589973484855e-03,1.284623690180869397e-06
3.807000000000000000e+03,3.583799234266969898e-03,1.279989548229319153e-06
3.808000000000000000e+03,3.578275405763611632e-03,1.275372123447000134e-06
3.809000000000000000e+03,3.572760091320148837e-03,1.270771355528520324e-06
3.810000000000000000e+03,3.567253277813579263e-03,1.266187184386032658e-06
3.811000000000000000e+03,3.561754952141127101e-03,1.261619550148450888e-06
3.812000000000000000e+03,3.556265101220212194e-03,1.257068393160667340e-06
3.813000000000000000e+03,3.550783711988419675e-03,1.252533653982773653e-06
3.814000000000000000e+03,3.545310771403467013e-03,1.248015273389284041e-06
3.815000000000000000e+03,3.539846266443174953e-03,1.243513192368363016e-06
3.816000000000000000e+03,3.534390184105436726e-03,1.239027352121053741e-06
3.817000000000000000e+03,3.528942511408183786e-03,1.234557694060509980e-06
3.818000000000000000e+03,3.523503235389359792e-03,1.230104159811231441e-06
3.819000000000000000e+03,3.518072343106885044e-03,1.225666691208301446e-06
3.820000000000000000e+03,3.512649821638629162e-03,1.221245230296626506e-06
3.821000000000000000e+03,3.507235658082379429e-03,1.216839719330180347e-06
3.822000000000000000e+03,3.501829839555808694e-03,1.212450100771249200e-06
3.823000000000000000e+03,3.496432353196446755e-03,1.208076317289680063e-06
3.824000000000000000e+03,3.491043186161647393e-03,1.203718311762132766e-06
3.825000000000000000e+03,3.485662325628560189e-03,1.199376027271333106e-06
3.826000000000000000e+03,3.480289758794099294e-03,1.195049407105329993e-06
3.827000000000000000e+03,3.474925472874912206e-03,1.190738394756754725e-06
3.828000000000000000e+03,3.469569455107348981e-03,1.186442933922082581e-06
3.829000000000000000e+03,3.464221692747434470e-03,1.182162968500898028e-06
3.830000000000000000e+03,3.458882173070835370e-03,1.177898442595161605e-06
3.831000000000000000e+03,3.453550883372830289e-03,1.173649300508479787e-06
3.832000000000000000e+03,3.448227810968280266e-03,1.169415486745378229e-06
3.833000000000000000e+03,3.442912943191599271e-03,1.165196946010576494e-06
3.834000000000000000e+03,3.437606267396722121e-03,1.160993623208265743e-06
3.835000000000000000e+03,3.432307770957076284e-03,1.156805463441389398e-06
3.836000000000000000e+03,3.427017441265550225e-03,1.152632412010926123e-06
3.837000000000000000e+03,3.421735265734464349e-03,1.148474414415175354e-06
3.838000000000000000e+03,3.416461231795541072e-03,1.144331416349046004e-06
3.839000000000000000e+03,3.411195326899874904e-03,1.140203363703345801e-06
3.840000000000000000e+03,3.405937538517902086e-03,1.136090202564076769e-06
3.841000000000000000e+03,3.400687854139370671e-03,1.131991879211729015e-06
3.842000000000000000e+03,3.395446261273312328e-03,1.127908340120580229e-06
3.843000000000000000e+03,3.390212747448010690e-03,1.123839531957996675e-06
3.844000000000000000e+03,3.384987300210971859e-03,1.119785401583735869e-06
3.845000000000000000e+03,3.379769907128896654e-03,1.115745896049253494e-06
3.846000000000000000e+03,3.374560555787648949e-03,1.111720962597011162e-06
3.847000000000000000e+03,3.369359233792227487e-03,1.107710548659787990e-06
3.848000000000000000e+03,3.364165928766735085e-03,1.103714601859993017e-06
3.849000000000000000e+03,3.358980628354350448e-03,1.099733070008982289e-06
3.850000000000000000e+03,3.353803320217298243e-03,1.095765901106376781e-06
3.851000000000000000e+03,3.348633992036819610e-03,1.091813043339383293e-06
3.852000000000000000e+03,3.343472631513143105e-03,1.087874445082117453e-06
3.853000000000000000e+03,3.338319226365455208e-03,1.083950054894929907e-06
3.854000000000000000e+03,3.333173764331871704e-03,1.080039821523734197e-06
3.855000000000000000e+03,3.328036233169407321e-03,1.076143693899337605e-06
3.856000000000000000e+03,3.322906620653947977e-03,1.072261621136773902e-06
3.857000000000000000e+03,3.317784914580219988e-03,1.068393552534639064e-06
3.858000000000000000e+03,3.312671102761763180e-03,1.064539437574428891e-06
3.859000000000000000e+03,3.307565173030900529e-03,1.060699225919878955e-06
3.860000000000000000e+03,3.302467113238709111e-03,1.056872867416308155e-06
3.861000000000000000e+03,3.297376911254991470e-03,1.053060312089962259e-06
3.862000000000000000e+03,3.292294554968247002e-03,1.049261510147362542e-06
3.863000000000000000e+03,3.287220032285643329e-03,1.045476411974654627e-06
3.864000000000000000e+03,3.282153331132986809e-03,1.041704968136960926e-06
3.865000000000000000e+03,3.277094439454694350e-03,1.037947129377734781e-06
3.866000000000000000e+03,3.272043345213763912e-03,1.034202846618117142e-06
3.867000000000000000e+03,3.267000036391747193e-03,1.030472070956295784e-06
3.868000000000000000e+03,3.261964500988720136e-03,1.026754753666866858e-06
3.869000000000000000e+03,3.256936727023254305e-03,1.023050846200197287e-06
3.870000000000000000e+03,3.251916702532388695e-03,1.019360300181792666e-06
3.871000000000000000e+03,3.246904415571601546e-03,1.015683067411663473e-06
3.872000000000000000e+03,3.241899854214781284e-03,1.012019099863696990e-06
3.873000000000000000e+03,3.236903006554198766e-03,1.008368349685029230e-06
3.874000000000000000e+03,3.231913860700478223e-03,1.004730769195420673e-06
3.875000000000000000e+03,3.226932404782569506e-03,1.001106310886632853e-06
3.876000000000000000e+03,3.221958626947719895e-03,9.974949274218081134e-07
3.877000000000000000e+03,3.216992515361445475e-03,9.938965716348514866e-07
3.878000000000000000e+03,3.212034058207502950e-03,9.903111965298144787e-07
3.879000000000000000e+03,3.207083243687862753e-03,9.867387552802820280e-07
3.880000000000000000e+03,3.202140060022679122e-03,9.831792012287598888e-07
3.881000000000000000e+03,3.197204495450263646e-03,9.796324878860654034e-07
3.882000000000000000e+03,3.192276538227055774e-03,9.760985689307212374e-07
3.883000000000000000e+03,3.187356176627595926e-03,9.725773982083495401e-07
3.884000000000000000e+03,3.182443398944497740e-03,9.690689297310692803e-07
3.885000000000000000e+03,3.177538193488419881e-03,9.655731176768961236e-07
3.886000000000000000e+03,3.172640548588037852e-03,9.620899163891433679e-07
3.887000000000000000e+03,3.167750452590016239e-03,9.586192803758260562e-07
3.888000000000000000e+03,3.162867893858982253e-03,9.551611643090663596e-07
3.889000000000000000e+03,3.157992860777496247e-03,9.517155230245023475e-07
3.890000000000000000e+03,3.153125341746025687e-03,9.482823115206972889e-07
3.891000000000000000e+03,3.148265325182916102e-03,9.448614849585525523e-07
3.892000000000000000e+03,3.143412799524363758e-03,9.414529986607215644e-07
3.893000000000000000e+03,3.138567753224390071e-03,9.380568081110267347e-07
3.894000000000000000e+03,3.133730174754811252e-03,9.346728689538774372e-07
3.895000000000000000e+03,3.128900052605213152e-03,9.313011369936913811e-07
3.896000000000000000e+03,3.124077375282923071e-03,9.279415681943168291e-07
3.897000000000000000e+03,3.119262131312981572e-03,9.245941186784580964e-07
3.898000000000000000e+03,3.114454309238116891e-03,9.212587447271017925e-07
3.899000000000000000e+03,3.109653897618715451e-03,9.179354027789463441e-07
3.900000000000000000e+03,3.104860885032797134e-03,9.146240494298326830e-07
3.901000000000000000e+03,3.100075260075986668e-03,9.113246414321778992e-07
3.902000000000000000e+03,3.095297011361486297e-03,9.080371356944098459e-07
3.903000000000000000e+03,3.090526127520049331e-03,9.047614892804047099e-07
3.904000000000000000e+03,3.085762597199953258e-03,9.014976594089260638e-07
3.905000000000000000e+03,3.081006409066971118e-03,8.982456034530663540e-07
3.906000000000000000e+03,3.076257551804347651e-03,8.950052789396896585e-07
3.907000000000000000e+03,3.071516014112768943e-03,8.917766435488777278e-07
3.908000000000000000e+03,3.066781784710337702e-03,8.885596551133766600e-07
3.909000000000000000e+03,3.062054852332545506e-03,8.853542716180465418e-07
3.910000000000000000e+03,3.057335205732246777e-03,8.821604511993122532e-07
3.911000000000000000e+03,3.052622833679631033e-03,8.789781521446173429e-07
3.912000000000000000e+03,3.047917724962197292e-03,8.758073328918787512e-07
3.913000000000000000e+03,3.043219868384725892e-03,8.726479520289443909e-07
3.914000000000000000e+03,3.038529252769254195e-03,8.694999682930517874e-07
3.915000000000000000e+03,3.033845866955046239e-03,8.663633405702894720e-07
3.916000000000000000e+03,3.029169699798570613e-03,8.632380278950601744e-07
3.917000000000000000e+03,3.024500740173470537e-03,8.601239894495456038e-07
3.918000000000000000e+03,3.019838976970539574e-03,8.570211845631732418e-07
3.919000000000000000e+03,3.015184399097693441e-03,8.539295727120852528e-07
3.920000000000000000e+03,3.010536995479944859e-03,8.508491135186095116e-07
3.921000000000000000e+03,3.005896755059377090e-03,8.477797667507316904e-07
3.922000000000000000e+03,3.001263666795116192e-03,8.447214923215703099e-07
3.923000000000000000e+03,2.996637719663307158e-03,8.416742502888530617e-07
3.924000000000000000e+03,2.992018902657086164e-03,8.386380008543949293e-07
3.925000000000000000e+03,2.987407204786554117e-03,8.356127043635787459e-07
3.926000000000000000e+03,2.982802615078751062e-03,8.325983213048369157e-07
3.927000000000000000e+03,2.978205122577630599e-03,8.295948123091357826e-07
3.928000000000000000e+03,2.973614716344032995e-03,8.266021381494610581e-07
3.929000000000000000e+03,2.969031385455659158e-03,8.236202597403058951e-07
3.930000000000000000e+03,2.964455119007045059e-03,8.206491381371600216e-07
3.931000000000000000e+03,2.959885906109535267e-03,8.176887345360015211e-07
3.932000000000000000e+03,2.955323735891258238e-03,8.147390102727895652e-07
3.933000000000000000e+03,2.950768597497098987e-03,8.117999268229600057e-07
3.934000000000000000e+03,2.946220480088674373e-03,8.088714458009214963e-07
3.935000000000000000e+03,2.941679372844305772e-03,8.059535289595548953e-07
3.936000000000000000e+03,2.937145264958995663e-03,8.030461381897135169e-07
3.937000000000000000e+03,2.932618145644399869e-03,8.001492355197250756e-07
3.938000000000000000e+03,2.928098004128802407e-03,7.972627831148961718e-07
3.939000000000000000e+03,2.923584829657090763e-03,7.943867432770178363e-07
3.940000000000000000e+03,2.919078611490729010e-03,7.915210784438734043e-07
3.941000000000000000e+03,2.914579338907733949e-03,7.886657511887480833e-07
3.942000000000000000e+03,2.910087001202647360e-03,7.858207242199396858e-07
3.943000000000000000e+03,2.905601587686512145e-03,7.829859603802720085e-07
3.944000000000000000e+03,2.901123087686846742e-03,7.801614226466090594e-07
3.945000000000000000e+03,2.896651490547619105e-03,7.773470741293722484e-07
3.946000000000000000e+03,2.892186785629221116e-03,7.745428780720580028e-07
3.947000000000000000e+03,2.887728962308445165e-03,7.717487978507576049e-07
3.948000000000000000e+03,2.883278009978456399e-03,7.689647969736796774e-07
3.949000000000000000e+03,2.878833918048768863e-03,7.661908390806725627e-07
3.950000000000000000e+03,2.874396675945221219e-03,7.634268879427504078e-07
3.951000000000000000e+03,2.869966273109948555e-03,7.606729074616191439e-07
3.952000000000000000e+03,2.865542699001360268e-03,7.579288616692055357e-07
3.953000000000000000e+03,2.861125943094114041e-03,7.551947147271873956e-07
3.954000000000000000e+03,2.856715994879089823e-03,7.524704309265254927e-07
3.955000000000000000e+03,2.852312843863365980e-03,7.497559746869968372e-07
3.956000000000000000e+03,2.847916479570194136e-03,7.470513105567306124e-07
3.957000000000000000e+03,2.843526891538974456e-03,7.443564032117445299e-07
3.958000000000000000e+03,2.839144069325229194e-03,7.416712174554839379e-07
3.959000000000000000e+03,2.834768002500580135e-03,7.389957182183618825e-07
3.960000000000000000e+03,2.830398680652721714e-03,7.363298705573012858e-07
3.961000000000000000e+03,2.826036093385398025e-03,7.336736396552782900e-07
3.962000000000000000e+03,2.821680230318377239e-03,7.310269908208680354e-07
3.963000000000000000e+03,2.817331081087426012e-03,7.283898894877907570e-07
3.964000000000000000e+03,2.812988635344286937e-03,7.257623012144613745e-07
3.965000000000000000e+03,2.808652882756651654e-03,7.231441916835386591e-07
3.966000000000000000e+03,2.804323813008138301e-03,7.205355267014777884e-07
3.967000000000000000e+03,2.800001415798265489e-03,7.179362721980835364e-07
3.968000000000000000e+03,2.795685680842427585e-03,7.153463942260648402e-07
3.969000000000000000e+03,2.791376597871872596e-03,7.127658589605923309e-07
3.970000000000000000e+03,2.787074156633674842e-03,7.101946326988557592e-07
3.971000000000000000e+03,2.782778346890711976e-03,7.076326818596241733e-07
3.972000000000000000e+03,2.778489158421641129e-03,7.050799729828074737e-07
3.973000000000000000e+03,2.774206581020873322e-03,7.025364727290191323e-07
3.974000000000000000e+03,2.769930604498549616e-03,7.000021478791409232e-07
3.975000000000000000e+03,2.765661218680517692e-03,6.974769653338888185e-07
3.976000000000000000e+03,2.761398413408306697e-03,6.949608921133812135e-07
3.977000000000000000e+03,2.757142178539102526e-03,6.924538953567076805e-07
3.978000000000000000e+03,2.752892503945726134e-03,6.899559423215000528e-07
3.979000000000000000e+03,2.748649379516607087e-03,6.874670003835046730e-07
3.980000000000000000e+03,2.744412795155759706e-03,6.849870370361565475e-07
3.981000000000000000e+03,2.740182740782760515e-03,6.825160198901545587e-07
3.982000000000000000e+03,2.735959206332722656e-03,6.800539166730382672e-07
3.983000000000000000e+03,2.731742181756272904e-03,6.776006952287670414e-07
3.984000000000000000e+03,2.727531657019526944e-03,6.751563235172994002e-07
3.985000000000000000e+03,2.723327622104067258e-03,6.727207696141751081e-07
3.986000000000000000e+03,2.719130067006916666e-03,6.702940017100977996e-07
3.987000000000000000e+03,2.714938981740516646e-03,6.678759881105199331e-07
3.988000000000000000e+03,2.710754356332703043e-03,6.654666972352284860e-07
3.989000000000000000e+03,2.706576180826681353e-03,6.630660976179325554e-07
3.990000000000000000e+03,2.702404445281004174e-03,6.606741579058528649e-07
3.991000000000000000e+03,2.698239139769547778e-03,6.582908468593116945e-07
3.992000000000000000e+03,2.694080254381486968e-03,6.559161333513249288e-07
3.993000000000000000e+03,2.689927779221273386e-03,6.535499863671960101e-07
3.994000000000000000e+03,2.685781704408609499e-03,6.511923750041104217e-07
3.995000000000000000e+03,2.681642020078428210e-03,6.488432684707322885e-07
3.996000000000000000e+03,2.677508716380867272e-03,6.465026360868021418e-07
3.997000000000000000e+03,2.673381783481245440e-03,6.441704472827361673e-07
3.998000000000000000e+03,2.669261211560041216e-03,6.418466715992272525e-07
3.999000000000000000e+03,2.665146990812868565e-03,6.395312786868466691e-07
4.000000000000000000e+03,2.661039111450451324e-03,6.372242383056482974e-07
