radius_r0,model,extra_enclosed_mass_M0,circular_speed_unit,inward_acceleration_unit
0.1,Central mass only,0.0,3.1622776601683795,99.99999999999999
0.10071641923192555,Central mass only,0.0,3.1510105811327844,98.582413454821
0.10143797102900982,Central mass only,0.0,3.1397836462855366,97.18492242577271
0.10216469216193674,Central mass only,0.0,3.1285967125943674,95.80724204152224
0.10289661966482239,Central mass only,0.0,3.1174496375366303,94.44909146903456
0.10363379083710246,Central mass only,0.0,3.106342279097479,93.1101938563257
0.10437624324543296,Central mass only,0.0,3.0952744957680616,91.79027627602834
0.10512401472560466,Central mass only,0.0,3.084246146543717,90.48906966975666
0.10587714338447114,Central mass only,0.0,3.073257090922179,89.20630879326053
0.10663566760189087,Central mass only,0.0,3.062307188901786,87.94173216235644
0.10739962603268302,Central mass only,0.0,3.051396300979696,86.69508199962551
0.10816905760859728,Central mass only,0.0,3.040524288150111,85.46610418186691
0.10894400154029793,Central mass only,0.0,3.029691011902506,84.25454818829604
0.10972449731936189,Central mass only,0.0,3.018896334219864,83.0601670494774
0.11051058472029143,Central mass only,0.0,3.008140117576917,81.8827172969808
0.11130230380254097,Central mass only,0.0,2.997422224938395,80.72195891375183
0.11209969491255861,Central mass only,0.0,2.9867425197572777,79.57765528518551
0.11290279868584205,Central mass only,0.0,2.9761008659730606,78.44957315089378
0.1137116560490096,Central mass only,0.0,2.965497128010014,77.33748255715636
0.11452630822188574,Central mass only,0.0,2.9549311707754624,76.24115681004595
0.11534679671960166,Central mass only,0.0,2.9444028596580583,75.1603724292179
0.11617316335471098,Central mass only,0.0,2.9339120605260702,74.09490910235485
0.11700545023932041,Central mass only,0.0,2.923458639725674,73.04454964025724
0.11784369978723598,Central mass only,0.0,2.9130424640792487,72.00907993257036
0.11868795471612434,Central mass only,0.0,2.902663400883679,70.98828890413905
0.11953825804968977,Central mass only,0.0,2.892321317908668,69.98196847198113
0.12039465311986654,Central mass only,0.0,2.8820160833950497,68.9899135028709
0.12125718356902732,Central mass only,0.0,2.8717475660531098,68.01192177152357
0.1221258933522071,Central mass only,0.0,2.8615156350609166,67.04779391937278
0.12300082673934319,Central mass only,0.0,2.8513201600626505,66.0973334139324
0.12388202831753127,Central mass only,0.0,2.841161011166946,65.16034650873439
0.12476954299329755,Central mass only,0.0,2.831038058945235,64.23664220383452
0.12566341599488715,Central mass only,0.0,2.820951174430099,63.32603220687819
0.12656369287456912,Central mass only,0.0,2.8109002291136256,62.42833089471775
0.12747041951095775,Central mass only,0.0,2.800885094945771,61.54335527557437
0.12838364211135042,Central mass only,0.0,2.79090564433273,60.67092495173612
0.12930340721408262,Central mass only,0.0,2.780961750135308,59.81086208278464
0.1302297616908993,Central mass only,0.0,2.7710532856673042,58.96299134934351
0.13116275274934372,Central mass only,0.0,2.761180124693895,58.12713991734016
0.13210242793516297,Central mass only,0.0,2.7513421414300274,57.303137402774574
0.1330488351347311,Central mass only,0.0,2.741539210538815,56.49081583698737
0.13400202257748922,Central mass only,0.0,2.7317712071299436,55.69000963242039
0.13496203883840358,Central mass only,0.0,2.722038006758077,54.9005555488623
0.13592893284044077,Central mass only,0.0,2.712339485421275,54.122292660173066
0.13690275385706085,Central mass only,0.0,2.7026755195594094,53.35506232148004
0.13788355151472853,Central mass only,0.0,2.693045986052595,52.598708136838866
0.138871375795442,Central mass only,0.0,2.6834507622196155,51.85307592735307
0.13986627703928017,Central mass only,0.0,2.673889725816365,51.11801369974544
0.14086830594696784,Central mass only,0.0,2.6643627550342885,50.3933716153751
0.14187751358245967,Central mass only,0.0,2.6548697284988294,49.67900195969345
0.1428939513755422,Central mass only,0.0,2.645410525267886,48.97475911213362
0.14391767112445492,Central mass only,0.0,2.635985024830268,48.28049951642619
0.1449487249985299,Central mass only,0.0,2.626593107104161,47.5960816513361
0.14598716554085026,Central mass only,0.0,2.617234652435599,46.921366001814334
0.1470330456709279,Central mass only,0.0,2.607909541596939,46.256215030558415
0.1480864186874003,Central mass only,0.0,2.59861765578534,45.600493149976145
0.1491473382707466,Central mass only,0.0,2.589358876621253,44.95406669454682
0.15021585848602328,Central mass only,0.0,2.5801330861469096,44.316803893574125
0.15129203378561928,Central mass only,0.0,2.570940166824821,43.688574844325416
0.15237591901203074,Central mass only,0.0,2.561780001536281,43.06925148555181
0.15346756940065623,Central mass only,0.0,2.5526524735798715,42.458707571383314
0.15456704058261123,Central mass only,0.0,2.543557466669979,41.85681864559448
0.15567438858756324,Central mass only,0.0,2.534494864935309,41.26346201623454
0.15678966984658707,Central mass only,0.0,2.5254645529174153,40.678516730617346
0.1579129411950406,Central mass only,0.0,2.516466415569224,40.10186355066572
0.15904425987546114,Central mass only,0.0,2.507500338253569,39.53338492860544
0.1601836835404826,Central mass only,0.0,2.4985662067417334,38.9729649830037
0.1613312702557734,Central mass only,0.0,2.489663907211993,38.4204894751473
0.16248707850299557,Central mass only,0.0,2.4807933262481656,37.87584578575568
0.16365116718278497,Central mass only,0.0,2.471954350838168,37.338922892024065
0.1648235956177531,Central mass only,0.0,2.4631468683725726,36.809611344991964
0.1660044235555099,Central mass only,0.0,2.4543707666431773,36.28780324723266
0.16719371117170873,Central mass only,0.0,2.4456259338415727,35.77339223085885
0.1683915190731129,Central mass only,0.0,2.4369122585577188,35.26627343584009
0.16959790830068425,Central mass only,0.0,2.428229629778525,34.766343488627584
0.1708129403326938,Central mass only,0.0,2.4195779368864367,34.273500481082074
0.17203667708785475,Central mass only,0.0,2.410957069658026,33.78764394970039
0.17326918092847782,Central mass only,0.0,2.402366918262586,33.30867485513644
0.1745105146636493,Central mass only,0.0,2.393807373260734,32.8364955620126
0.17576074155243196,Central mass only,0.0,2.3852783256030143,32.3710098190172
0.17701992530708857,Central mass only,0.0,2.3767796666285115,31.91212273928423
0.1782881300963288,Central mass only,0.0,2.368311288063464,31.459740781051124
0.17956542054857935,Central mass only,0.0,2.3598730820198863,31.01377172859074
0.18085186175527737,Central mass only,0.0,2.3514649409941946,30.57412467341371
0.18214751927418757,Central mass only,0.0,2.343086757865835,30.140709995737144
0.18345245913274313,Central mass only,0.0,2.3347384258959205,29.713439346216155
0.18476674783141053,Central mass only,0.0,2.326419838725871,29.292225627934243
0.18609045234707813,Central mass only,0.0,2.318130890376059,28.876982978649174
0.18742364013646984,Central mass only,0.0,2.3098714752444574,28.467626753290215
0.1887663791395825,Central mass only,0.0,2.3016414881052953,28.064073506703775
0.19011873778314795,Central mass only,0.0,2.293440824107718,27.666240976643596
0.19148078498412052,Central mass only,0.0,2.2852693787744496,27.274048067001896
0.19285259015318879,Central mass only,0.0,2.2771270480004637,26.887414831278416
0.19423422319831277,Central mass only,0.0,2.2690137280516565,26.506262456283757
0.19562575452828668,Central mass only,0.0,2.260929315563524,26.130513246073644
0.19702725505632684,Central mass only,0.0,2.252873707539847,25.76009060611107
0.19843879620368537,Central mass only,0.0,2.244846801351377,25.394919027652914
0.19986044990329013,Central mass only,0.0,2.2368484947345313,25.0349240723578
0.20129228860341028,Central mass only,0.0,2.2288786857900873,24.680032357112264
0.20273438527134818,Central mass only,0.0,2.220937272981886,24.330171539072015
0.20418681339715816,Central mass only,0.0,2.213024155135538,23.985270300915158
0.20564964699739133,Central mass only,0.0,2.205139231437135,23.64525833630457
0.20712296061886765,Central mass only,0.0,2.197282401431964,23.310066335556296
0.2086068293424748,Central mass only,0.0,2.1894535650232294,22.979625971511147
0.21010132878699445,Central mass only,0.0,2.181652622470775,22.653869885606532
0.2116065351129556,Central mass only,0.0,2.173879474389818,22.332731674145812
0.2131225250265161,Central mass only,0.0,2.166134021749678,22.01614587476219
0.21464937578337145,Central mass only,0.0,2.158416165872517,21.704047953074568
0.21618716519269165,Central mass only,0.0,2.1507258084320844,21.396374289532588
0.21773597162108677,Central mass only,0.0,2.1430628514524597,21.09306216644803
0.2192958739966002,Central mass only,0.0,2.1354271973068095,20.794049755210217
0.22086695181273105,Central mass only,0.0,2.1278187487161397,20.49927610368253
0.22244928513248519,Central mass only,0.0,2.1202374087480584,20.208681123777634
0.2240429545924552,Central mass only,0.0,2.11268308081554,19.92220557920883
0.22564804140692984,Central mass only,0.0,2.1051556686756947,19.639791073415054
0.2272646273720324,Central mass only,0.0,2.097655076428543,19.361380037657053
0.22889279486988964,Central mass only,0.0,2.0901812085157934,19.086915719282242
0.2305326268728294,Central mass only,0.0,2.082733969719625,18.81634217015604
0.23218420694760952,Central mass only,0.0,2.0753132651614745,18.549604235257068
0.233847619259676,Central mass only,0.0,2.067919000300827,18.286647541434107
0.23552294857745237,Central mass only,0.0,2.0605510809340135,18.02741848632243
0.23721028027665936,Central mass only,0.0,2.0532094131930068,17.771864227417208
0.23890970034466585,Central mass only,0.0,2.04589390354423,17.51993267130186
0.2406212953848708,Central mass only,0.0,2.0386044587873626,17.271572463029052
0.2423451526211164,Central mass only,0.0,2.031340986054152,17.026732975652312
0.24408135990213345,Central mass only,0.0,2.0241033928072336,16.7853642999059
0.24583000570601773,Central mass only,0.0,2.016891586838949,16.547417234031155
0.24759117914473933,Central mass only,0.0,2.009705476270173,16.312843273746893
0.2493649699686835,Central mass only,0.0,2.0025449695491413,16.081594602362117
0.2511514685712245,Central mass only,0.0,1.9954099754502863,15.853624081028798
0.2529507659933322,Central mass only,0.0,1.9883004030730727,15.628885239132874
0.2547629539282114,Central mass only,0.0,1.9812161618408413,15.407332264821461
0.2565881247259748,Central mass only,0.0,1.9741571614996536,15.188919995664321
0.2584263713983488,Central mass only,0.0,1.9671233121171432,14.97360390944778
0.26027778762341397,Central mass only,0.0,1.9601145240813684,14.761340115099042
0.26214246775037847,Central mass only,0.0,1.9531307080996732,14.552085343739284
0.2640205068043864,Central mass only,0.0,1.9461717751975465,14.345796939863474
0.2659120004913603,Central mass only,0.0,1.9392376367174904,14.142432852645264
0.2678170452028784,Central mass only,0.0,1.9323282043178913,13.941951627365187
0.2697357380210865,Central mass only,0.0,1.9254433899718928,13.744312396960295
0.2716681767236459,Central mass only,0.0,1.9185831059662746,13.549474873693615
0.2736144597887157,Central mass only,0.0,1.9117472649003358,13.357399340941715
0.27557468639997124,Central mass only,0.0,1.9049357796847817,13.168046645098698
0.2775489564516592,Central mass only,0.0,1.898148563540612,12.981378187594874
0.27953737055368755,Central mass only,0.0,1.8913855299980187,12.79735591702873
0.28154003003675315,Central mass only,0.0,1.8846465928952807,12.615942321410259
0.28355703695750545,Central mass only,0.0,1.877931666377669,12.437100420514401
0.28558849410374726,Central mass only,0.0,1.8712406648963515,12.260793758342786
0.287634504999673,Central mass only,0.0,1.864573503207304,12.086986395692374
0.2896951739111446,Central mass only,0.0,1.8579300963702223,11.915642902829418
0.2917706058510042,Central mass only,0.0,1.851310359747443,11.74672835226733
0.29386090658442654,Central mass only,0.0,1.8447142090028625,11.580208311646857
0.29596618263430813,Central mass only,0.0,1.838141560100864,11.41604883671725
0.29808654128669626,Central mass only,0.0,1.8315923293052465,11.254216464416878
0.3002220905962559,Central mass only,0.0,1.8250664331781579,11.09467820605198
0.3023729393917764,Central mass only,0.0,1.8185637885790322,10.937401540572079
0.30453919728171763,Central mass only,0.0,1.8120843126635304,10.782354407940732
0.30672097465979553,Central mass only,0.0,1.8056279228824845,10.629505202600248
0.3089183827106078,Central mass only,0.0,1.799194536980846,10.478822767029085
0.31113153341530003,Central mass only,0.0,1.7927840729966382,10.330276385390519
0.3133605395572721,Central mass only,0.0,1.7863964492599125,10.183835777271419
0.3156055147279261,Central mass only,0.0,1.780031584391707,10.039471091509693
0.31786657333245455,Central mass only,0.0,1.7736893973030095,9.897152900109315
0.3201438305956711,Central mass only,0.0,1.7673698071937254,9.756852192241565
0.3224374025678816,Central mass only,0.0,1.7610727335516483,9.618540368331347
0.3247474061307991,Central mass only,0.0,1.7547980961514331,9.48218923422727
0.32707395900349956,Central mass only,0.0,1.748545815053575,9.34777099545445
0.329417179748421,Central mass only,0.0,1.7423158106033905,9.215258251548738
0.3317771877774054,Central mass only,0.0,1.7361080034300038,9.084623990471286
0.3341541033577845,Central mass only,0.0,1.7299223144453326,8.95584158310226
0.33654804761850804,Central mass only,0.0,1.7237586648430847,8.828884777812654
0.338959142556317,Central mass only,0.0,1.7176169760977504,8.703727695113026
0.34138751104196047,Central mass only,0.0,1.7114971699636037,8.580344822378079
0.34383327682645703,Central mass only,0.0,1.705399168473706,8.458711008646084
0.34629656454740154,Central mass only,0.0,1.6993228939389116,8.338801459491942
0.34877749973531663,Central mass only,0.0,1.6932682689468779,8.220591731972993
0.3512762088200495,Central mass only,0.0,1.6872352163610802,8.104057729646446
0.3537928191372154,Central mass only,0.0,1.681223659319828,7.989175697657434
0.3563274589346859,Central mass only,0.0,1.675233521235287,7.875922217896732
0.35888025737912566,Central mass only,0.0,1.6692647257925013,7.764274204227063
0.3614513445625736,Central mass only,0.0,1.6633171969484235,7.654208897777136
0.36404085150907345,Central mass only,0.0,1.6573908589309436,7.54570386230235
0.36664891018135,Central mass only,0.0,1.6514856362379267,7.438736979611298
0.3692756534875346,Central mass only,0.0,1.6456014536362473,7.333286445057072
0.37192121528793803,Central mass only,0.0,1.6397382361608337,7.229330763092509
0.37458573040187204,Central mass only,0.0,1.633895909113712,7.126848742888422
0.37726933461451995,Central mass only,0.0,1.6280743980630537,7.025819494013972
0.3799721646838559,Central mass only,0.0,1.6222736288422295,6.926222422178267
0.3826943583476149,Central mass only,0.0,1.6164935275488619,6.828037225032294
0.3854360543303113,Central mass only,0.0,1.6107340205438854,6.731243888030423
0.38819739235030876,Central mass only,0.0,1.6049950344506074,6.635822680350516
0.3909785131269398,Central mass only,0.0,1.5992764961537747,6.541754150871931
0.39377955838767775,Central mass only,0.0,1.5935783327986395,6.449019124210481
0.3966006708753586,Central mass only,0.0,1.5879004717900342,6.35759869680965
0.3994419943554554,Central mass only,0.0,1.5822428407914444,6.267474233087202
0.40230367362340497,Central mass only,0.0,1.576605367724088,6.178627361636393
0.405185854511986,Central mass only,0.0,1.5709879807659977,6.091039971481086
0.40808868389875175,Central mass only,0.0,1.5653906083511044,6.004694208383897
0.41101230971351427,Central mass only,0.0,1.5598131791683265,5.919572471206703
0.4139568809458834,Central mass only,0.0,1.5542556221606614,5.835657408322752
0.41692254765285885,Central mass only,0.0,1.5487178665242793,5.752931914079627
0.4199094609664779,Central mass only,0.0,1.5431998417076231,5.671379125312324
0.4229177731015166,Central mass only,0.0,1.5377014774105071,5.590982417905807
0.42594763736324714,Central mass only,0.0,1.5322227035832234,5.51172540340625
0.42899920815525006,Central mass only,0.0,1.5267634504256478,5.433591925680346
0.4320726409872826,Central mass only,0.0,1.521323648386352,5.3565660576219685
0.4351680924832041,Central mass only,0.0,1.5159032281617169,5.280632097905495
0.43828572038895736,Central mass only,0.0,1.5105021206950493,5.205774567785181
0.44142568358060735,Central mass only,0.0,1.5051202571757027,5.131978207939906
0.44458814207243763,Central mass only,0.0,1.4997575690382003,5.0592279753626315
0.44777325702510506,Central mass only,0.0,1.494413987961362,4.987509040293959
0.45098119075385235,Central mass only,0.0,1.4890894458674326,4.916806783199164
0.4542121067367798,Central mass only,0.0,1.4837838749212162,4.847106791788083
0.4574661696231764,Central mass only,0.0,1.4784972075292109,4.778394858077236
0.46074354524190997,Central mass only,0.0,1.4732293763387485,4.710656975493608
0.4640444006098786,Central mass only,0.0,1.467980314237135,4.643879336019474
0.46736890394052144,Central mass only,0.0,1.4627499543507971,4.578048327377712
0.47071722465239096,Central mass only,0.0,1.4575382300444295,4.513150530257014
0.474089533377787,Central mass only,0.0,1.4523450749201454,4.449172715576413
0.4774860019714515,Central mass only,0.0,1.4471704228166327,4.386101841788626
0.4809068035193274,Central mass only,0.0,1.442014207808308,4.323925052221583
0.4843521123473783,Central mass only,0.0,1.436876364204479,4.262629672457665
0.48782210403047266,Central mass only,0.0,1.4317568265485074,4.202203207750094
0.49131695540133086,Central mass only,0.0,1.4266555296169736,4.142633340475948
0.494836844559537,Central mass only,0.0,1.4215724084188475,4.083907927625262
0.4983819508806151,Central mass only,0.0,1.416507398194659,4.026014998325747
0.5019524550251696,Central mass only,0.0,1.4114604344156736,3.9689427514025915
0.5055485389480925,Central mass only,0.0,1.406431452783071,3.9126795529728486
0.5091703859078353,Central mass only,0.0,1.4014203892271244,3.8572139340739353
0.5128181804757485,Central mass only,0.0,1.396427179906386,3.8025345883257344
0.5164921085454874,Central mass only,0.0,1.3914517612068718,3.74863036962585
0.5201923573424851,Central mass only,0.0,1.3864940697412524,3.695490289877539
0.5239191154334936,Central mass only,0.0,1.3815540423480455,3.6431035167498385
0.5276725727361934,Central mass only,0.0,1.3766316160908103,3.5914593714694485
0.5314529205288718,Central mass only,0.0,1.3717267282573467,3.5405473266439267
0.5352603514601706,Central mass only,0.0,1.3668393163588954,3.4903570041157286
0.5390950595589037,Central mass only,0.0,1.3619693181293426,3.4408781728466686
0.5429572402439442,Central mass only,0.0,1.3571166715244263,3.392100746832392
0.546847090334184,Central mass only,0.0,1.352281314720946,3.3440147830463802
0.5507648080585634,Central mass only,0.0,1.3474631861159747,3.296610479413117
0.5547105930661728,Central mass only,0.0,1.3426622243260746,3.249878172809996
0.5586846464364272,Central mass only,0.0,1.3378783681865147,3.2038083370975303
0.5626871706893131,Central mass only,0.0,1.333111556750492,3.1583915811775123
0.566718369795709,Central mass only,0.0,1.3283617292883543,3.1136186470786735
0.5707784491877804,Central mass only,0.0,1.323628825286827,3.0694804080695017
0.5748676157694482,Central mass only,0.0,1.318912784448242,3.0259678667978007
0.5789860779269325,Central mass only,0.0,1.3142135466897704,2.9830721534566345
0.5831340455393724,Central mass only,0.0,1.309531052142655,2.9407845239762516
0.587311729989522,Central mass only,0.0,1.3048652411514496,2.899096358241658
0.5915193441745216,Central mass only,0.0,1.300216054273258,2.8579991583354496
0.5957571025167478,Central mass only,0.0,1.2955834322769761,2.8174845468055554
0.6000252209747402,Central mass only,0.0,1.2909673161425397,2.777544264957543
0.6043239170542071,Central mass only,0.0,1.286367647060169,2.7381701711711126
0.6086534098191092,Central mass only,0.0,1.2817843664296227,2.699354239240486
0.6130139199028241,Central mass only,0.0,1.2772174158594491,2.6610885567382923
0.6174056695193886,Central mass only,0.0,1.2726667371662441,2.623365323402672
0.6218288824748242,Central mass only,0.0,1.2681322723739081,2.586176849547224
0.6262837841785415,Central mass only,0.0,1.2636139637129082,2.549515554493509
0.6307706016548277,Central mass only,0.0,1.2591117536195426,2.513373965025762
0.6352895635544155,Central mass only,0.0,1.2546255847352068,2.477744713867524
0.6398409001661352,Central mass only,0.0,1.2501553999056627,2.442620538179854
0.6444248434286509,Central mass only,0.0,1.2457011421803108,2.4079942780808374
0.6490416269422798,Central mass only,0.0,1.2412627548114645,2.373858875186083
0.653691485980897,Central mass only,0.0,1.2368401812536267,2.3402073711699063
0.6583746575039241,Central mass only,0.0,1.232433365162771,2.3070329063469135
0.6630913801684062,Central mass only,0.0,1.2280422503956212,2.2743287182736873
0.6678418943411731,Central mass only,0.0,1.2236667810089388,2.242088140370298
0.6726264421110892,Central mass only,0.0,1.2193069012588076,2.210304600561354
0.6774452673013898,Central mass only,0.0,1.2149625555999264,2.178971619936323
0.6822986154821064,Central mass only,0.0,1.2106336886848992,2.1480828114288366
0.6871867339825819,Central mass only,0.0,1.2063202453635307,2.1176318785147186
0.6921098719040742,Central mass only,0.0,1.2020221706821235,2.0876126139284716
0.6970682801324505,Central mass only,0.0,1.1977394098827787,2.058018898397961
0.702062211350972,Central mass only,0.0,1.1934719084026977,2.0288446993970304
0.7070919200531721,Central mass only,0.0,1.1892196118734868,2.0000840699158005
0.7121576625558247,Central mass only,0.0,1.1849824661204649,1.9717311472484054
0.7172596970120061,Central mass only,0.0,1.1807604171619739,1.943780151797908
0.7223982834242512,Central mass only,0.0,1.1765534112086897,1.9162253858981602
0.7275736836578025,Central mass only,0.0,1.1723613946629379,1.8890612326523633
0.7327861614539563,Central mass only,0.0,1.1681843141180106,1.8622821547880903
0.7380359824435013,Central mass only,0.0,1.1640221163574862,1.8358826935285446
0.7433234141602573,Central mass only,0.0,1.1598747483545506,1.8098574674798142
0.7486487260547071,Central mass only,0.0,1.1557421572713231,1.784201171533902
0.7540121895077286,Central mass only,0.0,1.151624290458182,1.7589085757873113
0.7594140778444249,Central mass only,0.0,1.1475210954530943,1.73397452447495
0.7648546663480524,Central mass only,0.0,1.1434325199809474,1.7093939349191616
0.7703342322740501,Central mass only,0.0,1.139358511952883,1.685161796493641
0.7758530548641673,Central mass only,0.0,1.1352990194656334,1.6612731696020504
0.7814114153606961,Central mass only,0.0,1.1312539908008603,1.637723184671103
0.7870095970208018,Central mass only,0.0,1.1272233744244962,1.614507041157928
0.7926478851309586,Central mass only,0.0,1.123207118986087,1.5916200065715052
0.7983265670214881,Central mass only,0.0,1.1192051733181392,1.5690574155079697
0.804045932081201,Central mass only,0.0,1.1152174864354667,1.5468146686995954
0.8098062717721458,Central mass only,0.0,1.1112440075345416,1.5248872320772544
0.8156078796444607,Central mass only,0.0,1.1072846859928476,1.503270635846175
0.821451051351334,Central mass only,0.0,1.1033394713682338,1.4819604735747918
0.8273360846640696,Central mass only,0.0,1.0994083133982737,1.4609524012965243
0.8332632794872629,Central mass only,0.0,1.0954911619996237,1.440242136624275
0.8392329378740832,Central mass only,0.0,1.0915879672673852,1.4198254578774907
0.8452453640416668,Central mass only,0.0,1.0876986794744685,1.3996982032215932
0.8513008643866207,Central mass only,0.0,1.0838232490709603,1.3798562698196106
0.8573997475006349,Central mass only,0.0,1.0799616266834917,1.360295612995839
0.8635423241862105,Central mass only,0.0,1.0761137631146094,1.3410122454113498
0.8697289074724973,Central mass only,0.0,1.0722796093421485,1.3220022362511956
0.8759598126312463,Central mass only,0.0,1.0684591165186084,1.3032617104231328
0.8822353571928757,Central mass only,0.0,1.0646522359705302,1.2847868477677042
0.8885558609626526,Central mass only,0.0,1.060858919197877,1.2665738822795196
0.8949216460369906,Central mass only,0.0,1.057079117873416,1.2486191013395738
0.9013330368198643,Central mass only,0.0,1.053312783842102,1.230918844958449
0.9077903600393407,Central mass only,0.0,1.0495598691204642,1.2134695050302444
0.9142939447642286,Central mass only,0.0,1.0458203258959964,1.1962675245970855
0.9208441224208503,Central mass only,0.0,1.0420941065265454,1.1793093971240511
0.9274412268099294,Central mass only,0.0,1.0383811635397058,1.1625916657843889
0.9340855941236019,Central mass only,0.0,1.034681449632214,1.146110922754857
0.9407775629625497,Central mass only,0.0,1.0309949176693474,1.1298638085210564
0.9475174743532538,Central mass only,0.0,1.0273215206843216,1.1138470111926149
0.9543056717653758,Central mass only,0.0,1.0236612118776933,1.0980572658280696
0.9611425011292593,Central mass only,0.0,1.0200139446167646,1.0824913537693306
0.9680283108535598,Central mass only,0.0,1.0163796724349872,1.06714610198557
0.9749634518429987,Central mass only,0.0,1.012758349031372,1.05201838242642
0.9819482775162471,Central mass only,0.0,1.0091499282698988,1.0371051113843333
0.9889831438239352,Central mass only,0.0,1.0055543641789275,1.0224032488659853
0.9960684092667917,Central mass only,0.0,1.0019716109506143,1.007909797972588
1.003204434913914,Central mass only,0.0,0.9984016229403262,0.9936218042889875
1.0103915844211673,Central mass only,0.0,0.994844354666061,0.979536355281422
1.0176302240497181,Central mass only,0.0,0.9912997608078665,0.9656505797038151
1.0249207226846975,Central mass only,0.0,0.9877677962072647,0.9519616470124904
1.032263451854001,Central mass only,0.0,0.9842484158666751,0.9384667667891767
1.0396587857472215,Central mass only,0.0,0.9807415749488417,0.9251631881721971
1.0471071012347182,Central mass only,0.0,0.9772472287762626,0.9120481992957189
1.0546087778868218,Central mass only,0.0,0.9737653328306194,0.8991191267369554
1.062164197993178,Central mass only,0.0,0.9702958427522116,0.8863733349712013
1.069773746582229,Central mass only,0.0,0.9668387143393903,0.8738082258345949
1.0774378114408345,Central mass only,0.0,0.9633939035479955,0.8614212379944964
1.085156783134035,Central mass only,0.0,0.9599613664907947,0.8492098464273711
1.0929310550249518,Central mass only,0.0,0.9565410594369247,0.8371715619040813
1.1007610232948373,Central mass only,0.0,0.9531329388113332,0.8253039304824642
1.108647086963262,Central mass only,0.0,0.9497369611942239,0.813604533007111
1.1165896479084492,Central mass only,0.0,0.9463530833205046,0.8020709846162359
1.124589110887755,Central mass only,0.0,0.9429812620792342,0.7907009342555313
1.1326458835582955,Central mass only,0.0,0.9396214545130743,0.77949206419892
1.14076037649772,Central mass only,0.0,0.9362736178177427,0.7684420895760983
1.1489330032251361,Central mass only,0.0,0.9329377093414665,0.7575487579067749
1.1571641802221813,Central mass only,0.0,0.9296136865844395,0.7468098486415172
1.1654543269542468,Central mass only,0.0,0.9263015071982814,0.7362231727091031
1.1738038658918553,Central mass only,0.0,0.9230011289854975,0.7257865720702891
1.1822132225321902,Central mass only,0.0,0.9197125098989403,0.7154979192779045
1.1906828254207775,Central mass only,0.0,0.9164356080412759,0.7053551170431853
1.1992131061733264,Central mass only,0.0,0.9131703816644483,0.6953560978082495
1.207804499497724,Central mass only,0.0,0.9099167891691486,0.6854988233246379
1.2164574432161879,Central mass only,0.0,0.9066747891042848,0.6757812842378272
1.2251723782875783,Central mass only,0.0,0.9034443401664534,0.666201499677634
1.2339497488298703,Central mass only,0.0,0.9002254011994133,0.656757516854423
1.242790002142785,Central mass only,0.0,0.8970179311935618,0.6474474106610424
1.2516935887305838,Central mass only,0.0,0.8938218892854121,0.6382692832804016
1.2606609623250289,Central mass only,0.0,0.8906372347570721,0.629221263798608
1.269692579908503,Central mass only,0.0,0.8874639270357264,0.6203015078235937
1.2787889017372993,Central mass only,0.0,0.8843019256931186,0.6115081971091438
1.2879503913650747,Central mass only,0.0,0.8811511904450372,0.6028395391842579
1.2971775156664744,Central mass only,0.0,0.8780116811508015,0.5942937669877628
1.3064707448609232,Central mass only,0.0,0.8748833578127506,0.5858691385081067
1.3158305525365876,Central mass only,0.0,0.8717661805757342,0.5775639364282598
1.3252574156745127,Central mass only,0.0,0.8686601097266036,0.5693764677756459
1.3347518146729245,Central mass only,0.0,0.8655651056937075,0.5613050635770428
1.3443142333717166,Central mass only,0.0,0.8624811290463865,0.5533480785183661
1.353945159077104,Central mass only,0.0,0.8594081404944713,0.5455038906092832
1.3636450825864574,Central mass only,0.0,0.856346100887782,0.537770900852578
1.3734144982133139,Central mass only,0.0,0.853294971215629,0.5301475329182038
1.3832539038125677,Central mass only,0.0,0.850254712606317,0.5226322328219569
1.3931638008058418,Central mass only,0.0,0.8472252863266486,0.5152234686087043
1.4031446942070398,Central mass only,0.0,0.8442066537814317,0.5079197300401027
1.4131970926480828,Central mass only,0.0,0.8411987765129869,0.500719528286744
1.4233215084048263,Central mass only,0.0,0.8382016162006591,0.4936213956246675
1.4335184574231712,Central mass only,0.0,0.8352151346603276,0.4866238851361674
1.4437884593453534,Central mass only,0.0,0.8322392938439199,0.4797255704148496
1.454132037536425,Central mass only,0.0,0.8292740558389284,0.47292504527486545
1.4645497191109267,Central mass only,0.0,0.8263193828679257,0.46622092346426736
1.475042034959749,Central mass only,0.0,0.823375237288084,0.4596118383824285
1.4856095197771866,Central mass only,0.0,0.8204415815906958,0.4530964428014694
1.4962527120881872,Central mass only,0.0,0.8175183784006955,0.446673408591631
1.5069721542757955,Central mass only,0.0,0.8146055904761835,0.440341426450543
1.51776839260879,Central mass only,0.0,0.8117031807079522,0.43409920563633086
1.5286419772695266,Central mass only,0.0,0.808811112119012,0.42794547370450126
1.5395934623819725,Central mass only,0.0,0.8059293478641214,0.4218789762485637
1.5506234060399453,Central mass only,0.0,0.803057851229317,0.4158984766443251
1.5617323703355543,Central mass only,0.0,0.8001965856314462,0.41000275579781076
1.572920921387845,Central mass only,0.0,0.7973455146177002,0.4041906118967578
1.5841896293716482,Central mass only,0.0,0.7945046018651507,0.3984608601656326
1.5955390685466366,Central mass only,0.0,0.7916738111802867,0.39281233262412013
1.6069698172865914,Central mass only,0.0,0.7888531064985528,0.38724387784903636
1.6184824581088713,Central mass only,0.0,0.7860424518838912,0.381754360739619
1.6300775777041046,Central mass only,0.0,0.7832418115282821,0.37634266228614
1.641755766966083,Central mass only,0.0,0.7804511497512888,0.3710076793418032
1.6535176210218747,Central mass only,0.0,0.7776704309996026,0.3657483243978729
1.6653637392621532,Central mass only,0.0,0.77489961984659,0.36056352536199104
1.6772947253717418,Central mass only,0.0,0.7721386809918408,0.3554522253396363
1.6893111873603777,Central mass only,0.0,0.7693875792607198,0.3504133824186823
1.7014137375936973,Central mass only,0.0,0.7666462796039167,0.3454459694570084
1.7136029928244427,Central mass only,0.0,0.7639147470970012,0.3405489738731223
1.7258795742238888,Central mass only,0.0,0.7611929469399776,0.3357213974397517
1.7382441074135035,Central mass only,0.0,0.758480844456841,0.33096225608035884
1.7506972224968265,Central mass only,0.0,0.7557784050951359,0.3262705796685428
1.7632395540915802,Central mass only,0.0,0.7530855944255158,0.32164541183028394
1.7758717413620104,Central mass only,0.0,0.750402378141305,0.31708580974899225
1.788594428051459,Central mass only,0.0,0.7477287220580607,0.31259084397331866
1.8014082625151684,Central mass only,0.0,0.7450645921131387,0.30815959822769134
1.814313897753323,Central mass only,0.0,0.7424099543652584,0.30379116922553784
1.8273119914443268,Central mass only,0.0,0.7397647749940703,0.29948466648515437
1.8404032059783157,Central mass only,0.0,0.7371290202997265,0.29523921214818655
1.8535882084909188,Central mass only,0.0,0.7345026567024499,0.29105394080068137
1.8668676708972518,Central mass only,0.0,0.7318856507421067,0.2869279992966776
1.8802422699261603,Central mass only,0.0,0.7292779690777806,0.28286054658429666
1.8937126871547048,Central mass only,0.0,0.7266795784873478,0.27885075353429783
1.9072796090428952,Central mass only,0.0,0.7240904458670535,0.27489780277106535
1.9209437269686729,Central mass only,0.0,0.7215105382310907,0.27100088850599
1.9347057372631438,Central mass only,0.0,0.7189398227111793,0.26715921637321355
1.948566341246065,Central mass only,0.0,0.7163782665561474,0.2633720032677009
1.9625262452615797,Central mass only,0.0,0.7138258371315153,0.25963847718560956
1.97658616071422,Central mass only,0.0,0.7112825019190779,0.2559578770669187
1.9907468041051557,Central mass only,0.0,0.7087482285164916,0.25232945264029216
2.0050088970687083,Central mass only,0.0,0.7062229846368608,0.24875246427013956
2.019373166409127,Central mass only,0.0,0.7037067381083275,0.24522618280584488
2.0338403441376256,Central mass only,0.0,0.7011994568736605,0.24174988943313314
2.048411167509688,Central mass only,0.0,0.6987011089898472,0.23832287552754394
2.0630863790626384,Central mass only,0.0,0.6962116626276871,0.23494444250998173
2.0778667266534794,Central mass only,0.0,0.6937310860713858,0.23161390170431442
2.092752963497008,Central mass only,0.0,0.691259347718151,0.22833057419698968
2.107745848204192,Central mass only,0.0,0.6887964160777905,0.22509379069864321
2.1228461448208393,Central mass only,0.0,0.6863422597723098,0.2219028914076658
2.1380546228665263,Central mass only,0.0,0.6838968475355134,0.21875722587570748
2.153372057373815,Central mass only,0.0,0.6814601482126063,0.2156561528750867
2.168799228927752,Central mass only,0.0,0.6790321307597965,0.2125990402680788
2.1843369237056436,Central mass only,0.0,0.6766127642438999,0.20958526487805873
2.1999859335171217,Central mass only,0.0,0.6742020178419466,0.2066142123624696
2.215747055844495,Central mass only,0.0,0.6717998608407875,0.20368527708759163
2.23162109388339,Central mass only,0.0,0.6694062626367031,0.2007978620050872
2.2476088565836783,Central mass only,0.0,0.6670211927350145,0.1979513785302959
2.2637111586907053,Central mass only,0.0,0.6646446207496937,0.19514524642225414
2.2799288207868105,Central mass only,0.0,0.6622765164029769,0.19237889366541577
2.2962626693331405,Central mass only,0.0,0.6599168495249795,0.18965175635305062
2.31271353671177,Central mass only,0.0,0.6575655900533103,0.18696327857229408
2.3292822612681188,Central mass only,0.0,0.6552227080326899,0.1843129122908277
2.3459696873536737,Central mass only,0.0,0.6528881736145681,0.18170011724516535
2.362776665369019,Central mass only,0.0,0.6505619570567441,0.1791243608305234
2.379704051807173,Central mass only,0.0,0.6482440287229875,0.17658511799225185
2.3967527092972314,Central mass only,0.0,0.6459343590826608,0.1740818711188052
2.413923506648333,Central mass only,0.0,0.6436329187103429,0.17161410993622916
2.4312173188939337,Central mass only,0.0,0.6413396782854544,0.16918133140414443
2.4486350273363944,Central mass only,0.0,0.6390546085918841,0.1667830396132046
2.4661775195918976,Central mass only,0.0,0.6367776805176167,0.16441874568400722
2.4838456896356784,Central mass only,0.0,0.6345088650543621,0.16208796766743866
2.5016404378475823,Central mass only,0.0,0.6322481332971854,0.15979023044643093
2.519562671057949,Central mass only,0.0,0.6299954564441391,0.15752506563911178
2.5376133025938263,Central mass only,0.0,0.6277508057958958,0.15529201150332717
2.5557932523255094,Central mass only,0.0,0.6255141527553832,0.1530906128425182
2.574103446713425,Central mass only,0.0,0.6232854688274189,0.15092042091293056
2.5925448188553384,Central mass only,0.0,0.6210647256183478,0.14878099333214131
2.611118308533907,Central mass only,0.0,0.6188518948356805,0.14667189398888125
2.6298248622645732,Central mass only,0.0,0.6166469482877325,0.14459269295413563
2.6486654333437962,Central mass only,0.0,0.6144498578832656,0.1425429663935058
2.667640981897635,Central mass only,0.0,0.6122605956311292,0.14052229648081244
2.6867524749306777,Central mass only,0.0,0.6100791336399045,0.13853027131292384
2.706000886375318,Central mass only,0.0,0.6079054441175484,0.13656648482579173
2.7253871971413863,Central mass only,0.0,0.6057394993710407,0.1346305367116774
2.744912395166144,Central mass only,0.0,0.6035812718060293,0.13272203233755037
2.7645774754646224,Central mass only,0.0,0.6014307339264804,0.13084058266464513
2.7843834401803327,Central mass only,0.0,0.5992878583343274,0.1289858041691573
2.804331298636335,Central mass only,0.0,0.5971526177291221,0.12715731876406436
2.8244220673866733,Central mass only,0.0,0.5950249849076866,0.1253547537220546
2.8446567702681804,Central mass only,0.0,0.5929049327637672,0.12357774159954849
2.8650364384526537,Central mass only,0.0,0.5907924342876886,0.1218259201617972
2.885562110499405,Central mass only,0.0,0.5886874625660097,0.12009893230904292
2.9062348324081793,Central mass only,0.0,0.5865899907811817,0.11839642600372628
2.927055657672471,Central mass only,0.0,0.5844999922112053,0.11671805419872461
2.948025647333201,Central mass only,0.0,0.5824174402292905,0.11506347476660878
2.969145870032794,Central mass only,0.0,0.5803423083035182,0.11343235042990187
2.990417402069632,Central mass only,0.0,0.5782745699965008,0.11182434869232727
3.011841327452907,Central mass only,0.0,0.5762141989650469,0.11023914177103081
3.0334187379578617,Central mass only,0.0,0.5741611689598242,0.10867640652976385
3.0551507331814247,Central mass only,0.0,0.5721154538250263,0.10713582441301388
3.077038420598251,Central mass only,0.0,0.5700770274980388,0.1056170813810684
3.0990829156171564,Central mass only,0.0,0.5680458640091073,0.10411986784599948
3.121285341637957,Central mass only,0.0,0.566021937481007,0.10264387860855644
3.1436468301087244,Central mass only,0.0,0.5640052221287127,0.10118881279595167
3.166168520583441,Central mass only,0.0,0.56199569225907,0.09975437380052989
3.1888515607800736,Central mass only,0.0,0.5599933222704683,0.09834026921930598
3.21169710663906,Central mass only,0.0,0.5579980866525147,0.0969462107943603
3.2347063223822183,Central mass only,0.0,0.5560099599857091,0.09557191435407857
3.257880380572076,Central mass only,0.0,0.5540289169411198,0.09421709975522514
3.281220462171624,Central mass only,0.0,0.5520549322800612,0.09288149082583719
3.3047277566044997,Central mass only,0.0,0.5500879808537722,0.09156481530892834
3.3284034618155958,Central mass only,0.0,0.5481280376030964,0.09026680480699097
3.3522487843321187,Central mass only,0.0,0.5461750775581613,0.08898719472728404
3.3762649393250643,Central mass only,0.0,0.5442290758380618,0.08772572422789783
3.400453150671148,Central mass only,0.0,0.5422900076505424,0.08648213616458233
3.4248146510151747,Central mass only,0.0,0.5403578482916811,0.08525617703832981
3.4493506818328514,Central mass only,0.0,0.5384325731455758,0.08404759694370044
3.4740624934940567,Central mass only,0.0,0.5365141576840293,0.08285614951788028
3.4989513453265606,Central mass only,0.0,0.534602577466238,0.0816815918904614
3.5240185056801994,Central mass only,0.0,0.5326978081384793,0.08052368463393411
3.5492652519915078,Central mass only,0.0,0.5307998254338029,0.07938219171488109
3.5746928708488257,Central mass only,0.0,0.52890860517172,0.07825688044586272
3.600302658057858,Central mass only,0.0,0.5270241232578963,0.07714752143798535
3.6260959187077115,Central mass only,0.0,0.5251463556838447,0.07605388855414137
3.652073967237401,Central mass only,0.0,0.5232752785266196,0.07497575886291243
3.6782381275028357,Central mass only,0.0,0.5214108679485117,0.07391291259312593
3.7045897328442843,Central mass only,0.0,0.5195531001967447,0.07286513308905586
3.73113012615432,Central mass only,0.0,0.5177019516031727,0.07183220676625862
3.7578606599462594,Central mass only,0.0,0.5158573985839782,0.0708139230680349
3.784782696423079,Central mass only,0.0,0.5140194176393723,0.06981007442250901
3.811897607546844,Central mass only,0.0,0.5121879853532951,0.06882045620031609
3.83920677510862,Central mass only,0.0,0.5103630783931168,0.06784486667288957
3.8667115907988863,Central mass only,0.0,0.5085446735093412,0.06688310697134006
3.894413456278464,Central mass only,0.0,0.5067327475353092,0.06593498104591666
3.9223137832499395,Central mass only,0.0,0.5049272773869034,0.06500029562604341
3.9504139935296085,Central mass only,0.0,0.5031282400622545,0.06407886018092204
3.9787155191199326,Central mass only,0.0,0.5013356126414482,0.06317048688069322
4.007219802282516,Central mass only,0.0,0.49954937228623253,0.062274990558148384
4.035928295611598,Central mass only,0.0,0.49776949623972777,0.06139218867098456
4.064842462108084,Central mass only,0.0,0.495995961826136,0.06052190126459377
4.093963775254102,Central mass only,0.0,0.49422874645045217,0.05966395093538038
4.123293719088087,Central mass only,0.0,0.49246782759817676,0.05881816279459823
4.152833788280413,Central mass only,0.0,0.49071318283502807,0.05798436443270051
4.182585488209556,Central mass only,0.0,0.4889647898066575,0.05716238588419499
4.2125503350388165,Central mass only,0.0,0.4872226262383637,0.05635205959299732
4.242729855793579,Central mass only,0.0,0.4854866699348096,0.05555322037827573
4.273125588439133,Central mass only,0.0,0.48375689877973893,0.05476570540077961
4.303739081959042,Central mass only,0.0,0.4820332907356954,0.0539893541296458
4.334571896434094,Central mass only,0.0,0.4803158238437407,0.05322400830967487
4.365625603121787,Central mass only,0.0,0.478604476223176,0.05246951192907197
4.396901784536417,Central mass only,0.0,0.4768992260712621,0.05172571118764436
4.4284020345297135,Central mass only,0.0,0.47520005166294255,0.05099245446545016
4.460127958372067,Central mass only,0.0,0.47350693135056615,0.0502695922918914
4.492081172834332,Central mass only,0.0,0.4718198435636118,0.04955697731524521
4.524263306270225,Central mass only,0.0,0.4701387668084131,0.048854464272626866
4.556675998699298,Central mass only,0.0,0.4684636796678848,0.04816190996037877
4.589320901890515,Central mass only,0.0,0.46679456080125037,0.04747917320487921
4.622199679446437,Central mass only,0.0,0.46513138894376926,0.04680611483376462
4.655314006887993,Central mass only,0.0,0.4634741429064664,0.046142597647560124
4.688665571739862,Central mass only,0.0,0.4618228015758624,0.045488486391712234
4.722256073616479,Central mass only,0.0,0.4601773439137044,0.04484364772901773
4.756087224308639,Central mass only,0.0,0.45853774895669813,0.044207950212443704
4.790160747870741,Central mass only,0.0,0.4569039958162406,0.04358126425833266
4.824478380708635,Central mass only,0.0,0.4552760636781542,0.04296346211998763
4.859041871668125,Central mass only,0.0,0.4536539318024215,0.04235441786163156
4.89385298212407,Central mass only,0.0,0.4520375795229212,0.04175400733273619
4.928913486070169,Central mass only,0.0,0.45042698624716415,0.04116210814271426
4.964225170209347,Central mass only,0.0,0.448822131456032,0.040578599635971116
4.999789834044816,Central mass only,0.0,0.44722299470351484,0.04000336286730952
5.035609289971771,Central mass only,0.0,0.4456295556164514,0.03943628057768342
5.071685363369759,Central mass only,0.0,0.44404179389426907,0.03887723717029513
5.108019892695693,Central mass only,0.0,0.4424596893087256,0.03832611868703169
5.1446147295775475,Central mass only,0.0,0.4408832217036512,0.037782812785234994
5.181471738908716,Central mass only,0.0,0.4393123709946915,0.037247208714801326
5.218592798943048,Central mass only,0.0,0.4377471171690523,0.036719197295605514
5.255979801390557,Central mass only,0.0,0.43618744028524414,0.03619867089524528
5.293634651513841,Central mass only,0.0,0.4346333204728284,0.03568552340710066
5.331559268225162,Central mass only,0.0,0.4330847379321638,0.03517965022870489
5.369755584184236,Central mass only,0.0,0.4315416729341548,0.034680948240421734
5.408225545896728,Central mass only,0.0,0.4300041058199998,0.03418931578442502
5.446971113813442,Central mass only,0.0,0.4284720170009408,0.03370465264397625
5.485994262430231,Central mass only,0.0,0.42694538695801365,0.03322686002299592
5.525296980388613,Central mass only,0.0,0.42542419624179983,0.03275584052592447
5.564881270577121,Central mass only,0.0,0.4239084254721781,0.032291498137868635
5.604749150233359,Central mass only,0.0,0.4223980553380782,0.03183373820502948
5.644902651046815,Central mass only,0.0,0.4208930665972343,0.03138246741540747
5.685343819262389,Central mass only,0.0,0.41939344007594004,0.030937593779781468
5.726074715784676,Central mass only,0.0,0.4178991566688043,0.030499026612957142
5.767097416282983,Central mass only,0.0,0.4164101973385078,0.030066676515281304
5.808414011297115,Central mass only,0.0,0.4149265431155606,0.02964045535441818
5.850026606343906,Central mass only,0.0,0.4134481750980601,0.02922027624738415
5.891937322024515,Central mass only,0.0,0.4119750744514508,0.028806053542837103
5.934148294132501,Central mass only,0.0,0.4105072224082837,0.028397702803616753
5.976661673762648,Central mass only,0.0,0.4090446002679779,0.027995140789532753
6.0194796274206075,Central mass only,0.0,0.40758718939658173,0.027598285440396417
6.062604337133289,Central mass only,0.0,0.4061349712265357,0.027207055859293262
6.106038000560064,Central mass only,0.0,0.40468792725643576,0.026821372296092588
6.149782831104758,Central mass only,0.0,0.4032460390507978,0.02644115613119081
6.193841058028449,Central mass only,0.0,0.40180928823982254,0.02606632985948527
6.2382149265630655,Central mass only,0.0,0.4003776565191617,0.025696817074575225
6.282906698025813,Central mass only,0.0,0.39895112564968477,0.025332542453186793
6.3279186499344116,Central mass only,0.0,0.39752967745724627,0.02497343173981863
6.373253076123145,Central mass only,0.0,0.3961132938324552,0.024619411731605496
6.418912286859778,Central mass only,0.0,0.39470195673044295,0.02427041026339603
6.464898608963273,Central mass only,0.0,0.3932956481706345,0.023926356193042383
6.511214385922374,Central mass only,0.0,0.39189435023651886,0.02358717938689821
6.5578619780150245,Central mass only,0.0,0.3904980450754209,0.02325281070552231
6.604843762428658,Central mass only,0.0,0.3891067148982739,0.022923181989584877
6.652162133381331,Central mass only,0.0,0.38772034197939304,0.022598226045973623
6.699819502243744,Central mass only,0.0,0.38633890865624926,0.022277876634096763
6.74781829766212,Central mass only,0.0,0.38496239732924453,0.021962068452380204
6.796160965681963,Central mass only,0.0,0.38359079046148786,0.021650737124956257
6.844849969872725,Central mass only,0.0,0.382224070578571,0.021343819188540804
6.893887791453344,Central mass only,0.0,0.38086222026834676,0.021041252079496715
6.943276929418683,Central mass only,0.0,0.37950522218070665,0.02074297412108057
6.993019900666888,Central mass only,0.0,0.37815305902736,0.02044892451087017
7.043119240127647,Central mass only,0.0,0.3768057135816137,0.02015904330837026
7.093577500891369,Central mass only,0.0,0.37546316867815266,0.019873271422793996
7.144397254339299,Central mass only,0.0,0.3741254072128212,0.019591550601017565
7.19558109027455,Central mass only,0.0,0.3727924121424052,0.01931382341570558
7.247131617054075,Central mass only,0.0,0.3714641664844148,0.019040033253604906
7.299051461721607,Central mass only,0.0,0.3701406533168683,0.018770124304004196
7.351343270141524,Central mass only,0.0,0.368821855778076,0.018504041547357252
7.404009707133683,Central mass only,0.0,0.36750775706642613,0.018241730744067583
7.457053456609223,Central mass only,0.0,0.3661983404401704,0.0179831384234319
7.5104772217073394,Central mass only,0.0,0.36489358921721066,0.017728211872740415
7.564283724933039,Central mass only,0.0,0.36359348677488645,0.017476899126531616
7.618475708295874,Central mass only,0.0,0.36229801654976335,0.017229148955999394
7.673055933449681,Central mass only,0.0,0.3610071620374217,0.016984910858550303
7.728027181833323,Central mass only,0.0,0.35972090679224666,0.016744135047508824
7.78339225481241,Central mass only,0.0,0.35843923442721837,0.01650677244196874
7.83915397382209,Central mass only,0.0,0.35716212861370344,0.016272774656788072
7.895315180510808,Central mass only,0.0,0.3558895730812466,0.01604209399272614
7.951878736885124,Central mass only,0.0,0.3546215516173638,0.01581468342672029
8.008847525455568,Central mass only,0.0,0.35335804806733545,0.015590496602300446
8.066224449383524,Central mass only,0.0,0.35209904633400063,0.015369487820139648
8.12401243262919,Central mass only,0.0,0.3508445303775518,0.015151612028738418
8.182214420100568,Central mass only,0.0,0.349594484215331,0.014936824815241298
8.240833377803558,Central mass only,0.0,0.34834889192162566,0.014725082396383465
8.299872292993081,Central mass only,0.0,0.3471077376274661,0.014516341609565813
8.359334174325344,Central mass only,0.0,0.3458710055204231,0.014310559904056384
8.419222052011136,Central mass only,0.0,0.34463867984440644,0.014107695332316695
8.479538977970261,Central mass only,0.0,0.34341074489946455,0.013907706541450926
8.540288025987062,Central mass only,0.0,0.3421871850415839,0.013710552764776342
8.601472291867069,Central mass only,0.0,0.34096798468249023,0.0135161938135132
8.663094893594751,Central mass only,0.0,0.3397531282894496,0.013324590068592521
8.725158971492425,Central mass only,0.0,0.3385426003850707,0.013135702472579893
8.787667688380278,Central mass only,0.0,0.3373363855471075,0.01294949252171384
8.85062422973754,Central mass only,0.0,0.3361344684082631,0.012765922258057066
8.914031803864843,Central mass only,0.0,0.3349368336559935,0.012584954261758837
8.977893642047691,Central mass only,0.0,0.33374346603231275,0.012406551643427209
9.042212998721142,Central mass only,0.0,0.33255435033359854,0.0122306780366093
9.106993151635653,Central mass only,0.0,0.3313694714103986,0.012057297590378161
9.172237402024113,Central mass only,0.0,0.33018881416723755,0.011886374962024769
9.237949074770082,Central mass only,0.0,0.3290123635624246,0.011717875309853578
9.304131518577222,Central mass only,0.0,0.327840104607862,0.011551764286080244
9.370788106139962,Central mass only,0.0,0.3266720223688539,0.011388008029829961
9.437922234315339,Central mass only,0.0,0.3255081019639166,0.01122657316023519
9.505537324296151,Central mass only,0.0,0.3243483285645881,0.011067426769631019
9.573636821785271,Central mass only,0.0,0.32319268739524004,0.010910536416847185
9.642224197171247,Central mass only,0.0,0.3220411637328888,0.010755870120595104
9.71130294570516,Central mass only,0.0,0.3208937429070085,0.01060339635294862
9.780876587678744,Central mass only,0.0,0.31975041029934353,0.010453084032917219
9.850948668603777,Central mass only,0.0,0.3186111513437227,0.01030490252011033
9.921522759392769,Central mass only,0.0,0.31747595152587355,0.010158821608491433
9.992602456540935,Central mass only,0.0,0.31634479638323737,0.010014811520220709
10.064191382309453,Central mass only,0.0,0.31521767150478536,0.009872842899585035
10.136293184910112,Central mass only,0.0,0.3140945625308341,0.009732886807013855
10.208911538691167,Central mass only,0.0,0.31297545515286374,0.009594914713180122
10.282050144324616,Central mass only,0.0,0.3118603351133347,0.009458898493184683
10.355712728994797,Central mass only,0.0,0.3107491882055068,0.009324810420823134
10.429903046588278,Central mass only,0.0,0.309642000273258,0.009192623162934099
10.504624877885226,Central mass only,0.0,0.3085387572109038,0.009062309773827333
10.57988203075203,Central mass only,0.0,0.3074394449630178,0.008933843689791117
10.655678340335372,Central mass only,0.0,0.30634404952425254,0.008807198723677315
10.73201766925766,Central mass only,0.0,0.30525255693916115,0.008682349059563287
10.808903907813871,Central mass only,0.0,0.3041649533020195,0.00855926924748944
10.886340974169801,Central mass only,0.0,0.303081224756649,0.008437934198271387
10.964332814561745,Central mass only,0.0,0.3020013574962402,0.008318319178385632
11.042883403497589,Central mass only,0.0,0.3009253377631767,0.008200399804927793
11.121996743959361,Central mass only,0.0,0.2998531518488601,0.008084152040642249
11.201676867607219,Central mass only,0.0,0.29878478609353504,0.00796955218902229
11.281927834984911,Central mass only,0.0,0.29772022688611555,0.007856576889479694
11.362753735726706,Central mass only,0.0,0.2966594606640114,0.007745203112582785
11.444158688765791,Central mass only,0.0,0.2956024739129554,0.007635408155362024
11.526146842544186,Central mass only,0.0,0.29454925316683117,0.007527169636682113
11.608722375224152,Central mass only,0.0,0.29349978500750157,0.007420465492679708
11.691889494901103,Central mass only,0.0,0.2924540560646378,0.007315273972265828
11.775652439818069,Central mass only,0.0,0.29141205301554896,0.0072115736326919914
11.860015478581635,Central mass only,0.0,0.2903737625850128,0.007109343335179274
11.944982910379542,Central mass only,0.0,0.28933917154510574,0.007008562240609191
12.030559065199721,Central mass only,0.0,0.28830826671503507,0.006909209805275818
12.116748304050974,Central mass only,0.0,0.2872810349609706,0.00681126577669804
12.203555019185208,Central mass only,0.0,0.2862574631958776,0.006714710189491186
12.290983634321266,Central mass only,0.0,0.28523753837934995,0.006619523361297194
12.379038604870365,Central mass only,0.0,0.28422124751744393,0.006525685888772465
12.467724418163145,Central mass only,0.0,0.28320857766251284,0.006433178643632581
12.557045593678342,Central mass only,0.0,0.2821995159130421,0.006341982768753116
12.647006683273114,Central mass only,0.0,0.2811940494134844,0.006252079674325701
12.737612271414992,Central mass only,0.0,0.2801921653540967,0.006163451034068588
12.828866975415519,Central mass only,0.0,0.27919385097077626,0.006076078781490935
12.92077544566554,Central mass only,0.0,0.27819909354489847,0.0059899451062100425
13.013342365872202,Central mass only,0.0,0.27720788040315486,0.005905032450320801
13.106572453297625,Central mass only,0.0,0.2762201989173913,0.0058213235048166
13.200470458999305,Central mass only,0.0,0.2752360365044474,0.0057388012060609755
13.295041168072228,Central mass only,0.0,0.2742553806259961,0.005657448732309285
13.39028939989273,Central mass only,0.0,0.2732782187883837,0.0055772495002796565
13.48622000836405,Central mass only,0.0,0.27230453854247155,0.005498187161772627
13.58283788216376,Central mass only,0.0,0.27133432748347625,0.005420245600338581
13.680147944992852,Central mass only,0.0,0.27036757325081234,0.005343408927992522
13.778155155826648,Central mass only,0.0,0.26940426352793473,0.005267661481975407
13.87686450916753,Central mass only,0.0,0.2684443860421817,0.005192987821561347
13.976281035299458,Central mass only,0.0,0.2674879285646185,0.005119372724910109
14.076409800544306,Central mass only,0.0,0.2665348789098818,0.005046801185964219
14.177255907520058,Central mass only,0.0,0.2655852249360241,0.0049752584113900555
14.278824495400833,Central mass only,0.0,0.2646389545443593,0.004904729817562303
14.381120740178782,Central mass only,0.0,0.2636960556793084,0.004835201027591156
14.484149854927855,Central mass only,0.0,0.26275651632824615,0.004766657868391667
14.587917090069475,Central mass only,0.0,0.2618203245213476,0.004699086367794631
14.692427733640086,Central mass only,0.0,0.2608874683314361,0.004632472751698433
14.797687111560647,Central mass only,0.0,0.2599579358738308,0.004566803441261272
14.903700587908036,Central mass only,0.0,0.25903171530619584,0.00450206505013318
15.01047356518841,Central mass only,0.0,0.258108794828389,0.004438244381727286
15.11801148461252,Central mass only,0.0,0.2571891626823115,0.004375328426529756
15.226319826372997,Central mass only,0.0,0.2562728071517583,0.004313304359447878
15.335404109923642,Central mass only,0.0,0.2553597165622687,0.004252159537195717
15.445269894260635,Central mass only,0.0,0.25444987928097795,0.004191881495716885
15.555922778205925,Central mass only,0.0,0.25354328371646834,0.004132457947643753
15.66736840069248,Central mass only,0.0,0.2526399183186223,0.004073876779792774
15.779612441051666,Central mass only,0.0,0.2517397715784747,0.0040161260506952606
15.892660619302678,Central mass only,0.0,0.25084283202806656,0.003959193988163175
16.00651869644402,Central mass only,0.0,0.24994908824029866,0.0039030689868894386
16.121192474747104,Central mass only,0.0,0.24905852882878626,0.0038477396060822384
16.236687798051925,Central mass only,0.0,0.2481711424477139,0.0037931945671328933
16.35301055206488,Central mass only,0.0,0.24728691779169068,0.003739422751316755
16.470166664658684,Central mass only,0.0,0.24640584359560658,0.0036864131975267275
16.58816210617449,Central mass only,0.0,0.24552790863448862,0.0036341551000388856
16.707002889726112,Central mass only,0.0,0.24465310172335805,0.003582637806309796
16.826695071506467,Central mass only,0.0,0.2437814117170878,0.0035318508148050524
16.947244751096207,Central mass only,0.0,0.24291282751026042,0.0034817837728585814
17.068658071774554,Central mass only,0.0,0.24204733803702672,0.0034324264745623115
17.190941220832357,Central mass only,0.0,0.24118493227096463,0.0033837688586857546
17.314100429887418,Central mass only,0.0,0.24032559922493893,0.0033358010066250675
17.438141975202054,Central mass only,0.0,0.23946932795096096,0.003288513140381198
17.563072178002884,Central mass only,0.0,0.23861610754004972,0.0032418956205667103
17.68889740480306,Central mass only,0.0,0.2377659271220922,0.003195938944440809
17.81562406772665,Central mass only,0.0,0.23691877586570526,0.0031506337439722804
17.943258624835398,Central mass only,0.0,0.23607464297809755,0.00310597078392986
18.07180758045786,Central mass only,0.0,0.23523351770493212,0.0030619409599996783
18.20127748552084,Central mass only,0.0,0.2343953893301893,0.003018535296929398
18.331674937883246,Central mass only,0.0,0.2335602471760302,0.0029757449466986476
18.463006582672318,Central mass only,0.0,0.23272808060266065,0.0029335611867154034
18.59527911262226,Central mass only,0.0,0.23189887900819572,0.0028919754180379326
18.72849926841532,Central mass only,0.0,0.2310726318285246,0.002850979163621943
18.862673839025284,Central mass only,0.0,0.23024932853717597,0.0028105640665925806
18.99780966206345,Central mass only,0.0,0.22942895864518398,0.0027707218885409286
19.133913624127082,Central mass only,0.0,0.2286115117009546,0.0027314445078446426
19.270992661150352,Central mass only,0.0,0.2277969772901324,0.002692723918012406
19.409053758757793,Central mass only,0.0,0.22698534503546794,0.0026545522260518453
19.548103952620302,Central mass only,0.0,0.22617660459668554,0.0026169216508605845
19.688150328813673,Central mass only,0.0,0.2253707456703515,0.002579824521640108
19.829200024179727,Central mass only,0.0,0.22456775798974288,0.002543253276332104
19.971260226689935,Central mass only,0.0,0.2237676313247169,0.002507200460076996
20.11433817581184,Central mass only,0.0,0.22297035548158006,0.002471658723694278
20.2584411628779,Central mass only,0.0,0.2221759203029589,0.0024366208221844442
20.40357653145708,Central mass only,0.0,0.2213843156676701,0.0024020796132521276
20.549751677729084,Central mass only,0.0,0.2205955314905919,0.0023680280558501777
20.69697405086128,Central mass only,0.0,0.21980955772253538,0.0023344592087443817
20.84525115338829,Central mass only,0.0,0.2190263843501165,0.0023013662290985288
20.994590541594345,Central mass only,0.0,0.2182460013956286,0.0022687423710795345
21.14499982589835,Central mass only,0.0,0.21746839891691516,0.0022365809844823357
21.29648667124171,Central mass only,0.0,0.21669356700724324,0.0022048755133742817
21.449058797478944,Central mass only,0.0,0.21592149579517722,0.002173619494758742
21.602723979771103,Central mass only,0.0,0.215152175444453,0.002142806557257654
21.757490048981975,Central mass only,0.0,0.21438559615385278,0.002112430419812756
21.91336489207717,Central mass only,0.0,0.21362174815708013,0.0020824848904052217
22.07035645252603,Central mass only,0.0,0.2128606217226355,0.0020529638647934514
22.22847273070645,Central mass only,0.0,0.2121022071536925,0.0020238613252687525
22.387721784312557,Central mass only,0.0,0.21134649478797393,0.001995171339428661
22.54811172876538,Central mass only,0.0,0.21059347499762904,0.0019668880589676484
22.709650737626315,Central mass only,0.0,0.20984313818911093,0.0019390057184849904
22.872347043013793,Central mass only,0.0,0.2090954748030539,0.0019115186343094958
23.0362089360227,Central mass only,0.0,0.20835047531415204,0.0018844212033409346
23.201244767146918,Central mass only,0.0,0.20760813023103772,0.0018577079019078731
23.367462946704876,Central mass only,0.0,0.2068684300961607,0.0018313732846417003
23.534871945268147,Central mass only,0.0,0.20613136548566766,0.0018054119833666163
23.703480294093097,Central mass only,0.0,0.20539692700928214,0.0017798187060053617
23.873296585555664,Central mass only,0.0,0.20466510531018484,0.0017545882355004506
24.04432947358921,Central mass only,0.0,0.2039358910648945,0.0017297154287507022
24.216587674125545,Central mass only,0.0,0.20320927498314909,0.0017051952155628471
24.390079965539094,Central mass only,0.0,0.20248524780778737,0.0016810225976179919
24.564815189094237,Central mass only,0.0,0.20176380031463118,0.0016571926474527405
24.740802249395873,Central mass only,0.0,0.20104492331236762,0.0016337005074547552
24.918050114843215,Central mass only,0.0,0.20032860764243213,0.0016105413888725549
25.096567818086797,Central mass only,0.0,0.19961484417889183,0.0015877105708393586
25.27636445648881,Central mass only,0.0,0.19890362382832913,0.0015652033994107547
25.45744919258669,Central mass only,0.0,0.19819493752972603,0.0015430152866160235
25.639831254560058,Central mass only,0.0,0.19748877625434855,0.0015211417095228994
25.823519936701008,Central mass only,0.0,0.19678513100563172,0.001499578209315594
26.00852459988766,Central mass only,0.0,0.1960839928190652,0.0014783203903858998
26.194854672061343,Central mass only,0.0,0.1953853527620786,0.0014573639194371516
26.38251964870694,Central mass only,0.0,0.19468920193392816,0.001436704524600917
26.571529093336814,Central mass only,0.0,0.193995531465583,0.001416337994566196
26.76189263797817,Central mass only,0.0,0.19330433251961232,0.0013962601777209676
26.953619983663913,Central mass only,0.0,0.19261559629007285,0.0013764669813059029
27.146720900927008,Central mass only,0.0,0.1919293140023964,0.0013569543705800786
27.341205230298403,Central mass only,0.0,0.19124547691327837,0.001337718367998517
27.537082882808495,Central mass only,0.0,0.1905640763105662,0.0013187550524013816
27.73436384049221,Central mass only,0.0,0.18988510351314844,0.0013000605582146713
27.933058156897705,Central mass only,0.0,0.18920854987084407,0.0012816310746622409
28.133175957598667,Central mass only,0.0,0.1885344067642923,0.001263462844988996
28.33472744071036,Central mass only,0.0,0.18786266560484297,0.001245552165695096
28.537722877409294,Central mass only,0.0,0.18719331783444682,0.0012278953857810164
28.74217261245667,Central mass only,0.0,0.18652635492554664,0.001210488906003311
28.94808706472555,Central mass only,0.0,0.18586176838096863,0.0011933291781409234
29.155476727731795,Central mass only,0.0,0.18519954973381408,0.0011764127042719022
29.36435217016887,Central mass only,0.0,0.18453969054735142,0.0011597360360603652
29.57472403644631,Central mass only,0.0,0.18388218241490917,0.001143295774053581
29.78660304723232,Central mass only,0.0,0.18322701695976815,0.0011270885669889973
30.0,Central mass only,0.0,0.18257418583505536,0.0011111111111111111
0.1,Central + outer shell,0.0,3.1622776601683795,99.99999999999999
0.10071641923192555,Central + outer shell,0.0,3.1510105811327844,98.582413454821
0.10143797102900982,Central + outer shell,0.0,3.1397836462855366,97.18492242577271
0.10216469216193674,Central + outer shell,0.0,3.1285967125943674,95.80724204152224
0.10289661966482239,Central + outer shell,0.0,3.1174496375366303,94.44909146903456
0.10363379083710246,Central + outer shell,0.0,3.106342279097479,93.1101938563257
0.10437624324543296,Central + outer shell,0.0,3.0952744957680616,91.79027627602834
0.10512401472560466,Central + outer shell,0.0,3.084246146543717,90.48906966975666
0.10587714338447114,Central + outer shell,0.0,3.073257090922179,89.20630879326053
0.10663566760189087,Central + outer shell,0.0,3.062307188901786,87.94173216235644
0.10739962603268302,Central + outer shell,0.0,3.051396300979696,86.69508199962551
0.10816905760859728,Central + outer shell,0.0,3.040524288150111,85.46610418186691
0.10894400154029793,Central + outer shell,0.0,3.029691011902506,84.25454818829604
0.10972449731936189,Central + outer shell,0.0,3.018896334219864,83.0601670494774
0.11051058472029143,Central + outer shell,0.0,3.008140117576917,81.8827172969808
0.11130230380254097,Central + outer shell,0.0,2.997422224938395,80.72195891375183
0.11209969491255861,Central + outer shell,0.0,2.9867425197572777,79.57765528518551
0.11290279868584205,Central + outer shell,0.0,2.9761008659730606,78.44957315089378
0.1137116560490096,Central + outer shell,0.0,2.965497128010014,77.33748255715636
0.11452630822188574,Central + outer shell,0.0,2.9549311707754624,76.24115681004595
0.11534679671960166,Central + outer shell,0.0,2.9444028596580583,75.1603724292179
0.11617316335471098,Central + outer shell,0.0,2.9339120605260702,74.09490910235485
0.11700545023932041,Central + outer shell,0.0,2.923458639725674,73.04454964025724
0.11784369978723598,Central + outer shell,0.0,2.9130424640792487,72.00907993257036
0.11868795471612434,Central + outer shell,0.0,2.902663400883679,70.98828890413905
0.11953825804968977,Central + outer shell,0.0,2.892321317908668,69.98196847198113
0.12039465311986654,Central + outer shell,0.0,2.8820160833950497,68.9899135028709
0.12125718356902732,Central + outer shell,0.0,2.8717475660531098,68.01192177152357
0.1221258933522071,Central + outer shell,0.0,2.8615156350609166,67.04779391937278
0.12300082673934319,Central + outer shell,0.0,2.8513201600626505,66.0973334139324
0.12388202831753127,Central + outer shell,0.0,2.841161011166946,65.16034650873439
0.12476954299329755,Central + outer shell,0.0,2.831038058945235,64.23664220383452
0.12566341599488715,Central + outer shell,0.0,2.820951174430099,63.32603220687819
0.12656369287456912,Central + outer shell,0.0,2.8109002291136256,62.42833089471775
0.12747041951095775,Central + outer shell,0.0,2.800885094945771,61.54335527557437
0.12838364211135042,Central + outer shell,0.0,2.79090564433273,60.67092495173612
0.12930340721408262,Central + outer shell,0.0,2.780961750135308,59.81086208278464
0.1302297616908993,Central + outer shell,0.0,2.7710532856673042,58.96299134934351
0.13116275274934372,Central + outer shell,0.0,2.761180124693895,58.12713991734016
0.13210242793516297,Central + outer shell,0.0,2.7513421414300274,57.303137402774574
0.1330488351347311,Central + outer shell,0.0,2.741539210538815,56.49081583698737
0.13400202257748922,Central + outer shell,0.0,2.7317712071299436,55.69000963242039
0.13496203883840358,Central + outer shell,0.0,2.722038006758077,54.9005555488623
0.13592893284044077,Central + outer shell,0.0,2.712339485421275,54.122292660173066
0.13690275385706085,Central + outer shell,0.0,2.7026755195594094,53.35506232148004
0.13788355151472853,Central + outer shell,0.0,2.693045986052595,52.598708136838866
0.138871375795442,Central + outer shell,0.0,2.6834507622196155,51.85307592735307
0.13986627703928017,Central + outer shell,0.0,2.673889725816365,51.11801369974544
0.14086830594696784,Central + outer shell,0.0,2.6643627550342885,50.3933716153751
0.14187751358245967,Central + outer shell,0.0,2.6548697284988294,49.67900195969345
0.1428939513755422,Central + outer shell,0.0,2.645410525267886,48.97475911213362
0.14391767112445492,Central + outer shell,0.0,2.635985024830268,48.28049951642619
0.1449487249985299,Central + outer shell,0.0,2.626593107104161,47.5960816513361
0.14598716554085026,Central + outer shell,0.0,2.617234652435599,46.921366001814334
0.1470330456709279,Central + outer shell,0.0,2.607909541596939,46.256215030558415
0.1480864186874003,Central + outer shell,0.0,2.59861765578534,45.600493149976145
0.1491473382707466,Central + outer shell,0.0,2.589358876621253,44.95406669454682
0.15021585848602328,Central + outer shell,0.0,2.5801330861469096,44.316803893574125
0.15129203378561928,Central + outer shell,0.0,2.570940166824821,43.688574844325416
0.15237591901203074,Central + outer shell,0.0,2.561780001536281,43.06925148555181
0.15346756940065623,Central + outer shell,0.0,2.5526524735798715,42.458707571383314
0.15456704058261123,Central + outer shell,0.0,2.543557466669979,41.85681864559448
0.15567438858756324,Central + outer shell,0.0,2.534494864935309,41.26346201623454
0.15678966984658707,Central + outer shell,0.0,2.5254645529174153,40.678516730617346
0.1579129411950406,Central + outer shell,0.0,2.516466415569224,40.10186355066572
0.15904425987546114,Central + outer shell,0.0,2.507500338253569,39.53338492860544
0.1601836835404826,Central + outer shell,0.0,2.4985662067417334,38.9729649830037
0.1613312702557734,Central + outer shell,0.0,2.489663907211993,38.4204894751473
0.16248707850299557,Central + outer shell,0.0,2.4807933262481656,37.87584578575568
0.16365116718278497,Central + outer shell,0.0,2.471954350838168,37.338922892024065
0.1648235956177531,Central + outer shell,0.0,2.4631468683725726,36.809611344991964
0.1660044235555099,Central + outer shell,0.0,2.4543707666431773,36.28780324723266
0.16719371117170873,Central + outer shell,0.0,2.4456259338415727,35.77339223085885
0.1683915190731129,Central + outer shell,0.0,2.4369122585577188,35.26627343584009
0.16959790830068425,Central + outer shell,0.0,2.428229629778525,34.766343488627584
0.1708129403326938,Central + outer shell,0.0,2.4195779368864367,34.273500481082074
0.17203667708785475,Central + outer shell,0.0,2.410957069658026,33.78764394970039
0.17326918092847782,Central + outer shell,0.0,2.402366918262586,33.30867485513644
0.1745105146636493,Central + outer shell,0.0,2.393807373260734,32.8364955620126
0.17576074155243196,Central + outer shell,0.0,2.3852783256030143,32.3710098190172
0.17701992530708857,Central + outer shell,0.0,2.3767796666285115,31.91212273928423
0.1782881300963288,Central + outer shell,0.0,2.368311288063464,31.459740781051124
0.17956542054857935,Central + outer shell,0.0,2.3598730820198863,31.01377172859074
0.18085186175527737,Central + outer shell,0.0,2.3514649409941946,30.57412467341371
0.18214751927418757,Central + outer shell,0.0,2.343086757865835,30.140709995737144
0.18345245913274313,Central + outer shell,0.0,2.3347384258959205,29.713439346216155
0.18476674783141053,Central + outer shell,0.0,2.326419838725871,29.292225627934243
0.18609045234707813,Central + outer shell,0.0,2.318130890376059,28.876982978649174
0.18742364013646984,Central + outer shell,0.0,2.3098714752444574,28.467626753290215
0.1887663791395825,Central + outer shell,0.0,2.3016414881052953,28.064073506703775
0.19011873778314795,Central + outer shell,0.0,2.293440824107718,27.666240976643596
0.19148078498412052,Central + outer shell,0.0,2.2852693787744496,27.274048067001896
0.19285259015318879,Central + outer shell,0.0,2.2771270480004637,26.887414831278416
0.19423422319831277,Central + outer shell,0.0,2.2690137280516565,26.506262456283757
0.19562575452828668,Central + outer shell,0.0,2.260929315563524,26.130513246073644
0.19702725505632684,Central + outer shell,0.0,2.252873707539847,25.76009060611107
0.19843879620368537,Central + outer shell,0.0,2.244846801351377,25.394919027652914
0.19986044990329013,Central + outer shell,0.0,2.2368484947345313,25.0349240723578
0.20129228860341028,Central + outer shell,0.0,2.2288786857900873,24.680032357112264
0.20273438527134818,Central + outer shell,0.0,2.220937272981886,24.330171539072015
0.20418681339715816,Central + outer shell,0.0,2.213024155135538,23.985270300915158
0.20564964699739133,Central + outer shell,0.0,2.205139231437135,23.64525833630457
0.20712296061886765,Central + outer shell,0.0,2.197282401431964,23.310066335556296
0.2086068293424748,Central + outer shell,0.0,2.1894535650232294,22.979625971511147
0.21010132878699445,Central + outer shell,0.0,2.181652622470775,22.653869885606532
0.2116065351129556,Central + outer shell,0.0,2.173879474389818,22.332731674145812
0.2131225250265161,Central + outer shell,0.0,2.166134021749678,22.01614587476219
0.21464937578337145,Central + outer shell,0.0,2.158416165872517,21.704047953074568
0.21618716519269165,Central + outer shell,0.0,2.1507258084320844,21.396374289532588
0.21773597162108677,Central + outer shell,0.0,2.1430628514524597,21.09306216644803
0.2192958739966002,Central + outer shell,0.0,2.1354271973068095,20.794049755210217
0.22086695181273105,Central + outer shell,0.0,2.1278187487161397,20.49927610368253
0.22244928513248519,Central + outer shell,0.0,2.1202374087480584,20.208681123777634
0.2240429545924552,Central + outer shell,0.0,2.11268308081554,19.92220557920883
0.22564804140692984,Central + outer shell,0.0,2.1051556686756947,19.639791073415054
0.2272646273720324,Central + outer shell,0.0,2.097655076428543,19.361380037657053
0.22889279486988964,Central + outer shell,0.0,2.0901812085157934,19.086915719282242
0.2305326268728294,Central + outer shell,0.0,2.082733969719625,18.81634217015604
0.23218420694760952,Central + outer shell,0.0,2.0753132651614745,18.549604235257068
0.233847619259676,Central + outer shell,0.0,2.067919000300827,18.286647541434107
0.23552294857745237,Central + outer shell,0.0,2.0605510809340135,18.02741848632243
0.23721028027665936,Central + outer shell,0.0,2.0532094131930068,17.771864227417208
0.23890970034466585,Central + outer shell,0.0,2.04589390354423,17.51993267130186
0.2406212953848708,Central + outer shell,0.0,2.0386044587873626,17.271572463029052
0.2423451526211164,Central + outer shell,0.0,2.031340986054152,17.026732975652312
0.24408135990213345,Central + outer shell,0.0,2.0241033928072336,16.7853642999059
0.24583000570601773,Central + outer shell,0.0,2.016891586838949,16.547417234031155
0.24759117914473933,Central + outer shell,0.0,2.009705476270173,16.312843273746893
0.2493649699686835,Central + outer shell,0.0,2.0025449695491413,16.081594602362117
0.2511514685712245,Central + outer shell,0.0,1.9954099754502863,15.853624081028798
0.2529507659933322,Central + outer shell,0.0,1.9883004030730727,15.628885239132874
0.2547629539282114,Central + outer shell,0.0,1.9812161618408413,15.407332264821461
0.2565881247259748,Central + outer shell,0.0,1.9741571614996536,15.188919995664321
0.2584263713983488,Central + outer shell,0.0,1.9671233121171432,14.97360390944778
0.26027778762341397,Central + outer shell,0.0,1.9601145240813684,14.761340115099042
0.26214246775037847,Central + outer shell,0.0,1.9531307080996732,14.552085343739284
0.2640205068043864,Central + outer shell,0.0,1.9461717751975465,14.345796939863474
0.2659120004913603,Central + outer shell,0.0,1.9392376367174904,14.142432852645264
0.2678170452028784,Central + outer shell,0.0,1.9323282043178913,13.941951627365187
0.2697357380210865,Central + outer shell,0.0,1.9254433899718928,13.744312396960295
0.2716681767236459,Central + outer shell,0.0,1.9185831059662746,13.549474873693615
0.2736144597887157,Central + outer shell,0.0,1.9117472649003358,13.357399340941715
0.27557468639997124,Central + outer shell,0.0,1.9049357796847817,13.168046645098698
0.2775489564516592,Central + outer shell,0.0,1.898148563540612,12.981378187594874
0.27953737055368755,Central + outer shell,0.0,1.8913855299980187,12.79735591702873
0.28154003003675315,Central + outer shell,0.0,1.8846465928952807,12.615942321410259
0.28355703695750545,Central + outer shell,0.0,1.877931666377669,12.437100420514401
0.28558849410374726,Central + outer shell,0.0,1.8712406648963515,12.260793758342786
0.287634504999673,Central + outer shell,0.0,1.864573503207304,12.086986395692374
0.2896951739111446,Central + outer shell,0.0,1.8579300963702223,11.915642902829418
0.2917706058510042,Central + outer shell,0.0,1.851310359747443,11.74672835226733
0.29386090658442654,Central + outer shell,0.0,1.8447142090028625,11.580208311646857
0.29596618263430813,Central + outer shell,0.0,1.838141560100864,11.41604883671725
0.29808654128669626,Central + outer shell,0.0,1.8315923293052465,11.254216464416878
0.3002220905962559,Central + outer shell,0.0,1.8250664331781579,11.09467820605198
0.3023729393917764,Central + outer shell,0.0,1.8185637885790322,10.937401540572079
0.30453919728171763,Central + outer shell,0.0,1.8120843126635304,10.782354407940732
0.30672097465979553,Central + outer shell,0.0,1.8056279228824845,10.629505202600248
0.3089183827106078,Central + outer shell,0.0,1.799194536980846,10.478822767029085
0.31113153341530003,Central + outer shell,0.0,1.7927840729966382,10.330276385390519
0.3133605395572721,Central + outer shell,0.0,1.7863964492599125,10.183835777271419
0.3156055147279261,Central + outer shell,0.0,1.780031584391707,10.039471091509693
0.31786657333245455,Central + outer shell,0.0,1.7736893973030095,9.897152900109315
0.3201438305956711,Central + outer shell,0.0,1.7673698071937254,9.756852192241565
0.3224374025678816,Central + outer shell,0.0,1.7610727335516483,9.618540368331347
0.3247474061307991,Central + outer shell,0.0,1.7547980961514331,9.48218923422727
0.32707395900349956,Central + outer shell,0.0,1.748545815053575,9.34777099545445
0.329417179748421,Central + outer shell,0.0,1.7423158106033905,9.215258251548738
0.3317771877774054,Central + outer shell,0.0,1.7361080034300038,9.084623990471286
0.3341541033577845,Central + outer shell,0.0,1.7299223144453326,8.95584158310226
0.33654804761850804,Central + outer shell,0.0,1.7237586648430847,8.828884777812654
0.338959142556317,Central + outer shell,0.0,1.7176169760977504,8.703727695113026
0.34138751104196047,Central + outer shell,0.0,1.7114971699636037,8.580344822378079
0.34383327682645703,Central + outer shell,0.0,1.705399168473706,8.458711008646084
0.34629656454740154,Central + outer shell,0.0,1.6993228939389116,8.338801459491942
0.34877749973531663,Central + outer shell,0.0,1.6932682689468779,8.220591731972993
0.3512762088200495,Central + outer shell,0.0,1.6872352163610802,8.104057729646446
0.3537928191372154,Central + outer shell,0.0,1.681223659319828,7.989175697657434
0.3563274589346859,Central + outer shell,0.0,1.675233521235287,7.875922217896732
0.35888025737912566,Central + outer shell,0.0,1.6692647257925013,7.764274204227063
0.3614513445625736,Central + outer shell,0.0,1.6633171969484235,7.654208897777136
0.36404085150907345,Central + outer shell,0.0,1.6573908589309436,7.54570386230235
0.36664891018135,Central + outer shell,0.0,1.6514856362379267,7.438736979611298
0.3692756534875346,Central + outer shell,0.0,1.6456014536362473,7.333286445057072
0.37192121528793803,Central + outer shell,0.0,1.6397382361608337,7.229330763092509
0.37458573040187204,Central + outer shell,0.0,1.633895909113712,7.126848742888422
0.37726933461451995,Central + outer shell,0.0,1.6280743980630537,7.025819494013972
0.3799721646838559,Central + outer shell,0.0,1.6222736288422295,6.926222422178267
0.3826943583476149,Central + outer shell,0.0,1.6164935275488619,6.828037225032294
0.3854360543303113,Central + outer shell,0.0,1.6107340205438854,6.731243888030423
0.38819739235030876,Central + outer shell,0.0,1.6049950344506074,6.635822680350516
0.3909785131269398,Central + outer shell,0.0,1.5992764961537747,6.541754150871931
0.39377955838767775,Central + outer shell,0.0,1.5935783327986395,6.449019124210481
0.3966006708753586,Central + outer shell,0.0,1.5879004717900342,6.35759869680965
0.3994419943554554,Central + outer shell,0.0,1.5822428407914444,6.267474233087202
0.40230367362340497,Central + outer shell,0.0,1.576605367724088,6.178627361636393
0.405185854511986,Central + outer shell,0.0,1.5709879807659977,6.091039971481086
0.40808868389875175,Central + outer shell,0.0,1.5653906083511044,6.004694208383897
0.41101230971351427,Central + outer shell,0.0,1.5598131791683265,5.919572471206703
0.4139568809458834,Central + outer shell,0.0,1.5542556221606614,5.835657408322752
0.41692254765285885,Central + outer shell,0.0,1.5487178665242793,5.752931914079627
0.4199094609664779,Central + outer shell,0.0,1.5431998417076231,5.671379125312324
0.4229177731015166,Central + outer shell,0.0,1.5377014774105071,5.590982417905807
0.42594763736324714,Central + outer shell,0.0,1.5322227035832234,5.51172540340625
0.42899920815525006,Central + outer shell,0.0,1.5267634504256478,5.433591925680346
0.4320726409872826,Central + outer shell,0.0,1.521323648386352,5.3565660576219685
0.4351680924832041,Central + outer shell,0.0,1.5159032281617169,5.280632097905495
0.43828572038895736,Central + outer shell,0.0,1.5105021206950493,5.205774567785181
0.44142568358060735,Central + outer shell,0.0,1.5051202571757027,5.131978207939906
0.44458814207243763,Central + outer shell,0.0,1.4997575690382003,5.0592279753626315
0.44777325702510506,Central + outer shell,0.0,1.494413987961362,4.987509040293959
0.45098119075385235,Central + outer shell,0.0,1.4890894458674326,4.916806783199164
0.4542121067367798,Central + outer shell,0.0,1.4837838749212162,4.847106791788083
0.4574661696231764,Central + outer shell,0.0,1.4784972075292109,4.778394858077236
0.46074354524190997,Central + outer shell,0.0,1.4732293763387485,4.710656975493608
0.4640444006098786,Central + outer shell,0.0,1.467980314237135,4.643879336019474
0.46736890394052144,Central + outer shell,0.0,1.4627499543507971,4.578048327377712
0.47071722465239096,Central + outer shell,0.0,1.4575382300444295,4.513150530257014
0.474089533377787,Central + outer shell,0.0,1.4523450749201454,4.449172715576413
0.4774860019714515,Central + outer shell,0.0,1.4471704228166327,4.386101841788626
0.4809068035193274,Central + outer shell,0.0,1.442014207808308,4.323925052221583
0.4843521123473783,Central + outer shell,0.0,1.436876364204479,4.262629672457665
0.48782210403047266,Central + outer shell,0.0,1.4317568265485074,4.202203207750094
0.49131695540133086,Central + outer shell,0.0,1.4266555296169736,4.142633340475948
0.494836844559537,Central + outer shell,0.0,1.4215724084188475,4.083907927625262
0.4983819508806151,Central + outer shell,0.0,1.416507398194659,4.026014998325747
0.5019524550251696,Central + outer shell,0.0,1.4114604344156736,3.9689427514025915
0.5055485389480925,Central + outer shell,0.0,1.406431452783071,3.9126795529728486
0.5091703859078353,Central + outer shell,0.0,1.4014203892271244,3.8572139340739353
0.5128181804757485,Central + outer shell,0.0,1.396427179906386,3.8025345883257344
0.5164921085454874,Central + outer shell,0.0,1.3914517612068718,3.74863036962585
0.5201923573424851,Central + outer shell,0.0,1.3864940697412524,3.695490289877539
0.5239191154334936,Central + outer shell,0.0,1.3815540423480455,3.6431035167498385
0.5276725727361934,Central + outer shell,0.0,1.3766316160908103,3.5914593714694485
0.5314529205288718,Central + outer shell,0.0,1.3717267282573467,3.5405473266439267
0.5352603514601706,Central + outer shell,0.0,1.3668393163588954,3.4903570041157286
0.5390950595589037,Central + outer shell,0.0,1.3619693181293426,3.4408781728466686
0.5429572402439442,Central + outer shell,0.0,1.3571166715244263,3.392100746832392
0.546847090334184,Central + outer shell,0.0,1.352281314720946,3.3440147830463802
0.5507648080585634,Central + outer shell,0.0,1.3474631861159747,3.296610479413117
0.5547105930661728,Central + outer shell,0.0,1.3426622243260746,3.249878172809996
0.5586846464364272,Central + outer shell,0.0,1.3378783681865147,3.2038083370975303
0.5626871706893131,Central + outer shell,0.0,1.333111556750492,3.1583915811775123
0.566718369795709,Central + outer shell,0.0,1.3283617292883543,3.1136186470786735
0.5707784491877804,Central + outer shell,0.0,1.323628825286827,3.0694804080695017
0.5748676157694482,Central + outer shell,0.0,1.318912784448242,3.0259678667978007
0.5789860779269325,Central + outer shell,0.0,1.3142135466897704,2.9830721534566345
0.5831340455393724,Central + outer shell,0.0,1.309531052142655,2.9407845239762516
0.587311729989522,Central + outer shell,0.0,1.3048652411514496,2.899096358241658
0.5915193441745216,Central + outer shell,0.0,1.300216054273258,2.8579991583354496
0.5957571025167478,Central + outer shell,0.0,1.2955834322769761,2.8174845468055554
0.6000252209747402,Central + outer shell,0.0,1.2909673161425397,2.777544264957543
0.6043239170542071,Central + outer shell,0.0,1.286367647060169,2.7381701711711126
0.6086534098191092,Central + outer shell,0.0,1.2817843664296227,2.699354239240486
0.6130139199028241,Central + outer shell,0.0,1.2772174158594491,2.6610885567382923
0.6174056695193886,Central + outer shell,0.0,1.2726667371662441,2.623365323402672
0.6218288824748242,Central + outer shell,0.0,1.2681322723739081,2.586176849547224
0.6262837841785415,Central + outer shell,0.0,1.2636139637129082,2.549515554493509
0.6307706016548277,Central + outer shell,0.0,1.2591117536195426,2.513373965025762
0.6352895635544155,Central + outer shell,0.0,1.2546255847352068,2.477744713867524
0.6398409001661352,Central + outer shell,0.0,1.2501553999056627,2.442620538179854
0.6444248434286509,Central + outer shell,0.0,1.2457011421803108,2.4079942780808374
0.6490416269422798,Central + outer shell,0.0,1.2412627548114645,2.373858875186083
0.653691485980897,Central + outer shell,0.0,1.2368401812536267,2.3402073711699063
0.6583746575039241,Central + outer shell,0.0,1.232433365162771,2.3070329063469135
0.6630913801684062,Central + outer shell,0.0,1.2280422503956212,2.2743287182736873
0.6678418943411731,Central + outer shell,0.0,1.2236667810089388,2.242088140370298
0.6726264421110892,Central + outer shell,0.0,1.2193069012588076,2.210304600561354
0.6774452673013898,Central + outer shell,0.0,1.2149625555999264,2.178971619936323
0.6822986154821064,Central + outer shell,0.0,1.2106336886848992,2.1480828114288366
0.6871867339825819,Central + outer shell,0.0,1.2063202453635307,2.1176318785147186
0.6921098719040742,Central + outer shell,0.0,1.2020221706821235,2.0876126139284716
0.6970682801324505,Central + outer shell,0.0,1.1977394098827787,2.058018898397961
0.702062211350972,Central + outer shell,0.0,1.1934719084026977,2.0288446993970304
0.7070919200531721,Central + outer shell,0.0,1.1892196118734868,2.0000840699158005
0.7121576625558247,Central + outer shell,0.0,1.1849824661204649,1.9717311472484054
0.7172596970120061,Central + outer shell,0.0,1.1807604171619739,1.943780151797908
0.7223982834242512,Central + outer shell,0.0,1.1765534112086897,1.9162253858981602
0.7275736836578025,Central + outer shell,0.0,1.1723613946629379,1.8890612326523633
0.7327861614539563,Central + outer shell,0.0,1.1681843141180106,1.8622821547880903
0.7380359824435013,Central + outer shell,0.0,1.1640221163574862,1.8358826935285446
0.7433234141602573,Central + outer shell,0.0,1.1598747483545506,1.8098574674798142
0.7486487260547071,Central + outer shell,0.0,1.1557421572713231,1.784201171533902
0.7540121895077286,Central + outer shell,0.0,1.151624290458182,1.7589085757873113
0.7594140778444249,Central + outer shell,0.0,1.1475210954530943,1.73397452447495
0.7648546663480524,Central + outer shell,0.0,1.1434325199809474,1.7093939349191616
0.7703342322740501,Central + outer shell,0.0,1.139358511952883,1.685161796493641
0.7758530548641673,Central + outer shell,0.0,1.1352990194656334,1.6612731696020504
0.7814114153606961,Central + outer shell,0.0,1.1312539908008603,1.637723184671103
0.7870095970208018,Central + outer shell,0.0,1.1272233744244962,1.614507041157928
0.7926478851309586,Central + outer shell,0.0,1.123207118986087,1.5916200065715052
0.7983265670214881,Central + outer shell,0.0,1.1192051733181392,1.5690574155079697
0.804045932081201,Central + outer shell,0.0,1.1152174864354667,1.5468146686995954
0.8098062717721458,Central + outer shell,0.0,1.1112440075345416,1.5248872320772544
0.8156078796444607,Central + outer shell,0.0,1.1072846859928476,1.503270635846175
0.821451051351334,Central + outer shell,0.0,1.1033394713682338,1.4819604735747918
0.8273360846640696,Central + outer shell,0.0,1.0994083133982737,1.4609524012965243
0.8332632794872629,Central + outer shell,0.0,1.0954911619996237,1.440242136624275
0.8392329378740832,Central + outer shell,0.0,1.0915879672673852,1.4198254578774907
0.8452453640416668,Central + outer shell,0.0,1.0876986794744685,1.3996982032215932
0.8513008643866207,Central + outer shell,0.0,1.0838232490709603,1.3798562698196106
0.8573997475006349,Central + outer shell,0.0,1.0799616266834917,1.360295612995839
0.8635423241862105,Central + outer shell,0.0,1.0761137631146094,1.3410122454113498
0.8697289074724973,Central + outer shell,0.0,1.0722796093421485,1.3220022362511956
0.8759598126312463,Central + outer shell,0.0,1.0684591165186084,1.3032617104231328
0.8822353571928757,Central + outer shell,0.0,1.0646522359705302,1.2847868477677042
0.8885558609626526,Central + outer shell,0.0,1.060858919197877,1.2665738822795196
0.8949216460369906,Central + outer shell,0.0,1.057079117873416,1.2486191013395738
0.9013330368198643,Central + outer shell,0.0,1.053312783842102,1.230918844958449
0.9077903600393407,Central + outer shell,0.0,1.0495598691204642,1.2134695050302444
0.9142939447642286,Central + outer shell,0.0,1.0458203258959964,1.1962675245970855
0.9208441224208503,Central + outer shell,0.0,1.0420941065265454,1.1793093971240511
0.9274412268099294,Central + outer shell,0.0,1.0383811635397058,1.1625916657843889
0.9340855941236019,Central + outer shell,0.0,1.034681449632214,1.146110922754857
0.9407775629625497,Central + outer shell,0.0,1.0309949176693474,1.1298638085210564
0.9475174743532538,Central + outer shell,0.0,1.0273215206843216,1.1138470111926149
0.9543056717653758,Central + outer shell,0.0,1.0236612118776933,1.0980572658280696
0.9611425011292593,Central + outer shell,0.0,1.0200139446167646,1.0824913537693306
0.9680283108535598,Central + outer shell,0.0,1.0163796724349872,1.06714610198557
0.9749634518429987,Central + outer shell,0.0,1.012758349031372,1.05201838242642
0.9819482775162471,Central + outer shell,0.0,1.0091499282698988,1.0371051113843333
0.9889831438239352,Central + outer shell,0.0,1.0055543641789275,1.0224032488659853
0.9960684092667917,Central + outer shell,0.0,1.0019716109506143,1.007909797972588
1.003204434913914,Central + outer shell,0.0,0.9984016229403262,0.9936218042889875
1.0103915844211673,Central + outer shell,0.0,0.994844354666061,0.979536355281422
1.0176302240497181,Central + outer shell,0.0,0.9912997608078665,0.9656505797038151
1.0249207226846975,Central + outer shell,0.0,0.9877677962072647,0.9519616470124904
1.032263451854001,Central + outer shell,0.0,0.9842484158666751,0.9384667667891767
1.0396587857472215,Central + outer shell,0.0,0.9807415749488417,0.9251631881721971
1.0471071012347182,Central + outer shell,0.0,0.9772472287762626,0.9120481992957189
1.0546087778868218,Central + outer shell,0.0,0.9737653328306194,0.8991191267369554
1.062164197993178,Central + outer shell,0.0,0.9702958427522116,0.8863733349712013
1.069773746582229,Central + outer shell,0.0,0.9668387143393903,0.8738082258345949
1.0774378114408345,Central + outer shell,0.0,0.9633939035479955,0.8614212379944964
1.085156783134035,Central + outer shell,0.0,0.9599613664907947,0.8492098464273711
1.0929310550249518,Central + outer shell,0.0,0.9565410594369247,0.8371715619040813
1.1007610232948373,Central + outer shell,0.0,0.9531329388113332,0.8253039304824642
1.108647086963262,Central + outer shell,0.0,0.9497369611942239,0.813604533007111
1.1165896479084492,Central + outer shell,0.0,0.9463530833205046,0.8020709846162359
1.124589110887755,Central + outer shell,0.0,0.9429812620792342,0.7907009342555313
1.1326458835582955,Central + outer shell,0.0,0.9396214545130743,0.77949206419892
1.14076037649772,Central + outer shell,0.0,0.9362736178177427,0.7684420895760983
1.1489330032251361,Central + outer shell,0.0,0.9329377093414665,0.7575487579067749
1.1571641802221813,Central + outer shell,0.0,0.9296136865844395,0.7468098486415172
1.1654543269542468,Central + outer shell,0.0,0.9263015071982814,0.7362231727091031
1.1738038658918553,Central + outer shell,0.0,0.9230011289854975,0.7257865720702891
1.1822132225321902,Central + outer shell,0.0,0.9197125098989403,0.7154979192779045
1.1906828254207775,Central + outer shell,0.0,0.9164356080412759,0.7053551170431853
1.1992131061733264,Central + outer shell,0.0,0.9131703816644483,0.6953560978082495
1.207804499497724,Central + outer shell,0.0,0.9099167891691486,0.6854988233246379
1.2164574432161879,Central + outer shell,0.0,0.9066747891042848,0.6757812842378272
1.2251723782875783,Central + outer shell,0.0,0.9034443401664534,0.666201499677634
1.2339497488298703,Central + outer shell,0.0,0.9002254011994133,0.656757516854423
1.242790002142785,Central + outer shell,0.0,0.8970179311935618,0.6474474106610424
1.2516935887305838,Central + outer shell,0.0,0.8938218892854121,0.6382692832804016
1.2606609623250289,Central + outer shell,0.0,0.8906372347570721,0.629221263798608
1.269692579908503,Central + outer shell,0.0,0.8874639270357264,0.6203015078235937
1.2787889017372993,Central + outer shell,0.0,0.8843019256931186,0.6115081971091438
1.2879503913650747,Central + outer shell,0.0,0.8811511904450372,0.6028395391842579
1.2971775156664744,Central + outer shell,0.0,0.8780116811508015,0.5942937669877628
1.3064707448609232,Central + outer shell,0.0,0.8748833578127506,0.5858691385081067
1.3158305525365876,Central + outer shell,0.0,0.8717661805757342,0.5775639364282598
1.3252574156745127,Central + outer shell,0.0,0.8686601097266036,0.5693764677756459
1.3347518146729245,Central + outer shell,0.0,0.8655651056937075,0.5613050635770428
1.3443142333717166,Central + outer shell,0.0,0.8624811290463865,0.5533480785183661
1.353945159077104,Central + outer shell,0.0,0.8594081404944713,0.5455038906092832
1.3636450825864574,Central + outer shell,0.0,0.856346100887782,0.537770900852578
1.3734144982133139,Central + outer shell,0.0,0.853294971215629,0.5301475329182038
1.3832539038125677,Central + outer shell,0.0,0.850254712606317,0.5226322328219569
1.3931638008058418,Central + outer shell,0.0,0.8472252863266486,0.5152234686087043
1.4031446942070398,Central + outer shell,0.0,0.8442066537814317,0.5079197300401027
1.4131970926480828,Central + outer shell,0.0,0.8411987765129869,0.500719528286744
1.4233215084048263,Central + outer shell,0.0,0.8382016162006591,0.4936213956246675
1.4335184574231712,Central + outer shell,0.0,0.8352151346603276,0.4866238851361674
1.4437884593453534,Central + outer shell,0.0,0.8322392938439199,0.4797255704148496
1.454132037536425,Central + outer shell,0.0,0.8292740558389284,0.47292504527486545
1.4645497191109267,Central + outer shell,0.0,0.8263193828679257,0.46622092346426736
1.475042034959749,Central + outer shell,0.0,0.823375237288084,0.4596118383824285
1.4856095197771866,Central + outer shell,0.0,0.8204415815906958,0.4530964428014694
1.4962527120881872,Central + outer shell,0.0,0.8175183784006955,0.446673408591631
1.5069721542757955,Central + outer shell,0.0,0.8146055904761835,0.440341426450543
1.51776839260879,Central + outer shell,0.0,0.8117031807079522,0.43409920563633086
1.5286419772695266,Central + outer shell,0.0,0.808811112119012,0.42794547370450126
1.5395934623819725,Central + outer shell,0.0,0.8059293478641214,0.4218789762485637
1.5506234060399453,Central + outer shell,0.0,0.803057851229317,0.4158984766443251
1.5617323703355543,Central + outer shell,0.0,0.8001965856314462,0.41000275579781076
1.572920921387845,Central + outer shell,0.0,0.7973455146177002,0.4041906118967578
1.5841896293716482,Central + outer shell,0.0,0.7945046018651507,0.3984608601656326
1.5955390685466366,Central + outer shell,0.0,0.7916738111802867,0.39281233262412013
1.6069698172865914,Central + outer shell,0.0,0.7888531064985528,0.38724387784903636
1.6184824581088713,Central + outer shell,0.0,0.7860424518838912,0.381754360739619
1.6300775777041046,Central + outer shell,0.0,0.7832418115282821,0.37634266228614
1.641755766966083,Central + outer shell,0.0,0.7804511497512888,0.3710076793418032
1.6535176210218747,Central + outer shell,0.0,0.7776704309996026,0.3657483243978729
1.6653637392621532,Central + outer shell,0.0,0.77489961984659,0.36056352536199104
1.6772947253717418,Central + outer shell,0.0,0.7721386809918408,0.3554522253396363
1.6893111873603777,Central + outer shell,0.0,0.7693875792607198,0.3504133824186823
1.7014137375936973,Central + outer shell,0.0,0.7666462796039167,0.3454459694570084
1.7136029928244427,Central + outer shell,0.0,0.7639147470970012,0.3405489738731223
1.7258795742238888,Central + outer shell,0.0,0.7611929469399776,0.3357213974397517
1.7382441074135035,Central + outer shell,0.0,0.758480844456841,0.33096225608035884
1.7506972224968265,Central + outer shell,0.0,0.7557784050951359,0.3262705796685428
1.7632395540915802,Central + outer shell,0.0,0.7530855944255158,0.32164541183028394
1.7758717413620104,Central + outer shell,0.0,0.750402378141305,0.31708580974899225
1.788594428051459,Central + outer shell,0.0,0.7477287220580607,0.31259084397331866
1.8014082625151684,Central + outer shell,0.0,0.7450645921131387,0.30815959822769134
1.814313897753323,Central + outer shell,0.0,0.7424099543652584,0.30379116922553784
1.8273119914443268,Central + outer shell,0.0,0.7397647749940703,0.29948466648515437
1.8404032059783157,Central + outer shell,0.0,0.7371290202997265,0.29523921214818655
1.8535882084909188,Central + outer shell,0.0,0.7345026567024499,0.29105394080068137
1.8668676708972518,Central + outer shell,0.0,0.7318856507421067,0.2869279992966776
1.8802422699261603,Central + outer shell,0.0,0.7292779690777806,0.28286054658429666
1.8937126871547048,Central + outer shell,0.0,0.7266795784873478,0.27885075353429783
1.9072796090428952,Central + outer shell,0.0,0.7240904458670535,0.27489780277106535
1.9209437269686729,Central + outer shell,0.0,0.7215105382310907,0.27100088850599
1.9347057372631438,Central + outer shell,0.0,0.7189398227111793,0.26715921637321355
1.948566341246065,Central + outer shell,0.0,0.7163782665561474,0.2633720032677009
1.9625262452615797,Central + outer shell,0.0,0.7138258371315153,0.25963847718560956
1.97658616071422,Central + outer shell,0.0,0.7112825019190779,0.2559578770669187
1.9907468041051557,Central + outer shell,0.0,0.7087482285164916,0.25232945264029216
2.0050088970687083,Central + outer shell,0.00024297348706466934,0.7063087761565223,0.24881290452379917
2.019373166409127,Central + outer shell,0.0009465209092678697,0.7040396959098881,0.24545829451537055
2.0338403441376256,Central + outer shell,0.0016652979673750163,0.7017830670186622,0.24215247503261927
2.048411167509688,Central + outer shell,0.002399634336120796,0.6995389202667383,0.23889476328274287
2.0630863790626384,Central + outer shell,0.0031498668266830886,0.697307287548103,0.2356844862155575
2.0778667266534794,Central + outer shell,0.003916339541164871,0.6950882018798682,0.23252098038584249
2.092752963497008,Central + outer shell,0.004699404030420491,0.6928816974153831,0.22940359181763925
2.107745848204192,Central + outer shell,0.005499419455297871,0.6906878094574257,0.2263316758704781
2.1228461448208393,Central + outer shell,0.0063167527513718616,0.6885065744714662,0.22330459710750258
2.1380546228665263,Central + outer shell,0.007151778797242882,0.6863380300990015,0.22032172916546902
2.153372057373815,Central + outer shell,0.008004880586478975,0.6841822151709533,0.2173824546265912
2.168799228927752,Central + outer shell,0.008876449403280008,0.6820391697211262,0.2144861648922043
2.1843369237056436,Central + outer shell,0.009766885001944243,0.6799089349997215,0.21163226005822477
2.1999859335171217,Central + outer shell,0.010676595790219835,0.6777915534868996,0.2088201487923783
2.215747055844495,Central + outer shell,0.011605999016625526,0.675687068906388,0.2060492482131713
2.23162109388339,Central + outer shell,0.012555520961826052,0.6735955262391261,0.20331898377058194
2.2476088565836783,Central + outer shell,0.013525597134150179,0.6715169717369437,0.20062878912844634
2.2637111586907053,Central + outer shell,0.014516672469341374,0.6694514529362641,0.1979781060485149
2.2799288207868105,Central + outer shell,0.015529201534632385,0.6673990186718276,0.19536638427615566
2.2962626693331405,Central + outer shell,0.01656364873723706,0.6653597190904271,0.19279308142768264
2.31271353671177,Central + outer shell,0.0176204885373559,0.6633336056646488,0.19025766287928367
2.3292822612681188,Central + outer shell,0.018700205665792134,0.6613207312066108,0.18775960165752728
2.3459696873536737,Central + outer shell,0.01980329534627871,0.6593211498816912,0.18529837833142487
2.362776665369019,Central + outer shell,0.020930263522617922,0.6573349172222382,0.18287348090602673
2.379704051807173,Central + outer shell,0.022081627090737934,0.6553620901412543,0.18048440471753074
2.3967527092972314,Central + outer shell,0.023257914135772387,0.6534027269460431,0.17813065232988096
2.413923506648333,Central + outer shell,0.024459664174272543,0.6514568873518135,0.17581173343283601
2.4312173188939337,Central + outer shell,0.02568742840166222,0.649524632495229,0.17352716474148627
2.4486350273363944,Central + outer shell,0.026941769945049234,0.6476060249478925,0.17127646989719958
2.4661775195918976,Central + outer shell,0.028223264121509863,0.6457011287297592,0.16905917936997433
2.4838456896356784,Central + outer shell,0.02953249870196402,0.6438100093224624,0.1668748303621813
2.5016404378475823,Central + outer shell,0.03087007418076264,0.6419327336825461,0.1647229667136734
2.519562671057949,Central + outer shell,0.03223660405111079,0.6400693702545908,0.1626031388082451
2.5376133025938263,Central + outer shell,0.03363271508645299,0.6382199889842196,0.16051490348142075
2.5557932523255094,Central + outer shell,0.035059047627949064,0.6363846613309774,0.15845782392955596
2.574103446713425,Central + outer shell,0.03651625587817409,0.6345634602810641,0.15643146962022889
2.5925448188553384,Central + outer shell,0.03800500820117482,0.6327564603599163,0.1544354162039083
2.611118308533907,Central + outer shell,0.03952598742902217,0.6309637376446188,0.15246924542687662
2.6298248622645732,Central + outer shell,0.04107989117499945,0.6291853697761357,0.15053254504539162
2.6486654333437962,Central + outer shell,0.04266743215356993,0.6274214359713465,0.1486249087410693
2.667640981897635,Central + outer shell,0.044289338507271056,0.6256720170348716,0.14674593603747024
2.6867524749306777,Central + outer shell,0.04594635414068473,0.6239371953706755,0.1448952322178726
2.706000886375318,Central + outer shell,0.04763923906163706,0.6222170549934302,0.14307240824421505
2.7253871971413863,Central + outer shell,0.049368769729783726,0.6205116815396255,0.1412770806771934
2.744912395166144,Central + outer shell,0.05113573941274209,0.6188211622784083,0.13950887159749287
2.7645774754646224,Central + outer shell,0.05294095854993123,0.6171455861221375,0.13776740852814295
2.7843834401803327,Central + outer shell,0.05478525512428888,0.6154850436366364,0.13605232435797615
2.804331298636335,Central + outer shell,0.056669475042034574,0.6138396270511255,0.13436325726617654
2.8244220673866733,Central + outer shell,0.05859448252065331,0.6122094302678218,0.1326998506479023
2.8446567702681804,Central + outer shell,0.0605611604852784,0.6105945488711827,0.131061753040967
2.8650364384526537,Central + outer shell,0.06257041097365425,0.6089950801367793,0.12944861805356445
2.885562110499405,Central + outer shell,0.06462315554986583,0.6074111230397822,0.127860104293023
2.9062348324081793,Central + outer shell,0.06672033572702307,0.6058427782630394,0.12629587529557457
2.927055657672471,Central + outer shell,0.06886291339909696,0.6042901482047272,0.1247555994571225
2.948025647333201,Central + outer shell,0.0710518712821016,0.6027533369855573,0.1232389499649972
2.969145870032794,Central + outer shell,0.07328821336482776,0.6012324504555212,0.12174560473068244
2.990417402069632,Central + outer shell,0.07557296536933278,0.5997275962001483,0.1202752463235007
3.011841327452907,Central + outer shell,0.07790717522139898,0.5982388835462636,0.11882756190524314
3.0334187379578617,Central + outer shell,0.08029191353117607,0.5967664235672215,0.1174022431657306
3.0551507331814247,Central + outer shell,0.08272827408422756,0.5953103290875963,0.11599898625929339
3.077038420598251,Central + outer shell,0.08521737434320749,0.5938707146873101,0.11461749174215591
3.0990829156171564,Central + outer shell,0.08776035596039648,0.5924476967051773,0.11325746451071385
3.121285341637957,Central + outer shell,0.0903583853013321,0.5910413932418447,0.11191861374069154
3.1436468301087244,Central + outer shell,0.09301265397977578,0.5896519241621071,0.11060065282716583
3.166168520583441,Central + outer shell,0.09572437940425842,0.5882794110965779,0.10930329932544601
3.1888515607800736,Central + outer shell,0.09849480533645812,0.5869239774426932,0.1080262748927964
3.21169710663906,Central + outer shell,0.10132520246166435,0.585585748365031,0.10676930523099006
3.2347063223822183,Central + outer shell,0.10421686897159163,0.5842648507949205,0.10553212002968176
3.257880380572076,Central + outer shell,0.10717113115980867,0.5829614134293265,0.10431445291058916
3.281220462171624,Central + outer shell,0.11018934403005712,0.5816755667289836,0.10311604137246996
3.3047277566044997,Central + outer shell,0.11327289191773864,0.5804074429157623,0.10193662673688426
3.3284034618155958,Central + outer shell,0.11642318912485407,0.5791571759692478,0.10077595409473157
3.3522487843321187,Central + outer shell,0.11964168056868972,0.5779249016225072,0.09963377225354957
3.3762649393250643,Central + outer shell,0.12292984244454264,0.5767107573570326,0.09850983368556672
3.400453150671148,Central + outer shell,0.1262891829027939,0.5755148823968321,0.0974038944764956
3.4248146510151747,Central + outer shell,0.12972124274063773,0.5743374177016585,0.09631571427505778
3.4493506818328514,Central + outer shell,0.1332275961087844,0.5731785059593499,0.09524505624322967
3.4740624934940567,Central + outer shell,0.13680985123346107,0.5720382915772694,0.09419168700719889
3.4989513453265606,Central + outer shell,0.14046965115404222,0.5709169206728223,0.09315537660902135
3.5240185056801994,Central + outer shell,0.144208674476647,0.5698145410630371,0.0921358984589693
3.5492652519915078,Central + outer shell,0.14802863614404896,0.568731302253192,0.09113302928856036
3.5746928708488257,Central + outer shell,0.15193128822225416,0.5676673554244714,0.09014654910425757
3.600302658057858,Central + outer shell,0.15591842070410392,0.5666228534206386,0.08917624114183204
3.6260959187077115,Central + outer shell,0.15999186233027432,0.5655979507337084,0.08822189182137757
3.652073967237401,Central + outer shell,0.16415348142804748,0.5645928034886102,0.08728329070296928
3.6782381275028357,Central + outer shell,0.16840518676823976,0.5636075694268232,0.08636023044295588
3.7045897328442843,Central + outer shell,0.17274892844067988,0.5626424078889795,0.08545250675087777
3.73113012615432,Central + outer shell,0.1771866987486381,0.5616974797964176,0.08455991834700156
3.7578606599462594,Central + outer shell,0.1817205331226177,0.560772947631684,0.08368226692046224
3.784782696423079,Central + outer shell,0.18635251105392583,0.5598689754179682,0.08281935708800502
3.811897607546844,Central + outer shell,0.19108475704845548,0.55898572869747,0.08197099635331735
3.83920677510862,Central + outer shell,0.1959194416011124,0.5581233745086889,0.08113699506694402
3.8667115907988863,Central + outer shell,0.20085878219133496,0.5572820813626348,0.08031716638677622
3.894413456278464,Central + outer shell,0.2059050443001655,0.5564620192179554,0.0795113262391067
3.9223137832499395,Central + outer shell,0.21106054244933667,0.5556633594549788,0.07871929328024338
3.9504139935296085,Central + outer shell,0.2163276412628517,0.5548862748486736,0.07794088885867298
3.9787155191199326,Central + outer shell,0.22170875655154434,0.554130939540525,0.07717593697776737
4.007219802282516,Central + outer shell,0.22720635642111645,0.5533975290093331,0.07642426425902471
4.035928295611598,Central + outer shell,0.23282296240415964,0.5526862200409386,0.07568569990583827
4.064842462108084,Central + outer shell,0.23856115061668443,0.5519971906968785,0.07496007566778463
4.093963775254102,Central + outer shell,0.244423552939683,0.5513306202819878,0.07424722580542496
4.123293719088087,Central + outer shell,0.2504128582262685,0.550686689310951,0.07354698705561154
4.152833788280413,Central + outer shell,0.2565318135349475,0.5500655794738197,0.07285919859729248
4.182585488209556,Central + outer shell,0.2627832253895857,0.549467473600509,0.07218370201780787
4.2125503350388165,Central + outer shell,0.2691699610666518,0.5488925556242903,0.07152034127967005
4.242729855793579,Central + outer shell,0.2756949499103229,0.548341010544298,0.0708689626878216
4.273125588439133,Central + outer shell,0.28236118467606064,0.5478130243870704,0.07022941485736386
4.303739081959042,Central + outer shell,0.289171722903268,0.547308784167149,0.06960154868175014
4.334571896434094,Central + outer shell,0.2961296883176657,0.546828477846758,0.06898521730143574
4.365625603121787,Central + outer shell,0.3032382722640187,0.5463722942945936,0.06838027607298008
4.396901784536417,Central + outer shell,0.3105007351698834,0.5459404232437498,0.06778658253859299
4.4284020345297135,Central + outer shell,0.3179204080410349,0.5455330552488137,0.06720399639611996
4.460127958372067,Central + outer shell,0.3255006939892697,0.5451503816421612,0.0666323794694597
4.492081172834332,Central + outer shell,0.33324506979327806,0.5447925944894909,0.066071595679408
4.524263306270225,Central + outer shell,0.3411570874933069,0.5444598865446308,0.06552151101492207
4.556675998699298,Central + outer shell,0.34924037602033986,0.5441524512036605,0.0649819935047992
4.589320901890515,Central + outer shell,0.35749864286054356,0.5438704824583881,0.06445291318976422
4.622199679446437,Central + outer shell,0.36593567575574887,0.5436141748492257,0.06393414209495946
4.655314006887993,Central + outer shell,0.374555344440737,0.5433837234175118,0.06342555420283234
4.688665571739862,Central + outer shell,0.3833616024181338,0.5431793236573247,0.06292702542641451
4.722256073616479,Central + outer shell,0.3923584887717274,0.5430011714668382,0.06243843358298683
4.756087224308639,Central + outer shell,0.40155013001903533,0.5428494630992736,0.061959658368125524
4.790160747870741,Central + outer shell,0.41094074200397734,0.542724395113496,0.06149058133012331
4.824478380708635,Central + outer shell,0.42053463183051515,0.5426261643243149,0.06103108584478092
4.859041871668125,Central + outer shell,0.4303361998381536,0.5425549677525442,0.06058105709056331
4.89385298212407,Central + outer shell,0.44034994162019947,0.5425110025748793,0.060140382024115945
4.928913486070169,Central + outer shell,0.45058045008571795,0.542494466073652,0.05970894935613545
4.964225170209347,Central + outer shell,0.4610324175661157,0.5425055555865251,0.059286649527590385
4.999789834044816,Central + outer shell,0.4717106379673301,0.5425444684561881,0.0588733746862867
5.035609289971771,Central + outer shell,0.4826200089686035,0.5426114019801187,0.05846901866377335
5.071685363369759,Central + outer shell,0.49376553426885833,0.5427065533604751,0.05807347695258302
5.108019892695693,Central + outer shell,0.5051523258816946,0.5428301196541852,0.057686646683803626
5.1446147295775475,Central + outer shell,0.5167856064800697,0.5429822977232971,0.05730842660497559
5.181471738908716,Central + outer shell,0.528670711791734,0.5431632841856637,0.05693871705831061
5.218592798943048,Central + outer shell,0.5408130930465189,0.5433732753660234,0.05657741995922731
5.255979801390557,Central + outer shell,0.5532183194765975,0.543612467247549,0.056224438775199295
5.293634651513841,Central + outer shell,0.5658920808708783,0.5438810554239333,0.05587967850491129
5.331559268225162,Central + outer shell,0.5788401901846841,0.5441792350520788,0.055543045657719094
5.369755584184236,Central + outer shell,0.5920685862059247,0.5445072008054621,0.055214448233409076
5.408225545896728,Central + outer shell,0.605583336278987,0.5448651468282408,0.05489379570225296
5.446971113813442,Central + outer shell,0.6193906390875861,0.5452532666901712,0.0545809989853538
5.485994262430231,Central + outer shell,0.6334968274978581,0.5456717533424053,0.05427597043527924
5.525296980388613,Central + outer shell,0.647908371462995,0.5461207990742343,0.05397862381697777
5.564881270577121,Central + outer shell,0.6626318809907603,0.5466005954708446,0.05368887428897417
5.604749150233359,Central + outer shell,0.6776741091752345,0.5471113333721528,0.05340663838484046
5.644902651046815,Central + outer shell,0.6930419552941985,0.5476532028327821,0.053131833994937934
5.685343819262389,Central + outer shell,0.708742467973558,0.5482263930832468,0.052864380348427185
5.726074715784676,Central + outer shell,0.7247828484202717,0.5488310924924018,0.05260419799554189
5.767097416282983,Central + outer shell,0.74117045372526,0.5494674885312225,0.05235120879012296
5.808414011297115,Central + outer shell,0.7579128002378146,0.5501357677379682,0.05210533587240919
5.850026606343906,Central + outer shell,0.7750175670130509,0.5508361156847902,0.05186650365208106
5.891937322024515,Central + outer shell,0.7924925993339881,0.5515687169458354,0.05163463779155411
5.934148294132501,Central + outer shell,0.8103459123098739,0.5523337550669003,0.05140966518951823
5.976661673762648,Central + outer shell,0.8285856945523936,0.5531314125366831,0.0511915139647198
6.0194796274206075,Central + outer shell,0.8472203119314713,0.5539618707596835,0.050980113439982856
6.062604337133289,Central + outer shell,0.8662583114123606,0.5548253100307946,0.050775394126466415
6.106038000560064,Central + outer shell,0.8857084249758025,0.555721909511628,0.050577287708154374
6.149782831104758,Central + outer shell,0.90557957362304,0.5566518472086127,0.05038572702657481
6.193841058028449,Central + outer shell,0.9258808714675311,0.5576152999529062,0.05020064606574562
6.2382149265630655,Central + outer shell,0.9466216299152334,0.5586124433821472,0.05002197993734322
6.282906698025813,Central + outer shell,0.9678113619353788,0.5596434519240863,0.049849664866091305
6.3279186499344116,Central + outer shell,0.9894597864237017,0.5607084987821165,0.04968363817536647
6.373253076123145,Central + outer shell,1.0115768326601045,0.5618077559227329,0.049523838273018
6.418912286859778,Central + outer shell,1.0341726448628388,0.5629413940649406,0.04937020463739849
6.464898608963273,Central + outer shell,1.0572575868412513,0.5641095826716276,0.0492226778036026
6.511214385922374,Central + outer shell,1.0808422467492582,0.5653124899429206,0.04908119934991106
6.5578619780150245,Central + outer shell,1.1049374419417133,0.5665502828115325,0.048945711884437006
6.604843762428658,Central + outer shell,1.129554223935903,0.5678231269401106,0.048816159031971895
6.652162133381331,Central + outer shell,1.1547038834804417,0.5691311867205896,0.048692485421028234
6.699819502243744,Central + outer shell,1.1803979557338946,0.5704746252755528,0.048574636671076483
6.74781829766212,Central + outer shell,1.2066482255555027,0.571853604461597,0.04846255937997326
6.796160965681963,Central + outer shell,1.2334667329104243,0.5732682848746967,0.04835620111157849
6.844849969872725,Central + outer shell,1.260865778392006,0.5747188258575612,0.04825551038355854
6.893887791453344,Central + outer shell,1.2888579288635735,0.5762053855089689,0.048160436655373215
6.943276929418683,Central + outer shell,1.3174560232223564,0.577728120695069,0.04807093031644363
6.993019900666888,Central + outer shell,1.346673178288187,0.5792871870626278,0.047986942674498906
7.043119240127647,Central + outer shell,1.3765227948196685,0.5808827390542027,0.047908425944098824
7.093577500891369,Central + outer shell,1.4070185636605748,0.5825149299252171,0.04783533323533036
7.144397254339299,Central + outer shell,1.4381744720193033,0.5841839117629118,0.047767618542675465
7.19558109027455,Central + outer shell,1.4700048098842555,0.5858898355071422,0.047705236734047946
7.247131617054075,Central + outer shell,1.5025241765780857,0.587632850972989,0.04764814353999699
7.299051461721607,Central + outer shell,1.5357474874538486,0.5894131068751488,0.047596295543075054
7.351343270141524,Central + outer shell,1.5696899807360756,0.5912307508540676,0.047549650167368
7.404009707133683,Central + outer shell,1.6043672245099487,0.5930859295037757,0.047508165668185096
7.457053456609223,Central + outer shell,1.6397951238617703,0.5949787884013853,0.04747180112190676
7.5104772217073394,Central + outer shell,1.6759899281739992,0.5969094721382058,0.047440516415988065
7.564283724933039,Central + outer shell,1.712968238578204,0.5988781243524305,0.04741427223911543
7.618475708295874,Central + outer shell,1.7507470155693452,0.6008848877633496,0.04739303007151504
7.673055933449681,Central + outer shell,1.7893435867848884,0.6029299042070372,0.04737675217541029
7.728027181833323,Central + outer shell,1.8287756549523142,0.6050133146734664,0.04736540158562677
7.78339225481241,Central + outer shell,1.8690613060086467,0.6071352593449949,0.04735894210034237
7.83915397382209,Central + outer shell,1.9102190173957811,0.6092958776361735,0.04735733827198076
7.895315180510808,Central + outer shell,1.952267666535346,0.6114953082348197,0.047360555398246296
7.951878736885124,Central + outer shell,1.995226539487034,0.6137336891443022,0.04736855951329837
8.008847525455568,Central + outer shell,2.0391153397943644,0.6160111577269808,0.04738131737906321
8.066224449383524,Central + outer shell,2.083954197521915,0.6183278507487455,0.04739879647668162
8.12401243262919,Central + outer shell,2.1297636784881973,0.620683904424595,0.04742096499809037
8.182214420100568,Central + outer shell,2.176564793698379,0.6230794544652005,0.0474477918377358
8.240833377803558,Central + outer shell,2.2243790089812183,0.6255146361243955,0.0474792465844177
8.299872292993081,Central + outer shell,2.273228254834573,0.6279895842475316,0.047515299513261604
8.359334174325344,Central + outer shell,2.323134936484081,0.6305044333206472,0.047555921577818044
8.419222052011136,Central + outer shell,2.3741219441595396,0.633059317520386,0.04760108440228687
8.479538977970261,Central + outer shell,2.426212663593754,0.6356543707646113,0.047650760273864855
8.540288025987062,Central + outer shell,2.479430986748656,0.638289726763657,0.04770492213521526
8.601472291867069,Central + outer shell,2.5338013227736083,0.6409655190721608,0.04776354357705741
8.663094893594751,Central + outer shell,2.58934860920091,0.6436818811414194,0.047826598830874825
8.725158971492425,Central + outer shell,2.646098323383673,0.6464389463722152,0.04789406276174031
8.787667688380278,Central + outer shell,2.7040764941812756,0.6492368481680565,0.04796591086125645
8.85062422973754,Central + outer shell,2.7633097138977636,0.6520757199887767,0.04804211924060983
8.914031803864843,Central + outer shell,2.823825150478717,0.6549556954044449,0.04812266462373775
8.977893642047691,Central + outer shell,2.8856505599721016,0.6578769081495288,0.04820752434060573
9.042212998721142,Central + outer shell,2.9488142992588737,0.6608394921772646,0.04829667632059425
9.106993151635653,Central + outer shell,3.0133453390591733,0.6638435817141823,0.048390099085993586
9.172237402024113,Central + outer shell,3.0792732772200453,0.6668893113147389,0.04848777174560506
9.237949074770082,Central + outer shell,3.146628352290813,0.6699768159160114,0.048589673988447345
9.304131518577222,Central + outer shell,3.2154414573923025,0.6731062308924052,0.048695786077566444
9.370788106139962,Central + outer shell,3.2857441543863173,0.6762776921103343,0.048806088843948194
9.437922234315339,Central + outer shell,3.3575686883517837,0.6794913359828266,0.04892056368053139
9.505537324296151,Central + outer shell,3.4309480023743486,0.6827472995240216,0.049039192536320955
9.573636821785271,Central + outer shell,3.5059157526560454,0.6860457204035093,0.049161957910599186
9.642224197171247,Central + outer shell,3.5825063239520687,0.6893867370004824,0.04928884284723417
9.71130294570516,Central + outer shell,3.6607548453417187,0.6927704884576597,0.049419830929083995
9.780876587678744,Central + outer shell,3.7406972063407227,0.6961971147349474,0.04955490627249547
9.850948668603777,Central + outer shell,3.8223700733623382,0.6996667566628045,0.04969405352189619
9.921522759392769,Central + outer shell,3.905810906534801,0.7031795559952814,0.04983725784447868
9.992602456540935,Central + outer shell,3.9910579768828094,0.7067356554626998,0.049984504924975415
10.064191382309453,Central + outer shell,4.0,0.7048481411938985,0.04936421449792518
10.136293184910112,Central + outer shell,4.0,0.7023367931820035,0.04866443403506927
10.208911538691167,Central + outer shell,4.0,0.6998343930107401,0.04797457356590061
10.282050144324616,Central + outer shell,4.0,0.697340908799281,0.04729449246592341
10.355712728994797,Central + outer shell,4.0,0.6948563087803891,0.046624052104115674
10.429903046588278,Central + outer shell,4.0,0.6923805613000134,0.04596311581467049
10.504624877885226,Central + outer shell,4.0,0.6899136348168843,0.045311548869136666
10.57988203075203,Central + outer shell,4.0,0.6874554979021131,0.044669218448955585
10.655678340335372,Central + outer shell,4.0,0.6850061192387908,0.04403599361838657
10.73201766925766,Central + outer shell,4.0,0.6825654676215895,0.04341174529781643
10.808903907813871,Central + outer shell,4.0,0.6801335119563647,0.0427963462374472
10.886340974169801,Central + outer shell,4.0,0.6777102212597594,0.04218967099135693
10.964332814561745,Central + outer shell,4.0,0.6752955646588088,0.041591595891928165
11.042883403497589,Central + outer shell,4.0,0.6728895113905476,0.04100199902463896
11.121996743959361,Central + outer shell,4.0,0.6704920308016178,0.040420760203211246
11.201676867607219,Central + outer shell,4.0,0.6681030923478781,0.03984776094511145
11.281927834984911,Central + outer shell,4.0,0.6657226655940149,0.03928288444739847
11.362753735726706,Central + outer shell,4.0,0.6633507202131544,0.038726015562913926
11.444158688765791,Central + outer shell,4.0,0.6609872259864766,0.03817704077681012
11.526146842544186,Central + outer shell,4.0,0.6586321528028297,0.037635848183410564
11.608722375224152,Central + outer shell,4.0,0.6562854706583471,0.03710232746339854
11.691889494901103,Central + outer shell,4.0,0.6539471496560647,0.03657636986132914
11.775652439818069,Central + outer shell,4.0,0.65161716000554,0.036057868163459954
11.860015478581635,Central + outer shell,4.0,0.6492954720224736,0.035546716675896366
11.944982910379542,Central + outer shell,4.0,0.6469820561283293,0.035042811203045955
12.030559065199721,Central + outer shell,4.0,0.6446768828499584,0.03454604902637909
12.116748304050974,Central + outer shell,4.0,0.6423799228192238,0.0340563288834902
12.203555019185208,Central + outer shell,4.0,0.6400911467726266,0.033573550947455934
12.290983634321266,Central + outer shell,4.0,0.6378105255509317,0.03309761680648597
12.379038604870365,Central + outer shell,4.0,0.635538030098798,0.03262842944386233
12.467724418163145,Central + outer shell,4.0,0.6332736314644073,0.032165893218162905
12.557045593678342,Central + outer shell,4.0,0.6310173007990958,0.031709913843765584
12.647006683273114,Central + outer shell,4.0,0.6287690093569861,0.03126039837162851
12.737612271414992,Central + outer shell,4.0,0.6265287284946217,0.03081725517034294
12.828866975415519,Central + outer shell,4.0,0.6242964296706013,0.030380393907454672
12.92077544566554,Central + outer shell,4.0,0.622072084445216,0.02994972553105021
13.013342365872202,Central + outer shell,4.0,0.6198556644800861,0.029525162251604006
13.106572453297625,Central + outer shell,4.0,0.6176471415378009,0.029106617524082997
13.200470458999305,Central + outer shell,4.0,0.615446487481558,0.02869400603030488
13.295041168072228,Central + outer shell,4.0,0.613253674274806,0.028287243661546425
13.39028939989273,Central + outer shell,4.0,0.6110686739808862,0.027886247501398283
13.48622000836405,Central + outer shell,4.0,0.6088914587626778,0.027490935808863137
13.58283788216376,Central + outer shell,4.0,0.6067220008822423,0.027101228001692904
13.680147944992852,Central + outer shell,4.0,0.6045602727004701,0.026717044639962613
13.778155155826648,Central + outer shell,4.0,0.6024062466767294,0.026338307409877037
13.87686450916753,Central + outer shell,4.0,0.600259895368514,0.025964939107806735
13.976281035299458,Central + outer shell,4.0,0.5981211914310948,0.025596863624550544
14.076409800544306,Central + outer shell,4.0,0.5959901076171708,0.025234005929821095
14.177255907520058,Central + outer shell,4.0,0.5938666167765221,0.02487629205695028
14.278824495400833,Central + outer shell,4.0,0.5917506918556643,0.024523649087811513
14.381120740178782,Central + outer shell,4.0,0.5896423058975031,0.024176005137955783
14.484149854927855,Central + outer shell,4.0,0.5875414320409919,0.023833289341958337
14.587917090069475,Central + outer shell,4.0,0.5854480435207884,0.023495431838973155
14.692427733640086,Central + outer shell,4.0,0.5833621136669147,0.023162363758492167
14.797687111560647,Central + outer shell,4.0,0.5812836159044169,0.02283401720630636
14.903700587908036,Central + outer shell,4.0,0.5792125237530267,0.0225103252506659
15.01047356518841,Central + outer shell,4.0,0.5771488108268239,0.02219122190863643
15.11801148461252,Central + outer shell,4.0,0.5750924508339007,0.021876642132648783
15.226319826372997,Central + outer shell,4.0,0.5730434175760258,0.02156652179723939
15.335404109923642,Central + outer shell,4.0,0.5710016849483117,0.021260797685978584
15.445269894260635,Central + outer shell,4.0,0.5689672269388819,0.02095940747858442
15.555922778205925,Central + outer shell,4.0,0.5669400176285387,0.020662289738218768
15.66736840069248,Central + outer shell,4.0,0.5649200311904339,0.020369383898963873
15.779612441051666,Central + outer shell,4.0,0.5629072418897391,0.020080630253476305
15.892660619302678,Central + outer shell,4.0,0.5609016240833182,0.019795969940815877
16.00651869644402,Central + outer shell,4.0,0.5589031522194011,0.019515344934447194
16.121192474747104,Central + outer shell,4.0,0.5569118008372572,0.019238698030411193
16.236687798051925,Central + outer shell,4.0,0.5549275445668718,0.018965972835664466
16.35301055206488,Central + outer shell,4.0,0.5529503581286226,0.018697113756583776
16.470166664658684,Central + outer shell,4.0,0.5509802163329576,0.01843206598763364
16.58816210617449,Central + outer shell,4.0,0.5490170940800742,0.018170775500194428
16.707002889726112,Central + outer shell,4.0,0.5470609663595996,0.01791318903154898
16.826695071506467,Central + outer shell,4.0,0.5451118082502721,0.01765925407402526
16.947244751096207,Central + outer shell,4.0,0.5431695949196232,0.017408918864292907
17.068658071774554,Central + outer shell,4.0,0.5412343016236623,0.01716213237281156
17.190941220832357,Central + outer shell,4.0,0.5393059037065596,0.016918844293428773
17.314100429887418,Central + outer shell,4.0,0.5373843766003342,0.016679005033125336
17.438141975202054,Central + outer shell,4.0,0.5354696958245391,0.01644256570190599
17.563072178002884,Central + outer shell,4.0,0.5335618369859513,0.01620947810283355
17.68889740480306,Central + outer shell,4.0,0.5316607757782591,0.015979694722204046
17.81562406772665,Central + outer shell,4.0,0.5297664879817535,0.0157531687198614
17.943258624835398,Central + outer shell,4.0,0.5278789494630195,0.0155298539196493
18.07180758045786,Central + outer shell,4.0,0.5259981361746285,0.015309704799998393
18.20127748552084,Central + outer shell,4.0,0.5241240241548322,0.015092676484646989
18.331674937883246,Central + outer shell,4.0,0.5222565895272568,0.01487872473349324
18.463006582672318,Central + outer shell,4.0,0.5203958085005994,0.014667805933577019
18.59527911262226,Central + outer shell,4.0,0.5185416573683246,0.014459877090189662
18.72849926841532,Central + outer shell,4.0,0.5166941125083625,0.014254895818109714
18.862673839025284,Central + outer shell,4.0,0.5148531503828077,0.014052820332962904
18.99780966206345,Central + outer shell,4.0,0.5130187475376194,0.013853609442704643
19.133913624127082,Central + outer shell,4.0,0.5111908806023231,0.013657222539223211
19.270992661150352,Central + outer shell,4.0,0.5093695262897119,0.01346361959006203
19.409053758757793,Central + outer shell,4.0,0.5075546613955507,0.013272761130259226
19.548103952620302,Central + outer shell,4.0,0.5057462627982803,0.013084608254302922
19.688150328813673,Central + outer shell,4.0,0.5039443074587224,0.01289912260820054
19.829200024179727,Central + outer shell,4.0,0.5021487724197866,0.012716266381660521
19.971260226689935,Central + outer shell,4.0,0.5003596348061783,0.01253600230038498
20.11433817581184,Central + outer shell,4.0,0.4985768718241059,0.012358293618471388
20.2584411628779,Central + outer shell,4.0,0.49680046076099177,0.012183104110922221
20.40357653145708,Central + outer shell,4.0,0.4950303789851821,0.012010398066260638
20.549751677729084,Central + outer shell,4.0,0.4932666039456591,0.011840140279250889
20.69697405086128,Central + outer shell,4.0,0.491509113171753,0.011672296043721908
20.84525115338829,Central + outer shell,4.0,0.4897578842728566,0.011506831145492644
20.994590541594345,Central + outer shell,4.0,0.48801289493813954,0.011343711855397674
21.14499982589835,Central + outer shell,4.0,0.486274122936264,0.011182904922411679
21.29648667124171,Central + outer shell,4.0,0.4845415461151016,0.01102437756687141
21.449058797478944,Central + outer shell,4.0,0.48281514240145124,0.01086809747379371
21.602723979771103,Central + outer shell,4.0,0.4810948898007579,0.010714032786288269
21.757490048981975,Central + outer shell,4.0,0.47938076639683225,0.010562152099063778
21.91336489207717,Central + outer shell,4.0,0.47767275035157153,0.01041242445202611
22.07035645252603,Central + outer shell,4.0,0.47597081990468143,0.010264819323967257
22.22847273070645,Central + outer shell,4.0,0.4742749533733986,0.010119306626343761
22.387721784312557,Central + outer shell,4.0,0.47258512915221473,0.009975856697143305
22.54811172876538,Central + outer shell,4.0,0.4709013257126009,0.009834440294838242
22.709650737626315,Central + outer shell,4.0,0.4692235216027342,0.009695028592424952
22.872347043013793,Central + outer shell,4.0,0.467551695447223,0.009557593171547479
23.0362089360227,Central + outer shell,4.0,0.46588582594683586,0.009422106016704674
23.201244767146918,Central + outer shell,4.0,0.4642258918782295,0.009288539509539366
23.367462946704876,Central + outer shell,4.0,0.4625718720936787,0.0091568664232085
23.534871945268147,Central + outer shell,4.0,0.46092374552080684,0.009027059916833082
23.703480294093097,Central + outer shell,4.0,0.4592814911623174,0.00889909353002681
23.873296585555664,Central + outer shell,4.0,0.4576450880957264,0.008772941177502254
24.04432947358921,Central + outer shell,4.0,0.45601451547309607,0.008648577143753512
24.216587674125545,Central + outer shell,4.0,0.4543897525207688,0.008525976077814235
24.390079965539094,Central + outer shell,4.0,0.4527707785391029,0.00840511298808996
24.564815189094237,Central + outer shell,4.0,0.4511575729022088,0.008285963237263702
24.740802249395873,Central + outer shell,4.0,0.4495501150576862,0.008168502537273775
24.918050114843215,Central + outer shell,4.0,0.44794838452636215,0.008052706944362775
25.096567818086797,Central + outer shell,4.0,0.44635236090203034,0.007938552854196793
25.27636445648881,Central + outer shell,4.0,0.4447620238511909,0.007826016997053774
25.45744919258669,Central + outer shell,4.0,0.44317735311279166,0.007715076433080117
25.639831254560058,Central + outer shell,4.0,0.4415983284979697,0.007605708547614496
25.823519936701008,Central + outer shell,4.0,0.4400249298897941,0.00749789104657797
26.00852459988766,Central + outer shell,4.0,0.4384571372430104,0.007391601951929498
26.194854672061343,Central + outer shell,4.0,0.4368949305837841,0.007286819597185757
26.38251964870694,Central + outer shell,4.0,0.43533829000944685,0.007183522623004585
26.571529093336814,Central + outer shell,4.0,0.433787195688243,0.00708168997283098
26.76189263797817,Central + outer shell,4.0,0.4322416278590764,0.0069813008886048375
26.953619983663913,Central + outer shell,4.0,0.43070156683125915,0.006882334906529514
27.146720900927008,Central + outer shell,4.0,0.4291669929842606,0.006784771852900393
27.341205230298403,Central + outer shell,4.0,0.4276378867674571,0.006688591839992584
27.537082882808495,Central + outer shell,4.0,0.42611422869988336,0.006593775262006909
27.73436384049221,Central + outer shell,4.0,0.4245959993699841,0.0065003027910733565
27.933058156897705,Central + outer shell,4.0,0.42308317943536633,0.0064081553733112044
28.133175957598667,Central + outer shell,4.0,0.4215757496225538,0.00631731422494498
28.33472744071036,Central + outer shell,4.0,0.42007369072674056,0.006227760828475479
28.537722877409294,Central + outer shell,4.0,0.4185769836115468,0.006139476928905083
28.74217261245667,Central + outer shell,4.0,0.417085609208775,0.006052444530016555
28.94808706472555,Central + outer shell,4.0,0.4155995485181669,0.005966645890704617
29.155476727731795,Central + outer shell,4.0,0.41411878260716134,0.005882063521359512
29.36435217016887,Central + outer shell,4.0,0.4126432926106532,0.005798680180301826
29.57472403644631,Central + outer shell,4.0,0.4111730597307533,0.005716478870267904
29.78660304723232,Central + outer shell,4.0,0.40970806523654846,0.005635442834944986
30.0,Central + outer shell,4.0,0.408248290463863,0.005555555555555556
0.1,Central + extended halo,0.0014572957435205584,3.164581008196062,100.14572957435205
0.10071641923192555,Central + extended halo,0.0014875353495087914,3.1533533300391423,98.72905827967493
0.10143797102900982,Central + extended halo,0.0015183849020654866,3.1421664421704327,97.3324865446924
0.10216469216193674,Central + extended halo,0.0015498561167523134,3.1310202113152754,95.95572948162948
0.10289661966482239,Central + extended halo,0.0015819609149413884,3.1199145048313723,94.5985062401903
0.10363379083710246,Central + extended halo,0.0016147114268178133,3.108849190707793,93.26053995029874
0.10437624324543296,Central + extended halo,0.0016481199944067232,3.0978241375639755,91.94155766565098
0.10512401472560466,Central + extended halo,0.0016821991746245458,3.086839214648718,90.64129030806767
0.10587714338447114,Central + extended halo,0.001716961742353905,3.0758942918391545,89.35947261263516
0.10663566760189087,Central + extended halo,0.0017524206935417787,3.0649892396397207,88.09584307362367
0.10739962603268302,Central + extended halo,0.001788589248320407,3.0541239291811024,86.85014389117231
0.10816905760859728,Central + extended halo,0.001825480854150345,3.0432982322191755,85.62212091872972
0.10894400154029793,Central + extended halo,0.0018631091889851827,3.0325120211339254,84.41152361123945
0.10972449731936189,Central + extended halo,0.001901488164457305,3.021765168928354,83.21810497405981
0.11051058472029143,Central + extended halo,0.001940631929084119,3.0110575492273632,82.04162151260749
0.11130230380254097,Central + extended halo,0.0019805548714940794,3.000389036276627,80.88183318271503
0.11209969491255861,Central + extended halo,0.0020212716236718362,2.98975950494144,79.7385033416918
0.11290279868584205,Central + extended halo,0.0020627970642218916,2.97916883070555,78.61139870007891
0.1137116560490096,Central + extended halo,0.002105146321649899,2.968616889669961,77.50028927408722
0.11452630822188574,Central + extended halo,0.002148334777661022,2.958103558551723,76.40494833871007
0.11534679671960166,Central + extended halo,0.0021923780704744384,2.9476287146826934,75.32515238150042
0.11617316335471098,Central + extended halo,0.002237292098153205,2.937192236008275,74.26068105700293
0.11700545023932041,Central + extended halo,0.002283093021948734,2.9267940010861313,73.2113171418323
0.11784369978723598,Central + extended halo,0.0023297972696588575,2.916433889084868,72.1768464903879
0.11868795471612434,Central + extended halo,0.0023774215389987157,2.9061117797826967,71.15705799119641
0.11953825804968977,Central + extended halo,0.0024259828009834616,2.8958275535660607,70.15174352387312
0.12039465311986654,Central + extended halo,0.0024754983033217852,2.885581091428241,69.16069791669358
0.12125718356902732,Central + extended halo,0.00252598557381941,2.8753722749679196,68.18371890476617
0.1221258933522071,Central + extended halo,0.0025774624237913228,2.865200986387721,67.22060708879806
0.12300082673934319,Central + extended halo,0.0026299469514818943,2.8550671084927157,66.27116589444546
0.12388202831753127,Central + extended halo,0.0026834575454916213,2.8449705246888906,65.3352015322401
0.12476954299329755,Central + extended halo,0.002738012888209487,2.834911118981584,64.41252295808391
0.12566341599488715,Central + extended halo,0.0027936319592497595,2.824888775973886,63.502941834303805
0.12656369287456912,Central + extended halo,0.002850334038892004,2.814903380864996,62.606272491258174
0.12747041951095775,Central + extended halo,0.002908138711523143,2.804954819448548,61.72233188948829
0.12838364211135042,Central + extended halo,0.0029670658690803134,2.7950429781108936,60.85093958240595
0.12930340721408262,Central + extended halo,0.00302713571449324,2.7851677438293394,59.99191767951007
0.1302297616908993,Central + extended halo,0.003088368765124767,2.7753290041703518,59.14509081012515
0.13116275274934372,Central + extended halo,0.003150785856208344,2.7655266472877096,58.31028608765355
0.13210242793516297,Central + extended halo,0.0032144081442809355,2.755760561920617,57.4873330743349
0.1330488351347311,Central + extended halo,0.0032792571106101016,2.7460306373917702,56.67606374650499
0.13400202257748922,Central + extended halo,0.003345354564613695,2.736336763605375,55.876312460347584
0.13496203883840358,Central + extended halo,0.003412722647270881,2.726678831045122,55.08791591813166
0.13592893284044077,Central + extended halo,0.0034813838345228204,2.7170567307721063,54.31071313492751
0.13690275385706085,Central + extended halo,0.0035513609406616267,2.7074703544227012,53.54454540579511
0.13788355151472853,Central + extended halo,0.003622677121706034,2.697919594206381,52.78925627343749
0.138871375795442,Central + extended halo,0.003695355878762206,2.68840434290349,52.04469149631311
0.13986627703928017,Central + extended halo,0.003769421061368071,2.678924493862956,51.31069901720057
0.14086830594696784,Central + extended halo,0.003844896870819586,2.669479940999958,50.587128932209104
0.14187751358245967,Central + extended halo,0.003921807863477396,2.660070578793526,49.87383346022868
0.1428939513755422,Central + extended halo,0.004000178954051948,2.6506963022840977,49.17066691281374
0.14391767112445492,Central + extended halo,0.004080035418865792,2.641357007071003,48.477485664493734
0.1449487249985299,Central + extended halo,0.004161402899090923,2.6320525893099056,47.79414812350533
0.14598716554085026,Central + extended halo,0.004244307403959788,2.6227829457101732,47.120514702939744
0.1470330456709279,Central + extended halo,0.004328775313947995,2.6135479735321927,46.456447792299365
0.1480864186874003,Central + extended halo,0.004414833383927117,2.6043475705846233,45.8018117294582
0.1491473382707466,Central + extended halo,0.004502508746285657,2.595181635221587,45.15647277302012
0.15021585848602328,Central + extended halo,0.004591828914016519,2.5860500663397965,44.52029907506944
0.15129203378561928,Central + extended halo,0.004682821783769128,2.576952763375615,43.89316065430825
0.15237591901203074,Central + extended halo,0.00477551563886429,2.5678896263020627,43.27492936957524
0.15346756940065623,Central + extended halo,0.0048699391522701585,2.558860555625741,42.66547889373999
0.15456704058261123,Central + extended halo,0.004966121389537292,2.5498654523837034,42.06468468796835
0.15567438858756324,Central + extended halo,0.005064091811690952,2.5409042181402564,41.47242397635297
0.15678966984658707,Central + extended halo,0.005163880278078974,2.531976754983688,40.88857572090408
0.1579129411950406,Central + extended halo,0.0052655170491731264,2.5230829655229328,40.31302059689536
0.15904425987546114,Central + extended halo,0.005369032789322221,2.5142227528841663,39.745640968560025
0.1601836835404826,Central + extended halo,0.0054744585694551,2.5053960207073276,39.186320865131975
0.1613312702557734,Central + extended halo,0.005581825869731598,2.4966026731425766,38.63494595722742
0.16248707850299557,Central + extended halo,0.005691166582139642,2.4878426148466763,38.09140353356185
0.16365116718278497,Central + extended halo,0.005802513013036649,2.479115750979306,37.55558247799781
0.1648235956177531,Central + extended halo,0.005915897885633361,2.4704219871993027,37.027373246918785
0.1660044235555099,Central + extended halo,0.006031354342418244,2.461761229660829,36.50666784692467
0.16719371117170873,Central + extended halo,0.0061489159475206934,2.4531333850094748,35.9933598128441
0.1683915190731129,Central + extended halo,0.006268616689011148,2.444538360378277,35.487344186059225
0.16959790830068425,Central + extended halo,0.0063904909811364225,2.4359760633836762,34.98851749313875
0.1708129403326938,Central + extended halo,0.006514573666488366,2.427446402121396,34.49677772477451
0.17203667708785475,Central + extended halo,0.006640900018104102,2.418949285162249,34.01202431501765
0.17326918092847782,Central + extended halo,0.006769505741496269,2.410484621547874,33.53415812080992
0.1745105146636493,Central + extended halo,0.006900426976611275,2.4020523207863964,33.063081401806095
0.17576074155243196,Central + extended halo,0.0070337002997140725,2.3936522928480177,32.59869780048327
0.17701992530708857,Central + extended halo,0.007169362725197887,2.385284448160535,32.14091232253319
0.1782881300963288,Central + extended halo,0.007307451707316863,2.3769486976047847,31.68963131753336
0.17956542054857935,Central + extended halo,0.007448005141840602,2.368644952510017,31.244762459893156
0.18085186175527737,Central + extended halo,0.007591061367628621,2.3603731246491964,30.806214730071122
0.18214751927418757,Central + extended halo,0.00773665916812327,2.352133126234237,30.373898396059403
0.18345245913274313,Central + extended halo,0.007884837772759933,2.34392486991116,29.947724995131807
0.18476674783141053,Central + extended halo,0.008035636858292703,2.335748268755186,29.5276073158515
0.18609045234707813,Central + extended halo,0.008189096550034363,2.3276032362657584,29.113459380335033
0.18742364013646984,Central + extended halo,0.008345257423009395,2.319489686361496,28.70519642676857
0.1887663791395825,Central + extended halo,0.008504160503018521,2.3114075333750805,28.302734892173294
0.19011873778314795,Central + extended halo,0.008665847267613819,2.3033566920480752,27.905992395416188
0.19148078498412052,Central + extended halo,0.008830359646983066,2.2953370775256783,27.51488772046262
0.19285259015318879,Central + extended halo,0.008997740024742197,2.2873486053514145,27.129340799867663
0.19423422319831277,Central + extended halo,0.009168031238635093,2.2793911914617584,26.749272698502427
0.19562575452828668,Central + extended halo,0.009341276581139323,2.271464752180699,26.374605597512343
0.19702725505632684,Central + extended halo,0.009517519799977286,2.2635692042142423,26.00526277850394
0.19843879620368537,Central + extended halo,0.00969680509853172,2.255704464644854,25.64116860795706
0.19986044990329013,Central + extended halo,0.009879177136164879,2.247870450925841,25.28224852185906
0.20129228860341028,Central + extended halo,0.010064681028440714,2.2400670808756833,24.92842901055819
0.20273438527134818,Central + extended halo,0.01025336234724927,2.232294272672303,24.57963760383285
0.20418681339715816,Central + extended halo,0.010445267120833053,2.2245519448472835,24.2358028561736
0.20564964699739133,Central + extended halo,0.010640441833714695,2.2168400162800364,23.896854332275176
0.20712296061886765,Central + extended halo,0.01083893342652552,2.2091584061919174,23.562722592735284
0.2086068293424748,Central + extended halo,0.0110407892957349,2.2015070341402967,23.2333391799574
0.21010132878699445,Central + extended halo,0.011246057293280064,2.193885820012579,22.908636604254575
0.2116065351129556,Central + extended halo,0.011454785726096256,2.1862946840201825,22.588548330151557
0.2131225250265161,Central + extended halo,0.011667023355547309,2.1787335466924747,22.27300876288218
0.21464937578337145,Central + extended halo,0.01188281939675652,2.1712023288706677,21.9619532350795
0.21618716519269165,Central + extended halo,0.012102223517838193,2.163700951701677,21.655317993655842
0.21773597162108677,Central + extended halo,0.012325285839029977,2.1562293366319447,21.35304018686993
0.2192958739966002,Central + extended halo,0.012552056931726369,2.1487874054012286,21.055057851578766
0.22086695181273105,Central + extended halo,0.012782587817413829,2.141375080036362,20.761309900671264
0.22244928513248519,Central + extended halo,0.01301692996650808,2.133992282844984,20.47173611068134
0.2240429545924552,Central + extended halo,0.013255135297094196,2.126638936409246,20.186277109577766
0.22564804140692984,Central + extended halo,0.013497256173570225,2.119314963579495,19.904874364728332
0.2272646273720324,Central + extended halo,0.013743345405195216,2.1120202874679346,19.627470171035828
0.22889279486988964,Central + extended halo,0.013993456244542561,2.104754831442273,19.35400763924329
0.2305326268728294,Central + extended halo,0.014247642385859694,2.0975185191193515,19.084430684406396
0.23218420694760952,Central + extended halo,0.014505957963335326,2.0903112743587626,18.818684014530213
0.233847619259676,Central + extended halo,0.01476845754927538,2.0831330212564634,18.55671311936834
0.23552294857745237,Central + extended halo,0.015035196152189095,2.0759836841383774,18.298464259381884
0.23721028027665936,Central + extended halo,0.015306229214786604,2.0688631875539953,18.04388445485612
0.23890970034466585,Central + extended halo,0.015581612611889634,2.061771456269978,17.792921475172474
0.2406212953848708,Central + extended halo,0.015861402648257007,2.05470841526376,17.54552382823371
0.2423451526211164,Central + extended halo,0.016145656056326424,2.0476739897171607,17.301640750040104
0.24408135990213345,Central + extended halo,0.016434429993874827,2.0406681050100053,17.061222194414388
0.24583000570601773,Central + extended halo,0.016727782041598856,2.0336906867137547,16.824218822873423
0.24759117914473933,Central + extended halo,0.017025770200617674,2.026741660585159,16.5905819946444
0.2493649699686835,Central + extended halo,0.017328452889900203,2.01982095255992,16.360263756823624
0.2511514685712245,Central + extended halo,0.017635888943619088,2.012928488746385,16.133216834675707
0.2529507659933322,Central + extended halo,0.01794813760843353,2.0060641954192597,15.909394622071249
0.2547629539282114,Central + extended halo,0.018265258540703634,1.9992279990133535,15.688751172060952
0.2565881247259748,Central + extended halo,0.018587311803638668,1.992419826117354,15.471241187584255
0.2584263713983488,Central + extended halo,0.01891435786438155,1.9856396034676418,15.256820012310579
0.26027778762341397,Central + extended halo,0.01924645759103291,1.9788872579421357,15.045443621611108
0.26214246775037847,Central + extended halo,0.01958367224961663,1.972162716554188,14.837068613659524
0.2640205068043864,Central + extended halo,0.019926063500990385,1.9654659064465192,14.631652200659506
0.2659120004913603,Central + extended halo,0.020273693397703796,1.9587967548852039,14.429152200197407
0.2678170452028784,Central + extended halo,0.02062662438080705,1.9521551892537068,14.229527026718232
0.2697357380210865,Central + extended halo,0.020984919276613348,1.9455411370469748,14.032735683123063
0.2716681767236459,Central + extended halo,0.021348641293418215,1.9389545258655847,13.838737752486285
0.2736144597887157,Central + extended halo,0.02171785401817859,1.932395283409955,13.647493389890803
0.27557468639997124,Central + extended halo,0.022092621413155284,1.9258633374746208,13.458963314379634
0.2775489564516592,Central + extended halo,0.022473007812522143,1.919358615942573,13.273108801022
0.27953737055368755,Central + extended halo,0.022859077918944738,1.9128810467796746,13.08989167309256
0.28154003003675315,Central + extended halo,0.023250896800132873,1.906430558029142,12.909274294361797
0.28355703695750545,Central + extended halo,0.023648529885369553,1.9000070778061109,12.731219561496276
0.28558849410374726,Central + extended halo,0.024052042962020365,1.8936105342922749,12.555690896566917
0.287634504999673,Central + extended halo,0.024461502172026802,1.8872408557306106,12.38265223966386
0.2896951739111446,Central + extended halo,0.02487697400838702,1.8808979704201854,12.212068041616327
0.2917706058510042,Central + extended halo,0.025298525311627566,1.8745818067110542,12.043903256815977
0.29386090658442654,Central + extended halo,0.02572622326627001,1.8682922929992458,11.878123336142199
0.29596618263430813,Central + extended halo,0.026160135397295888,1.8620293577218423,11.714694219987914
0.29808654128669626,Central + extended halo,0.02660032956661384,1.8557929293521553,11.553582331384376
0.3002220905962559,Central + extended halo,0.027046873969532426,1.8495829363949983,11.394754569223586
0.3023729393917764,Central + extended halo,0.02749983713124269,1.8433993073820611,11.238178301576815
0.30453919728171763,Central + extended halo,0.027959287903313885,1.8372419708673868,11.083821359107912
0.30672097465979553,Central + extended halo,0.028425295460206317,1.8311108554229523,10.931652028579958
0.3089183827106078,Central + extended halo,0.028897929295804918,1.8250058896343588,10.78163904645396
0.31113153341530003,Central + extended halo,0.02937725921997735,1.8189270020966282,10.633751592578147
0.3133605395572721,Central + extended halo,0.029863355355160374,1.8128741214101152,10.48795928396667
0.3156055147279261,Central + extended halo,0.030356288132978207,1.8068471761765266,10.344232168666267
0.31786657333245455,Central + extended halo,0.03085612829089647,1.8008460949950607,10.202540719709708
0.3201438305956711,Central + extended halo,0.0313629468689157,1.794870806458661,10.0628558291547
0.3224374025678816,Central + extended halo,0.03187681520630748,1.7889212391503893,9.925148802207055
0.3247474061307991,Central + extended halo,0.032397804938397716,1.7829973216399153,9.78939135142674
0.32707395900349956,Central + extended halo,0.03292598799339976,1.777098982480133,9.655555591015835
0.329417179748421,Central + extended halo,0.03346143658930146,1.7712261502038928,9.523614031186973
0.3317771877774054,Central + extended halo,0.03400422323080956,1.7653787533208638,9.393539572611239
0.3341541033577845,Central + extended halo,0.03455442070635499,1.7595567203145148,9.265305500944242
0.33654804761850804,Central + extended halo,0.035112102085162085,1.7537599796392251,9.138885481429346
0.338959142556317,Central + extended halo,0.03567734071438576,1.74798845971752,9.014253553576808
0.34138751104196047,Central + extended halo,0.036250210216319384,1.7422420889374335,8.891384125917792
0.34383327682645703,Central + extended halo,0.03683078448567687,1.7365207956500004,8.770251970832149
0.34629656454740154,Central + extended halo,0.037419137686952306,1.7308245081668745,8.65083221944883
0.34877749973531663,Central + extended halo,0.038015344251860005,1.7251531547580765,8.53310035661794
0.3512762088200495,Central + extended halo,0.03861947887685815,1.7195066636498733,8.417032215953366
0.3537928191372154,Central + extended halo,0.039231616520759134,1.7138849630227828,8.3026039749449
0.3563274589346859,Central + extended halo,0.03985183240242934,1.7082879810097125,8.189792150138922
0.35888025737912566,Central + extended halo,0.040480201998581454,1.7027156456942223,8.078573592386551
0.3614513445625736,Central + extended halo,0.04111680104166182,1.6971678851089225,7.968925482158356
0.36404085150907345,Central + extended halo,0.04176170551783567,1.691644627233996,7.860825324924615
0.36664891018135,Central + extended halo,0.04241499166507288,1.6861457999958538,7.754250946600181
0.3692756534875346,Central + extended halo,0.04307673597133666,1.6806713312659136,7.649180489052978
0.37192121528793803,Central + extended halo,0.043747015172877754,1.6752211488595117,7.5455924056752695
0.37458573040187204,Central + extended halo,0.04442590625263631,1.6697951805349378,7.443465457016701
0.37726933461451995,Central + extended halo,0.045113486438753875,1.6643933539925997,7.342778706478304
0.3799721646838559,Central + extended halo,0.04580983320319746,1.6590155968743112,7.2435115160665
0.3826943583476149,Central + extended halo,0.0465150242604981,1.6536618367627045,7.1456435422062565
0.3854360543303113,Central + extended halo,0.04722913756660549,1.648332001180769,7.0491547316125835
0.38819739235030876,Central + extended halo,0.047952251317860684,1.64302601759151,6.954025317219444
0.3909785131269398,Central + extended halo,0.04868444395008886,1.6377438133977293,6.860235814165316
0.39377955838767775,Central + extended halo,0.04942579413781371,1.6324853159419273,6.767767015834532
0.3966006708753586,Central + extended halo,0.050176380793594724,1.62725045250632,6.676599989953632
0.3994419943554554,Central + extended halo,0.05093628306748949,1.6220391503129796,6.586716074741928
0.40230367362340497,Central + extended halo,0.051705580346641855,1.6168513365240822,6.498096875115444
0.405185854511986,Central + extended halo,0.052484352254997285,1.611686938242278,6.410724258943569
0.40808868389875175,Central + extended halo,0.05327267865314729,1.6065458825111665,6.324580353357546
0.41101230971351427,Central + extended halo,0.05407063963830281,1.6014280963158876,6.239647541110138
0.4139568809458834,Central + extended halo,0.05487831554439869,1.5963335065838167,6.155908456985696
0.41692254765285885,Central + extended halo,0.05569578694232939,1.5912620401853714,6.073345984259933
0.4199094609664779,Central + extended halo,0.056523134640317246,1.5862136239349176,5.991943251208637
0.4229177731015166,Central + extended halo,0.05736043968441351,1.5811881845917817,5.911683627664709
0.42594763736324714,Central + extended halo,0.05820778335913313,1.5761856488613621,5.832550721622752
0.42899920815525006,Central + extended halo,0.05906524718822356,1.5712059433963395,5.754528375890592
0.4320726409872826,Central + extended halo,0.0599329129355681,1.5662489947979823,5.677600664787046
0.4351680924832041,Central + extended halo,0.060810862606224134,1.5613147296175465,5.601751890885242
0.43828572038895736,Central + extended halo,0.061699178447596446,1.556403074357767,5.526966581800919
0.44142568358060735,Central + extended halo,0.06259794295074565,1.5515139554744375,5.453229487024998
0.44458814207243763,Central + extended halo,0.06350723885183172,1.546647299378078,5.380525574799855
0.44777325702510506,Central + extended halo,0.06442714913369324,1.5418030324356857,5.30884002903862
0.45098119075385235,Central + extended halo,0.06535775702756105,1.536981080972568,5.238158246286959
0.4542121067367798,Central + extended halo,0.06629914601490738,1.5321813712742545,5.168465832726691
0.4574661696231764,Central + extended halo,0.06725139982942899,1.5274038295884864,5.099748601220677
0.46074354524190997,Central + extended halo,0.06821460245916493,1.5226483821272794,5.031992568398397
0.4640444006098786,Central + extended halo,0.06918883814874789,1.5179149550690578,4.96518395178164
0.46736890394052144,Central + extended halo,0.0701741914017887,1.513203474560859,4.899309166949754
0.47071722465239096,Central + extended halo,0.0711707469833935,1.5085138667206033,4.8343548247439045
0.474089533377787,Central + extended halo,0.07217858992281286,1.5038460576394275,4.7703077285097715
0.4774860019714515,Central + extended halo,0.07319780551622188,1.4991999733840797,4.707154871378213
0.4809068035193274,Central + extended halo,0.07422847932963116,1.4945755399993725,4.644883433583286
0.4843521123473783,Central + extended halo,0.07527069720192664,1.4899726835106932,4.583480779817173
0.48782210403047266,Central + extended halo,0.07632454524803858,1.4853913299265644,4.52293445662147
0.49131695540133086,Central + extended halo,0.07739010986223747,1.4808314052412586,4.46323218981435
0.494836844559537,Central + extended halo,0.07846747772155714,1.476292835437458,4.404361881953087
0.4983819508806151,Central + extended halo,0.07955673578934269,1.471775546488961,4.34631160983148
0.5019524550251696,Central + extended halo,0.08065797131892291,1.4672794643634297,4.289069622011668
0.5055485389480925,Central + extended halo,0.08177127185740575,1.4628045150251814,4.232624336389905
0.5091703859078353,Central + extended halo,0.0828967252495953,1.458350624438012,4.176964337795773
0.5128181804757485,Central + extended halo,0.08403441964202933,1.453917718568059,4.12207837562443
0.5164921085454874,Central + extended halo,0.08518444348713629,1.4495057233866937,4.067955361501406
0.5201923573424851,Central + extended halo,0.08634688554750909,1.4451145648734458,4.014584366979526
0.5239191154334936,Central + extended halo,0.08752183490029626,1.440744169018953,3.9619546212675063
0.5276725727361934,Central + extended halo,0.088709380941707,1.4363944618279378,3.9100555089897955
0.5314529205288718,Central + extended halo,0.08990961339163009,1.4320653693222039,3.858876567977252
0.5352603514601706,Central + extended halo,0.09112262229836442,1.4277568175436544,3.8084074870882167
0.5390950595589037,Central + extended halo,0.09234849804345975,1.4234687325573279,3.758638104059582
0.5429572402439442,Central + extended halo,0.09358733134666604,1.4192010404544495,3.7095584033874682
0.546847090334184,Central + extended halo,0.09483921327099015,1.4149536673554932,3.66115851423706
0.5507648080585634,Central + extended halo,0.09610423522785762,1.4107265394132575,3.6134287083812557
0.5547105930661728,Central + extended halo,0.09738248898237846,1.4065195828159467,3.5663593981677377
0.5586846464364272,Central + extended halo,0.09867406665871524,1.402332723790261,3.5199411345140392
0.5626871706893131,Central + extended halo,0.09997906074555116,1.39816588860449,3.474164604930296
0.566718369795709,Central + extended halo,0.10129756410165752,1.394019003571606,3.4290206315692418
0.5707784491877804,Central + extended halo,0.10262966996155809,1.3898919950523596,3.384500169303143
0.5748676157694482,Central + extended halo,0.10397547194128881,1.3857847894583728,3.3405943038272774
0.5789860779269325,Central + extended halo,0.10533506404425126,1.3816973132552275,3.2972942497896116
0.5831340455393724,Central + extended halo,0.10670854066715849,1.3776294929655477,3.2545913489463216
0.587311729989522,Central + extended halo,0.10809599660607075,1.3735812551720739,3.2124770683428205
0.5915193441745216,Central + extended halo,0.10949752706252021,1.3695525265207278,3.1709429985199455
0.5957571025167478,Central + extended halo,0.11091322764972249,1.3655432337236668,3.129980851744975
0.6000252209747402,Central + extended halo,0.11234319439887339,1.3615533035623226,3.0895824602671436
0.6043239170542071,Central + extended halo,0.11378752376552945,1.3575826628904262,3.0497397745973096
0.6086534098191092,Central + extended halo,0.11524631263607028,1.3536312386370168,3.0104448618114965
0.6130139199028241,Central + extended halo,0.11671965833424107,1.3496989578094314,2.971689903877945
0.6174056695193886,Central + extended halo,0.11820765862777381,1.3457857474962756,2.9334671960073946
0.6218288824748242,Central + extended halo,0.11971041173508556,1.3418915348703717,2.8957691450262684
0.6262837841785415,Central + extended halo,0.12122801633205188,1.338016247191686,2.858588267772468
0.6307706016548277,Central + extended halo,0.12276057155885423,1.334159811810231,2.8219171895134685
0.6352895635544155,Central + extended halo,0.1243081770268992,1.3303221561689416,2.785748642386432
0.6398409001661352,Central + extended halo,0.1258709328258087,1.3265032078065262,2.750075463860031
0.6444248434286509,Central + extended halo,0.12744893953047895,1.3227028943602883,2.7148905952177014
0.6490416269422798,Central + extended halo,0.12904229820820706,1.31892114356892,2.6801870800620446
0.653691485980897,Central + extended halo,0.13065111042588387,1.315157883275265,2.645958062840093
0.6583746575039241,Central + extended halo,0.13227547825725053,1.3114130414290508,2.6121967873891667
0.6630913801684062,Central + extended halo,0.13391550429021926,1.3076865460895866,2.5788965955030365
0.6678418943411731,Central + extended halo,0.13557129163425485,1.3039783254284305,2.5460509255181436
0.6726264421110892,Central + extended halo,0.13724294392781722,1.3002883077320218,2.5136533109195924
0.6774452673013898,Central + extended halo,0.1389305653458618,1.296616421404276,2.4816973789666648
0.6822986154821064,Central + extended halo,0.14063426060739825,1.2929625949691463,2.450176849337592
0.6871867339825819,Central + extended halo,0.14235413498310553,1.2893267570731488,2.41908553279333
0.6921098719040742,Central + extended halo,0.14409029430300108,1.2857088364878468,2.388417329860083
0.6970682801324505,Central + extended halo,0.14584284496416416,1.2821087621123006,2.358166229530335
0.702062211350972,Central + extended halo,0.14761189393851176,1.2785264629754767,2.3283263079821364
0.7070919200531721,Central + extended halo,0.1493975487806254,1.2749618682386172,2.298891727316398
0.7121576625558247,Central + extended halo,0.15119991763562807,1.2714149071975709,2.2698567343119667
0.7172596970120061,Central + extended halo,0.1530191092471103,1.2678855092850816,2.241215659198237
0.7223982834242512,Central + extended halo,0.15485523296510398,1.2643736040730382,2.2129629144450664
0.7275736836578025,Central + extended halo,0.1567083987541025,1.2608791212746804,2.185092993569766
0.7327861614539563,Central + extended halo,0.15857871720112754,1.2574019907467648,2.1576004699609372
0.7380359824435013,Central + extended halo,0.1604662995238395,1.2539421424916888,2.1304799957189293
0.7433234141602573,Central + extended halo,0.1623712575786929,1.2504995066595699,2.1037263005127
0.7486487260547071,Central + extended halo,0.16429370386913314,1.2470740135502845,2.077334190452853
0.7540121895077286,Central + extended halo,0.1662337515538365,1.2436655936154637,2.0512985469806515
0.7594140778444249,Central + extended halo,0.16819151445499053,1.2402741774604438,2.0256143257727643
0.7648546663480524,Central + extended halo,0.17016710706661473,1.2368996958461762,2.0002765556615723
0.7703342322740501,Central + extended halo,0.17216064456292077,1.2335420796910923,1.9752803375707955
0.7758530548641673,Central + extended halo,0.17417224280671098,1.2302012600729244,1.950620843466253
0.7814114153606961,Central + extended halo,0.17620201835781568,1.2268771682304846,1.926293315321541
0.7870095970208018,Central + extended halo,0.17825008848156632,1.223569735565399,1.9022930640984406
0.7926478851309586,Central + extended halo,0.18031657115730657,1.2202788936437976,1.8786154687418486
0.7983265670214881,Central + extended halo,0.18240158508693824,1.217004574197964,1.855255975189038
0.804045932081201,Central + extended halo,0.18450524970350327,1.2137467091279366,1.832210095393056
0.8098062717721458,Central + extended halo,0.18662768517979994,1.2105052305030692,1.8094734063600646
0.8156078796444607,Central + extended halo,0.18876901243703367,1.20728007056355,1.7870415492004488
0.821451051351334,Central + extended halo,0.19092935315350135,1.2040711617218725,1.7649102281934832
0.8273360846640696,Central + extended halo,0.1931088297733086,1.2008784365642686,1.7430752098654012
0.8332632794872629,Central + extended halo,0.19530756551512063,1.1977018278520961,1.7215323220806578
0.8392329378740832,Central + extended halo,0.1975256843809447,1.1945412685231827,1.7002774531462304
0.8452453640416668,Central + extended halo,0.199763311164945,1.1913966916931311,1.6793065509287628
0.8513008643866207,Central + extended halo,0.20202057146228902,1.1882680306565792,1.658615621984391
0.8573997475006349,Central + extended halo,0.20429759167802533,1.1851552188884182,1.6382007307010722
0.8635423241862105,Central + extended halo,0.20659449903599264,1.1820581900449731,1.6180579984532393
0.8697289074724973,Central + extended halo,0.20891142158775933,1.1789768779651364,1.59818360276863
0.8759598126312463,Central + extended halo,0.21124848822159364,1.1759112166714651,1.578573776507108
0.8822353571928757,Central + extended halo,0.2136058286714645,1.1728611403712363,1.5592248070513235
0.8885558609626526,Central + extended halo,0.2159835735260722,1.1698265834574626,1.540133035509041
0.8949216460369906,Central + extended halo,0.2183818542379095,1.166807480509866,1.521294855926982
0.9013330368198643,Central + extended halo,0.22080080313235256,1.1638037662958163,1.5027067145160222
0.9077903600393407,Central + extended halo,0.22324055341678173,1.1608153757712272,1.4843651088875847
0.9142939447642286,Central + extended halo,0.2257012391897316,1.1578422440814153,1.4662665873010803
0.9208441224208503,Central + extended halo,0.2281829954500724,1.154884306561922,1.4484077479222361
0.9274412268099294,Central + extended halo,0.23068595810621936,1.151941498739296,1.4307852380921662
0.9340855941236019,Central + extended halo,0.2332102639853729,1.1490137563318399,1.4133957536070363
0.9407775629625497,Central + extended halo,0.23575605084278856,1.1461010152503204,1.3962360380081733
0.9475174743532538,Central + extended halo,0.2383234573710761,1.1432032115986424,1.3793028818824786
0.9543056717653758,Central + extended halo,0.24091262320953002,1.1403202816744864,1.362593122172994
0.9611425011292593,Central + extended halo,0.24352368895348847,1.137452161969912,1.3461036414994936
0.9680283108535598,Central + extended halo,0.24615679616372393,1.1345987891719267,1.3298313674889444
0.9749634518429987,Central + extended halo,0.24881208737586277,1.1317601001630204,1.3137732721157165
0.9819482775162471,Central + extended halo,0.2514897061098369,1.1289360320216664,1.2979263710513889
0.9889831438239352,Central + extended halo,0.25418979687936516,1.1261265220227892,1.282287723024033
0.9960684092667917,Central + extended halo,0.256912505201466,1.1233315076382013,1.2668544291868291
1.003204434913914,Central + extended halo,0.2596579776060013,1.1205509265370057,1.251623632495892
1.0103915844211673,Central + extended halo,0.26242636164525174,1.1177847165859691,1.2365925170971763
1.0176302240497181,Central + extended halo,0.2652178059035243,1.1150328158498637,1.221758307722327
1.0249207226846975,Central + extended halo,0.26803246000679076,1.112295162591779,1.2071182690933644
1.032263451854001,Central + extended halo,0.27087047463236,1.1095716952734027,1.1926697053360573
1.0396587857472215,Central + extended halo,0.273732001518582,1.1068623525552743,1.1784099594018853
1.0471071012347182,Central + extended halo,0.2766171934745853,1.1041670732970092,1.16433641249845
1.0546087778868218,Central + extended halo,0.2795262043900476,1.101485796557495,1.1504464835282309
1.062164197993178,Central + extended halo,0.2824591892450006,1.0988184615950598,1.1367376285355542
1.069773746582229,Central + extended halo,0.28541630411966884,1.0961650078676157,1.12320734016167
1.0774378114408345,Central + extended halo,0.28839770620434313,1.093525375032773,1.1098531471078148
1.085156783134035,Central + extended halo,0.2914035538092895,1.0908995029479305,1.0966726136061478
1.0929310550249518,Central + extended halo,0.29443400637469236,1.0882873316703428,1.0836633388984587
1.1007610232948373,Central + extended halo,0.29748922448063575,1.0856888014571564,1.070822956722513
1.108647086963262,Central + extended halo,0.3005693698571195,1.0831038527654295,1.0581491348059544
1.1165896479084492,Central + extended halo,0.30367460539411245,1.080532426252124,1.0456395743676385
1.124589110887755,Central + extended halo,0.3068050951516438,1.0779744627740746,1.0332920096262932
1.1326458835582955,Central + extended halo,0.3099610043699319,1.0754299033879366,1.0211042073164087
1.14076037649772,Central + extended halo,0.3131424994795519,1.0728986893501131,1.0090739662112476
1.1489330032251361,Central + extended halo,0.31634974811164207,1.070380762116657,0.9971991166528705
1.1571641802221813,Central + extended halo,0.31958291910815045,1.0678760633431574,0.9854775200890893
1.1654543269542468,Central + extended halo,0.32284218253212016,1.0653845348846018,0.973907068617232
1.1738038658918553,Central + extended halo,0.32612770967801713,1.0629061187952205,0.9624856845346315
1.1822132225321902,Central + extended halo,0.3294396730820988,1.0604407573283101,0.9512113198957394
1.1906828254207775,Central + extended halo,0.33277824653282384,1.0579883929360427,0.9400819560757712
1.1992131061733264,Central + extended halo,0.3361436050813049,1.0555489682692514,0.9290956033407829
1.207804499497724,Central + extended halo,0.33953592505180535,1.0531224261772019,0.9182503004240927
1.2164574432161879,Central + extended halo,0.3429553840522781,1.0507087097073466,0.907544114108953
1.2251723782875783,Central + extended halo,0.34640216098495025,1.0483077621050612,0.896975138817381
1.2339497488298703,Central + extended halo,0.3498764360569528,1.0459195268133654,0.8865414962050626
1.242790002142785,Central + extended halo,0.35337839079099465,1.0435439474726296,0.8762413347622379
1.2516935887305838,Central + extended halo,0.3569082080360846,1.0411809679202644,0.8660728294204858
1.2606609623250289,Central + extended halo,0.3604660719782992,1.0388305321903963,0.8560341811653135
1.269692579908503,Central + extended halo,0.3640521681515999,1.036492584513531,0.8461236166544795
1.2787889017372993,Central + extended halo,0.367666683448696,1.0341670693162,0.8363393878419543
1.2879503913650747,Central + extended halo,0.3713098061319599,1.0318539312205963,0.8266797716074449
1.2971775156664744,Central + extended halo,0.37498172584438877,1.0295531150441972,0.8171430693913971
1.3064707448609232,Central + extended halo,0.3786826336206203,1.0272645657993742,0.8077276068354006
1.3158305525365876,Central + extended halo,0.38241272189799624,1.0249882286929908,0.7984317334279118
1.3252574156745127,Central + extended halo,0.3861721845276808,1.0227240491259901,0.7892538221552218
1.3347518146729245,Central + extended halo,0.3899612167858288,1.0204719726929714,0.7801922691575933
1.3443142333717166,Central + extended halo,0.3937800153848106,1.0182319451817543,0.7712454933904836
1.353945159077104,Central + extended halo,0.39762877848448813,1.016003912572936,0.7624119362907882
1.3636450825864574,Central + extended halo,0.40150770570354755,1.0137878210394353,0.7536900614480265
1.3734144982133139,Central + extended halo,0.40541699813088716,1.0115836169460308,0.7450783542803977
1.3832539038125677,Central + extended halo,0.40935685833706115,1.009391246848888,0.7365753217156368
1.3931638008058418,Central + extended halo,0.4133274903857813,1.0072106574950779,0.7281794918765975
1.4031446942070398,Central + extended halo,0.4173290998454761,1.0050417958220896,0.7198894137714961
1.4131970926480828,Central + extended halo,0.42136189380090916,1.0028846089573327,0.7117036569887445
1.4233215084048263,Central + extended halo,0.4254260808648548,1.0007390442176338,0.7036208113963097
1.4335184574231712,Central + extended halo,0.42952187118983837,0.9986050491087257,0.6956394868455229
1.4437884593453534,Central + extended halo,0.43364947647993324,0.9964825713247295,0.6877583128792865
1.454132037536425,Central + extended halo,0.4378091100026214,0.9943715587476315,0.6799759384446037
1.4645497191109267,Central + extended halo,0.4420009866007168,0.9922719594467533,0.6722910316093709
1.475042034959749,Central + extended halo,0.44622532270435206,0.990183721678216,0.6647022792833681
1.4856095197771866,Central + extended halo,0.45048233634302853,0.9881067938844009,0.6572083869433907
1.4962527120881872,Central + extended halo,0.4547722471577327,0.9860411246934028,0.6498080783624511
1.5069721542757955,Central + extended halo,0.45909527641311726,0.9839866629184802,0.6425000953430015
1.51776839260879,Central + extended halo,0.4634516470097489,0.981943357557502,0.6352831974541121
1.5286419772695266,Central + extended halo,0.46784158349642496,0.979911157792387,0.6281561617725429
1.5395934623819725,Central + extended halo,0.47226531208255673,0.9778900129885437,0.6211177826276612
1.5506234060399453,Central + extended halo,0.47672306065062214,0.9758798726943032,0.614166871350139
1.5617323703355543,Central + extended halo,0.48121505876868903,0.9738806866403515,0.6073022560243787
1.572920921387845,Central + extended halo,0.4857415377030088,0.9718924047391572,0.600522781244609
1.5841896293716482,Central + extended halo,0.49030273043068157,0.9699149770843971,0.5938273078746003
1.5955390685466366,Central + extended halo,0.4948988716523936,0.9679483539503805,0.587214712810942
1.6069698172865914,Central + extended halo,0.49953019780522895,0.9659924857914686,0.5806838887498293
1.6184824581088713,Central + extended halo,0.5041969470755531,0.9640473232414963,0.5742337439573142
1.6300775777041046,Central + extended halo,0.5088993594119745,0.9621128171131879,0.5678632020429537
1.641755766966083,Central + extended halo,0.5136376765383798,0.960188918397574,0.5615712017368232
1.6535176210218747,Central + extended halo,0.5184121419670458,0.9582755782634074,0.5553566966698321
1.6653637392621532,Central + extended halo,0.5232230010118303,0.9563727480565763,0.5492186551572972
1.6772947253717418,Central + extended halo,0.5280705008014398,0.9544803792995186,0.5431560599857242
1.6893111873603777,Central + extended halo,0.5329548902927773,0.9525984236906345,0.5371679082027522
1.7014137375936973,Central + extended halo,0.5378764202843705,0.9507268331036997,0.531253210910208
1.7136029928244427,Central + extended halo,0.5428353434298797,0.9488655595872767,0.5254109930602318
1.7258795742238888,Central + extended halo,0.547831914251688,0.9470145553641294,0.5196402932544226
1.7382441074135035,Central + extended halo,0.5528663891545763,0.9451737728306343,0.5139401635459591
1.7506972224968265,Central + extended halo,0.5579390264394789,0.9433431645561948,0.5083096692446539
1.7632395540915802,Central + extended halo,0.5630500863173243,0.9415226832826548,0.5027478887248966
1.7758717413620104,Central + extended halo,0.568199830922964,0.9397122819237131,0.4972539132364408
1.788594428051459,Central + extended halo,0.5733885243291825,0.9379119135643401,0.49182684671799354
1.8014082625151684,Central + extended halo,0.5786164325608005,0.9361215314601938,0.4864658056135677
1.814313897753323,Central + extended halo,0.5838838236088606,0.9343410890370379,0.4811699186915513
1.8273119914443268,Central + extended halo,0.5891909674449058,0.9325705398901615,0.47593832686645743
1.8404032059783157,Central + extended halo,0.5945381360353453,0.9308098377838,0.47077018302331325
1.8535882084909188,Central + extended halo,0.5999256033559132,0.9290589366505579,0.46566465184464634
1.8668676708972518,Central + extended halo,0.6053536454062173,0.927317790590833,0.46062090964003405
1.8802422699261603,Central + extended halo,0.6108225402243811,0.9255863538722425,0.45563814417817355
1.8937126871547048,Central + extended halo,0.6163325679017784,0.9238645809290528,0.4507155545214375
1.9072796090428952,Central + extended halo,0.6218840105978635,0.9221524263616084,0.44585235086287595
1.9209437269686729,Central + extended halo,0.6274771525550963,0.9204498449357665,0.44104775436562976
1.9347057372631438,Central + extended halo,0.6331122801139627,0.9187567915823307,0.4363009970047183
1.948566341246065,Central + extended halo,0.6387896817280944,0.91707322139649,0.4316113214111662
1.9625262452615797,Central + extended halo,0.6445096479794818,0.9153990896372589,0.42697798071843557
1.97658616071422,Central + extended halo,0.6502724715937939,0.9137343517269204,0.42240023841112434
1.9907468041051557,Central + extended halo,0.6560784474557898,0.9120789632504716,0.4178773681759043
2.0050088970687083,Central + extended halo,0.661927872624837,0.9104328799550727,0.4134086537546588
2.019373166409127,Central + extended halo,0.667821046350528,0.9087960577494991,0.40899338879979
2.0338403441376256,Central + extended halo,0.6737582700884013,0.9071684527035953,0.4046308767316632
2.048411167509688,Central + extended halo,0.679739847515766,0.9055500210477326,0.40032043059815553
2.0630863790626384,Central + extended halo,0.6857660845476304,0.9039407191722709,0.39606137293627774
2.0778667266534794,Central + extended halo,0.6918372893527366,0.9023405036270227,0.39185303563583845
2.092752963497008,Central + extended halo,0.6979537723697021,0.9007493311207192,0.3876947598051188
2.107745848204192,Central + extended halo,0.7041158463232662,0.8991671585204829,0.3835858956385305
2.1228461448208393,Central + extended halo,0.710323826240651,0.8975939428513007,0.3795258022862227
2.1380546228665263,Central + extended halo,0.7165780294680241,0.8960296412955012,0.3755138477256134
2.153372057373815,Central + extended halo,0.7228787756870779,0.8944742111922372,0.3715494086348146
2.168799228927752,Central + extended halo,0.729226386931717,0.892927610036969,0.3676318702679205
2.1843369237056436,Central + extended halo,0.7356211876048592,0.8913897954809527,0.3637606263321353
2.1999859335171217,Central + extended halo,0.742063504495349,0.8898607253307328,0.35993507886671006
2.215747055844495,Central + extended halo,0.7485536667949868,0.8883403575476373,0.3561546381236612
2.23162109388339,Central + extended halo,0.7550920061156728,0.8868286502472763,0.3524187224502465
2.2476088565836783,Central + extended halo,0.7616788565066658,0.885325561699046,0.34872675817316984
2.2637111586907053,Central + extended halo,0.7683145544719614,0.8838310503256336,0.34507817948448943
2.2799288207868105,Central + extended halo,0.7749994389877892,0.8823450747025293,0.3414724283292046
2.2962626693331405,Central + extended halo,0.7817338515202253,0.8808675935575393,0.33790895429449624
2.31271353671177,Central + extended halo,0.78851813604293,0.8793985657703037,0.3343872145005945
2.3292822612681188,Central + extended halo,0.7953526390550032,0.877937950371819,0.33090667349325087
2.3459696873536737,Central + extended halo,0.8022377095989645,0.8764857065439621,0.32746680313779014
2.362776665369019,Central + extended halo,0.8091736992788565,0.8750417936190213,0.3240670825147187
2.379704051807173,Central + extended halo,0.8161609622784709,0.8736061710792278,0.32070699781686546
2.3967527092972314,Central + extended halo,0.823199855379701,0.8721787985562934,0.31738604224803335
2.413923506648333,Central + extended halo,0.8302907379810224,0.8707596358309515,0.3141037159231372
2.4312173188939337,Central + extended halo,0.8374339721160992,0.8693486428325005,0.31085952576980724
2.4486350273363944,Central + extended halo,0.8446299224725192,0.8679457796383534,0.30765298543143665
2.4661775195918976,Central + extended halo,0.8518789564106594,0.8665510064735895,0.3044836151716489
2.4838456896356784,Central + extended halo,0.859181443982682,0.86516428371051,0.3013509417801669
2.5016404378475823,Central + extended halo,0.8665377579516622,0.863785571868198,0.29825449848006064
2.519562671057949,Central + extended halo,0.8739482738108488,0.8624148316120827,0.2951938248363542
2.5376133025938263,Central + extended halo,0.8814133698030597,0.8610520237535054,0.2921684666659703
2.5557932523255094,Central + extended halo,0.8889334269402094,0.859697109249292,0.28917797594899475
2.574103446713425,Central + extended halo,0.8965088290229781,0.8583500492013268,0.28622191074123693
2.5925448188553384,Central + extended halo,0.9041399626606125,0.8570108048561312,0.2832998350880724
2.611118308533907,Central + extended halo,0.911827217290868,0.8556793376044464,0.280411318939544
2.6298248622645732,Central + extended halo,0.9195709852000906,0.8543556089808184,0.2775559380667043
2.6486654333437962,Central + extended halo,0.9273716615434363,0.8530395806631885,0.2747332739791815
2.667640981897635,Central + extended halo,0.9352296443652365,0.851731214472486,0.271942913843949
2.6867524749306777,Central + extended halo,0.9431453346195025,0.8504304723722247,0.2691844504052819
2.706000886375318,Central + extended halo,0.951119136190576,0.8491373164681036,0.26645748190588214
2.7253871971413863,Central + extended halo,0.959151455913923,0.8478517090076109,0.26376161200915565
2.744912395166144,Central + extended halo,0.9672427035970775,0.8465736123796307,0.26109644972262136
2.7645774754646224,Central + extended halo,0.9753932920407274,0.8453029891140545,0.2584616093224403
2.7843834401803327,Central + extended halo,0.9836036370599524,0.8440398018813953,0.2558567102790432
2.804331298636335,Central + extended halo,0.9918741575056107,0.8427840134924048,0.2532813771838431
2.8244220673866733,Central + extended halo,1.0002052752858765,0.8415355868976956,0.25073523967701544
2.8446567702681804,Central + extended halo,1.0085974153879291,0.8402944851873645,0.24821793237633047
2.8650364384526537,Central + extended halo,1.017051005899796,0.8390606715906203,0.24572909480702126
2.885562110499405,Central + extended halo,1.0255664780323495,0.8378341094754155,0.24326837133267357
2.9062348324081793,Central + extended halo,1.034144266141458,0.8366147623480802,0.2408354110871212
2.927055657672471,Central + extended halo,1.0427848077502975,0.8354025938529588,0.23842986790733045
2.948025647333201,Central + extended halo,1.0514885435718175,0.8341975677720512,0.23605140026726282
2.969145870032794,Central + extended halo,1.0602559175313677,0.8329996480246564,0.23369967121269714
2.990417402069632,Central + extended halo,1.069087376789483,0.8318087986670185,0.23137434829699988
3.011841327452907,Central + extended halo,1.0779833717648346,0.8306249838919775,0.22907510351782823
3.0334187379578617,Central + extended halo,1.0869443561573386,0.8294481680286203,0.2268016132547512
3.0551507331814247,Central + extended halo,1.095970786971432,0.8282783155419381,0.22455355820777786
3.077038420598251,Central + extended halo,1.1050631245395135,0.8271153910324831,0.2223306233367759
3.0990829156171564,Central + extended halo,1.114221832545552,0.8259593592360316,0.22013249780176974
3.121285341637957,Central + extended halo,1.123447378048855,0.824810185023246,0.2179588749041041
3.1436468301087244,Central + extended halo,1.1327402315080215,0.8236678333993434,0.21580945202845983
3.166168520583441,Central + extended halo,1.1421008668050505,0.8225322695037638,0.21368393058571009
3.1888515607800736,Central + extended halo,1.1515297612696282,0.8214034586098431,0.21158201595660436
3.21169710663906,Central + extended halo,1.161027395703587,0.8202813661244873,0.20950341743626744
3.2347063223822183,Central + extended halo,1.1705942544055394,0.81916595758785,0.20744784817950127
3.257880380572076,Central + extended halo,1.1802308251956857,0.8180571986730122,0.20541502514687876
3.281220462171624,Central + extended halo,1.1899375994407992,0.816955055185664,0.2034046690516165
3.3047277566044997,Central + extended halo,1.1997150720793928,0.8158594930637904,0.20141650430721555
3.3284034618155958,Central + extended halo,1.2095637416470562,0.8147704783773573,0.1994502589758594
3.3522487843321187,Central + extended halo,1.2194841103019878,0.8136879773280009,0.19750566471755576
3.3762649393250643,Central + extended halo,1.2294766838506952,0.8126119562487197,0.19558245674001426
3.400453150671148,Central + extended halo,1.239541971773888,0.811542381603568,0.1936803737492466
3.4248146510151747,Central + extended halo,1.249680487252552,0.8104792199873514,0.19179915790087962
3.4493506818328514,Central + extended halo,1.259892747194209,0.8094224381253257,0.1899385547521708
3.4740624934940567,Central + extended halo,1.2701792722593679,0.8083720028728965,0.18809831321471482
3.4989513453265606,Central + extended halo,1.2805405868881612,0.8073278812153212,0.18627818550783212
3.5240185056801994,Central + extended halo,1.290977219327175,0.8062900402674131,0.18447792711262873
3.5492652519915078,Central + extended halo,1.3014897016564657,0.8052584472732478,0.182697296726718
3.5746928708488257,Central + extended halo,1.312078569816778,0.8042330696058706,0.18093605621959288
3.600302658057858,Central + extended halo,1.3227443636369514,0.8032138747670057,0.17919397058864137
3.6260959187077115,Central + extended halo,1.3334876268615243,0.8022008303867688,0.17747080791579417
3.652073967237401,Central + extended halo,1.3443089071785361,0.8011939042233794,0.17576633932479568
3.6782381275028357,Central + extended halo,1.3552087562475297,0.8001930641628756,0.1740803389390885
3.7045897328442843,Central + extended halo,1.3661877297277534,0.7991982782188306,0.1724125838403037
3.73113012615432,Central + extended halo,1.3772463873065617,0.7982095145320708,0.17076285402734623
3.7578606599462594,Central + extended halo,1.3883852927280274,0.7972267413703953,0.16913093237606852
3.784782696423079,Central + extended halo,1.3996050138217477,0.7962499271282966,0.16751660459952197
3.811897607546844,Central + extended halo,1.41090612253187,0.7952790403266832,0.16591965920877844
3.83920677510862,Central + extended halo,1.4222891949463137,0.7943140496126033,0.16433988747431366
3.8667115907988863,Central + extended halo,1.4337548113262075,0.79335492375897,0.1627770833879443
3.894413456278464,Central + extended halo,1.4453035561355392,0.7924016316642873,0.16123104362530938
3.9223137832499395,Central + extended halo,1.4569360180710118,0.7914541423523783,0.15970156750888972
3.9504139935296085,Central + extended halo,1.4686527900921205,0.7905124249721136,0.15818845697155606
3.9787155191199326,Central + extended halo,1.480454469451442,0.7895764487971412,0.1566915165206392
4.007219802282516,Central + extended halo,1.4923416577251418,0.7886461832256176,0.1552105532025131
4.035928295611598,Central + extended halo,1.5043149608436974,0.7877215977799407,0.15374537656768558
4.064842462108084,Central + extended halo,1.5163749891228488,0.7868026621064811,0.1522957986363863
4.093963775254102,Central + extended halo,1.528522357294767,0.7858893459753182,0.1508616338646473
4.123293719088087,Central + extended halo,1.5407576845394417,0.7849816192799741,0.14944269911086733
4.152833788280413,Central + extended halo,1.5530815945163048,0.7840794520371491,0.14803881360285354
4.182585488209556,Central + extended halo,1.5654947153960705,0.78318281438646,0.1466497989053332
4.2125503350388165,Central + extended halo,1.577997679892811,0.7822916765901756,0.14527547888792855
4.242729855793579,Central + extended halo,1.5905911252962583,0.7814060090329566,0.14391567969358837
4.273125588439133,Central + extended halo,1.6032756935043413,0.7805257822215936,0.14257022970746897
4.303739081959042,Central + extended halo,1.6160520310559525,0.7796509667847478,0.14123895952625895
4.334571896434094,Central + extended halo,1.6289207891639557,0.7787815334726897,0.13992170192793937
4.365625603121787,Central + extended halo,1.6418826237484232,0.7779174531570414,0.13861829184197585
4.396901784536417,Central + extended halo,1.654938195470121,0.7770586968305173,0.13732856631993315
4.4284020345297135,Central + extended halo,1.668088169764224,0.7762052356066662,0.13605236450650843
4.460127958372067,Central + extended halo,1.6813332168742832,0.7753570407196139,0.13478952761097585
4.492081172834332,Central + extended halo,1.6946740118864283,0.7745140835238057,0.13353989887903653
4.524263306270225,Central + extended halo,1.7081112347638256,0.7736763354937498,0.13230332356506877
4.556675998699298,Central + extended halo,1.7216455703813733,0.7728437682237611,0.13107964890477145
4.589320901890515,Central + extended halo,1.7352777085606512,0.7720163534277051,0.12986872408819627
4.622199679446437,Central + extended halo,1.7490083441051236,0.7711940629387418,0.12867040023316156
4.655314006887993,Central + extended halo,1.7628381768355923,0.7703768687090702,0.1274845303590433
4.688665571739862,Central + extended halo,1.7767679116259023,0.7695647428096735,0.12631096936093805
4.722256073616479,Central + extended halo,1.7907982584389086,0.7687576574300635,0.1251495739841906
4.756087224308639,Central + extended halo,1.8049299323626984,0.7679555848780264,0.12400020279928327
4.790160747870741,Central + extended halo,1.8191636536470743,0.7671584975793666,0.12286271617707976
4.824478380708635,Central + extended halo,1.8335001477403006,0.7663663680776536,0.12173697626441977
4.859041871668125,Central + extended halo,1.8479401453261128,0.7655791690339657,0.1206228469600579
4.89385298212407,Central + extended halo,1.8624843823609905,0.7647968732266375,0.11952019389094361
4.928913486070169,Central + extended halo,1.8771336001117058,0.7640194535510029,0.11842888438883484
4.964225170209347,Central + extended halo,1.8918885451931333,0.7632468830191417,0.11734878746724312
4.999789834044816,Central + extended halo,1.9067499696063352,0.7624791347596253,0.11627977379870315
5.035609289971771,Central + extended halo,1.9217186307769205,0.7617161820172608,0.11522171569236367
5.071685363369759,Central + extended halo,1.9367952915936806,0.7609579981528365,0.11417448707189357
5.108019892695693,Central + extended halo,1.9519807204474986,0.7602045566428675,0.11313796345370015
5.1446147295775475,Central + extended halo,1.967275691270544,0.7594558310793393,0.1121120219254537
5.181471738908716,Central + extended halo,1.982680983575744,0.7587117951694538,0.11109654112491463
5.218592798943048,Central + extended halo,1.9981973824965436,0.7579724227353718,0.11009140121905862
5.255979801390557,Central + extended halo,2.0138256788269415,0.7572376877139593,0.10909648388349566
5.293634651513841,Central + extended halo,2.0295666690618304,0.7565075641565295,0.10811167228217793
5.331559268225162,Central + extended halo,2.045421155437612,0.7557820262285876,0.1071368510473935
5.369755584184236,Central + extended halo,2.061389945973107,0.7550610482095732,0.1061719062600408
5.408225545896728,Central + extended halo,2.077473854510769,0.754344604492604,0.10521672543018035
5.446971113813442,Central + extended halo,2.093673700758181,0.753632669584218,0.10427119747785903
5.485994262430231,Central + extended halo,2.1099903103298585,0.7529252181041154,0.10333521271420384
5.525296980388613,Central + extended halo,2.126424514789351,0.752222224784901,0.10240866282278077
5.564881270577121,Central + extended halo,2.1429771516916483,0.7515236644718254,0.10149144084121453
5.604749150233359,Central + extended halo,2.1596490646258815,0.7508295121225254,0.10058344114306657
5.644902651046815,Central + extended halo,2.1764411032583486,0.7501397428067654,0.09968455941996608
5.685343819262389,Central + extended halo,2.1933541233758342,0.7494543317061771,0.09879469266399171
5.726074715784676,Central + extended halo,2.210388986929246,0.7487732541139985,0.09791373915029959
5.767097416282983,Central + extended halo,2.2275465620775647,0.7480964854348139,0.09704159841999442
5.808414011297115,Central + extended halo,2.244827723232111,0.7474240011842913,0.09617817126323977
5.850026606343906,Central + extended halo,2.2622333511011283,0.7467557769889216,0.0953233597026047
5.891937322024515,Central + extended halo,2.279764332734687,0.7460917885857554,0.09447706697664279
5.934148294132501,Central + extended halo,2.2974215615699136,0.7454320118221395,0.09363919752370027
5.976661673762648,Central + extended halo,2.315205937476537,0.744776422655454,0.09280965696595057
6.0194796274206075,Central + extended halo,2.333118366802774,0.7441249971528475,0.09198835209365089
6.062604337133289,Central + extended halo,2.351159762421538,0.7434777114909725,0.09117519084961873
6.106038000560064,Central + extended halo,2.369331043776974,0.7428345419557195,0.09037008231392445
6.149782831104758,Central + extended halo,2.3876331369313415,0.7421954649419511,0.08957293668879729
6.193841058028449,Central + extended halo,2.4060669746122225,0.7415604569532356,0.08878366528374124
6.2382149265630655,Central + extended halo,2.424633496260073,0.7409294946015783,0.08800218050085809
6.282906698025813,Central + extended halo,2.4433336480761194,0.7403025546071551,0.08722839582037485
6.3279186499344116,Central + extended halo,2.4621683830705945,0.7396796137980427,0.08646222578637174
6.373253076123145,Central + extended halo,2.4811386611113186,0.7390606491099495,0.08570358599270944
6.418912286859778,Central + extended halo,2.5002454489726373,0.7384456375859453,0.08495239306915074
6.464898608963273,Central + extended halo,2.519489720384704,0.7378345563761904,0.08420856466767557
6.511214385922374,Central + extended halo,2.5388724560831193,0.7372273827376647,0.0834720194489856
6.5578619780150245,Central + extended halo,2.558394643858924,0.7366240940338947,0.08274267706919602
6.604843762428658,Central + extended halo,2.578057278608959,0.7360246677346813,0.08202045816671197
6.652162133381331,Central + extended halo,2.597861362386576,0.7354290814158257,0.08130528434928647
6.699819502243744,Central + extended halo,2.617807904452724,0.7348373127588551,0.08059707818125791
6.74781829766212,Central + extended halo,2.6378979213273923,0.7342493395507477,0.07989576317096385
6.796160965681963,Central + extended halo,2.658132436841428,0.733665139683657,0.07920126375832941
6.844849969872725,Central + extended halo,2.6785124821887303,0.7330846911546349,0.07851350530262668
6.893887791453344,Central + extended halo,2.699039095978811,0.7325079720653546,0.07783241407040381
6.943276929418683,Central + extended halo,2.7197133242897396,0.7319349606218328,0.07715791722358065
6.993019900666888,Central + extended halo,2.7405362207214616,0.7313656351341506,0.07648994280770877
7.043119240127647,Central + extended halo,2.7615088464495083,0.7307999740161739,0.0758284197403935
7.093577500891369,Central + extended halo,2.782632270279085,0.7302379557852735,0.07517327779987572
7.144397254339299,Central + extended halo,2.803907568699553,0.7296795590620435,0.07452444761377099
7.19558109027455,Central + extended halo,2.825335825939302,0.7291247625700205,0.07388186064796394
7.247131617054075,Central + extended halo,2.8469181340210077,0.7285735451353998,0.07324544919565572
7.299051461721607,Central + extended halo,2.8686555928173036,0.7280258856867533,0.07261514636656183
7.351343270141524,Central + extended halo,2.89054931010684,0.7274817632547446,0.07199088607625906
7.404009707133683,Central + extended halo,2.912600401630744,0.7269411569718447,0.07137260303567872
7.457053456609223,Central + extended halo,2.9348099911494967,0.7264040460720466,0.07076023274074424
7.5104772217073394,Central + extended halo,2.957179210500207,0.7258704098905785,0.07015371146215131
7.564283724933039,Central + extended halo,2.979709199654302,0.7253402278636174,0.06955297623528811
7.618475708295874,Central + extended halo,3.002401106775635,0.7248134795280007,0.06895796485029425
7.673055933449681,Central + extended halo,3.025256088279,0.7242901445209384,0.06836861584225569
7.728027181833323,Central + extended halo,3.048275308889083,0.7237702025797236,0.06778486848153432
7.78339225481241,Central + extended halo,3.0714599416998163,0.7232536335414421,0.06720666276423017
7.83915397382209,Central + extended halo,3.0948111682341786,0.7227404173426829,0.0666339394027739
7.895315180510808,Central + extended halo,3.1183301785044124,0.7222305340192452,0.06606663981664841
7.951878736885124,Central + extended halo,3.142018171072676,0.7217239637058477,0.06550470612323733
8.008847525455568,Central + extended halo,3.1658763531121323,0.7212206866358348,0.06494808112879848
8.066224449383524,Central + extended halo,3.1899059404684804,0.7207206831408842,0.06439670831956107
8.12401243262919,Central + extended halo,3.2141081577219173,0.7202239336507111,0.06385053185294409
8.182214420100568,Central + extended halo,3.238484238249557,0.7197304186927745,0.06330949654889509
8.240833377803558,Central + extended halo,3.2630354242882937,0.7192401188919813,0.06277354788134666
8.299872292993081,Central + extended halo,3.287762966998106,0.7187530149703896,0.06224263196978996
8.359334174325344,Central + extended halo,3.3126681265258378,0.7182690877469121,0.06171669557096261
8.419222052011136,Central + extended halo,3.337752172069415,0.7177883181370185,0.06119568607065029
8.479538977970261,Central + extended halo,3.3630163819425363,0.7173106871524368,0.06067955147559976
8.540288025987062,Central + extended halo,3.38846204363982,0.7168361759008546,0.06016824040554196
8.601472291867069,Central + extended halo,3.4140904539024297,0.7163647655856195,0.0596617020853237
8.663094893594751,Central + extended halo,3.4399029187841577,0.7158964375054385,0.05915988633714634
8.725158971492425,Central + extended halo,3.4659007537179947,0.715431173054078,0.05866274357290986
8.787667688380278,Central + extended halo,3.492085283583168,0.714968953720061,0.058170224786661034
8.85062422973754,Central + extended halo,3.5184578427726625,0.7145097610863659,0.05768228154714405
8.914031803864843,Central + extended halo,3.5450197752612396,0.7140535768301238,0.05719886599045213
8.977893642047691,Central + extended halo,3.5717724346739224,0.7136003827223142,0.05671993081277897
9.042212998721142,Central + extended halo,3.5987171843549874,0.7131501606274622,0.0562454292632683
9.106993151635653,Central + extended halo,3.625855397437449,0.7127028925033337,0.05577531513696036
9.172237402024113,Central + extended halo,3.653188456913041,0.7122585604006298,0.05530954276783384
9.237949074770082,Central + extended halo,3.6807177557026978,0.7118171464626822,0.0548480670219419
9.304131518577222,Central + extended halo,3.708444696727547,0.7113786329251457,0.05439084329064119
9.370788106139962,Central + extended halo,3.7363706929804117,0.7109430021156926,0.053937827483912223
9.437922234315339,Central + extended halo,3.7644971675978094,0.7105102364537054,0.05348897602377015
9.505537324296151,Central + extended halo,3.792825553932502,0.7100803184499682,0.053044245837764195
9.573636821785271,Central + extended halo,3.8213572956265307,0.7096532307063592,0.05260359435256512
9.642224197171247,Central + extended halo,3.850093846684794,0.7092289559155424,0.052166979487639153
9.71130294570516,Central + extended halo,3.8790366715491515,0.7088074768606567,0.05173435964900684
9.780876587678744,Central + extended halo,3.9081872451730555,0.708388776415008,0.05130569372308641
9.850948668603777,Central + extended halo,3.937547053096721,0.7079728375417582,0.05088094107061973
9.921522759392769,Central + extended halo,3.967117591522838,0.7075596432936146,0.050460061520680125
9.992602456540935,Central + extended halo,3.996900367392819,0.7071491768125191,0.05004301536476069
10.064191382309453,Central + extended halo,4.0,0.7048481411938985,0.04936421449792518
10.136293184910112,Central + extended halo,4.0,0.7023367931820035,0.04866443403506927
10.208911538691167,Central + extended halo,4.0,0.6998343930107401,0.04797457356590061
10.282050144324616,Central + extended halo,4.0,0.697340908799281,0.04729449246592341
10.355712728994797,Central + extended halo,4.0,0.6948563087803891,0.046624052104115674
10.429903046588278,Central + extended halo,4.0,0.6923805613000134,0.04596311581467049
10.504624877885226,Central + extended halo,4.0,0.6899136348168843,0.045311548869136666
10.57988203075203,Central + extended halo,4.0,0.6874554979021131,0.044669218448955585
10.655678340335372,Central + extended halo,4.0,0.6850061192387908,0.04403599361838657
10.73201766925766,Central + extended halo,4.0,0.6825654676215895,0.04341174529781643
10.808903907813871,Central + extended halo,4.0,0.6801335119563647,0.0427963462374472
10.886340974169801,Central + extended halo,4.0,0.6777102212597594,0.04218967099135693
10.964332814561745,Central + extended halo,4.0,0.6752955646588088,0.041591595891928165
11.042883403497589,Central + extended halo,4.0,0.6728895113905476,0.04100199902463896
11.121996743959361,Central + extended halo,4.0,0.6704920308016178,0.040420760203211246
11.201676867607219,Central + extended halo,4.0,0.6681030923478781,0.03984776094511145
11.281927834984911,Central + extended halo,4.0,0.6657226655940149,0.03928288444739847
11.362753735726706,Central + extended halo,4.0,0.6633507202131544,0.038726015562913926
11.444158688765791,Central + extended halo,4.0,0.6609872259864766,0.03817704077681012
11.526146842544186,Central + extended halo,4.0,0.6586321528028297,0.037635848183410564
11.608722375224152,Central + extended halo,4.0,0.6562854706583471,0.03710232746339854
11.691889494901103,Central + extended halo,4.0,0.6539471496560647,0.03657636986132914
11.775652439818069,Central + extended halo,4.0,0.65161716000554,0.036057868163459954
11.860015478581635,Central + extended halo,4.0,0.6492954720224736,0.035546716675896366
11.944982910379542,Central + extended halo,4.0,0.6469820561283293,0.035042811203045955
12.030559065199721,Central + extended halo,4.0,0.6446768828499584,0.03454604902637909
12.116748304050974,Central + extended halo,4.0,0.6423799228192238,0.0340563288834902
12.203555019185208,Central + extended halo,4.0,0.6400911467726266,0.033573550947455934
12.290983634321266,Central + extended halo,4.0,0.6378105255509317,0.03309761680648597
12.379038604870365,Central + extended halo,4.0,0.635538030098798,0.03262842944386233
12.467724418163145,Central + extended halo,4.0,0.6332736314644073,0.032165893218162905
12.557045593678342,Central + extended halo,4.0,0.6310173007990958,0.031709913843765584
12.647006683273114,Central + extended halo,4.0,0.6287690093569861,0.03126039837162851
12.737612271414992,Central + extended halo,4.0,0.6265287284946217,0.03081725517034294
12.828866975415519,Central + extended halo,4.0,0.6242964296706013,0.030380393907454672
12.92077544566554,Central + extended halo,4.0,0.622072084445216,0.02994972553105021
13.013342365872202,Central + extended halo,4.0,0.6198556644800861,0.029525162251604006
13.106572453297625,Central + extended halo,4.0,0.6176471415378009,0.029106617524082997
13.200470458999305,Central + extended halo,4.0,0.615446487481558,0.02869400603030488
13.295041168072228,Central + extended halo,4.0,0.613253674274806,0.028287243661546425
13.39028939989273,Central + extended halo,4.0,0.6110686739808862,0.027886247501398283
13.48622000836405,Central + extended halo,4.0,0.6088914587626778,0.027490935808863137
13.58283788216376,Central + extended halo,4.0,0.6067220008822423,0.027101228001692904
13.680147944992852,Central + extended halo,4.0,0.6045602727004701,0.026717044639962613
13.778155155826648,Central + extended halo,4.0,0.6024062466767294,0.026338307409877037
13.87686450916753,Central + extended halo,4.0,0.600259895368514,0.025964939107806735
13.976281035299458,Central + extended halo,4.0,0.5981211914310948,0.025596863624550544
14.076409800544306,Central + extended halo,4.0,0.5959901076171708,0.025234005929821095
14.177255907520058,Central + extended halo,4.0,0.5938666167765221,0.02487629205695028
14.278824495400833,Central + extended halo,4.0,0.5917506918556643,0.024523649087811513
14.381120740178782,Central + extended halo,4.0,0.5896423058975031,0.024176005137955783
14.484149854927855,Central + extended halo,4.0,0.5875414320409919,0.023833289341958337
14.587917090069475,Central + extended halo,4.0,0.5854480435207884,0.023495431838973155
14.692427733640086,Central + extended halo,4.0,0.5833621136669147,0.023162363758492167
14.797687111560647,Central + extended halo,4.0,0.5812836159044169,0.02283401720630636
14.903700587908036,Central + extended halo,4.0,0.5792125237530267,0.0225103252506659
15.01047356518841,Central + extended halo,4.0,0.5771488108268239,0.02219122190863643
15.11801148461252,Central + extended halo,4.0,0.5750924508339007,0.021876642132648783
15.226319826372997,Central + extended halo,4.0,0.5730434175760258,0.02156652179723939
15.335404109923642,Central + extended halo,4.0,0.5710016849483117,0.021260797685978584
15.445269894260635,Central + extended halo,4.0,0.5689672269388819,0.02095940747858442
15.555922778205925,Central + extended halo,4.0,0.5669400176285387,0.020662289738218768
15.66736840069248,Central + extended halo,4.0,0.5649200311904339,0.020369383898963873
15.779612441051666,Central + extended halo,4.0,0.5629072418897391,0.020080630253476305
15.892660619302678,Central + extended halo,4.0,0.5609016240833182,0.019795969940815877
16.00651869644402,Central + extended halo,4.0,0.5589031522194011,0.019515344934447194
16.121192474747104,Central + extended halo,4.0,0.5569118008372572,0.019238698030411193
16.236687798051925,Central + extended halo,4.0,0.5549275445668718,0.018965972835664466
16.35301055206488,Central + extended halo,4.0,0.5529503581286226,0.018697113756583776
16.470166664658684,Central + extended halo,4.0,0.5509802163329576,0.01843206598763364
16.58816210617449,Central + extended halo,4.0,0.5490170940800742,0.018170775500194428
16.707002889726112,Central + extended halo,4.0,0.5470609663595996,0.01791318903154898
16.826695071506467,Central + extended halo,4.0,0.5451118082502721,0.01765925407402526
16.947244751096207,Central + extended halo,4.0,0.5431695949196232,0.017408918864292907
17.068658071774554,Central + extended halo,4.0,0.5412343016236623,0.01716213237281156
17.190941220832357,Central + extended halo,4.0,0.5393059037065596,0.016918844293428773
17.314100429887418,Central + extended halo,4.0,0.5373843766003342,0.016679005033125336
17.438141975202054,Central + extended halo,4.0,0.5354696958245391,0.01644256570190599
17.563072178002884,Central + extended halo,4.0,0.5335618369859513,0.01620947810283355
17.68889740480306,Central + extended halo,4.0,0.5316607757782591,0.015979694722204046
17.81562406772665,Central + extended halo,4.0,0.5297664879817535,0.0157531687198614
17.943258624835398,Central + extended halo,4.0,0.5278789494630195,0.0155298539196493
18.07180758045786,Central + extended halo,4.0,0.5259981361746285,0.015309704799998393
18.20127748552084,Central + extended halo,4.0,0.5241240241548322,0.015092676484646989
18.331674937883246,Central + extended halo,4.0,0.5222565895272568,0.01487872473349324
18.463006582672318,Central + extended halo,4.0,0.5203958085005994,0.014667805933577019
18.59527911262226,Central + extended halo,4.0,0.5185416573683246,0.014459877090189662
18.72849926841532,Central + extended halo,4.0,0.5166941125083625,0.014254895818109714
18.862673839025284,Central + extended halo,4.0,0.5148531503828077,0.014052820332962904
18.99780966206345,Central + extended halo,4.0,0.5130187475376194,0.013853609442704643
19.133913624127082,Central + extended halo,4.0,0.5111908806023231,0.013657222539223211
19.270992661150352,Central + extended halo,4.0,0.5093695262897119,0.01346361959006203
19.409053758757793,Central + extended halo,4.0,0.5075546613955507,0.013272761130259226
19.548103952620302,Central + extended halo,4.0,0.5057462627982803,0.013084608254302922
19.688150328813673,Central + extended halo,4.0,0.5039443074587224,0.01289912260820054
19.829200024179727,Central + extended halo,4.0,0.5021487724197866,0.012716266381660521
19.971260226689935,Central + extended halo,4.0,0.5003596348061783,0.01253600230038498
20.11433817581184,Central + extended halo,4.0,0.4985768718241059,0.012358293618471388
20.2584411628779,Central + extended halo,4.0,0.49680046076099177,0.012183104110922221
20.40357653145708,Central + extended halo,4.0,0.4950303789851821,0.012010398066260638
20.549751677729084,Central + extended halo,4.0,0.4932666039456591,0.011840140279250889
20.69697405086128,Central + extended halo,4.0,0.491509113171753,0.011672296043721908
20.84525115338829,Central + extended halo,4.0,0.4897578842728566,0.011506831145492644
20.994590541594345,Central + extended halo,4.0,0.48801289493813954,0.011343711855397674
21.14499982589835,Central + extended halo,4.0,0.486274122936264,0.011182904922411679
21.29648667124171,Central + extended halo,4.0,0.4845415461151016,0.01102437756687141
21.449058797478944,Central + extended halo,4.0,0.48281514240145124,0.01086809747379371
21.602723979771103,Central + extended halo,4.0,0.4810948898007579,0.010714032786288269
21.757490048981975,Central + extended halo,4.0,0.47938076639683225,0.010562152099063778
21.91336489207717,Central + extended halo,4.0,0.47767275035157153,0.01041242445202611
22.07035645252603,Central + extended halo,4.0,0.47597081990468143,0.010264819323967257
22.22847273070645,Central + extended halo,4.0,0.4742749533733986,0.010119306626343761
22.387721784312557,Central + extended halo,4.0,0.47258512915221473,0.009975856697143305
22.54811172876538,Central + extended halo,4.0,0.4709013257126009,0.009834440294838242
22.709650737626315,Central + extended halo,4.0,0.4692235216027342,0.009695028592424952
22.872347043013793,Central + extended halo,4.0,0.467551695447223,0.009557593171547479
23.0362089360227,Central + extended halo,4.0,0.46588582594683586,0.009422106016704674
23.201244767146918,Central + extended halo,4.0,0.4642258918782295,0.009288539509539366
23.367462946704876,Central + extended halo,4.0,0.4625718720936787,0.0091568664232085
23.534871945268147,Central + extended halo,4.0,0.46092374552080684,0.009027059916833082
23.703480294093097,Central + extended halo,4.0,0.4592814911623174,0.00889909353002681
23.873296585555664,Central + extended halo,4.0,0.4576450880957264,0.008772941177502254
24.04432947358921,Central + extended halo,4.0,0.45601451547309607,0.008648577143753512
24.216587674125545,Central + extended halo,4.0,0.4543897525207688,0.008525976077814235
24.390079965539094,Central + extended halo,4.0,0.4527707785391029,0.00840511298808996
24.564815189094237,Central + extended halo,4.0,0.4511575729022088,0.008285963237263702
24.740802249395873,Central + extended halo,4.0,0.4495501150576862,0.008168502537273775
24.918050114843215,Central + extended halo,4.0,0.44794838452636215,0.008052706944362775
25.096567818086797,Central + extended halo,4.0,0.44635236090203034,0.007938552854196793
25.27636445648881,Central + extended halo,4.0,0.4447620238511909,0.007826016997053774
25.45744919258669,Central + extended halo,4.0,0.44317735311279166,0.007715076433080117
25.639831254560058,Central + extended halo,4.0,0.4415983284979697,0.007605708547614496
25.823519936701008,Central + extended halo,4.0,0.4400249298897941,0.00749789104657797
26.00852459988766,Central + extended halo,4.0,0.4384571372430104,0.007391601951929498
26.194854672061343,Central + extended halo,4.0,0.4368949305837841,0.007286819597185757
26.38251964870694,Central + extended halo,4.0,0.43533829000944685,0.007183522623004585
26.571529093336814,Central + extended halo,4.0,0.433787195688243,0.00708168997283098
26.76189263797817,Central + extended halo,4.0,0.4322416278590764,0.0069813008886048375
26.953619983663913,Central + extended halo,4.0,0.43070156683125915,0.006882334906529514
27.146720900927008,Central + extended halo,4.0,0.4291669929842606,0.006784771852900393
27.341205230298403,Central + extended halo,4.0,0.4276378867674571,0.006688591839992584
27.537082882808495,Central + extended halo,4.0,0.42611422869988336,0.006593775262006909
27.73436384049221,Central + extended halo,4.0,0.4245959993699841,0.0065003027910733565
27.933058156897705,Central + extended halo,4.0,0.42308317943536633,0.0064081553733112044
28.133175957598667,Central + extended halo,4.0,0.4215757496225538,0.00631731422494498
28.33472744071036,Central + extended halo,4.0,0.42007369072674056,0.006227760828475479
28.537722877409294,Central + extended halo,4.0,0.4185769836115468,0.006139476928905083
28.74217261245667,Central + extended halo,4.0,0.417085609208775,0.006052444530016555
28.94808706472555,Central + extended halo,4.0,0.4155995485181669,0.005966645890704617
29.155476727731795,Central + extended halo,4.0,0.41411878260716134,0.005882063521359512
29.36435217016887,Central + extended halo,4.0,0.4126432926106532,0.005798680180301826
29.57472403644631,Central + extended halo,4.0,0.4111730597307533,0.005716478870267904
29.78660304723232,Central + extended halo,4.0,0.40970806523654846,0.005635442834944986
30.0,Central + extended halo,4.0,0.408248290463863,0.005555555555555556
